symbol,price,high_52w,low_52w,last_fetched,industry,market_cap,pe_ratio,pe_forward,pb_ratio,eps,eps_forward,roe,roa,profit_margin,operating_margin,revenue,revenue_per_share,ebitda,ev_ebitda,earningsGrowth,revenue_growth,beta_av,analyst_target,analyst_strong_buy,analyst_buy,analyst_hold,analyst_sell,analyst_strong_sell,shares_outstanding,dividend_yield,peg_ratio,ev_revenue,book_value,company,sector,pe_score,pb_score,roe_score,margin_score,analyst_total,analyst_score,analyst_upside,fundamental_score,price_now,price_1m,price_3m,price_6m,price_1y,ret_1m,ret_3m,ret_6m,ret_1y,ma20,ma50,ma200,rsi14,macd_line,macd_signal,macd_hist,bb_upper,bb_lower,bb_pct,vol_annual,avg_vol_30,beta,spy_mean_daily,mean_daily_ret,mean_daily_alpha,sd_daily_alpha,days_in_pull,today_alpha,jensen_alpha_ann,tracking_error,info_ratio,above_ma20,above_ma50,above_ma200,golden_cross,rsi_zone,macd_bullish,trend_score,rsi_score,ret3m_score,ret6m_score,macd_score,momentum_score,days_tracked,cum_alpha_all,alpha_30d,alpha_63d,alpha_hit_rate,hist_mean_alpha,hist_sd_alpha,hist_alpha_ann,hist_ir,confidence_weight,alpha_streak,squeeze_score,squeeze_tier,short_percent_float,short_ratio,short_trend,fundamentals_improving,short_float_pct,improvement_count,put_call_ratio,put_call_oi,options_volume,avg_iv,options_score,options_sentiment,above_vwap,squeeze_poly,debt_equity_poly,revenue_poly,gross_margin,fcf,shares_float,market_cap_poly,vwap,vol_ratio,open_gap_pct,debt_equity,fcf_sec,debt_equity_sec,gross_margin_sec,revenue_sec,total_debt_sec,cash_sec,rev_cagr_sec,equity_sec,total_debt,cash,rev_cagr,p_ann_alpha,p_ir,p_hit_rate,p_streak,p_alpha_63d,alpha_score_raw,alpha_score,q_pe,q_pb,q_roe,q_de,q_margin,q_analyst,quality_gate,tech_filter,options_signal,options_live,final_score,master_score,rating,signal,golden_cross_flag,squeeze_candidate,regime,confidence_band,master_percentile,expected_return_1d,primary_driver,signal_matches,close,changesPercentage,yearHigh,yearLow,priceToBook,enterpriseToEbitda,grossMargin,operatingMargin,profitMargins,returnOnEquity,revenueGrowth,debtToEquity,debt_to_equity,currentRatio,current_ratio,marketCap,mktcap_fmt,pe_fmt,ret_1m_fmt,ret_3m_fmt,ret_6m_fmt,ret_1y_fmt,value_score,quality_score,growth_score,safety_score,short_float,tier
AAPL,340.42,345.34,242.76,2026-09-26,CONSUMER ELECTRONICS,4902477103000,38.61,35.21,45.74,8.7,8.7,1.488,0.271,0.276,0.326,466822988000,31.71,167959003000,29.41,0.287,0.042,1.085,328.22,6,19,14,3,2,14594180000,0.0031,2.706,10.58,7.36,Apple Inc.,TECHNOLOGY,25,20,95,90,44,63.6,-0.0358,58.61,340.42,315.34,315.32,259.2,254.04,0.0795,0.0796,0.3133,0.34,335.1705,322.3244,290.4151,61.2153,1.0717,1.2092,-0.1375,341.8797,328.4613,0.8912,0.1676,41089245.4545,1.0515,8e-4,0.001,2e-4,0.0135,750,0.0154,0.0356,0.215,0.2143,TRUE,TRUE,TRUE,TRUE,Neutral,FALSE,100,85,68.5567,76.8041,30,76.6778,768,0.1178,0.0744,0.0688,0.5794,0.0019,0.0169,0.4721,1.758,1,3,19.92,No Signal,0.01,3.03,Decreasing,FALSE,0.8%,0,NA,NA,NA,NA,50,Unknown,FALSE,FALSE,NA,NA,0.4691,102386000000,NA,NA,NA,NA,NA,0.7659,102386000000,0.7659,0.4691,416161000000,82347000000,39544000000,0.042,107520000000,82347000000,39544000000,0.042,78.2,85,96.4,88.6,72,83.7,83.7,31.7,0.5,98.5,35.1,81.4,63.6,55.5,78.2,50,FALSE,78.2,78.2,Very Strong,Very Strong,TRUE,FALSE,NEUTRAL,Proven,89.2,0.0019,Alpha Leader,GX RSI MA200 α>SPY,340.42,7.95,345.34,242.76,45.74,29.41,0.4691,0.326,0.276,1.488,0.042,0.7659,0.7659,NA,NA,4902477103000,$4.9T,38.6,+8%,+8%,+31.3%,+34%,55.5,55.5,78.2,53.3,0.01,Tier 2: Golden Cross
ABBV,272.42,269.39,189.4,2026-09-26,DRUG MANUFACTURERS - GENERAL,468498121000,74.68,16.39,50.46,3.55,3.55,0.623,0.105,0.098,0.4,64385999000,36.39,30763000000,27.34,2.904,0.0611,0.281,278.61,8,17,5,0,1,1767117000,0.0258,0.542,8.27,-3.359,AbbVie Inc,HEALTHCARE,25,20,95,60,31,75,0.0227,55.25,272.42,250.91,248.08,206.47,230.69,0.0857,0.0981,0.3194,0.1809,264.3395,258.5118,232.4102,67.0214,1.0729,0.857,0.2159,271.0065,257.6725,1.106,0.1208,4492890.9091,0.2649,8e-4,9e-4,1e-4,0.017,750,0.0081,0.1792,0.2702,0.1075,TRUE,TRUE,TRUE,TRUE,Neutral,TRUE,100,65,72.1649,77.8351,70,78.9665,768,-0.0255,0.0245,0.1131,0.5159,0.0026,0.0155,0.6651,2.705,1,5,26.35,No Signal,0.01,4.14,Decreasing,FALSE,0.9%,0,NA,NA,NA,NA,50,Unknown,FALSE,FALSE,NA,NA,NA,19236666666.6667,NA,NA,NA,NA,NA,NA,19236666666.6667,NA,NA,61160000000,64503000000,6569000000,0.0611,-5935000000,64503000000,6569000000,0.0611,83.9,96.9,71.5,96.9,77.7,85,85,9.4,50,93.8,50,49.5,75,54.4,82.7,50,FALSE,79.9,79.9,Very Strong,Very Strong,TRUE,FALSE,NEUTRAL,Proven,91.8,0.0026,Alpha Leader,GX MACD RSI MA200,272.42,8.57,269.39,189.4,50.46,27.34,NA,0.4,0.098,0.623,0.0611,NA,NA,NA,NA,468498121000,$468.5B,74.7,+8.6%,+9.8%,+31.9%,+18.1%,54.4,54.4,82.7,52.64,0.01,Tier 2: Golden Cross
ACAD,19.58,30.96,19.69,2026-10-01,BIOTECHNOLOGY,3484017000,9.23,25.19,3.351,2.19,2.19,0.357,0.0364,0.334,0.123,1138644000,6.69,98392000,35.53,0.133,0.2145,0.857,32.16,4,12,4,1,0,172306000,NA,50.86,3.07,7.59,ACADIA Pharmaceuticals Inc,HEALTHCARE,90,60,95,90,21,72.6,0.6425,83.76,19.58,27.68,26.22,21.46,20.63,-0.2926,-0.2532,-0.0876,-0.0509,23.2655,26.4802,24.2536,16.787,-9.4088,-7.8939,-1.5149,30.096,16.435,0.2302,0.5208,2351954.5455,0.9106,8e-4,2e-4,-6e-4,0.0296,750,7e-4,-0.1294,0.4701,-0.3141,FALSE,FALSE,FALSE,TRUE,Oversold,FALSE,15,20,12.3711,24.7423,30,18.4098,768,-0.5504,-0.346,-0.2561,0.4921,-0.001,0.0248,-0.2447,-0.6222,1,0,30.41,No Signal,0.05,2.93,Decreasing,FALSE,4.8%,0,NA,NA,NA,NA,50,Unknown,FALSE,FALSE,NA,NA,0.9427,92998000,172305518,3373742042.44,NA,NA,NA,NA,92998000,NA,0.9427,726437000,NA,384985000,0.2145,1306609000,NA,384985000,0.2145,32.6,32.6,50.8,0,13.5,30.1,30.1,96.4,70.3,84.5,50,91.2,72.6,79.9,11.1,50,FALSE,33,33,Weak,Weak,TRUE,FALSE,NEUTRAL,Proven,26.3,-0.001,Analyst Upside,GX ANALYST,19.58,-29.26,30.96,19.69,3.351,35.53,0.9427,0.123,0.334,0.357,0.2145,NA,NA,NA,NA,3484017000,$3.5B,9.2,-29.3%,-25.3%,-8.8%,-5.1%,79.9,79.9,11.1,67.94,0.05,Tier 2: Golden Cross
ACN,208.36,285.21,116.75,2026-09-27,INFORMATION TECHNOLOGY SERVICES,107769119000,14.07,12.41,3.522,12.52,12.52,0.244,0.109,0.107,0.17,73100591000,118.32,12943768000,8.96,0.09,0.0425,1.092,192.49,3,11,13,0,0,611942000,0.0368,1.333,1.512,52.12,Accenture plc,TECHNOLOGY,90,60,80,60,27,65.7,-0.0762,74.07,208.36,175.8,135.23,191.95,252.04,0.1852,0.5408,0.0855,-0.1733,189,183.184,194.4418,63.1221,2.7177,1.822,0.8957,209.1178,168.8822,0.9812,0.7519,7118027.2727,0.6482,8e-4,-3e-4,-0.0011,0.0215,750,0.0638,-0.2067,0.3405,-0.8182,TRUE,TRUE,TRUE,FALSE,Neutral,TRUE,80,85,97.4227,52.5773,70,79.4923,768,-0.6278,0.1367,0.5525,0.5,0.0019,0.0363,0.4705,0.8175,1,2,29.4,No Signal,0.03,3.33,Decreasing,FALSE,3.2%,0,NA,NA,NA,NA,50,Unknown,FALSE,FALSE,NA,NA,NA,9494991333.3333,NA,NA,NA,NA,NA,0.1577,9494991333.3333,0.1577,NA,69672977000,5029449000,10165245000,0.0425,31890566000,5029449000,10165245000,0.0425,77.7,71,57.5,74.1,98.4,74.7,74.7,87.1,68.7,71.1,80.2,52.6,65.7,72.4,74.9,50,FALSE,74.4,74.4,Strong,Strong,FALSE,FALSE,NEUTRAL,Proven,85.6,0.0019,Alpha Leader,MACD RSI MA200,208.36,18.52,285.21,116.75,3.522,8.96,NA,0.17,0.107,0.244,0.0425,0.1577,0.1577,NA,NA,107769119000,$107.8B,14.1,+18.5%,+54.1%,+8.6%,-17.3%,72.4,72.4,74.9,63.440000000000005,0.03,Tier 4: High Score
AFRM,77.15,90.44,42.09,2026-10-01,CREDIT SERVICES,23383294000,12.16,35.59,4.19,5.7,5.7,0.451,0.0193,0.453,0.126,4261082000,12.71,739194000,24.31,21.87,0.425,3.61,99.09,5,19,9,0,0,296882000,NA,8.26,7.13,16.26,Affirm Holdings Inc,FINANCIAL SERVICES,90,60,95,90,33,72,0.2844,83.7,77.15,68.15,83.42,51.97,77.46,0.1321,-0.0752,0.4845,-0.004,71.6505,73.6302,66.8037,60.8483,0.5443,-0.7401,1.2845,76.4551,66.8459,1.0723,0.4794,4039150,2.5447,8e-4,0.0029,0.0021,0.0429,750,0.0287,0.2052,0.6812,0.7645,TRUE,TRUE,TRUE,TRUE,Neutral,TRUE,100,85,41.7526,84.0206,70,74.0799,768,1.0269,2e-4,-0.1292,0.5317,0.0015,0.0291,0.3675,0.7966,1,2,31.15,No Signal,0.06,4.42,Increasing,FALSE,6%,0,NA,NA,NA,NA,50,Unknown,FALSE,FALSE,NA,NA,NA,261322666.6667,337421256,26032049900.4,NA,NA,NA,1.786,261322666.6667,1.786,NA,3224412000,9794058000,1630038000,0.425,5483824000,9794058000,1630038000,0.425,69.4,69.9,80.8,74.1,34.7,67.1,67.1,91.4,61.5,89.7,10.8,96.4,72,73.8,79.1,50,FALSE,71,71,Strong,Strong,TRUE,FALSE,NEUTRAL,Proven,82,0.0015,Consistent Beat,GX MACD RSI MA200 ANALYST,77.15,13.209999999999999,90.44,42.09,4.19,24.31,NA,0.126,0.453,0.451,0.425,1.786,1.786,NA,NA,23383294000,$23.4B,12.2,+13.2%,-7.5%,+48.4%,-0.4%,73.8,73.8,79.1,64.28,0.06,Tier 2: Golden Cross
AI,11.34,20.22,7.67,2026-10-01,SOFTWARE - INFRASTRUCTURE,1662464000,NA,NA,2.513,-3.07,-3.07,-0.598,-0.312,-1.921,-1.863,232382000,1.598,-447079008,-2.296,0,-0.1023,2.093,8.3,0,1,7,3,3,157280000,NA,NA,4.737,4.348,C3 Ai Inc,TECHNOLOGY,50,75,15,20,14,35.7,-0.2681,38.57,11.34,10.38,8.95,8.47,18.92,0.0925,0.267,0.3388,-0.4006,10.852,10.434,10.1985,62.0871,2.1623,1.8576,0.3048,11.4242,10.2798,0.9264,0.4068,4462486.3636,1.9648,8e-4,-3e-4,-0.0011,0.0372,750,0.014,-0.4826,0.5907,-0.4834,TRUE,TRUE,TRUE,TRUE,Neutral,TRUE,100,85,86.5979,79.3814,70,86.6057,768,-0.7462,0.1583,0.2183,0.5159,0.0011,0.0311,0.2649,0.5362,1,3,49.2,Low Signal,0.27,9.57,Stable,FALSE,26.5%,0,NA,NA,NA,NA,50,Unknown,FALSE,FALSE,NA,NA,0.3092,-108066666.6667,160779856,1823243567.04,NA,NA,NA,NA,-108066666.6667,NA,0.3092,250268000,NA,136435000,-0.1023,694896000,NA,136435000,-0.1023,66.8,64.2,71.5,88.6,85,72,72,50,81.9,7.2,50,0.5,35.7,34.6,87.8,50,FALSE,70.2,70.2,Strong,Strong,TRUE,FALSE,NEUTRAL,Proven,80.9,0.0011,Consistent Beat,GX MACD RSI MA200,11.34,9.25,20.22,7.67,2.513,-2.296,0.3092,-1.863,-1.921,-0.598,-0.1023,NA,NA,NA,NA,1662464000,$1.7B,N/A,+9.2%,+26.7%,+33.9%,-40.1%,34.6,34.6,87.8,40.760000000000005,0.27,Tier 2: Golden Cross
ALGM,36.27,71.77,22.41,2026-10-01,SEMICONDUCTORS,6822314000,522.86,35.84,6.79,0.07,0.07,0.0153,0.0297,0.015,0.0982,945934000,5.1,134877000,66.26,-0.485,-0.079,1.911,54.82,2,9,1,0,0,186402000,NA,NA,7.07,5.17,Allegro Microsystems Inc,TECHNOLOGY,25,40,40,40,12,77.1,0.5114,39.96,36.27,35.84,54.87,38.04,27.76,0.012,-0.339,-0.0465,0.3066,35.899,37.9179,40.4977,46.703,-0.1051,-1.1808,1.0757,39.4838,32.3141,0.5517,0.5336,2676300,2.2492,8e-4,9e-4,1e-4,0.0325,750,-0.0163,-0.2326,0.5163,0.0438,TRUE,FALSE,FALSE,FALSE,Neutral,TRUE,15,45,4.6392,31.9588,70,25.2835,768,-0.3096,-0.0252,-0.3948,0.4841,-0.0028,0.0396,-0.7005,-1.1147,1,0,31.7,No Signal,0.06,4.4,Increasing,FALSE,6.1%,0,NA,NA,NA,NA,50,Unknown,FALSE,FALSE,NA,NA,0.4628,67931333.3333,NA,NA,NA,NA,NA,0.2978,67931333.3333,0.2978,0.4628,890096000,287159000,162029000,-0.079,964276000,287159000,162029000,-0.079,11.4,16.1,43.5,0,3.6,16.7,16.7,50,39,28.4,65.8,25.3,77.1,44.5,27.8,50,FALSE,23.5,23.5,Very Weak,Very Weak,FALSE,FALSE,NEUTRAL,Proven,12.4,-0.0028,Analyst Upside,MACD ANALYST,36.27,1.2,71.77,22.41,6.79,66.26,0.4628,0.0982,0.015,0.0153,-0.079,0.2978,0.2978,NA,NA,6822314000,$6.8B,522.9,+1.2%,-33.9%,-4.7%,+30.7%,44.5,44.5,27.8,46.7,0.06,No Signal
ALNY,224.53,495.55,197.81,2026-09-29,BIOTECHNOLOGY,34249783000,44.67,19.68,24.87,5.73,5.73,0.966,0.123,0.161,0.179,4804182000,36.24,1054538000,28.62,0,0.4253,0.3,371.35,7,16,6,0,0,133809000,NA,0.325,6.58,10.12,Alnylam Pharmaceuticals Inc,HEALTHCARE,25,20,95,75,29,75.9,0.6539,57.59,224.53,258,298.76,333,456.95,-0.1297,-0.2485,-0.3257,-0.5086,240.462,236.8404,299.4469,38.3112,-2.5044,-1.3,-1.2044,264.3843,216.5397,0.167,0.4195,1360581.8182,0.7363,8e-4,8e-4,0,0.029,750,0.0048,0.0575,0.4597,0.008,FALSE,FALSE,FALSE,FALSE,Neutral,FALSE,15,20,13.4021,7.2165,30,15.2139,768,-0.3193,-0.0701,-0.2467,0.5397,-0.002,0.0358,-0.5146,-0.9054,1,4,33.91,No Signal,0.06,6.45,Increasing,FALSE,5.8%,0,NA,NA,NA,NA,50,Unknown,FALSE,FALSE,NA,NA,NA,154913000,NA,NA,NA,NA,NA,NA,154913000,NA,NA,3713937000,NA,1708318000,0.4253,1354118000,NA,1708318000,0.4253,16.6,23.3,85,92.7,15,39.3,39.3,23,3.3,95.9,50,63.4,75.9,54.1,7.8,50,FALSE,34,34,Weak,Weak,FALSE,FALSE,NEUTRAL,Proven,27.8,-0.002,Consistent Beat,ANALYST,224.53,-12.97,495.55,197.81,24.87,28.62,NA,0.179,0.161,0.966,0.4253,NA,NA,NA,NA,34249783000,$34.2B,44.7,-13%,-24.9%,-32.6%,-50.9%,54.1,54.1,7.8,52.46,0.06,No Signal
ALRM,55.26,58.15,41.49,2026-10-01,SOFTWARE - APPLICATION,2643018000,23.82,26.25,3.027,2.26,2.26,0.133,0.0499,0.111,0.151,1060984000,21.36,167716000,12.43,-0.234,0.0709,0.764,63,1,2,2,0,1,49090200,NA,1.406,2.55,17.63,Alarm.com Holdings Inc,TECHNOLOGY,60,60,65,60,6,58.3,0.1401,61.33,55.26,54.99,51.5,43.41,52.23,0.0049,0.073,0.273,0.058,54.504,55.5664,49.3542,52.8147,0.0159,-0.3234,0.3393,56.4082,52.5998,0.6985,0.187,494145.4545,0.8739,8e-4,1e-4,-7e-4,0.0167,750,0.0148,-0.162,0.2653,-0.7078,TRUE,FALSE,TRUE,TRUE,Neutral,TRUE,35,85,67.0103,76.2887,70,63.8608,768,-0.4732,-0.0364,0.073,0.5794,0.0021,0.0194,0.5242,1.6981,1,1,37.38,No Signal,0.06,5.91,Stable,FALSE,6.2%,0,NA,NA,NA,NA,50,Unknown,FALSE,FALSE,NA,NA,NA,153925666.6667,NA,NA,NA,NA,NA,NA,153925666.6667,NA,NA,1011187000,NA,479418000,0.0709,864455000,NA,479418000,0.0709,80.8,84.5,96.4,36.8,72.5,79.2,79.2,59.7,74.2,49.5,50,54.1,58.3,56.6,69.2,50,FALSE,73.4,73.4,Strong,Strong,TRUE,FALSE,NEUTRAL,Proven,84,0.0021,Alpha Leader,GX MACD RSI MA200 α>SPY ANALYST,55.26,0.49,58.15,41.49,3.027,12.43,NA,0.151,0.111,0.133,0.0709,NA,NA,NA,NA,2643018000,$2.6B,23.8,+0.5%,+7.3%,+27.3%,+5.8%,56.6,56.6,69.2,53.96,0.06,Tier 2: Golden Cross
AMD,620.68,638.95,159.33,2026-09-26,SEMICONDUCTORS,1027251241000,156.14,39.53,14.93,4.03,4.03,0.102,0.0513,0.156,0.172,41305002000,25.36,9562000000,92.79,1.595,0.2358,2.476,616.51,4,39,11,0,0,1632475000,NA,0.626,24.08,41.19,Advanced Micro Devices Inc,TECHNOLOGY,25,20,65,75,54,71.8,-0.0067,48.18,620.68,521.1,557.89,246.83,232.89,0.1911,0.1125,1.5146,1.6651,593.4745,526.4668,383.3533,61.2853,5.862,5.9598,-0.0978,692.9301,494.0189,0.6368,0.5293,22101990.9091,2.2887,8e-4,0.003,0.0022,0.0322,750,-0.0348,0.2887,0.5106,1.0808,TRUE,TRUE,TRUE,TRUE,Neutral,FALSE,100,85,75.7732,97.4227,30,82.9665,768,2.8298,0.2797,0.0153,0.5476,0.0046,0.0367,1.1594,1.9924,1,0,12.77,No Signal,0.02,1.63,Stable,FALSE,2.4%,0,NA,NA,NA,NA,50,Unknown,FALSE,FALSE,NA,NA,0.4952,3420333333.3333,NA,NA,NA,NA,NA,0.048,3420333333.3333,0.048,0.4952,34639000000,3226000000,5086000000,0.2358,67224000000,3226000000,5086000000,0.2358,89.1,89.1,87.6,0,61.1,75.7,75.7,1.4,15.4,42.3,91.9,62.4,71.8,43.2,89.7,50,FALSE,74.2,74.2,Strong,Strong,TRUE,FALSE,NEUTRAL,Proven,85.1,0.0046,Alpha Leader,GX RSI MA200,620.68,19.11,638.95,159.33,14.93,92.79,0.4952,0.172,0.156,0.102,0.2358,0.048,0.048,NA,NA,1027251241000,$1.03T,156.1,+19.1%,+11.2%,+151.5%,+166.5%,43.2,43.2,89.7,45.92,0.02,Tier 2: Golden Cross
AMGN,407.44,447.03,263.36,2026-09-26,DRUG MANUFACTURERS - GENERAL,219518222000,25.25,16.67,18.78,16.08,16.08,0.915,0.0867,0.23,0.355,38095000000,70.68,17268001000,14.92,0.649,0.1418,0.426,389.22,4,10,16,2,2,540632000,0.0241,2.451,6.9,21.62,Amgen Inc,HEALTHCARE,45,20,95,75,34,58.8,-0.0447,60.88,407.44,391.27,363.39,349.82,295.43,0.0413,0.1212,0.1647,0.3791,400.3055,411.3434,366.1507,50.3725,0.1391,0.0025,0.1366,431.0089,369.6021,0.6162,0.2783,3083122.7273,0.5071,8e-4,6e-4,-2e-4,0.0171,750,-0.0094,0.055,0.271,-0.1687,TRUE,FALSE,TRUE,TRUE,Neutral,TRUE,35,85,77.8351,67.5258,70,65.3557,768,-0.1354,-0.0842,0.1119,0.4603,9e-4,0.0186,0.2284,0.7728,1,0,25.9,No Signal,0.03,4.1,Stable,FALSE,2.6%,0,NA,NA,NA,NA,50,Unknown,FALSE,FALSE,NA,NA,NA,8617666666.6667,NA,NA,NA,NA,NA,4.9028,8617666666.6667,4.9028,NA,36751000000,57304000000,13989000000,0.1418,11688000000,57304000000,13989000000,0.1418,64.8,68.9,25.4,0,76.7,53.2,53.2,56.1,9.3,95.4,1.8,75.3,58.8,54.8,65,50,FALSE,56.3,56.3,Neutral,Neutral,TRUE,FALSE,NEUTRAL,Proven,61.3,9e-4,Balanced,GX MACD RSI MA200,407.44,4.130000000000001,447.03,263.36,18.78,14.92,NA,0.355,0.23,0.915,0.1418,4.9028,4.9028,NA,NA,219518222000,$219.5B,25.2,+4.1%,+12.1%,+16.5%,+37.9%,54.8,54.8,65,52.879999999999995,0.03,Tier 2: Golden Cross
AMKR,51,96.5,27.99,2026-10-01,SEMICONDUCTOR EQUIPMENT & MATERIALS,13451217000,24.28,18.83,2.849,2.23,2.23,0.125,0.0462,0.0745,0.105,7457680000,30.14,1323916000,9.57,2.182,0.0156,2.232,76.4,2,4,4,0,0,248452000,0.0063,0.76,1.786,18.75,Amkor Technology Inc,TECHNOLOGY,60,75,65,40,10,70,0.498,62.5,51,51.35,70.47,60.44,30.63,-0.0068,-0.2763,-0.1562,0.665,51.8035,51.6596,57.536,46.7,0.7034,0.5338,0.1696,57.3039,46.3031,0.427,0.5813,3675363.6364,2.3445,8e-4,0.0018,0.001,0.0337,750,-0.0201,-0.0277,0.5356,0.461,FALSE,FALSE,FALSE,FALSE,Neutral,TRUE,15,45,7.2165,17.0103,70,23.067,768,0.4412,0.0452,-0.3292,0.5,-0.003,0.0453,-0.7483,-1.0403,1,0,21.15,No Signal,0.04,3.07,Increasing,FALSE,4.3%,0,NA,NA,NA,NA,50,Unknown,FALSE,FALSE,NA,NA,0.1399,352205666.6667,NA,NA,NA,NA,NA,0.5021,352205666.6667,0.5021,0.1399,6707981000,2334950000,1551890000,0.0156,4650412000,2334950000,1551890000,0.0156,10.9,19.2,57.5,0,6.7,20.6,20.6,57.6,78,47.4,47.7,44.3,70,55.5,21.6,50,FALSE,26.1,26.1,Very Weak,Very Weak,FALSE,FALSE,NEUTRAL,Proven,13.9,-0.003,Analyst Upside,MACD ANALYST,51,-0.6799999999999999,96.5,27.99,2.849,9.57,0.1399,0.105,0.0745,0.125,0.0156,0.5021,0.5021,NA,NA,13451217000,$13.5B,24.3,-0.7%,-27.6%,-15.6%,+66.5%,55.5,55.5,21.6,53.3,0.04,No Signal
AMPL,15.29,14.76,5.51,2026-10-02,SOFTWARE - APPLICATION,1730088000,NA,69.44,12.62,-0.75,-0.75,-0.479,-0.155,-0.266,-0.328,374369000,2.828,-96246000,-14.31,0,0.1146,1.502,14.55,3,6,3,0,0,101262000,NA,NA,4.24,1.091,Amplitude Inc,TECHNOLOGY,50,20,15,20,12,75,-0.0484,31.5,15.29,12.39,9.18,5.95,10.36,0.2341,0.6656,1.5697,0.4759,13.8368,12.9293,9.2067,70.1273,4.2939,3.6176,0.6762,15.1995,12.474,1.0332,0.4593,1769350,1.4235,8e-4,0.0011,3e-4,0.0324,750,0.0401,-0.0217,0.5147,0.1258,TRUE,TRUE,TRUE,TRUE,Overbought,TRUE,100,30,98.9691,97.9381,70,85.7784,768,-0.2122,0.1679,0.6211,0.5873,0.0073,0.0449,1.8388,2.5806,1,2,33.94,No Signal,0.07,4.53,Increasing,FALSE,7.1%,0,NA,NA,NA,NA,50,Unknown,FALSE,FALSE,NA,NA,0.7399,23111666.6667,NA,NA,NA,NA,NA,NA,23111666.6667,NA,0.7399,343214000,NA,73776000,0.1146,136198000,NA,73776000,0.1146,97.9,95.3,99.5,74.1,99,95.4,95.4,50,18.1,9.8,50,4.6,75,31.5,94,50,FALSE,85.5,85.5,Very Strong,Very Strong,TRUE,FALSE,NEUTRAL,Proven,99,0.0073,Alpha Leader,GX MACD MA200 α>SPY,15.29,23.41,14.76,5.51,12.62,-14.31,0.7399,-0.328,-0.266,-0.479,0.1146,NA,NA,NA,NA,1730088000,$1.7B,N/A,+23.4%,+66.6%,+157%,+47.6%,31.5,31.5,94,38.9,0.07,Tier 2: Golden Cross
AMZN,254.06,287.2,196,2026-09-26,INTERNET RETAIL,2689890779000,20.05,23.64,4.874,12.44,12.44,0.306,0.0659,0.174,0.137,775680033000,72.33,168911995000,10.98,2.423,0.1168,1.443,329.54,3,9,10,0,0,10786314000,NA,1.478,3.595,51.16,Amazon.com Inc,CONSUMER CYCLICAL,60,60,95,75,22,67,0.2971,73.45,254.06,252.4,245.34,239.89,227.74,0.0066,0.0355,0.0591,0.1156,251.737,258.557,241.9816,50.816,-0.1635,-0.5598,0.3963,259.7104,243.7636,0.6457,0.2361,35988986.3636,1.3826,8e-4,0.0011,3e-4,0.0157,750,-0.0183,-0.0109,0.2485,0.2706,TRUE,FALSE,TRUE,TRUE,Neutral,TRUE,35,85,61.8557,47.9381,70,56.6443,768,0.0662,-0.0333,0.003,0.4683,-5e-4,0.0199,-0.1334,-0.4218,1,0,6.8,No Signal,0.01,2.3,Increasing,FALSE,0.8%,0,NA,NA,NA,NA,50,Unknown,FALSE,FALSE,NA,NA,NA,24263333333.3333,NA,NA,NA,NA,NA,0.2397,24263333333.3333,0.2397,NA,716924000000,132224000000,78213000000,0.1168,551620000000,132224000000,78213000000,0.1168,43,38.3,28,0,59.1,36.9,36.9,69.1,56,79.9,70.3,66,67,69.6,55.8,50,FALSE,46.3,46.3,Neutral,Neutral,TRUE,FALSE,NEUTRAL,Proven,46.9,-5e-4,Analyst Upside,GX MACD RSI MA200 ANALYST,254.06,0.66,287.2,196,4.874,10.98,NA,0.137,0.174,0.306,0.1168,0.2397,0.2397,NA,NA,2689890779000,$2.69T,20,+0.7%,+3.5%,+5.9%,+11.6%,69.6,69.6,55.8,61.76,0.01,Tier 2: Golden Cross
ANAB,46.21,72.36,19.65,2026-10-04,BIOTECHNOLOGY,1450816000,NA,21.01,143.45,-1.02,-1.02,-1.145,0.0678,2.47,0.534,106088000,3.661,65714000,23.38,0,2.6978,0.408,87.25,3,7,0,0,0,29895200,NA,0,5.88,0.356,AnaptysBio Inc,HEALTHCARE,50,20,15,90,10,82.5,0.8881,42.75,46.21,55.7,66.39,45.82,21.18,-0.1704,-0.304,0.0085,1.1818,51.354,54.5214,49.1176,27.4296,-4.5904,-3.5465,-1.0438,57.2809,45.4271,0.066,0.3281,561604.5455,0.8334,8e-4,0.0027,0.0019,0.0449,750,0.0165,0.5207,0.7133,0.6823,FALSE,FALSE,FALSE,TRUE,Oversold,FALSE,15,20,6.1856,42.268,30,20.0593,768,1.0059,-0.2116,-0.3158,0.4603,2e-4,0.0395,0.0461,0.0735,1,1,47.22,Low Signal,0.18,8.19,Stable,FALSE,17.5%,0,NA,NA,NA,NA,50,Unknown,FALSE,FALSE,NA,NA,NA,-79230666.6667,NA,NA,NA,NA,NA,NA,-79230666.6667,NA,NA,234603000,NA,133826000,2.6978,10585000,NA,133826000,2.6978,53.9,52.3,25.4,36.8,7.3,39.1,39.1,50,50,3.6,50,100,82.5,49.1,19.3,50,FALSE,35.8,35.8,Weak,Weak,TRUE,FALSE,NEUTRAL,Proven,30.4,2e-4,Analyst Upside,GX ANALYST,46.21,-17.04,72.36,19.65,143.45,23.38,NA,0.534,2.47,-1.145,2.6978,NA,NA,NA,NA,1450816000,$1.5B,N/A,-17%,-30.4%,+0.9%,+118.2%,49.1,49.1,19.3,49.46,0.18,Tier 2: Golden Cross
ANET,210.97,214.89,114.52,2026-09-29,COMPUTER HARDWARE,260505960000,65.57,39.22,17.34,3.15,3.15,0.315,0.141,0.384,0.454,10540800000,8.38,4639600000,52.44,0.357,0.2397,1.617,241.93,8,23,0,0,0,1261225000,NA,1.522,23.08,11.73,Arista Networks,TECHNOLOGY,25,20,95,90,31,81.5,0.1468,60.4,210.97,192.93,186.96,152.02,158.23,0.0935,0.1284,0.3878,0.3333,203.765,196.9494,160.6421,60.04,2.4454,2.1459,0.2995,216.733,190.797,0.7778,0.3833,4868868.1818,1.8533,8e-4,0.0025,0.0017,0.0279,750,-0.0183,0.2502,0.4423,0.9597,TRUE,TRUE,TRUE,TRUE,Neutral,TRUE,100,85,78.3505,81.9588,70,84.6469,768,1.7829,0.0336,0.0798,0.5476,0.0015,0.0312,0.3742,0.7548,1,0,16.82,No Signal,0.01,2.31,Decreasing,FALSE,0.9%,0,NA,NA,NA,NA,50,Unknown,FALSE,FALSE,NA,NA,0.6406,3309400000,NA,NA,NA,NA,NA,NA,3309400000,NA,0.6406,9005700000,NA,2290200000,0.2397,14797700000,NA,2290200000,0.2397,69.9,67.9,87.6,0,73.6,66.5,66.5,10.8,13.7,80.9,50,94.3,81.5,54.2,85.1,50,FALSE,69.1,69.1,Strong,Strong,TRUE,FALSE,NEUTRAL,Proven,78.4,0.0015,Consistent Beat,GX MACD RSI MA200 ANALYST,210.97,9.35,214.89,114.52,17.34,52.44,0.6406,0.454,0.384,0.315,0.2397,NA,NA,NA,NA,260505960000,$260.5B,65.6,+9.3%,+12.8%,+38.8%,+33.3%,54.2,54.2,85.1,52.52,0.01,Tier 2: Golden Cross
APPN,38.66,46.06,18.63,2026-10-03,SOFTWARE - INFRASTRUCTURE,2705374000,NA,416.67,42.82,-0.14,-0.14,-9.37,0.0323,-0.0134,0.0042,795307000,10.8,39892000,127.51,0,0.1545,0.94,34,0,1,5,0,1,40540200,NA,0,3.579,-1.465,Appian Corp,TECHNOLOGY,50,20,15,20,7,46.4,-0.1205,28.64,38.66,34.24,25.36,21.2,29.84,0.1291,0.5244,0.8236,0.2956,37.1585,36.3396,28.034,56.2794,1.0539,0.934,0.1199,39.5666,34.7504,0.8118,0.587,868181.8182,1.1375,8e-4,5e-4,-3e-4,0.0335,750,0.0281,-0.1152,0.5315,-0.1639,TRUE,TRUE,TRUE,TRUE,Neutral,TRUE,100,85,96.3918,91.2371,70,91.9149,768,-0.5119,-0.0038,0.5063,0.5556,0.0052,0.044,1.3038,1.8653,1,2,40.6,Low Signal,0.12,6.36,Increasing,FALSE,12%,0,NA,NA,NA,NA,50,Unknown,FALSE,FALSE,NA,NA,0.7254,-19147666.6667,NA,NA,NA,NA,NA,NA,-19147666.6667,NA,0.7254,726937000,236027000,121111000,0.1545,-105181000,236027000,121111000,0.1545,92.7,86.5,90.7,74.1,96.4,89.4,89.4,50,1.1,1,50,14.9,46.4,25.8,92,50,FALSE,80.5,80.5,Very Strong,Very Strong,TRUE,FALSE,NEUTRAL,Proven,93.8,0.0052,Alpha Leader,GX MACD RSI MA200 α>SPY,38.66,12.91,46.06,18.63,42.82,127.51,0.7254,0.0042,-0.0134,-9.37,0.1545,NA,NA,NA,NA,2705374000,$2.7B,N/A,+12.9%,+52.4%,+82.4%,+29.6%,25.8,25.8,92,35.480000000000004,0.12,Tier 2: Golden Cross
ARHS,9.75,11.51,5.57,2026-10-03,SPECIALTY RETAIL,1397000000,18.98,15.22,3.081,0.52,0.52,0.173,0.0313,0.0491,0.0792,1408588000,9.99,118327000,8.8,0.124,0.0349,2.321,10.54,1,6,8,0,0,54424000,0,NA,1.179,2.928,Arhaus Inc,CONSUMER CYCLICAL,75,60,65,40,15,63.3,0.081,62.58,9.75,8.41,7.86,6.85,10.19,0.1593,0.2405,0.4234,-0.0432,9.0308,8.9652,8.3552,58.5495,4.091,3.2376,0.8534,10.9534,7.1081,0.687,0.7161,1593050,1.4642,8e-4,7e-4,-1e-4,0.0348,750,-0.0049,-0.1202,0.5531,-0.0459,TRUE,TRUE,TRUE,TRUE,Neutral,TRUE,100,85,85.567,82.4742,70,86.9149,768,-0.4205,0.0829,0.1931,0.4762,0.002,0.0377,0.5076,0.8481,1,0,43.04,Low Signal,0.11,3.73,Decreasing,FALSE,10.9%,0,NA,NA,NA,NA,50,Unknown,FALSE,FALSE,NA,NA,0.3889,57987000,NA,NA,NA,NA,NA,NA,57987000,NA,0.3889,1379222000,NA,226399000,0.0349,414947000,NA,226399000,0.0349,79.8,72,35.8,0,83.4,61.6,61.6,73.4,72.5,58.2,50,37.6,63.3,59.6,87.2,50,FALSE,67.4,67.4,Strong,Strong,TRUE,FALSE,NEUTRAL,Proven,76.8,0.002,Alpha Leader,GX MACD RSI MA200,9.75,15.93,11.51,5.57,3.081,8.8,0.3889,0.0792,0.0491,0.173,0.0349,NA,NA,NA,NA,1397000000,$1.4B,19,+15.9%,+24%,+42.3%,-4.3%,59.6,59.6,87.2,55.76,0.11,Tier 2: Golden Cross
ARWR,60.74,95.49,34.61,2026-10-04,BIOTECHNOLOGY,9067125000,NA,111.11,20.55,-2.28,-2.28,-0.552,-0.081,-0.478,-2.26,669495000,4.766,-200635008,27.85,0.098,0.8562,1.284,107.23,4,8,0,0,0,141254000,NA,-1.32,13.37,3.298,Arrowhead Pharmaceuticals Inc,HEALTHCARE,50,20,15,20,12,83.3,0.7654,32.33,60.74,82.63,76.4,63.79,36.06,-0.2649,-0.205,-0.0478,0.6844,67.3025,78.8742,72.3967,25.7514,-7.2693,-6.7784,-0.4909,78.4387,56.1663,0.2054,0.6036,2366436.3636,1.6743,8e-4,0.002,0.0012,0.0391,750,-0.0078,0.156,0.6206,0.4732,FALSE,FALSE,FALSE,TRUE,Oversold,FALSE,15,20,18.0412,30.9278,30,21.3479,768,0.2589,-0.3242,-0.2314,0.4444,-0.0016,0.0338,-0.3907,-0.7289,1,0,32.38,No Signal,0.08,4.03,Increasing,FALSE,7.6%,0,NA,NA,NA,NA,50,Unknown,FALSE,FALSE,NA,NA,NA,-259353666.6667,NA,NA,NA,NA,NA,NA,-259353666.6667,NA,NA,829448000,NA,NA,0.8562,465529000,NA,NA,0.8562,23.8,28,13.5,0,17.1,19.4,19.4,50,6.6,8.2,50,3.6,83.3,30.3,16.2,50,FALSE,20.3,20.3,Very Weak,Very Weak,TRUE,FALSE,NEUTRAL,Proven,9.3,-0.0016,Analyst Upside,GX ANALYST,60.74,-26.490000000000002,95.49,34.61,20.55,27.85,NA,-2.26,-0.478,-0.552,0.8562,NA,NA,NA,NA,9067125000,$9.1B,N/A,-26.5%,-20.5%,-4.8%,+68.4%,30.3,30.3,16.2,38.18,0.08,Tier 2: Golden Cross
ASAN,9.87,15.48,5.38,2026-10-03,SOFTWARE - APPLICATION,2044703000,NA,25.58,20.78,-0.67,-0.67,-0.938,-0.0926,-0.186,-0.191,828127000,3.505,-109700000,-13.2,0,0.1009,0.951,10.08,1,4,8,2,0,159442000,NA,NA,2.52,0.452,Asana Inc,TECHNOLOGY,50,20,15,20,15,56.7,0.0213,29.67,9.87,8.25,7.33,5.8,15.19,0.1964,0.3465,0.7017,-0.3502,9.1965,9.2164,8.2996,58.402,0.2875,-0.3966,0.6841,10.1502,8.2428,0.8531,0.7062,7988513.6364,1.6125,8e-4,1e-4,-8e-4,0.04,750,0.0621,-0.3145,0.6344,-0.2986,TRUE,TRUE,TRUE,TRUE,Neutral,TRUE,100,85,90.2062,89.6907,70,89.75,768,-0.6765,0.0361,0.3338,0.4921,0.0051,0.0489,1.2792,1.6472,1,4,33.95,No Signal,0.12,1.86,Decreasing,FALSE,12.4%,0,NA,NA,NA,NA,50,Unknown,FALSE,FALSE,NA,NA,0.8903,23424333.3333,NA,NA,NA,NA,NA,NA,23424333.3333,NA,0.8903,790806000,NA,219562000,0.1009,104323000,NA,219562000,0.1009,92.2,83.4,50.8,92.7,90.7,81.5,81.5,50,5.5,4.6,50,5.2,56.7,26.8,91.3,50,FALSE,75.6,75.6,Strong,Strong,TRUE,FALSE,NEUTRAL,Proven,86.6,0.0051,Alpha Leader,GX MACD RSI MA200,9.87,19.64,15.48,5.38,20.78,-13.2,0.8903,-0.191,-0.186,-0.938,0.1009,NA,NA,NA,NA,2044703000,$2B,N/A,+19.6%,+34.6%,+70.2%,-35%,26.8,26.8,91.3,36.08,0.12,Tier 2: Golden Cross
ATI,188.13,243.57,79.29,2026-10-03,METAL FABRICATION,26027608000,55.56,28.82,13.36,3.44,3.44,0.254,0.0879,0.101,0.182,4715200000,34.54,916800000,30.05,0.557,0.0484,1.011,256,1,8,0,0,0,136170000,NA,1.195,5.62,13.78,Allegheny Technologies Incorporated,INDUSTRIALS,25,20,80,60,9,77.8,0.3608,51.03,188.13,206.54,187.04,163.78,82.28,-0.0891,0.0058,0.1487,1.2865,188.89,202.5944,168.6817,43.6485,-1.5024,-1.9833,0.4809,196.9206,180.8594,0.4527,0.3715,1523013.6364,1.4484,8e-4,0.0024,0.0016,0.0235,750,-0.0014,0.30620000000000003,0.3733,1.0655,FALSE,FALSE,TRUE,TRUE,Neutral,TRUE,35,45,58.2474,64.433,70,52.8608,768,1.4972,-0.1256,-0.0269,0.4762,2e-4,0.0245,0.0565,0.1455,1,1,18.57,No Signal,0.03,2.77,Increasing,FALSE,3.5%,0,NA,NA,NA,NA,50,Unknown,FALSE,FALSE,NA,NA,0.2195,129000000,NA,NA,NA,NA,NA,0.9636,129000000,0.9636,0.2195,4587400000,1808400000,783000000,0.0484,1876700000,1808400000,783000000,0.0484,54.4,54.4,35.8,36.8,54.9,49,49,14.4,17.6,73.7,27.9,51.5,77.8,43.6,55.1,50,FALSE,49.7,49.7,Neutral,Neutral,TRUE,FALSE,NEUTRAL,Proven,52.1,2e-4,Analyst Upside,GX MACD MA200 ANALYST,188.13,-8.91,243.57,79.29,13.36,30.05,0.2195,0.182,0.101,0.254,0.0484,0.9636,0.9636,NA,NA,26027608000,$26B,55.6,-8.9%,+0.6%,+14.9%,+128.7%,43.6,43.6,55.1,46.16,0.03,Tier 2: Golden Cross
AVGO,360.14,493.28,288.95,2026-09-26,SEMICONDUCTORS,1672488944000,45.27,19.42,17.46,7.74,7.74,0.443,0.154,0.429,0.543,89103999000,18.77,52260000000,33.92,2.153,0.3355,1.457,531.85,8,37,4,0,0,4773630000,0.0073,0.361,19.93,20.88,Broadcom Inc,TECHNOLOGY,25,20,95,90,49,77,0.4768,59.95,360.14,364.38,399.97,379.75,345.02,-0.0116,-0.0996,-0.0516,0.0438,355.2685,372.3946,368.1843,49.3066,-0.1764,-1.0009,0.8245,375.4389,335.0981,0.6208,0.3782,24315495.4545,2.0093,8e-4,0.0024,0.0016,0.0268,750,-0.0392,0.1898,0.4254,0.9307,TRUE,FALSE,FALSE,TRUE,Neutral,TRUE,15,45,35.0515,30.4124,70,34.0979,768,1.601,0.0031,-0.1441,0.4683,-0.0017,0.0247,-0.4279,-1.0932,1,0,11.7,No Signal,0.01,2.32,Stable,FALSE,1.1%,0,NA,NA,NA,NA,50,Unknown,FALSE,FALSE,NA,NA,0.6777,21320333333.3333,NA,NA,NA,NA,NA,0.596,21320333333.3333,0.596,0.6777,63887000000,59419000000,23975000000,0.3355,99690000000,59419000000,23975000000,0.3355,20.7,17.1,28,0,30.6,20.7,20.7,20.9,12.6,88.7,43.2,95.9,77,57,35.9,50,FALSE,29.8,29.8,Very Weak,Very Weak,TRUE,FALSE,NEUTRAL,Proven,20.6,-0.0017,Analyst Upside,GX MACD ANALYST,360.14,-1.16,493.28,288.95,17.46,33.92,0.6777,0.543,0.429,0.443,0.3355,0.596,0.596,NA,NA,1672488944000,$1.67T,45.3,-1.2%,-10%,-5.2%,+4.4%,57,57,35.9,54.199999999999996,0.01,Tier 2: Golden Cross
AXON,417.31,764.02,339.01,2026-10-03,AEROSPACE & DEFENSE,34299249000,175.19,58.14,10.15,2.41,2.41,0.0622,0.0051,0.0619,0.0517,3219099000,40.47,165106000,94.67,-0.182,0.3345,1.399,704.11,8,10,2,0,1,81237000,NA,2.107,11.95,45.23,Axon Enterprise Inc.,INDUSTRIALS,25,20,40,40,21,78.6,0.6873,36.11,417.31,490,565.8,359.63,734.04,-0.1483,-0.2624,0.1604,-0.4315,438.7265,520.7314,493.9178,36.1835,-6.5726,-6.7018,0.1291,485.0864,392.3665,0.269,0.4994,1130463.6364,1.1913,8e-4,0.0014,6e-4,0.0315,750,0.0321,0.11,0.5006,0.2978,FALSE,FALSE,FALSE,TRUE,Neutral,TRUE,15,20,9.7938,67.0103,70,30.0902,768,0.1756,-0.3195,-0.2889,0.4206,5e-4,0.0396,0.1246,0.1982,1,1,23.89,No Signal,0.05,3.47,Increasing,FALSE,4.8%,0,NA,NA,NA,NA,50,Unknown,FALSE,FALSE,NA,NA,0.5965,178078666.6667,NA,NA,NA,NA,NA,0.4713,178078666.6667,0.4713,0.5965,2779536000,1731817000,597704000,0.3345,3674537000,1731817000,597704000,0.3345,61.1,57,6.2,36.8,10.9,39.1,39.1,0,23.6,35.1,51.4,40.7,78.6,33.5,36.2,50,FALSE,37.6,37.6,Weak,Weak,TRUE,FALSE,NEUTRAL,Proven,33,5e-4,Analyst Upside,GX MACD ANALYST,417.31,-14.829999999999998,764.02,339.01,10.15,94.67,0.5965,0.0517,0.0619,0.0622,0.3345,0.4713,0.4713,NA,NA,34299249000,$34.3B,175.2,-14.8%,-26.2%,+16%,-43.1%,33.5,33.5,36.2,40.099999999999994,0.05,Tier 2: Golden Cross
BAC,53.61,64.9,45.65,2026-09-26,BANKS - DIVERSIFIED,391803699000,12.94,10.75,1.418,4.33,4.33,0.112,0.0097,0.295,0.383,113931002000,15.59,NA,NA,0.341,0.049,1.164,68.62,5,15,4,0,0,6992748000,0.02,0.846,6.85,39.34,Bank of America Corp,FINANCIAL SERVICES,90,90,65,90,24,76,0.28,81.1,53.61,62.67,59.67,53.35,49.79,-0.1446,-0.1016,0.0049,0.0767,56.297,60.2172,55.2841,24.5123,-3.4846,-3.1977,-0.2869,61.1282,51.4658,0.2219,0.2406,39773481.8182,0.9045,8e-4,0.001,2e-4,0.0129,750,0.0059,0.0761,0.2046,0.2764,FALSE,FALSE,FALSE,TRUE,Oversold,FALSE,15,20,34.5361,41.2371,30,28.3582,768,0.0588,-0.1475,-0.1117,0.5635,-3e-4,0.0124,-0.0666,-0.3394,1,1,12.17,No Signal,0.01,2.25,Stable,FALSE,1.2%,0,NA,NA,NA,NA,50,Unknown,FALSE,FALSE,NA,NA,NA,NA,NA,NA,NA,NA,NA,1.1288,NA,1.1288,NA,113097000000,339863000000,NA,0.049,301094000000,339863000000,NA,0.049,46.6,40.4,92.7,36.8,38.9,52.1,52.1,89.9,95.1,43.8,24.3,86.6,76,67.3,23.6,50,FALSE,47.5,47.5,Neutral,Neutral,TRUE,FALSE,NEUTRAL,Proven,47.9,-3e-4,Consistent Beat,GX α>SPY ANALYST,53.61,-14.46,64.9,45.65,1.418,NA,NA,0.383,0.295,0.112,0.049,1.1288,1.1288,NA,NA,391803699000,$391.8B,12.9,-14.5%,-10.2%,+0.5%,+7.7%,67.3,67.3,23.6,60.379999999999995,0.01,Tier 2: Golden Cross
BARK,8.21,20.8,8.01,2026-10-04,SPECIALTY RETAIL,73352000,NA,NA,0.975,-3.49,-3.49,-0.367,-0.0814,-0.0842,8e-4,370797000,43,-21510000,-5.81,0,-0.1025,1.977,15.5,NA,NA,NA,NA,NA,9033500,NA,NA,0.255,8.44,"BARK, Inc.",CONSUMER CYCLICAL,50,90,15,20,0,50,0.8879,43,8.21,8.93,9.6,8.85,17,-0.0806,-0.1448,-0.0723,-0.5171,8.5,9.5014,11.3376,38.792,-4.5478,-4.6959,0.1481,9.2966,7.7034,0.318,0.382,49763.6364,1.1772,8e-4,-3e-4,-0.0011,0.0432,750,0.003,-0.3195,0.686,-0.413,FALSE,FALSE,FALSE,FALSE,Neutral,TRUE,15,20,26.8041,27.3196,70,27.2552,768,-0.8371,-0.2291,-0.1686,0.5,-7e-4,0.0446,-0.1848,-0.261,1,3,37.61,No Signal,0.06,10.42,Increasing,FALSE,6.4%,0,NA,NA,NA,NA,50,Unknown,FALSE,FALSE,NA,NA,0.6126,-14193666.6667,NA,NA,NA,NA,NA,0,-14193666.6667,0,0.6126,394843000,0,16090000,-0.1025,76232000,0,16090000,-0.1025,38.3,44.6,57.5,88.6,26.9,47,47,50,99.5,12.4,100,8.8,50,48.4,22.8,50,FALSE,41.4,41.4,Weak,Weak,FALSE,FALSE,NEUTRAL,Proven,38.7,-7e-4,Analyst Upside,MACD ANALYST,8.21,-8.06,20.8,8.01,0.975,-5.81,0.6126,8e-4,-0.0842,-0.367,-0.1025,0,0,NA,NA,73352000,$73.4M,N/A,-8.1%,-14.5%,-7.2%,-51.7%,48.4,48.4,22.8,49.04,0.06,No Signal
BBAI,2.42,9.39,2.58,2026-10-04,INFORMATION TECHNOLOGY SERVICES,1270660000,NA,NA,1.768,-0.02,-0.02,-0.166,-0.0758,-0.652,-0.745,131627000,0.294,-71517000,-3.258,0,-0.0929,3.182,4,NA,NA,NA,NA,NA,479494000,NA,NA,8.09,1.607,BigBearai Holdings Inc,TECHNOLOGY,50,75,15,20,0,50,0.6529,40,2.42,2.83,3.27,3.35,7.49,-0.1449,-0.2599,-0.2776,-0.6769,2.732,2.935,3.9022,28.662,-4.3923,-3.5005,-0.8918,2.9962,2.4678,-0.0904,0.3895,16093854.5455,2.5899,8e-4,0.0031,0.0022,0.0671,750,-0.0316,0.2412,1.0655,0.5311,FALSE,FALSE,FALSE,FALSE,Oversold,FALSE,15,20,10.8247,8.7629,30,14.75,768,-0.0698,-0.2133,-0.3071,0.381,-0.005,0.0316,-1.2678,-2.5287,1,0,55.88,Low Signal,0.29,10.29,Decreasing,FALSE,29.4%,0,NA,NA,NA,NA,50,Unknown,FALSE,FALSE,NA,NA,0.2231,-33129333.3333,NA,NA,NA,NA,NA,0.0216,-33129333.3333,0.0216,0.2231,127672000,16643000,36278000,-0.0929,770324000,16643000,36278000,-0.0929,1.6,1,1,0,8.3,2.2,2.2,50,92.3,16.5,94.6,2.6,50,46.7,5,50,FALSE,9.5,9.5,Very Weak,Very Weak,FALSE,FALSE,NEUTRAL,Proven,2.1,-0.005,Analyst Upside,ANALYST,2.42,-14.49,9.39,2.58,1.768,-3.258,0.2231,-0.745,-0.652,-0.166,-0.0929,0.0216,0.0216,NA,NA,1270660000,$1.3B,N/A,-14.5%,-26%,-27.8%,-67.7%,46.7,46.7,5,48.019999999999996,0.29,No Signal
BLK,1065.35,1194.26,907.48,2026-09-27,ASSET MANAGEMENT,176499524000,26.04,16.45,2.852,41.71,41.71,0.123,0.0374,0.241,0.351,27299000000,175.98,11116000000,14.78,0.196,0.4829,1.429,1322.75,5,10,2,0,0,154869000,0.0204,0.889,6.06,371.7,BlackRock Inc,FINANCIAL SERVICES,45,75,65,75,17,79.4,0.2416,64.94,1065.35,1072.03,1036.11,1023.65,1167.4301,-0.0062,0.0282,0.0407,-0.0874,1067.2395,1109.3718,1060.9759,45.1614,-0.8777,-1.0583,0.1806,1090.076,1044.403,0.4586,0.2041,523704.5455,1.0871,8e-4,8e-4,-0,0.0117,750,2e-4,-0.0212,0.1857,-0.0184,FALSE,FALSE,TRUE,TRUE,Neutral,TRUE,35,45,60.3093,45.8763,70,49.768,768,-0.1192,-0.1007,2e-4,0.4762,-6e-4,0.0142,-0.1455,-0.6447,1,1,19.8,No Signal,0.01,3.61,Stable,FALSE,1.3%,0,NA,NA,NA,NA,50,Unknown,FALSE,FALSE,NA,NA,NA,4024666666.6667,NA,NA,NA,NA,NA,0.2212,4024666666.6667,0.2212,NA,12794000000,12744000000,10492000000,0.4829,57613000000,12744000000,10492000000,0.4829,42.5,31.1,35.8,36.8,57.5,40,40,54.7,77.5,46.4,71.2,76.8,79.4,63.8,49.4,50,FALSE,45.8,45.8,Neutral,Neutral,TRUE,FALSE,NEUTRAL,Proven,45.9,-6e-4,Analyst Upside,GX MACD MA200 ANALYST,1065.35,-0.62,1194.26,907.48,2.852,14.78,NA,0.351,0.241,0.123,0.4829,0.2212,0.2212,NA,NA,176499524000,$176.5B,26,-0.6%,+2.8%,+4.1%,-8.7%,63.8,63.8,49.4,58.279999999999994,0.01,Tier 2: Golden Cross
BMRN,54.89,70.98,49.26,2026-09-29,BIOTECHNOLOGY,11664755000,167.39,9.4,1.905,0.36,0.36,0.0118,0.0326,0.0214,0.212,3406614000,17.69,645319000,39.85,-0.813,0.1539,0.238,91.62,6,14,7,0,0,193574000,NA,0.364,4.512,32.66,Biomarin Pharmaceutical Inc,HEALTHCARE,25,75,40,40,27,74.1,0.6692,46.66,54.89,64.41,59.12,54.88,53.85,-0.1478,-0.0715,2e-4,0.0193,61.017,63.601,58.7084,23.0565,-3.8864,-2.691,-1.1955,68.1018,53.9322,0.0676,0.2025,2180631.8182,0.6229,8e-4,-4e-4,-0.0012,0.0204,750,-0.0014,-0.2325,0.3243,-0.9547,FALSE,FALSE,FALSE,TRUE,Oversold,FALSE,15,20,43.299,40.2062,30,30.7809,768,-0.653,-0.1726,-0.0721,0.4683,-0,0.0211,-0.0029,-0.0086,1,0,32.69,No Signal,0.06,5.51,Increasing,FALSE,6%,0,NA,NA,NA,NA,50,Unknown,FALSE,FALSE,NA,NA,NA,424980333.3333,NA,NA,NA,NA,NA,0.6622,424980333.3333,0.6622,NA,3221253000,4186142000,874005000,0.1539,6321692000,4186142000,874005000,0.1539,50.3,50.3,28,0,47.7,40.4,40.4,0.7,89.6,26.8,38.7,27.3,74.1,35.8,25.9,50,FALSE,36.2,36.2,Weak,Weak,TRUE,FALSE,NEUTRAL,Proven,31.4,-0,Analyst Upside,GX ANALYST,54.89,-14.78,70.98,49.26,1.905,39.85,NA,0.212,0.0214,0.0118,0.1539,0.6622,0.6622,NA,NA,11664755000,$11.7B,167.4,-14.8%,-7.1%,+0%,+1.9%,35.8,35.8,25.9,41.48,0.06,Tier 2: Golden Cross
BRCC,9.56,18.55,6,2026-10-03,PACKAGED FOODS,127350000,NA,71.43,2.644,-0.3,-0.3,-0.184,0.0158,-0.0089,0.0103,429698000,37.65,10158000,32.61,0,0.0033,1.221,22.5,0,2,0,0,0,1198200,NA,NA,0.434,4.039,BRC Inc.,CONSUMER DEFENSIVE,50,75,15,20,2,75,1.3536,42.5,9.56,8.43,11.8,8.3,13.7,0.134,-0.1898,0.1518,-0.3022,9.2205,9.0232,10.2204,56.6473,0.9408,0.2576,0.6832,9.8538,8.5872,0.768,0.5252,98500,0.8626,8e-4,-2e-4,-0.001,0.0474,750,0.0148,-0.2355,0.7523,-0.3503,TRUE,TRUE,FALSE,FALSE,Neutral,TRUE,55,85,20.1031,64.9485,70,52.5206,768,-0.8697,0.1029,-0.1891,0.5794,0.0026,0.0491,0.6489,0.8327,1,2,48.74,Low Signal,0.37,3.8,Decreasing,FALSE,37.4%,0,NA,NA,NA,NA,50,Unknown,FALSE,FALSE,NA,NA,0.3464,-21005000,NA,NA,NA,NA,NA,0.6541,-21005000,0.6541,0.3464,398263000,31609000,12029000,0.0033,48324000,31609000,12029000,0.0033,83.4,71.5,96.4,74.1,24.4,73.2,73.2,50,79.1,15.5,39.6,15.5,75,40.9,62.5,50,FALSE,65.8,65.8,Strong,Strong,FALSE,FALSE,NEUTRAL,Proven,74.2,0.0026,Alpha Leader,MACD RSI α>SPY ANALYST,9.56,13.4,18.55,6,2.644,32.61,0.3464,0.0103,-0.0089,-0.184,0.0033,0.6541,0.6541,NA,NA,127350000,$127.3M,N/A,+13.4%,-19%,+15.2%,-30.2%,40.9,40.9,62.5,44.54,0.37,Tier 4: High Score
BRZE,28.46,37.33,15.26,2026-10-03,SOFTWARE - APPLICATION,2913441000,NA,39.84,4.83,-1.05,-1.05,-0.185,-0.0577,-0.136,-0.0798,834241000,7.55,-86197000,-18.23,0,0.2508,0.88,37.3,6,15,0,0,0,113584000,NA,1.329,3.099,5.31,Braze Inc,TECHNOLOGY,50,60,15,20,21,82.1,0.3106,40.21,28.46,23.725,25.13,20.61,27.57,0.1996,0.1325,0.3809,0.0323,25.369,27.7162,24.1268,58.721,-0.571,-2.5808,2.0098,28.0778,22.6602,1.0705,0.6023,2621045.4545,1.4174,8e-4,-0,-8e-4,0.0342,750,0.0042,-0.2929,0.5435,-0.382,TRUE,TRUE,TRUE,TRUE,Neutral,TRUE,100,85,78.866,81.4433,70,84.6985,768,-0.639,-0.0838,0.1127,0.5476,0.003,0.0477,0.7457,0.9841,1,2,36.05,No Signal,0.07,4.16,Stable,FALSE,7.1%,0,NA,NA,NA,NA,50,Unknown,FALSE,FALSE,NA,NA,0.6715,27461666.6667,NA,NA,NA,NA,NA,NA,27461666.6667,NA,0.6715,738182000,NA,166770000,0.2508,600196000,NA,166770000,0.2508,85.5,73.6,87.6,74.1,77.2,80.6,80.6,50,57.1,14.9,50,7.2,82.1,38.9,84.6,50,FALSE,75.3,75.3,Strong,Strong,TRUE,FALSE,NEUTRAL,Proven,86.1,0.003,Alpha Leader,GX MACD RSI MA200 ANALYST,28.46,19.96,37.33,15.26,4.83,-18.23,0.6715,-0.0798,-0.136,-0.185,0.2508,NA,NA,NA,NA,2913441000,$2.9B,N/A,+20%,+13.2%,+38.1%,+3.2%,38.9,38.9,84.6,43.34,0.07,Tier 2: Golden Cross
CALM,64.83,95.25,63.5,2026-10-04,FARM PRODUCTS,3114196000,53.34,19.8,1.297,1.25,1.25,0.0238,0.0041,0.0232,-0.151,2528637000,53.51,146068000,5.33,-0.898,0.1187,0.209,68.33,0,0,4,0,0,46710600,0.0164,2.198,0.856,56.04,Cal-Maine Foods Inc,CONSUMER DEFENSIVE,25,90,40,40,4,50,0.054,47.25,64.83,73.23,88.34,75.97,91.55,-0.1147,-0.2661,-0.1466,-0.2919,69.518,76.6288,79.7083,31.0286,-5.2272,-4.7289,-0.4982,77.4825,61.5535,0.2057,0.2963,1433440.9091,0.2801,8e-4,6e-4,-2e-4,0.0221,750,0.0382,0.0995,0.3512,-0.1354,FALSE,FALSE,FALSE,FALSE,Neutral,FALSE,15,20,9.2784,18.0412,30,16.1418,768,-0.2348,-0.229,-0.2568,0.4762,-8e-4,0.0194,-0.1945,-0.6326,1,1,35.86,No Signal,0.12,4.04,Increasing,FALSE,11.7%,0,NA,NA,NA,NA,50,Unknown,FALSE,FALSE,NA,NA,0.2308,565431333.3333,NA,NA,NA,NA,NA,NA,565431333.3333,NA,0.2308,2911632000,NA,113542000,0.1187,2569736000,NA,113542000,0.1187,36.8,31.6,35.8,36.8,13,31.7,31.7,16.5,96.7,30.4,50,27.8,50,40.5,9,50,FALSE,27.6,27.6,Very Weak,Very Weak,FALSE,FALSE,NEUTRAL,Proven,17,-8e-4,Balanced,,64.83,-11.469999999999999,95.25,63.5,1.297,5.33,0.2308,-0.151,0.0232,0.0238,0.1187,NA,NA,NA,NA,3114196000,$3.1B,53.3,-11.5%,-26.6%,-14.7%,-29.2%,40.5,40.5,9,44.3,0.12,No Signal
CAT,796.18,1071.47,463.29,2026-09-26,FARM & HEAVY CONSTRUCTION MACHINERY,370153193000,34.97,25.38,19.25,23.03,23.03,0.57,0.0903,0.145,0.222,74728997000,160.78,16251000000,24.46,0.682,0.0039,1.594,975.61,1,13,12,1,1,459675000,0.0076,1.421,5.51,42.19,Caterpillar Inc,INDUSTRIALS,45,20,95,60,28,60.7,0.2254,58.82,796.18,815.56,952.41,791.73,500.36,-0.0238,-0.164,0.0056,0.5912,814.5245,822.1688,800.2386,43.3261,0.2015,0.039,0.1625,855.8465,773.2025,0.278,0.3415,2380331.8182,1.294,8e-4,0.0016,8e-4,0.0167,750,-0.0175,0.149,0.2644,0.7908,FALSE,FALSE,FALSE,TRUE,Neutral,TRUE,15,45,23.1959,41.7526,70,32.8093,768,0.6685,-0.0406,-0.2004,0.4762,-0.0015,0.0222,-0.388,-1.1028,1,0,19.02,No Signal,0.02,3.23,Stable,FALSE,1.7%,0,NA,NA,NA,NA,50,Unknown,FALSE,FALSE,NA,NA,NA,10084333333.3333,NA,NA,NA,NA,NA,1.5828,10084333333.3333,1.5828,NA,67589000000,30696000000,6713000000,0.0039,19394000000,30696000000,6713000000,0.0039,24.4,16.6,35.8,0,23.3,22.1,22.1,38.8,8.2,92.8,16.2,58.2,60.7,50,35.2,50,FALSE,29.4,29.4,Very Weak,Very Weak,TRUE,FALSE,NEUTRAL,Proven,19.1,-0.0015,Analyst Upside,GX MACD ANALYST,796.18,-2.3800000000000003,1071.47,463.29,19.25,24.46,NA,0.222,0.145,0.57,0.0039,1.5828,1.5828,NA,NA,370153193000,$370.2B,35,-2.4%,-16.4%,+0.6%,+59.1%,50,50,35.2,50,0.02,Tier 2: Golden Cross
CAVA,54.31,98.79,43.41,2026-10-03,RESTAURANTS,6354257000,95.44,70.42,7.37,0.57,0.57,0.0832,0.035,0.0482,0.0762,1373929000,11.82,160631000,34.34,0.198,0.2723,1.741,82.75,4,14,9,1,0,116806000,NA,4.585,4.576,7.2,"CAVA Group, Inc.",CONSUMER CYCLICAL,25,40,40,40,28,68.8,0.5237,39.13,54.31,56.51,72.18,84.21,65.03,-0.0389,-0.2476,-0.3551,-0.1648,52.8485,60.538,72.2754,45.5077,-3.5674,-4.6278,1.0605,56.0277,49.6693,0.7299,0.4616,3937250,1.6462,8e-4,0.0013,5e-4,0.0333,750,0.0473,-4e-4,0.5284,0.2491,TRUE,FALSE,FALSE,FALSE,Neutral,TRUE,15,45,13.9175,6.1856,70,22.9124,768,-0.0813,-0.2062,-0.2595,0.4524,-0.0037,0.0347,-0.9395,-1.7069,1,1,37.35,No Signal,0.14,4,Increasing,FALSE,13.6%,0,NA,NA,NA,NA,50,Unknown,FALSE,FALSE,NA,NA,0.1529,12444000,NA,NA,NA,NA,NA,NA,12444000,NA,0.1529,1179664000,NA,322763000,0.2723,841276000,NA,322763000,0.2723,4.1,6.7,19.7,36.8,12.4,12.4,12.4,6.5,34.6,40.2,50,37.1,68.8,35.9,17.9,50,FALSE,17.2,17.2,Very Weak,Very Weak,FALSE,FALSE,NEUTRAL,Proven,5.2,-0.0037,Analyst Upside,MACD ANALYST,54.31,-3.8899999999999997,98.79,43.41,7.37,34.34,0.1529,0.0762,0.0482,0.0832,0.2723,NA,NA,NA,NA,6354257000,$6.4B,95.4,-3.9%,-24.8%,-35.5%,-16.5%,35.9,35.9,17.9,41.54,0.14,No Signal
CELH,27.4,66.74,23.56,2026-10-03,BEVERAGES - NON-ALCOHOLIC,6935690000,119.17,16.86,6.16,0.23,0.23,0.0511,0.0885,0.0424,0.191,3047274000,11.86,671721000,39.42,-0.569,0.3814,0.922,42.29,5,12,7,0,0,253035000,NA,0.267,3.013,4.735,Celsius Holdings Inc,CONSUMER DEFENSIVE,25,40,40,40,24,72.9,0.5434,39.54,27.4,27.64,30.6,33.66,64.26,-0.0087,-0.1046,-0.186,-0.5736,27.8635,29.2844,36.1313,43.8057,-2.4072,-2.3182,-0.089,29.2008,26.5262,0.3267,0.3559,7028345.4545,0.9735,8e-4,-2e-4,-0.001,0.0377,750,0.0221,-0.2455,0.5979,-0.4197,FALSE,FALSE,FALSE,FALSE,Neutral,FALSE,15,45,34.0206,13.4021,30,26.3866,768,-0.7614,-0.2303,-0.113,0.4683,-0.0019,0.0387,-0.4865,-0.7926,1,1,41.57,Low Signal,0.12,4.55,Stable,FALSE,12.2%,0,NA,NA,NA,NA,50,Unknown,FALSE,FALSE,NA,NA,0.9615,228889333.3333,NA,NA,NA,NA,NA,0.5626,228889333.3333,0.5626,0.9615,1318014000,674850000,631234000,0.3814,1199584000,674850000,631234000,0.3814,17.6,26.4,28,36.8,38.3,26.9,26.9,3.6,42.9,34.5,45,34,72.9,34.1,21.4,50,FALSE,26.7,26.7,Very Weak,Very Weak,FALSE,FALSE,NEUTRAL,Proven,16,-0.0019,Analyst Upside,ANALYST,27.4,-0.8699999999999999,66.74,23.56,6.16,39.42,0.9615,0.191,0.0424,0.0511,0.3814,0.5626,0.5626,NA,NA,6935690000,$6.9B,119.2,-0.9%,-10.5%,-18.6%,-57.4%,34.1,34.1,21.4,40.46,0.12,No Signal
CFR,152.36,169.71,115.6,2026-10-03,BANKS - REGIONAL,9538595000,14.42,14.03,2.216,10.64,10.64,0.155,0.013,0.302,0.372,2264467000,35.77,NA,NA,0.128,0.0606,0.513,172.79,3,3,8,1,0,62149000,0.0264,3.262,4.476,72.04,Cullen/Frost Bankers Inc,FINANCIAL SERVICES,90,75,65,90,15,63.3,0.1341,76.83,152.36,161.88,156.86,143.09,127.87,-0.0588,-0.0287,0.0648,0.1915,156.5735,161.396,146.9798,37.6295,-1.6374,-1.4032,-0.2342,163.8762,149.2708,0.2115,0.1565,502659.0909,0.8303,8e-4,8e-4,0,0.0152,750,0.0175,0.0355,0.242,0.0033,FALSE,FALSE,TRUE,TRUE,Neutral,FALSE,35,20,52.0619,48.9691,30,40.1624,768,-0.101,-0.077,-0.029,0.5317,4e-4,0.0118,0.1134,0.6076,1,1,37.61,No Signal,0.07,7.94,Increasing,FALSE,7.1%,0,NA,NA,NA,NA,50,Unknown,FALSE,FALSE,NA,NA,NA,436432666.6667,NA,NA,NA,NA,NA,NA,436432666.6667,NA,NA,2235244000,NA,NA,0.0606,4622643000,NA,NA,0.0606,60.6,66.3,80.8,36.8,53.9,62.7,62.7,86.3,86.3,54.1,50,87.6,63.3,70.7,38,50,FALSE,58,58,Neutral,Neutral,TRUE,FALSE,NEUTRAL,Proven,64.4,4e-4,Consistent Beat,GX MA200 ANALYST,152.36,-5.88,169.71,115.6,2.216,NA,NA,0.372,0.302,0.155,0.0606,NA,NA,NA,NA,9538595000,$9.5B,14.4,-5.9%,-2.9%,+6.5%,+19.1%,70.7,70.7,38,62.42,0.07,Tier 2: Golden Cross
CGEM,15.46,23.19,5.71,2026-10-03,BIOTECHNOLOGY,892985000,NA,6.74,3.372,-3.11,-3.11,-0.503,-0.314,0,0,0,0,-221488992,-1.457,0,0,0.02,33.45,1,11,0,0,0,61458000,NA,NA,11.55,5,Cullinan Oncology LLC,HEALTHCARE,50,60,15,20,12,77.1,1.1636,39.71,15.46,21.31,18.13,14.25,7.05,-0.2745,-0.1473,0.0849,1.1929,17.6845,19.3132,15.4738,35.2017,-7.6798,-6.6981,-0.9817,23.1348,12.2342,0.2959,0.9464,1348154.5455,1.2542,8e-4,0.0017,9e-4,0.0428,750,-0.0066,0.1773,0.6801,0.3371,FALSE,FALSE,FALSE,TRUE,Neutral,FALSE,15,20,25.7732,52.0619,30,27.8943,768,-0.0973,-0.3288,-0.1728,0.4365,-2e-4,0.0439,-0.0621,-0.0891,1,0,48.77,Low Signal,0.12,5.07,Decreasing,FALSE,12.4%,0,NA,NA,NA,NA,50,Unknown,FALSE,FALSE,NA,NA,NA,-151861666.6667,NA,NA,NA,NA,NA,NA,-151861666.6667,NA,NA,NA,NA,78640000,NA,408730000,NA,78640000,NA,48.2,49.7,9.8,0,25.9,32.7,32.7,50,69.8,9.3,50,16.5,77.1,40.1,28.5,50,FALSE,32.8,32.8,Weak,Weak,TRUE,FALSE,NEUTRAL,Proven,25.8,-2e-4,Analyst Upside,GX ANALYST,15.46,-27.450000000000003,23.19,5.71,3.372,-1.457,NA,0,0,-0.503,0,NA,NA,NA,NA,892985000,$893M,N/A,-27.5%,-14.7%,+8.5%,+119.3%,40.1,40.1,28.5,44.06,0.12,Tier 2: Golden Cross
COIN,172,402.16,139.11,2026-10-03,FINANCIAL DATA & STOCK EXCHANGES,49941688000,NA,54.35,3.997,-3.94,-3.94,-0.0785,0.0112,-0.163,-0.139,6043753000,22.82,699549000,30.69,4.306,0.52,3.388,207.35,3,20,9,2,1,222803000,NA,2.369,7.95,49.59,Coinbase Global Inc,FINANCIAL SERVICES,50,60,15,20,35,65.7,0.2055,38.57,172,174.72,159.07,174.53,387,-0.0156,0.0813,-0.0145,-0.5556,186.552,174.2492,184.1254,42.8941,0.5998,2.0605,-1.4607,207.492,165.612,0.1525,0.7783,9563354.5455,2.5081,8e-4,0.0022,0.0014,0.045,750,-0.0319,0.0522,0.7146,0.5041,FALSE,FALSE,FALSE,FALSE,Neutral,FALSE,15,45,69.0722,36.0825,30,41.4381,768,0.3333,-0.0607,0.0242,0.4444,-0.0015,0.0406,-0.3671,-0.5689,1,0,30.56,No Signal,0.11,2.5,Stable,FALSE,10.9%,0,NA,NA,NA,NA,50,Unknown,FALSE,FALSE,NA,NA,NA,NA,263836923,45379950756,NA,NA,NA,0.4545,NA,0.4545,NA,7181325000,5944232000,8614065000,0.52,13079665000,5944232000,8614065000,0.52,26.4,34.2,13.5,0,62.7,28.6,28.6,50,63.2,21.1,55,6.2,65.7,40.2,38.6,50,FALSE,32.7,32.7,Weak,Weak,FALSE,FALSE,NEUTRAL,Proven,25.3,-0.0015,Analyst Upside,ANALYST,172,-1.5599999999999998,402.16,139.11,3.997,30.69,NA,-0.139,-0.163,-0.0785,0.52,0.4545,0.4545,NA,NA,49941688000,$49.9B,N/A,-1.6%,+8.1%,-1.5%,-55.6%,40.2,40.2,38.6,44.120000000000005,0.11,No Signal
COST,947.92,1094.76,840.35,2026-09-26,DISCOUNT STORES,397569884000,45.05,40.32,11.97,19.9,19.9,0.291,0.0867,0.0301,0.0399,293586993000,661.29,13790000000,26.92,0.152,0.0658,0.855,1069.2,4,19,14,1,1,443479000,0.0059,4.434,1.326,75.55,Costco Wholesale Corp,CONSUMER DEFENSIVE,25,20,80,40,39,65.4,0.1279,46.79,947.92,902.6,916.25,980.85,942.89,0.0502,0.0346,-0.0336,0.0053,913.633,931.572,962.9855,63.0853,0.3131,-0.3049,0.618,945.6105,881.6555,1.0361,0.168,2346845.4545,0.4428,8e-4,8e-4,-0,0.0132,750,0.0103,0.104,0.2102,-0.0468,TRUE,TRUE,FALSE,FALSE,Neutral,TRUE,55,85,61.3402,33.5052,70,58.6031,768,-0.0614,-0.0195,0.0433,0.5079,-2e-4,0.0128,-0.0628,-0.3088,1,6,16.42,No Signal,0.02,2.74,Stable,FALSE,1.7%,0,NA,NA,NA,NA,50,Unknown,FALSE,FALSE,NA,NA,NA,7070333333.3333,NA,NA,NA,NA,NA,0.1721,7070333333.3333,0.1721,NA,275235000000,6162000000,20207000000,0.0658,35803000000,6162000000,20207000000,0.0658,47.7,42.5,64.8,97.9,67.4,57.8,57.8,21.6,18.7,77.8,78.4,30.4,65.4,49.5,59.9,50,FALSE,57.1,57.1,Neutral,Neutral,FALSE,FALSE,NEUTRAL,Proven,63.4,-2e-4,Balanced,MACD RSI ANALYST,947.92,5.0200000000000005,1094.76,840.35,11.97,26.92,NA,0.0399,0.0301,0.291,0.0658,0.1721,0.1721,NA,NA,397569884000,$397.6B,45,+5%,+3.5%,-3.4%,+0.5%,49.5,49.5,59.9,49.7,0.02,Tier 5: Underdog Watch
CRM,227.8,267.8,146.06,2026-09-27,SOFTWARE - APPLICATION,192598458000,21.41,13.99,5,10.93,10.93,0.194,0.057,0.22,0.214,43938001000,49.2,12899000000,13.57,1.189,0.0915,1.202,281.08,6,34,14,0,2,823000000,0.0072,0.779,5.06,46.63,Salesforce.com Inc,TECHNOLOGY,60,40,65,75,56,68.8,0.2339,60.63,227.8,244.16,163.32,172.82,245.33,-0.067,0.3948,0.3181,-0.0715,236.715,224.0616,199.887,46.8228,-0.2435,0.861,-1.1045,256.3877,217.0423,0.2734,0.3388,10851704.5455,0.9769,8e-4,4e-4,-4e-4,0.0227,750,0.0187,-0.0916,0.36,-0.2675,FALSE,TRUE,TRUE,TRUE,Neutral,FALSE,100,45,92.268,77.3196,30,77.8943,768,-0.3928,0.0967,0.3876,0.4683,0.0026,0.0349,0.6675,1.2043,1,1,21.34,No Signal,0.04,2.59,Stable,FALSE,4%,0,NA,NA,NA,NA,50,Unknown,FALSE,FALSE,NA,NA,0.7768,12111333333.3333,NA,NA,NA,NA,NA,1.0237,12111333333.3333,1.0237,0.7768,41525000000,39288000000,8310000000,0.0915,38378000000,39288000000,8310000000,0.0915,84.5,77.2,28,36.8,92.7,67.8,67.8,65.5,53.8,63.4,25.2,74.7,68.8,59.1,71.7,50,FALSE,67.4,67.4,Strong,Strong,TRUE,FALSE,NEUTRAL,Proven,76.8,0.0026,Alpha Leader,GX MA200 ANALYST,227.8,-6.7,267.8,146.06,5,13.57,0.7768,0.214,0.22,0.194,0.0915,1.0237,1.0237,NA,NA,192598458000,$192.6B,21.4,-6.7%,+39.5%,+31.8%,-7.1%,59.1,59.1,71.7,55.46,0.04,Tier 2: Golden Cross
CRNX,84.95,85.01,32.3,2026-09-11,BIOTECHNOLOGY,9012787000,NA,NA,7.56,-5.05,-5.05,-0.424,-0.263,0,-5.27,42156000,0.423,-544849984,-13.4,0,0,0.088,85,0,1,13,0,0,106095000,NA,NA,186.31,11.27,Crinetics Pharmaceuticals Inc,HEALTHCARE,50,40,15,20,14,51.8,6e-4,33.18,84.95,84.95,84.95,84.95,84.95,0,0,0,0,NA,NA,NA,NA,NA,NA,NA,NA,NA,NA,NA,NA,NA,-0.003,NA,NA,NA,0,NA,NA,NA,NA,NA,NA,NA,NA,Neutral,NA,15,50,56.701,39.1753,NA,NA,8,0.0136,0.0136,0.0136,0.5,0.0017,0.0066,0.4295,4.0869,0.127,0,28.5,No Signal,NA,NA,Unknown,FALSE,N/A,0,NA,NA,NA,NA,50,Unknown,FALSE,FALSE,NA,NA,NA,NA,NA,NA,NA,NA,NA,NA,NA,NA,NA,NA,NA,NA,NA,NA,NA,NA,NA,74.6,100,57.5,0,60.6,68,52.3,50,33.5,11.3,50,16.5,51.8,33.3,50,50,FALSE,48.9,48.9,Neutral,Neutral,FALSE,FALSE,NEUTRAL,Emerging,50.5,0.0017,Balanced,,84.95,0,85.01,32.3,7.56,-13.4,NA,-5.27,0,-0.424,0,NA,NA,NA,NA,9012787000,$9B,N/A,+0%,+0%,+0%,+0%,33.3,33.3,50,39.98,NA,Tier 5: Underdog Watch
CROX,116.84,141.28,73.2,2026-10-03,FOOTWEAR & ACCESSORIES,5716971000,10.4,8.22,4.315,11.46,11.46,0.423,0.12,0.146,0.242,4054866000,79.38,926537000,8.02,-0.042,0.0098,1.514,138.25,2,5,7,1,0,47945100,NA,1.393,1.829,28.77,Crocs Inc,CONSUMER CYCLICAL,90,60,95,60,15,63.3,0.1832,78.33,116.84,111.09,132.78,100.22,80.39,0.0518,-0.12,0.1658,0.4534,119.432,123.0882,107.0233,44.5629,-0.8522,-0.6287,-0.2235,128.3321,110.5319,0.3544,0.4099,1167586.3636,1.1703,8e-4,9e-4,1e-4,0.0299,750,0.0185,-0.0086,0.4752,0.055,FALSE,FALSE,TRUE,TRUE,Neutral,FALSE,35,45,31.4433,68.0412,30,41.5412,768,-0.2306,-0.0636,-0.1432,0.4444,2e-4,0.0244,0.0593,0.15310000000000001,1,1,34.77,No Signal,0.1,3.98,Increasing,FALSE,10.4%,0,NA,NA,NA,NA,50,Unknown,FALSE,FALSE,NA,NA,0.5833,799052666.6667,NA,NA,NA,NA,NA,0.9484,799052666.6667,0.9484,0.5833,4040647000,1313208000,170276000,0.0098,1384674000,1313208000,170276000,0.0098,55.4,55.4,13.5,36.8,31.1,41.5,41.5,95,61,87.6,28.8,59.3,63.3,70.3,49.9,50,FALSE,47.8,47.8,Neutral,Neutral,TRUE,FALSE,NEUTRAL,Proven,48.5,2e-4,Analyst Upside,GX MA200 ANALYST,116.84,5.18,141.28,73.2,4.315,8.02,0.5833,0.242,0.146,0.423,0.0098,0.9484,0.9484,NA,NA,5716971000,$5.7B,10.4,+5.2%,-12%,+16.6%,+45.3%,70.3,70.3,49.9,62.18,0.1,Tier 2: Golden Cross
CRS,387.1,625.73,233.25,2026-10-03,METAL FABRICATION,19015127000,36.89,23.36,8.79,10.4,10.4,0.258,0.119,0.17,0.241,3124200000,62.48,826100000,23.47,0.464,0.0621,1.261,612.12,1,6,1,0,0,49558600,0.0021,1.591,6.36,44.91,Carpenter Technology Corporation,INDUSTRIALS,25,40,80,75,8,75,0.5813,57,387.1,458.45,578.61,443.67,250.8,-0.1556,-0.331,-0.1275,0.5435,400.268,464.9034,442.815,30.4448,-5.2154,-5.8992000000000004,0.6838,428.339,372.197,0.2655,0.2506,730395.4545,1.4774,8e-4,0.0027,0.0019,0.0257,750,-0.0062,0.3752,0.4082,1.158,FALSE,FALSE,FALSE,TRUE,Neutral,TRUE,15,20,5.1546,20.6186,70,19.4201,768,2.4223,-0.208,-0.3534,0.4841,-0.002,0.0235,-0.5042,-1.3527,1,0,20.65,No Signal,0.03,1.77,Decreasing,FALSE,2.9%,0,NA,NA,NA,NA,50,Unknown,FALSE,FALSE,NA,NA,0.2671,132266666.6667,NA,NA,NA,NA,NA,0.3101,132266666.6667,0.3101,0.2671,2877100000,690700000,393300000,0.0621,2227600000,690700000,393300000,0.0621,17.1,13,43.5,0,5.2,17.9,17.9,34.5,26.4,74.7,64,64.9,75,56.5,12.5,50,FALSE,22.4,22.4,Very Weak,Very Weak,TRUE,FALSE,NEUTRAL,Proven,11.3,-0.002,Analyst Upside,GX MACD ANALYST,387.1,-15.559999999999999,625.73,233.25,8.79,23.47,0.2671,0.241,0.17,0.258,0.0621,0.3101,0.3101,NA,NA,19015127000,$19B,36.9,-15.6%,-33.1%,-12.8%,+54.4%,56.5,56.5,12.5,53.9,0.03,Tier 2: Golden Cross
CRWD,263.01,263.87,85.68,2026-09-29,SOFTWARE - INFRASTRUCTURE,258164703000,8404.33,208.33,52.68,0.03,0.03,0.0146,-0.0078,0.0083,-0.0226,5396145000,5.33,106861000,624.9,5.33,5.33,1.255,235.67,10,30,12,0,1,1023935000,NA,8.4,49.03,4.983,Crowdstrike Holdings Inc,TECHNOLOGY,25,20,40,40,53,72.6,-0.104,35.51,263.01,207.8,187.18,100.56,127.2825,0.2657,0.4051,1.6155,1.0663,254.2935,226.9056,156.5451,59.5781,5.5095,5.79,-0.2805,286.3978,222.1892,0.6358,0.6177,10284290.9091,1.5787,8e-4,0.0028,0.002,0.0277,750,-0.0049,0.3768,0.4397,1.1258,TRUE,TRUE,TRUE,TRUE,Neutral,FALSE,100,85,92.7835,98.9691,30,88.3789,768,2.7947,0.3773,0.3519,0.5476,0.0068,0.0372,1.7057,2.8856,1,0,22.89,No Signal,0.03,2.44,Decreasing,FALSE,2.6%,0,NA,NA,NA,NA,50,Unknown,FALSE,FALSE,NA,NA,NA,1142264666.6667,NA,NA,NA,NA,NA,0.1463,1142264666.6667,0.1463,NA,NA,746216000,5013847000,NA,5101724000,746216000,5013847000,NA,97.4,98.4,87.6,0,91.7,85.1,85.1,50,50,27.3,82,24.7,72.6,47.6,93.9,50,FALSE,81.6,81.6,Very Strong,Very Strong,TRUE,FALSE,NEUTRAL,Proven,95.4,0.0068,Alpha Leader,GX RSI MA200,263.01,26.57,263.87,85.68,52.68,624.9,NA,-0.0226,0.0083,0.0146,5.33,0.1463,0.1463,NA,NA,258164703000,$258.2B,8404.3,+26.6%,+40.5%,+161.5%,+106.6%,47.6,47.6,93.9,48.56,0.03,Tier 2: Golden Cross
CVX,211.55,217.78,142.51,2026-09-26,OIL & GAS INTEGRATED,403403702000,19.75,15.2,2.123,10.41,10.41,0.122,0.0586,0.0983,0.219,209383997000,106.25,50661999000,7.72,3.219,-0.0301,0.491,222.17,6,14,4,1,0,1961603000,0.034,0.899,2.068,96.8,Chevron Corp,ENERGY,75,75,65,60,25,75,0.0502,69.75,211.55,213.81,176.4,191.78,151.64,-0.0106,0.1993,0.1031,0.3951,207.8905,203.8784,187.8307,59.0452,0.3724,0.4352,-0.0628,215.7276,200.0534,0.7335,0.2398,9481490.9091,0.3338,8e-4,5e-4,-3e-4,0.0156,750,0.0354,0.0503,0.2477,-0.3462,TRUE,TRUE,TRUE,TRUE,Neutral,FALSE,100,85,81.4433,54.1237,30,76.0077,768,-0.3057,0.0438,0.2292,0.5952,0.0019,0.0141,0.4809,2.1519,1,1,7.77,No Signal,0.01,2.05,Increasing,FALSE,1.2%,0,NA,NA,NA,NA,50,Unknown,FALSE,FALSE,NA,NA,NA,17138666666.6667,NA,NA,NA,NA,NA,0.2095,17138666666.6667,0.2095,NA,189031000000,39781000000,NA,-0.0301,189883000000,39781000000,NA,-0.0301,79.3,91.7,100,36.8,86,83.3,83.3,70.5,87.4,45.9,72.1,51,75,64.3,69.8,50,FALSE,77.2,77.2,Strong,Strong,TRUE,FALSE,NEUTRAL,Proven,88.1,0.0019,Alpha Leader,GX RSI MA200 α>SPY,211.55,-1.06,217.78,142.51,2.123,7.72,NA,0.219,0.0983,0.122,-0.0301,0.2095,0.2095,NA,NA,403403702000,$403.4B,19.8,-1.1%,+19.9%,+10.3%,+39.5%,64.3,64.3,69.8,58.58,0.01,Tier 2: Golden Cross
CXM,5.42,8.28,4.715,2026-10-03,SOFTWARE - APPLICATION,1211934000,47.45,20.7,2.427,0.11,0.11,0.0436,0.0273,0.0265,0.0446,872882000,3.606,51106000,12.96,-0.395,0.0819,0.646,8.44,1,2,5,0,1,131087000,NA,0.824,0.973,2.191,Sprinklr Inc,TECHNOLOGY,25,75,40,40,9,55.6,0.5572,44.81,5.42,5.32,5.48,5.44,7.64,0.0188,-0.0109,-0.0037,-0.2906,5.31,6.2324,5.9404,46.2558,-5.0267,-6.0047,0.978,5.7973,4.8227,0.6129,0.4691,2951422.7273,0.9548,8e-4,-8e-4,-0.0016,0.0272,750,0.0485,-0.4042,0.4313,-0.9586,TRUE,FALSE,FALSE,TRUE,Neutral,TRUE,15,45,55.6701,37.6289,70,41.7268,768,-0.7931,-0.2827,-0.0103,0.5159,3e-4,0.0313,0.0687,0.1381,1,2,39.29,No Signal,0.08,3.54,Decreasing,FALSE,8.4%,0,NA,NA,NA,NA,50,Unknown,FALSE,FALSE,NA,NA,0.674,97506333.3333,NA,NA,NA,NA,NA,NA,97506333.3333,NA,0.674,857200000,NA,231415000,0.0819,519477000,NA,231415000,0.0819,57,53.4,71.5,74.1,57,60.7,60.7,18.7,83,32,50,28.9,55.6,40.3,42.4,50,FALSE,53.2,53.2,Neutral,Neutral,TRUE,FALSE,NEUTRAL,Proven,57.7,3e-4,Consistent Beat,GX MACD ANALYST,5.42,1.8800000000000001,8.28,4.715,2.427,12.96,0.674,0.0446,0.0265,0.0436,0.0819,NA,NA,NA,NA,1211934000,$1.2B,47.5,+1.9%,-1.1%,-0.4%,-29.1%,40.3,40.3,42.4,44.17999999999999,0.08,Tier 2: Golden Cross
DDOG,273.8,292.72,98.01,2026-09-29,SOFTWARE - APPLICATION,96278782000,525.75,84.75,20.68,0.51,0.51,0.047,0.0018,0.0448,0.0067,3966725000,11.26,82897000,307.41,14.98,0.269,1.488,286.26,10,31,3,1,1,334905000,NA,1.275,21.83,12.17,Datadog Inc,TECHNOLOGY,25,20,40,40,46,76.1,0.0455,35.86,273.8,225.27,257.54,110.08,164.07,0.2154,0.0631,1.4873,0.6688,255.5945,246.382,187.5552,64.759,4.304,3.6255,0.6785,294.554,216.635,0.7336,0.3405,3066981.8182,1.2913,8e-4,0.0021,0.0012,0.032,750,0.0133,0.2541,0.5079,0.6174,TRUE,TRUE,TRUE,TRUE,Neutral,TRUE,100,85,65.4639,96.9072,70,83.7706,768,0.6971,0.1913,0.04,0.5714,0.0074,0.0463,1.8657,2.538,1,1,26.19,No Signal,0.03,2.82,Decreasing,FALSE,2.8%,0,NA,NA,NA,NA,50,Unknown,FALSE,FALSE,NA,NA,0.7996,822936333.3333,NA,NA,NA,NA,NA,NA,822936333.3333,NA,0.7996,3427158000,NA,434957000,0.269,4367160000,NA,434957000,0.269,98.4,94.8,94.3,36.8,65.8,85.6,85.6,50,6,33,50,35.6,76.1,40.5,91.7,50,FALSE,80.3,80.3,Very Strong,Very Strong,TRUE,FALSE,NEUTRAL,Proven,93.3,0.0074,Alpha Leader,GX MACD RSI MA200 α>SPY,273.8,21.54,292.72,98.01,20.68,307.41,0.7996,0.0067,0.0448,0.047,0.269,NA,NA,NA,NA,96278782000,$96.3B,525.8,+21.5%,+6.3%,+148.7%,+66.9%,40.5,40.5,91.7,44.3,0.03,Tier 2: Golden Cross
DECK,82.56,122.29,77.2,2026-10-04,FOOTWEAR & ACCESSORIES,10774709000,11.25,10.65,4.723,7.03,7.03,0.426,0.203,0.184,0.152,5527289000,38.73,1326979000,6.89,0.011,0.1297,1.15,120.41,5,8,11,3,0,136182000,NA,0.977,1.732,16.83,Deckers Outdoor Corporation,CONSUMER CYCLICAL,90,60,95,75,27,63.9,0.4585,80.64,82.56,80.23,105.99,108.14,98.85,0.029,-0.2211,-0.2365,-0.1648,79.455,86.262,100.8716,52.2188,-1.7453,-2.857,1.1117,82.1548,76.7552,1.075,0.2655,3467268.1818,1.3041,8e-4,4e-4,-4e-4,0.0266,750,0.0314,-0.1669,0.4229,-0.2478,TRUE,FALSE,FALSE,FALSE,Neutral,TRUE,15,85,15.4639,10.3093,70,30.201,768,-0.4453,-0.0862,-0.2397,0.4365,-0.003,0.0219,-0.76,-2.1843,1,1,28.78,No Signal,0.09,3.23,Increasing,FALSE,8.7%,0,NA,NA,NA,NA,50,Unknown,FALSE,FALSE,NA,NA,0.577,999834333.3333,NA,NA,NA,NA,NA,NA,999834333.3333,NA,0.577,5472296000,NA,1602589000,0.1297,2301682000,NA,1602589000,0.1297,10.4,2.6,9.8,36.8,16.1,11.8,11.8,93.5,58.2,88.1,50,68.6,63.9,74.3,28.7,50,FALSE,25.2,25.2,Very Weak,Very Weak,FALSE,FALSE,NEUTRAL,Proven,13.4,-0.003,Analyst Upside,MACD RSI ANALYST,82.56,2.9000000000000004,122.29,77.2,4.723,6.89,0.577,0.152,0.184,0.426,0.1297,NA,NA,NA,NA,10774709000,$10.8B,11.2,+2.9%,-22.1%,-23.6%,-16.5%,74.3,74.3,28.7,64.58,0.09,No Signal
DHR,217.46,241.78,160.6,2026-09-27,DIAGNOSTICS & RESEARCH,157813342000,40.02,23.81,2.956,5.61,5.61,0.0761,0.0395,0.16,0.198,25106999000,35.47,8028000000,23.46,0.597,0.0141,0.808,230.83,5,17,4,0,0,702986000,0.0064,1.324,7.09,74.81,Danaher Corporation,HEALTHCARE,25,75,40,75,26,76,0.0615,52.1,217.46,204.85,199.05,195.87,204.48,0.0616,0.0925,0.1102,0.0635,216.2875,210.5776,201.484,52.7113,1.1704,1.4881,-0.3177,230.798,201.777,0.5404,0.3027,4443559.0909,0.7718,8e-4,2e-4,-6e-4,0.0168,750,-5e-4,-0.1139,0.2675,-0.6001,TRUE,TRUE,TRUE,TRUE,Neutral,FALSE,100,85,70.6186,56.1856,30,73.1727,768,-0.4586,-7e-4,0.0932,0.5159,0.0012,0.0219,0.30620000000000003,0.8796,1,0,6.62,No Signal,0.01,1.76,Increasing,FALSE,1.3%,0,NA,NA,NA,NA,50,Unknown,FALSE,FALSE,NA,NA,0.5911,5445666666.6667,NA,NA,NA,NA,NA,0.4783,5445666666.6667,0.4783,0.5911,24568000000,25147000000,NA,0.0141,52581000000,25147000000,NA,0.0141,67.4,72.5,71.5,0,74.6,63.8,63.8,28.1,76.4,37.6,50.5,62.9,76,50.1,65.9,50,FALSE,62.2,62.2,Neutral,Neutral,TRUE,FALSE,NEUTRAL,Proven,70.1,0.0012,High IR,GX RSI MA200,217.46,6.16,241.78,160.6,2.956,23.46,0.5911,0.198,0.16,0.0761,0.0141,0.4783,0.4783,NA,NA,157813342000,$157.8B,40,+6.2%,+9.2%,+11%,+6.3%,50.1,50.1,65.9,50.06,0.01,Tier 2: Golden Cross
DKNG,19.87,41.94,20.35,2026-09-29,GAMBLING,10931919000,NA,12.64,18.53,-0.35,-0.35,-0.211,-0.0242,-0.0268,-0.0472,6222523000,12.55,122832000,104.74,1.846,0.2852,1.628,35.12,5,24,6,0,1,496454000,NA,0.0519,1.845,1.148,DraftKings Inc,CONSUMER CYCLICAL,50,20,15,20,36,72.2,0.7675,31.22,19.87,23.66,26.475,22.51,35.2,-0.1602,-0.2495,-0.1173,-0.4355,21.3575,23.187,25.4267,39.7216,-5.8389,-5.3024,-0.5364,25.3284,17.3866,0.3127,0.5745,15419595.4545,1.2614,8e-4,-1e-4,-9e-4,0.0285,750,0.0418,-0.2846,0.4517,-0.5119,FALSE,FALSE,FALSE,FALSE,Neutral,FALSE,15,20,12.8866,21.6495,30,17.9459,768,-0.6266,-0.2064,-0.2539,0.4921,-6e-4,0.0336,-0.1485,-0.2786,1,1,26.03,No Signal,0.08,2.21,Stable,FALSE,7.7%,0,NA,NA,NA,NA,50,Unknown,FALSE,FALSE,NA,NA,NA,344147000,NA,NA,NA,NA,NA,NA,344147000,NA,NA,6054525000,NA,983882000,0.2852,569428000,NA,983882000,0.2852,42,43.5,50.8,36.8,14,39.4,39.4,50,9.9,14.4,50,13.4,72.2,32.6,14.3,50,FALSE,32.4,32.4,Weak,Weak,FALSE,FALSE,NEUTRAL,Proven,24.2,-6e-4,Analyst Upside,ANALYST,19.87,-16.02,41.94,20.35,18.53,104.74,NA,-0.0472,-0.0268,-0.211,0.2852,NA,NA,NA,NA,10931919000,$10.9B,N/A,-16%,-25%,-11.7%,-43.5%,32.6,32.6,14.3,39.56,0.08,No Signal
DKS,134.63,242.09,119.27,2026-10-04,SPECIALTY RETAIL,13407494000,15.02,11.4,2.305,9.06,9.06,0.185,0.0642,0.0397,0.0767,21145145000,240.69,2083461000,10.92,-0.257,0.1514,1.141,157.96,4,9,12,1,1,74956000,0.0371,1.146,0.95,64.24,Dick’s Sporting Goods Inc,CONSUMER CYCLICAL,75,75,65,40,27,63,0.1733,65.55,134.63,133.36,217.98,210.57,223.82,0.0095,-0.3824,-0.3606,-0.3985,131.3875,155.6778,198.041,44.4081,-3.3725,-4.9285,1.556,141.3513,121.4237,0.6627,0.4534,3036581.8182,1.2499,8e-4,7e-4,-1e-4,0.0252,750,0.0305,-0.0829,0.3995,-0.0797,TRUE,FALSE,FALSE,FALSE,Neutral,TRUE,15,45,3.0928,5.6701,70,19.5619,768,-0.3061,0.0287,-0.3957,0.4683,-0.0037,0.0365,-0.9429,-1.6271,1,1,36.83,No Signal,0.15,3.76,Increasing,FALSE,15.1%,0,NA,NA,NA,NA,50,Unknown,FALSE,FALSE,NA,NA,0.3292,616448666.6667,NA,NA,NA,NA,NA,NA,616448666.6667,NA,0.3292,17215120000,NA,913736000,0.1514,5725722000,NA,913736000,0.1514,3.6,8.8,28,36.8,3.1,13,13,83.5,85.2,62.4,50,32.5,63,63.7,15,50,FALSE,21.1,21.1,Very Weak,Very Weak,FALSE,FALSE,NEUTRAL,Proven,10.3,-0.0037,Analyst Upside,MACD ANALYST,134.63,0.95,242.09,119.27,2.305,10.92,0.3292,0.0767,0.0397,0.185,0.1514,NA,NA,NA,NA,13407494000,$13.4B,15,+0.9%,-38.2%,-36.1%,-39.9%,63.7,63.7,15,58.22,0.15,No Signal
DOCN,123.9,187.5,37.09,2026-10-04,SOFTWARE - INFRASTRUCTURE,16469369000,63.67,76.34,17.84,2.2,2.2,0.623,0.0386,0.233,0.104,1011113000,10.63,308634000,45.93,-0.245,0.1406,1.57,175.2,3,11,3,0,0,117580000,NA,1.538,17.18,8.86,DigitalOcean Holdings Inc,TECHNOLOGY,25,20,95,75,17,75,0.414,57.5,123.9,132.67,130.49,79.87,39.54,-0.0661,-0.0505,0.5513,2.1335,133.328,125.8658,107.0988,43.5428,1.2391,2.5308,-1.2917,149.837,116.819,0.2145,0.6976,2593300,2.1408,8e-4,0.0031,0.0023,0.04,750,-0.0223,0.3354,0.6357,0.8942,FALSE,FALSE,TRUE,TRUE,Neutral,FALSE,35,45,47.4227,85.567,30,49.8402,768,2.1581,0.0678,-0.1063,0.4444,0.0016,0.0595,0.4012,0.4247,1,0,31.49,No Signal,0.09,3.62,Increasing,FALSE,9.3%,0,NA,NA,NA,NA,50,Unknown,FALSE,FALSE,NA,NA,0.5986,133573000,NA,NA,NA,NA,NA,0.9896,133573000,0.9896,0.5986,901427000,921053000,767026000,0.1406,930731000,921053000,767026000,0.1406,72,62.7,13.5,0,40.4,46,46,12.2,11.5,93.8,27,75.8,75,50.5,60.4,50,FALSE,50.1,50.1,Neutral,Neutral,TRUE,FALSE,NEUTRAL,Proven,53.6,0.0016,Alpha Leader,GX MA200 ANALYST,123.9,-6.61,187.5,37.09,17.84,45.93,0.5986,0.104,0.233,0.623,0.1406,0.9896,0.9896,NA,NA,16469369000,$16.5B,63.7,-6.6%,-5.1%,+55.1%,+213.4%,50.5,50.5,60.4,50.3,0.09,Tier 2: Golden Cross
DOCU,71.43,81.88,40.16,2026-09-29,SOFTWARE - APPLICATION,12615916000,41.16,15.13,7.56,1.64,1.64,0.178,0.0635,0.0982,0.134,3361191000,17.04,441653000,21.94,0.333,0.0797,0.9,69.99,2,2,16,0,1,186902000,NA,0.814,3.687,9.13,DocuSign Inc,TECHNOLOGY,25,40,65,60,21,54.8,-0.0202,48.23,71.43,64.45,49.18,45.42,71.35,0.1083,0.4524,0.5727,0.0011,68.856,64.3846,53.6767,61.5392,2.2231,2.4812,-0.2581,72.0675,65.6445,0.9007,0.4036,3092572.7273,1.083,8e-4,0.0011,3e-4,0.028,750,0.041,0.0665,0.4448,0.1875,TRUE,TRUE,TRUE,TRUE,Neutral,FALSE,100,85,94.3299,87.1134,30,86.4716,768,-0.0639,0.1901,0.4429,0.5079,0.0038,0.0326,0.9667,1.8701,1,2,36.19,No Signal,0.06,3.52,Decreasing,FALSE,6.1%,0,NA,NA,NA,NA,50,Unknown,FALSE,FALSE,NA,NA,0.794,955327000,NA,NA,NA,NA,NA,NA,955327000,NA,0.794,3219500000,NA,528161000,0.0797,1718520000,NA,528161000,0.0797,86.5,87,64.8,74.1,94.8,82.3,82.3,25.9,33.5,59.3,50,50.5,54.8,45.4,89.3,50,FALSE,78.4,78.4,Very Strong,Very Strong,TRUE,FALSE,NEUTRAL,Proven,89.7,0.0038,Alpha Leader,GX RSI MA200,71.43,10.83,81.88,40.16,7.56,21.94,0.794,0.134,0.0982,0.178,0.0797,NA,NA,NA,NA,12615916000,$12.6B,41.2,+10.8%,+45.2%,+57.3%,+0.1%,45.4,45.4,89.3,47.239999999999995,0.06,Tier 2: Golden Cross
DUOL,151.22,353,87.89,2026-10-04,SOFTWARE - APPLICATION,6721989000,17.34,18.98,4.845,8.32,8.32,0.344,0.0564,0.359,0.117,1145002000,24.65,179031000,32.4,-0.275,0.3977,0.89,134.29,2,4,16,1,1,40237100,NA,NA,4.893,30.17,Duolingo Inc,TECHNOLOGY,75,60,95,90,24,55.2,-0.112,78.27,151.22,139.24,124.76,93.53,337.19,0.086,0.2121,0.6168,-0.5515,146.4305,143.704,126.6716,55.7169,0.8074,0.4864,0.321,155.0065,137.8545,0.7792,0.5131,1032677.2727,1.3636,8e-4,6e-4,-2e-4,0.0366,750,9e-4,-0.1341,0.5815,-0.1029,TRUE,TRUE,TRUE,TRUE,Neutral,TRUE,100,85,82.9897,87.6289,70,87.1727,768,-0.4432,0.0623,0.2157,0.5556,0.0049,0.0376,1.2359,2.0712,1,0,43.83,Low Signal,0.18,6.72,Increasing,FALSE,17.8%,0,NA,NA,NA,NA,50,Unknown,FALSE,FALSE,NA,NA,0.7223,264515666.6667,NA,NA,NA,NA,NA,NA,264515666.6667,NA,0.7223,1037589000,NA,1180887000,0.3977,1409742000,NA,1180887000,0.3977,91.7,89.6,90.7,0,84.5,80.7,80.7,76.3,56.6,83,50,92.8,55.2,71.8,87.5,50,FALSE,81,81,Very Strong,Very Strong,TRUE,FALSE,NEUTRAL,Proven,94.3,0.0049,Alpha Leader,GX MACD RSI MA200 α>SPY,151.22,8.6,353,87.89,4.845,32.4,0.7223,0.117,0.359,0.344,0.3977,NA,NA,NA,NA,6721989000,$6.7B,17.3,+8.6%,+21.2%,+61.7%,-55.1%,71.8,71.8,87.5,63.08,0.18,Tier 2: Golden Cross
ENTG,162.19,186.78,67.81,2026-10-04,SEMICONDUCTOR EQUIPMENT & MATERIALS,25436617000,83.23,31.65,5.55,2,2,0.0767,0.0413,0.0919,0.193,3326100000,21.85,914700000,29.79,0.751,-0.0476,1.364,173.36,1,8,2,1,0,152800000,0.0025,1.314,7.9,27.22,Entegris Inc,TECHNOLOGY,25,40,40,60,12,68.8,0.0689,42.13,162.19,143.03,145.35,138.07,94.23,0.134,0.1159,0.1747,0.7212,149.904,145.1632,133.7372,62.3636,4.4245,3.3305,1.094,174.7213,125.0867,0.7475,0.5044,2092250,2.4575,8e-4,0.0013,5e-4,0.0302,750,-0.0206,-0.1717,0.4789,0.2632,TRUE,TRUE,TRUE,TRUE,Neutral,TRUE,100,85,76.2887,68.5567,70,81.3479,768,0.1167,0.1281,0.0312,0.4603,-0.0012,0.0381,-0.3053,-0.5042,1,0,30.11,No Signal,0.06,4.25,Increasing,FALSE,5.7%,0,NA,NA,NA,NA,50,Unknown,FALSE,FALSE,NA,NA,0.4442,300000000,NA,NA,NA,NA,NA,0.8315,300000000,0.8315,0.4442,3196600000,3456000000,353600000,-0.0476,4156200000,3456000000,353600000,-0.0476,31.6,36.8,25.4,0,63.7,33.3,33.3,7.9,46.7,38.1,31.5,47.4,68.8,36,80.4,50,FALSE,45,45,Neutral,Neutral,TRUE,FALSE,NEUTRAL,Proven,44.8,-0.0012,Strong Trend,GX MACD RSI MA200,162.19,13.4,186.78,67.81,5.55,29.79,0.4442,0.193,0.0919,0.0767,-0.0476,0.8315,0.8315,NA,NA,25436617000,$25.4B,83.2,+13.4%,+11.6%,+17.5%,+72.1%,36,36,80.4,41.599999999999994,0.06,Tier 2: Golden Cross
ERAS,15.46,24.28,2.105,2026-10-05,BIOTECHNOLOGY,5155492000,NA,NA,13.48,-0.95,-0.95,-0.782,-0.214,0,0,0,0,-147743008,-1.574,0,0,0.645,24.11,2,6,2,0,0,349762000,NA,NA,NA,1.158,Erasca Inc,HEALTHCARE,50,20,15,20,10,75,0.5595,31.5,15.46,15.7,18.53,16.31,2.45,-0.0153,-0.1657,-0.0521,5.3102,14.8992,16.6049,14.2028,51.0595,-3.6004,-4.4,0.7996,16.2618,13.5367,0.7058,0.633,5181104.5455,1.4495,8e-4,0.0041,0.0033,0.0537,750,0.0991,0.7357,0.8529,0.9702,TRUE,FALSE,TRUE,TRUE,Neutral,TRUE,35,85,22.6804,29.3814,70,41.1804,768,2.5511,-0.2008,-0.2108,0.4841,-7e-4,0.0625,-0.1889,-0.1905,1,1,40.27,Low Signal,0.1,6.87,Increasing,FALSE,10.1%,0,NA,NA,NA,NA,50,Unknown,FALSE,FALSE,NA,NA,NA,-102684000,NA,NA,NA,NA,NA,NA,-102684000,NA,NA,NA,NA,42542000,NA,361869000,NA,42542000,NA,37.3,45.6,43.5,36.8,21.8,38.2,38.2,50,16.5,5.7,50,16.5,75,32,40.4,50,FALSE,37.8,37.8,Weak,Weak,TRUE,FALSE,NEUTRAL,Proven,33.5,-8e-4,Analyst Upside,GX MACD RSI MA200 ANALYST,15.46,-1.53,24.28,2.105,13.48,-1.574,NA,0,0,-0.782,0,NA,NA,NA,NA,5155492000,$5.2B,N/A,-1.5%,-16.6%,-5.2%,+531%,32,32,40.4,39.2,0.1,Tier 2: Golden Cross
ETSY,75.14,87.97,44,2026-10-01,INTERNET RETAIL,6358639000,21.79,14.86,21.42,3.18,3.18,-12.24,0.105,0.0711,0.187,2941756000,30.16,470799000,15.04,-0.071,0.0243,1.813,88.33,3,7,19,1,1,91782000,NA,0.78,2.963,-15.1,"Etsy, Inc.",CONSUMER CYCLICAL,60,20,15,40,31,58.1,0.1755,35.31,75.14,71.19,81.05,55.34,72.86,0.0555,-0.0729,0.3578,0.0313,72.1785,77.4298,66.0507,53.852,-1.8201,-2.5796,0.7595,76.166,68.191,0.8713,0.3814,3231031.8182,0.9614,8e-4,7e-4,-2e-4,0.0289,750,0.0553,-0.0303,0.4591,-0.0832,TRUE,FALSE,TRUE,TRUE,Neutral,TRUE,35,85,42.7835,80.4124,70,57.4175,768,-0.3388,-0.0906,-0.087,0.5714,0.0025,0.029,0.6333,1.374,1,3,35.63,No Signal,0.14,3.64,Increasing,FALSE,14.3%,0,NA,NA,NA,NA,50,Unknown,FALSE,FALSE,NA,NA,0.7164,702950666.6667,NA,NA,NA,NA,NA,NA,702950666.6667,NA,0.7164,2883501000,2335911000,901281000,0.0243,-1395078000,2335911000,901281000,0.0243,82.9,79.3,94.3,88.6,45.6,79.3,79.3,63.3,4.9,0.5,50,42.8,58.1,34.4,68.8,50,FALSE,70,70,Strong,Strong,TRUE,FALSE,NEUTRAL,Proven,79.9,0.0025,Alpha Leader,GX MACD RSI MA200 α>SPY ANALYST,75.14,5.55,87.97,44,21.42,15.04,0.7164,0.187,0.0711,-12.24,0.0243,NA,NA,NA,NA,6358639000,$6.4B,21.8,+5.6%,-7.3%,+35.8%,+3.1%,34.4,34.4,68.8,40.64,0.14,Tier 2: Golden Cross
EXP,167.3,245.2,167.32,2026-10-04,BUILDING MATERIALS,5256524000,13.64,13.7,3.679,12.56,12.56,0.27,0.0923,0.173,0.217,2324934000,73.59,704889000,9.54,-0.125,0.0109,1.366,216.3,0,0,11,0,0,30675300,0.0058,2.085,3.025,48.27,Eagle Materials Inc,BASIC MATERIALS,90,60,80,75,11,50,0.2929,74.75,167.3,186.92,209.75,201.83,234.01,-0.105,-0.2024,-0.1711,-0.2851,176.086,192.2186,206.2338,29.087,-3.6978,-3.6042,-0.0937,186.3283,165.8437,0.0711,0.2056,481218.1818,1.1789,8e-4,2e-4,-6e-4,0.0176,750,0.003,-0.1948,0.2799,-0.5653,FALSE,FALSE,FALSE,FALSE,Oversold,FALSE,15,20,19.0722,14.9485,30,18.4613,768,-0.4419,-0.1724,-0.2212,0.4365,-0.0021,0.0191,-0.5359,-1.7639,1,1,31.31,No Signal,0.06,3.73,Stable,FALSE,6.1%,0,NA,NA,NA,NA,50,Unknown,FALSE,FALSE,NA,NA,0.2827,331442333.3333,NA,NA,NA,NA,NA,1.1816,331442333.3333,1.1816,0.2827,2308658000,1757011000,233539000,0.0109,1486932000,1757011000,233539000,0.0109,15.5,5.7,9.8,36.8,18.7,14.5,14.5,88.5,66.5,75.8,22.5,65.5,50,65.3,9.6,50,FALSE,20.9,20.9,Very Weak,Very Weak,FALSE,FALSE,NEUTRAL,Proven,9.8,-0.0021,Analyst Upside,ANALYST,167.3,-10.5,245.2,167.32,3.679,9.54,0.2827,0.217,0.173,0.27,0.0109,1.1816,1.1816,NA,NA,5256524000,$5.3B,13.6,-10.5%,-20.2%,-17.1%,-28.5%,65.3,65.3,9.6,59.18,0.06,No Signal
FHN,23.31,26.25,19.26,2026-09-30,BANKS - REGIONAL,10986892000,11.26,10.01,1.285,2.06,2.06,0.115,0.0129,0.302,0.413,3501000000,7.18,NA,NA,0.2,-0.0069,0.611,27.98,3,5,11,0,0,473777000,0.0273,1.756,4.016,17.91,First Horizon Corporation,FINANCIAL SERVICES,90,90,65,90,19,64.5,0.2003,79.95,23.31,24.58,25.74,24.31,23.43,-0.0517,-0.0944,-0.0411,-0.0051,23.5425,24.5034,24.3934,42.142,-1.6011,-1.7374,0.1362,24.516,22.569,0.3806,0.1777,5428381.8182,1.0697,8e-4,0.0012,4e-4,0.0165,750,0.0182,0.0933,0.2613,0.4116,FALSE,FALSE,FALSE,TRUE,Neutral,TRUE,15,45,35.567,32.4742,70,34.6649,768,0.1721,-0.0613,-0.1022,0.4762,-6e-4,0.0122,-0.163,-0.8445,1,1,19.52,No Signal,0.03,2.65,Stable,FALSE,2.9%,0,NA,NA,NA,NA,50,Unknown,FALSE,FALSE,NA,NA,NA,1027000000,NA,NA,NA,NA,NA,NA,1027000000,NA,NA,3419000000,NA,NA,-0.0069,9168000000,NA,NA,-0.0069,40.4,25.4,35.8,36.8,41.5,35.5,35.5,92.8,97.3,44.3,50,87.6,64.5,71.2,32.6,50,FALSE,40.2,40.2,Weak,Weak,TRUE,FALSE,NEUTRAL,Proven,36.6,-6e-4,Analyst Upside,GX MACD ANALYST,23.31,-5.17,26.25,19.26,1.285,NA,NA,0.413,0.302,0.115,-0.0069,NA,NA,NA,NA,10986892000,$11B,11.3,-5.2%,-9.4%,-4.1%,-0.5%,71.2,71.2,32.6,62.72,0.03,Tier 2: Golden Cross
FIGS,14.98,17.48,6.77,2026-10-04,APPAREL MANUFACTURING,2246216000,42.25,31.55,4.496,0.32,0.32,0.148,0.0775,0.0872,0.179,710078000,4.293,78853000,22.19,2.75,0.0755,1.072,18.62,1,4,4,0,0,157857000,NA,NA,2.465,2.669,Figs Inc,CONSUMER CYCLICAL,25,60,65,60,9,66.7,0.243,53.42,14.98,13.26,10.04,14.49,6.94,0.1297,0.492,0.0338,1.1585,13.475,13.685,12.8206,62.4626,1.3695,0.3089,1.0606,14.7802,12.1698,1.0765,0.6051,3079200,1.0449,8e-4,0.002,0.0012,0.0403,750,0.0697,0.295,0.6395,0.4757,TRUE,TRUE,TRUE,TRUE,Neutral,TRUE,100,85,95.3608,44.3299,70,82.2242,768,0.5149,-0.025,0.4767,0.4841,9e-4,0.0466,0.221,0.2988,1,1,43.14,Low Signal,0.1,6.48,Stable,FALSE,10.5%,0,NA,NA,NA,NA,50,Unknown,FALSE,FALSE,NA,NA,0.6653,67236666.6667,NA,NA,NA,NA,NA,NA,67236666.6667,NA,0.6653,631098000,NA,108539000,0.0755,442365000,NA,108539000,0.0755,64.2,60.1,43.5,36.8,95.3,61,61,24.5,59.9,52.6,50,45.9,66.7,47.4,73.8,50,FALSE,62,62,Neutral,Neutral,TRUE,FALSE,NEUTRAL,Proven,69.6,9e-4,Strong Trend,GX MACD RSI MA200 ANALYST,14.98,12.97,17.48,6.77,4.496,22.19,0.6653,0.179,0.0872,0.148,0.0755,NA,NA,NA,NA,2246216000,$2.2B,42.2,+13%,+49.2%,+3.4%,+115.9%,47.4,47.4,73.8,48.44,0.1,Tier 2: Golden Cross
FIVE,209.73,263.88,137.77,2026-10-04,SPECIALTY RETAIL,12177402000,19.84,22.08,5.06,11.15,11.15,0.282,0.0784,0.117,0.0886,5313868000,96.3,820375000,13.59,4.182,0.1569,0.989,310.48,2,15,8,0,0,55054000,NA,0.984,2.517,44.98,Five Below Inc,CONSUMER CYCLICAL,75,40,80,60,25,69,0.4804,66.65,209.73,247.12,189.39,221.19,150.96,-0.1513,0.1074,-0.0518,0.3893,226.5735,234.882,215.3605,35.5396,-3.26,-2.1728,-1.0872,249.7738,203.3732,0.137,0.3323,1093695.4545,1.2781,8e-4,8e-4,0,0.0292,750,0.0311,-0.0514,0.4631,0.0117,FALSE,FALSE,FALSE,TRUE,Neutral,FALSE,15,20,74.2268,29.8969,30,37.9974,768,-0.2271,-0.1945,0.0961,0.5238,-6e-4,0.0269,-0.155,-0.3625,1,1,19.93,No Signal,0.05,2.48,Increasing,FALSE,5.3%,0,NA,NA,NA,NA,50,Unknown,FALSE,FALSE,NA,NA,NA,227636666.6667,NA,NA,NA,NA,NA,NA,227636666.6667,NA,NA,4764147000,NA,561083000,0.1569,2476123000,NA,561083000,0.1569,40.9,39.9,78.2,36.8,75.6,52.9,52.9,69.8,52.2,77.3,50,55.7,69,64.2,29.8,50,FALSE,49.1,49.1,Neutral,Neutral,TRUE,FALSE,NEUTRAL,Proven,51,-6e-4,Consistent Beat,GX ANALYST,209.73,-15.129999999999999,263.88,137.77,5.06,13.59,NA,0.0886,0.117,0.282,0.1569,NA,NA,NA,NA,12177402000,$12.2B,19.8,-15.1%,+10.7%,-5.2%,+38.9%,64.2,64.2,29.8,58.52,0.05,Tier 2: Golden Cross
FIZZ,30.84,34.54,27.8,2026-10-05,BEVERAGES - NON-ALCOHOLIC,2838319000,16.3,18.48,7.93,1.86,1.86,0.401,0.206,0.148,0.177,1180699000,12.61,241406000,11.68,-0.161,-0.0047,0.755,31,0,0,0,1,0,93612000,0,4.032,2.389,3.981,National Beverage Corp,CONSUMER DEFENSIVE,75,40,95,60,1,25,0.0052,66.75,30.84,30.54,33.82,34.61,37.38,0.0098,-0.0881,-0.1089,-0.175,30.569,31.3286,33.5115,51.4198,-1.4504,-1.6092,0.1588,32.3814,28.7566,0.5748,0.2763,444977.2727,0.1515,8e-4,-4e-4,-0.0012,0.0199,750,0.0461,-0.1264,0.3158,-0.9488,TRUE,FALSE,FALSE,FALSE,Neutral,TRUE,15,85,37.6289,23.1959,70,39.4278,768,-0.6432,-0.0747,-0.0842,0.5,-7e-4,0.021,-0.1766,-0.53,1,1,33.94,No Signal,0.05,10.56,Increasing,FALSE,4.8%,0,NA,NA,NA,NA,50,Unknown,FALSE,FALSE,NA,NA,0.3704,164711333.3333,NA,NA,NA,NA,NA,NA,164711333.3333,NA,0.3704,1180552000,NA,107098000,-0.0047,367703000,NA,107098000,-0.0047,39.4,35.8,57.5,36.8,46.1,42.9,42.9,79.9,30.2,86.1,50,59.8,25,62,37.8,50,FALSE,44.5,44.5,Weak,Weak,FALSE,FALSE,NEUTRAL,Proven,43.3,-7e-4,Balanced,MACD RSI,30.84,0.98,34.54,27.8,7.93,11.68,0.3704,0.177,0.148,0.401,-0.0047,NA,NA,NA,NA,2838319000,$2.8B,16.3,+1%,-8.8%,-10.9%,-17.5%,62,62,37.8,57.199999999999996,0.05,No Signal
FROG,97.25,105.76,34.05,2026-10-05,SOFTWARE - APPLICATION,11775275000,NA,81.3,11.85,-0.38,-0.38,-0.0493,-0.0292,-0.0735,-0.0712,599962000,5.02,-40562000,-62.99,0,0.2329,1.276,112,5,16,2,0,0,123301000,NA,NA,17.63,7.81,Jfrog Ltd,TECHNOLOGY,50,20,15,20,23,78.3,0.1517,31.83,97.25,87.32,90.74,45.23,47.85,0.1137,0.0717,1.1501,1.0324,93.6565,91.3526,69.0541,56.8084,1.9687,1.4082,0.5605,100.3362,86.9768,0.769,0.4753,1526090.9091,1.2844,8e-4,0.0026,0.0018,0.0361,750,-0.0049,0.3846,0.5737,0.7717,TRUE,TRUE,TRUE,TRUE,Neutral,TRUE,100,85,66.4948,94.8454,70,83.6675,768,1.0933,0.0366,0.0408,0.5079,0.0058,0.0424,1.4641,2.1775,1,0,37.03,No Signal,0.05,4.05,Decreasing,FALSE,5.3%,0,NA,NA,NA,NA,50,Unknown,FALSE,FALSE,NA,NA,0.7679,107407666.6667,NA,NA,NA,NA,NA,NA,107407666.6667,NA,0.7679,531840000,NA,96692000,0.2329,960706000,NA,96692000,0.2329,94.8,92.2,64.8,0,66.3,74.4,74.4,50,19.2,22.2,50,9.8,78.3,35.8,87.2,50,FALSE,71.7,71.7,Strong,Strong,TRUE,FALSE,NEUTRAL,Proven,83,0.0058,Alpha Leader,GX MACD RSI MA200 ANALYST,97.25,11.37,105.76,34.05,11.85,-62.99,0.7679,-0.0712,-0.0735,-0.0493,0.2329,NA,NA,NA,NA,11775275000,$11.8B,N/A,+11.4%,+7.2%,+115%,+103.2%,35.8,35.8,87.2,41.48,0.05,Tier 2: Golden Cross
FSLY,25.29,34.82,7.74,2026-10-05,SOFTWARE - APPLICATION,4111533000,NA,47.39,4.769,-0.53,-0.53,-0.0839,-0.0346,-0.118,-0.0787,687173000,4.508,-38510000,-18.37,0,0,0.358,27.9,1,4,6,0,1,159300000,NA,NA,6.96,6.23,"Fastly, Inc. Class A Common Stock",TECHNOLOGY,50,60,15,20,12,58.3,0.1032,37.83,25.29,22.71,19.59,24.37,8.55,0.1136,0.291,0.0378,1.9579,25.472,24.6956,20.2703,51.2607,1.9769,2.4717,-0.4947,28.2735,22.6705,0.4675,0.9562,7836768.1818,1.6352,8e-4,0.0022,0.0014,0.0567,750,0.0046,0.2248,0.9005,0.3937,FALSE,TRUE,TRUE,TRUE,Neutral,FALSE,100,85,88.1443,45.3608,30,76.2655,768,-0.2605,0.0763,0.2342,0.4762,-8e-4,0.0675,-0.2034,-0.1898,1,1,29.75,No Signal,0.13,2.06,Stable,FALSE,13.3%,0,NA,NA,NA,NA,50,Unknown,FALSE,FALSE,NA,NA,NA,20404000,159300000,4028697000,NA,NA,NA,0.327,20404000,0.327,NA,NA,323958000,89798000,NA,990817000,323958000,89798000,NA,36.3,46.1,35.8,36.8,87,46.3,46.3,50,57.7,20.6,61.3,7.7,58.3,39.8,62.6,50,FALSE,49.2,49.2,Neutral,Neutral,TRUE,FALSE,NEUTRAL,Proven,51.5,-8e-4,Balanced,GX RSI MA200 ANALYST,25.29,11.360000000000001,34.82,7.74,4.769,-18.37,NA,-0.0787,-0.118,-0.0839,0,0.327,0.327,NA,NA,4111533000,$4.1B,N/A,+11.4%,+29.1%,+3.8%,+195.8%,39.8,39.8,62.6,43.879999999999995,0.13,Tier 2: Golden Cross
FTNT,189.1,181.37,73.55,2026-09-29,SOFTWARE - INFRASTRUCTURE,127269978000,61.51,45.05,82.43,2.82,2.82,1.174,0.142,0.282,0.336,7527400000,10.14,2595800000,44.4,0.439,0.1322,1.059,164.32,1,10,29,3,1,733714000,NA,1.916,16.51,2.114,Fortinet Inc,TECHNOLOGY,25,20,95,90,44,54,-0.131,57.65,189.1,157.22,157.51,78.74,86.19,0.2028,0.2006,1.4016,1.194,176.8835,166.5626,120.7344,68.608,3.7839,3.1951,0.5888,192.4254,161.3416,0.893,0.4064,4023040.9091,1.0175,8e-4,0.0019,0.0011,0.0243,750,0.0033,0.2694,0.3852,0.7087,TRUE,TRUE,TRUE,TRUE,Neutral,TRUE,100,65,81.9588,95.8763,70,85.5129,768,0.7786,0.1877,0.1746,0.5714,0.0064,0.0312,1.6018,3.2361,1,1,23.41,No Signal,0.02,2.92,Decreasing,FALSE,1.7%,0,NA,NA,NA,NA,50,Unknown,FALSE,FALSE,NA,NA,0.8046,1945466666.6667,NA,NA,NA,NA,NA,0.3204,1945466666.6667,0.3204,0.8046,6799600000,496900000,2934900000,0.1322,1551100000,496900000,2934900000,0.1322,96.4,99.5,94.3,36.8,81.9,88.6,88.6,12.9,50,97.9,62.2,82.5,54,60.9,93,50,FALSE,85.5,85.5,Very Strong,Very Strong,TRUE,FALSE,NEUTRAL,Proven,99,0.0064,Alpha Leader,GX MACD RSI MA200 α>SPY,189.1,20.28,181.37,73.55,82.43,44.4,0.8046,0.336,0.282,1.174,0.1322,0.3204,0.3204,NA,NA,127269978000,$127.3B,61.5,+20.3%,+20.1%,+140.2%,+119.4%,60.9,60.9,93,56.54,0.02,Tier 2: Golden Cross
GE,305.62,388.84,268.58,2026-09-26,AEROSPACE & DEFENSE,331791729000,37.75,35.34,18.78,8.47,8.47,0.482,0.0507,0.177,0.206,50639000000,48.27,11483000000,27.24,0.194,0.139,1.35,400.05,3,16,2,0,1,1037563000,0.0052,4.059,6.73,17,GE Aerospace,INDUSTRIALS,25,20,95,75,22,72.7,0.309,57.27,305.62,325.42,359.27,311.9,299.35,-0.0608,-0.1493,-0.0201,0.0209,314.4575,337.633,323.9712,35.2674,-2.4743,-2.4174,-0.0569,326.7754,302.1396,0.1413,0.2344,4645718.1818,1.1522,8e-4,0.0018,0.001,0.0164,750,0.0108,0.2236,0.2608,0.9765,FALSE,FALSE,FALSE,TRUE,Neutral,FALSE,15,20,24.7423,35.0515,30,24.183,768,0.9216,-0.1466,-0.1709,0.5079,-0.0011,0.0192,-0.2657,-0.871,1,1,18.09,No Signal,0.01,2.42,Decreasing,FALSE,1.1%,0,NA,NA,NA,NA,50,Unknown,FALSE,FALSE,NA,NA,NA,5089666666.6667,NA,NA,NA,NA,NA,1.1604,5089666666.6667,1.1604,NA,45855000000,20469000000,NA,0.139,17640000000,20469000000,NA,0.139,32.1,23.8,64.8,36.8,26.4,36.2,36.2,33.8,9.3,90.7,23.4,66.5,72.7,52.1,20.6,50,FALSE,34.8,34.8,Weak,Weak,TRUE,FALSE,NEUTRAL,Proven,28.4,-0.0011,Analyst Upside,GX ANALYST,305.62,-6.08,388.84,268.58,18.78,27.24,NA,0.206,0.177,0.482,0.139,1.1604,1.1604,NA,NA,331791729000,$331.8B,37.8,-6.1%,-14.9%,-2%,+2.1%,52.1,52.1,20.6,51.26,0.01,Tier 2: Golden Cross
GGG,78.37,94.99,72.22,2026-10-05,SPECIALTY INDUSTRIAL MACHINERY,12632398000,24.53,22.12,4.984,3.18,3.18,0.212,0.127,0.235,0.297,2267210000,13.73,734998000,15.87,0.145,0.0093,0.91,91.29,2,1,8,0,0,161954000,0.0149,2.316,5.35,15.58,Graco Inc,INDUSTRIALS,60,60,80,75,11,61.4,0.1649,68.39,78.37,76.41,74,88.21,81.83,0.0257,0.0591,-0.1116,-0.0423,77.465,79.1206,81.739,52.3347,0.0052,-0.2293,0.2345,79.1276,75.8024,0.7722,0.1549,1539145.4545,0.7213,8e-4,1e-4,-7e-4,0.0114,750,0.0162,-0.1151,0.1804,-0.9535,TRUE,FALSE,FALSE,FALSE,Neutral,TRUE,15,85,64.433,22.6804,70,47.366,768,-0.4148,-0.0259,0.0495,0.4206,-0.0013,0.0129,-0.3157,-1.5361,1,1,27.6,No Signal,0.03,3.03,Decreasing,FALSE,3.1%,0,NA,NA,NA,NA,50,Unknown,FALSE,FALSE,NA,NA,0.5245,539709000,NA,NA,NA,NA,NA,NA,539709000,NA,0.5245,2236604000,NA,507575000,0.0093,2522688000,NA,507575000,0.0093,30.1,9.8,6.2,36.8,69.9,26.9,26.9,56.8,54.4,65.5,50,76.3,61.4,61,45.3,50,FALSE,36.4,36.4,Weak,Weak,FALSE,FALSE,NEUTRAL,Proven,32,-0.0013,Analyst Upside,MACD RSI ANALYST,78.37,2.5700000000000003,94.99,72.22,4.984,15.87,0.5245,0.297,0.235,0.212,0.0093,NA,NA,NA,NA,12632398000,$12.6B,24.5,+2.6%,+5.9%,-11.2%,-4.2%,61,61,45.3,56.6,0.03,No Signal
GOOGL,348.29,408.1,235.23,2026-09-27,INTERNET CONTENT & INFORMATION,4206119354000,17.27,22.83,6.9,19.91,19.91,0.487,0.13,0.548,0.34,445865984000,36.84,173164003000,12.74,2.94,0.1448,1.225,429.46,13,44,5,0,0,5867156000,0.0025,1.255,9.34,50.9,Alphabet Inc Class A,COMMUNICATION SERVICES,75,40,95,90,62,78.2,0.2331,76.57,348.29,330.65,357.18,321.31,241.53,0.0534,-0.0249,0.084,0.442,345.264,345.8908,339.8183,53.4636,0.2424,0.0284,0.214,354.303,336.225,0.6674,0.2439,26822636.3636,1.1469,8e-4,0.0014,6e-4,0.0159,750,-0.0021,0.1176,0.2523,0.5851,TRUE,TRUE,TRUE,TRUE,Neutral,TRUE,100,85,53.0928,51.5464,70,70.9871,768,0.4684,0.0083,-0.0588,0.4683,-6e-4,0.0185,-0.1546,-0.5262,1,0,22.6,No Signal,0.01,2.93,Decreasing,FALSE,1.4%,0,NA,NA,NA,NA,50,Unknown,FALSE,FALSE,NA,NA,NA,71841666666.6667,NA,NA,NA,NA,NA,0.1564,71841666666.6667,0.1564,NA,402836000000,100164000000,55911000000,0.1448,640480000000,100164000000,55911000000,0.1448,41.5,36.3,28,0,50.8,34.7,34.7,77,38.5,91.2,81.1,97.9,78.2,79.4,64.3,50,FALSE,48.5,48.5,Neutral,Neutral,TRUE,FALSE,NEUTRAL,Proven,49.5,-6e-4,Analyst Upside,GX MACD RSI MA200 ANALYST,348.29,5.34,408.1,235.23,6.9,12.74,NA,0.34,0.548,0.487,0.1448,0.1564,0.1564,NA,NA,4206119354000,$4.21T,17.3,+5.3%,-2.5%,+8.4%,+44.2%,79.4,79.4,64.3,67.64,0.01,Tier 2: Golden Cross
GRMN,268.44,313.07,183.64,2026-09-30,SCIENTIFIC & TECHNICAL INSTRUMENTS,56709366000,30.41,24.81,6.08,9.67,9.67,0.219,0.122,0.245,0.304,7671438000,39.84,2311467000,22.67,0.353,0.1772,0.866,302,0,2,4,0,2,192856000,0.0143,3.027,6.83,46.8,Garmin Ltd,TECHNOLOGY,45,40,80,75,8,43.8,0.125,58.88,268.44,272.18,243.11,261.57,256.5,-0.0137,0.1042,0.0263,0.0466,282.7085,289.3954,247.809,35.6565,-0.5018,0.0775,-0.5793,296.6309,268.7861,-0.0124,0.2679,826754.5455,1.0045,8e-4,0.0014,6e-4,0.0194,750,-0.0237,0.156,0.3072,0.5106,FALSE,FALSE,TRUE,TRUE,Neutral,FALSE,35,20,73.1959,43.299,30,45.3686,768,0.4516,-0.0806,0.0888,0.4206,0,0.0216,0.0102,0.0298,1,0,16.78,No Signal,0.02,3.42,Increasing,FALSE,1.7%,0,NA,NA,NA,NA,50,Unknown,FALSE,FALSE,NA,NA,0.5874,1261518000,NA,NA,NA,NA,NA,NA,1261518000,NA,0.5874,7245519000,NA,2334235000,0.1772,9029013000,NA,2334235000,0.1772,51.3,51.3,6.2,0,74.1,40.6,40.6,46.8,44,66.5,50,77.3,43.8,56.1,40.5,50,FALSE,42.9,42.9,Weak,Weak,TRUE,FALSE,NEUTRAL,Proven,41.8,0,Balanced,GX MA200 ANALYST,268.44,-1.37,313.07,183.64,6.08,22.67,0.5874,0.304,0.245,0.219,0.1772,NA,NA,NA,NA,56709366000,$56.7B,30.4,-1.4%,+10.4%,+2.6%,+4.7%,56.1,56.1,40.5,53.66,0.02,Tier 2: Golden Cross
HALO,109.84,116.85,61.23,2026-10-05,BIOTECHNOLOGY,12468891000,32.22,11.45,88.91,3.41,3.41,1.737,0.255,0.249,0.598,1663738000,14.15,1050688000,11.8,0.429,0.2978,0.882,99.56,2,5,2,0,0,113498000,NA,-2.5,8.82,1.259,Halozyme Therapeutics Inc,HEALTHCARE,45,20,95,75,9,75,-0.0936,62.5,109.84,107.39,76.2,66.98,65.11,0.0228,0.4415,0.6399,0.687,110.5205,105.1038,79.2076,52.6155,1.2357,1.9635,-0.7278,115.6197,105.4213,0.4333,0.2935,2574381.8182,0.6868,8e-4,0.0018,0.001,0.0253,750,-0.0043,0.3083,0.4011,0.609,FALSE,TRUE,TRUE,TRUE,Neutral,FALSE,100,85,93.299,88.1443,30,86.3686,768,0.568,0.0149,0.4298,0.5159,0.0039,0.0256,0.9817,2.4123,1,0,42.38,Low Signal,0.13,4.54,Stable,FALSE,13.5%,0,NA,NA,NA,NA,50,Unknown,FALSE,FALSE,NA,NA,NA,495411000,NA,NA,NA,NA,NA,14.9548,495411000,14.9548,NA,1396611000,2146654000,163138000,0.2978,143543000,2146654000,163138000,0.2978,87,93.3,71.5,0,94.3,77.9,77.9,42.4,50,99.5,0,78.9,75,60,84.8,50,FALSE,76.9,76.9,Strong,Strong,TRUE,FALSE,NEUTRAL,Proven,87.6,0.0039,Alpha Leader,GX RSI MA200,109.84,2.2800000000000002,116.85,61.23,88.91,11.8,NA,0.598,0.249,1.737,0.2978,14.9548,14.9548,NA,NA,12468891000,$12.5B,32.2,+2.3%,+44.1%,+64%,+68.7%,60,60,84.8,56,0.13,Tier 2: Golden Cross
HD,295.47,399.63,284.85,2026-09-27,HOME IMPROVEMENT RETAIL,292522590000,20.5,19.76,17.82,14.3,14.3,1.043,0.121,0.0841,0.129,169176007000,170.2,24647999000,14.47,0.046,0.0386,0.955,377.19,4,17,15,0,0,997690000,0.0158,2.504,2.178,16.65,The Home Depot Inc,CONSUMER CYCLICAL,60,20,95,60,36,67.4,0.2766,63.24,295.47,310.45,343.3,341.16,377.69,-0.0483,-0.1393,-0.1339,-0.2177,294.5755,318.5282,337.7532,45.3934,-2.9966,-3.3262,0.3296,312.7203,276.4307,0.5246,0.2418,5355136.3636,0.7105,8e-4,1e-4,-7e-4,0.0132,750,0.0382,-0.1213,0.2094,-0.8618,TRUE,FALSE,FALSE,FALSE,Neutral,TRUE,15,45,28.3505,19.0722,70,29.8196,768,-0.484,-0.127,-0.1534,0.4365,-0.0017,0.0158,-0.419,-1.6663,1,1,7.53,No Signal,0.01,2.04,Increasing,FALSE,1.2%,0,NA,NA,NA,NA,50,Unknown,FALSE,FALSE,NA,NA,0.3332,15639000000,NA,NA,NA,NA,NA,2.9727,15639000000,2.9727,0.3332,164683000000,49397000000,2085000000,0.0386,16617000000,49397000000,2085000000,0.0386,22.3,8.3,9.8,36.8,29,18.8,18.8,67.6,12.1,96.9,6.3,45.4,67.4,55.2,26.5,50,FALSE,26.1,26.1,Very Weak,Very Weak,FALSE,FALSE,NEUTRAL,Proven,13.9,-0.0017,Analyst Upside,MACD ANALYST,295.47,-4.83,399.63,284.85,17.82,14.47,0.3332,0.129,0.0841,1.043,0.0386,2.9727,2.9727,NA,NA,292522590000,$292.5B,20.5,-4.8%,-13.9%,-13.4%,-21.8%,55.2,55.2,26.5,53.12,0.01,No Signal
HNST,4.97,6.01,2.07,2026-10-05,HOUSEHOLD & PERSONAL PRODUCTS,553587000,NA,41.49,3.331,-0.11,-0.11,-0.0687,0.0135,-0.0356,0.0486,342010000,3.055,7834000,25.49,2,0.0384,2.241,5.2,0,3,3,0,1,107284000,NA,NA,1.345,1.531,Honest Company Inc,CONSUMER DEFENSIVE,50,60,15,20,7,53.6,0.0463,37.36,4.97,5.44,4.01,3.03,3.82,-0.0864,0.2394,0.6403,0.301,5.2387,5.15,3.5987,41.3259,-1.1519,-0.0549,-1.097,5.5624,4.9151,0.0849,0.2992,1706863.6364,1.4809,8e-4,0.0029,0.0021,0.0436,750,0.0123,0.4343,0.6924,0.7691,FALSE,FALSE,TRUE,TRUE,Neutral,FALSE,35,45,85.0515,88.6598,30,61.7474,768,1.4352,-0.1396,0.213,0.4921,0.0044,0.0466,1.1019,1.4904,1,1,46.95,Low Signal,0.09,5.78,Decreasing,FALSE,9.4%,0,NA,NA,NA,NA,50,Unknown,FALSE,FALSE,NA,NA,0.3333,10712333.3333,NA,NA,NA,NA,NA,NA,10712333.3333,NA,0.3333,371317000,NA,105899000,0.0384,167020000,NA,105899000,0.0384,88.1,81.3,50.8,36.8,83.9,73.2,73.2,50,70.9,21.6,50,12.9,53.6,40.4,64.2,50,FALSE,66.1,66.1,Strong,Strong,TRUE,FALSE,NEUTRAL,Proven,74.7,0.0044,Alpha Leader,GX MA200,4.97,-8.64,6.01,2.07,3.331,25.49,0.3333,0.0486,-0.0356,-0.0687,0.0384,NA,NA,NA,NA,553587000,$553.6M,N/A,-8.6%,+23.9%,+64%,+30.1%,40.4,40.4,64.2,44.239999999999995,0.09,Tier 2: Golden Cross
HON,206.6,258.09,193.26,2026-09-27,CONGLOMERATES,67365597000,8.17,22.22,3.635,26.02,26.02,0.466,0.0572,0.216,0.203,38057001000,119.9,8512000000,6.62,2.639,0.065,0.901,261.74,3,12,8,0,1,316940000,0.0444,3.474,2.337,58.49,Honeywell International Inc,INDUSTRIALS,90,60,95,75,24,66.7,0.2669,80.92,206.6,204.93,226.42,245.0341,201.8754,0.0081,-0.0875,-0.1569,0.0234,209.2565,218.8256,230.4795,38.8915,-0.6515,-0.875,0.2235,217.0177,201.4953,0.3289,0.1682,2886000,0.737,8e-4,3e-4,-6e-4,0.013,750,-0.003,-0.0871,0.2062,-0.6827,FALSE,FALSE,FALSE,FALSE,Neutral,TRUE,15,20,38.6598,16.4948,70,28.6469,768,-0.3911,-0.074,-0.1054,0.381,-0.0021,0.0181,-0.518,-1.8005,1,0,13.44,No Signal,0.02,2.4,Increasing,FALSE,2.5%,0,NA,NA,NA,NA,50,Unknown,FALSE,FALSE,NA,NA,NA,5082333333.3333,NA,NA,NA,NA,NA,1.6998,5082333333.3333,1.6998,NA,37442000000,31510000000,8751000000,0.065,18537000000,31510000000,8751000000,0.065,16.1,4.7,1,0,40.9,12.3,12.3,98.6,67,90.2,14.4,74.2,66.7,72.9,20.4,50,FALSE,23.3,23.3,Very Weak,Very Weak,FALSE,FALSE,NEUTRAL,Proven,11.9,-0.0021,Analyst Upside,MACD ANALYST,206.6,0.8099999999999999,258.09,193.26,3.635,6.62,NA,0.203,0.216,0.466,0.065,1.6998,1.6998,NA,NA,67365597000,$67.4B,8.2,+0.8%,-8.8%,-15.7%,+2.3%,72.9,72.9,20.4,63.74,0.02,No Signal
HOOD,107.01,153.86,63.52,2026-10-05,CAPITAL MARKETS,101362541000,50.11,45.05,11.64,2.25,2.25,0.236,0.0453,0.42,0.439,4932000000,5.5,138119000,49.5,0.476,0.5487,2.34,131.9,6,18,3,1,1,790630000,NA,2.142,23.69,10.54,Robinhood Markets Inc,FINANCIAL SERVICES,25,20,80,90,29,73.3,0.2326,55.08,107.01,115.28,111.97,71.67,152.46,-0.0717,-0.0443,0.4931,-0.2981,114.6785,106.7852,94.1702,42.8422,0.2949,1.7481,-1.4532,125.5195,103.8375,0.1463,0.5177,21709654.5455,2.6178,8e-4,0.0041,0.0033,0.0386,750,-0.0186,0.5081,0.6134,1.3671,FALSE,TRUE,TRUE,TRUE,Neutral,FALSE,100,45,48.4536,85.0515,30,66.2964,768,5.4342,-0.0212,-0.099,0.4365,0.0014,0.041,0.3645,0.5599,1,0,15.79,No Signal,0.05,1.78,Increasing,FALSE,5.1%,0,NA,NA,NA,NA,50,Unknown,FALSE,FALSE,NA,NA,NA,NA,NA,NA,NA,NA,NA,NA,NA,NA,NA,4473000000,NA,5362000000,0.5487,8567000000,NA,5362000000,0.5487,68.4,65.8,9.8,0,43,45.4,45.4,17.3,20.9,69.1,50,95.4,73.3,52.9,66.5,50,FALSE,51.6,51.6,Neutral,Neutral,TRUE,FALSE,NEUTRAL,Proven,55.2,0.0014,Analyst Upside,GX MA200 ANALYST,107.01,-7.17,153.86,63.52,11.64,49.5,NA,0.439,0.42,0.236,0.5487,NA,NA,NA,NA,101362541000,$101.4B,50.1,-7.2%,-4.4%,+49.3%,-29.8%,52.9,52.9,66.5,51.739999999999995,0.05,Tier 2: Golden Cross
HUBB,474.11,562.06,398.95,2026-10-05,ELECTRICAL EQUIPMENT & PARTS,25127322000,28.17,20.66,6.26,16.88,16.88,0.244,0.0843,0.145,0.217,6223600000,117.43,1515500000,20.2,-0.009,0.043,0.889,560.58,0,7,6,0,0,52842000,0.0119,1.947,4.766,74.04,Hubbell Inc,INDUSTRIALS,45,40,80,60,13,63.5,0.1824,58.6,474.11,454.97,490.94,539.79,418.89,0.0421,-0.0343,-0.1217,0.1318,461.727,472.2662,488.7653,54.5964,0.6974,0.1341,0.5633,489.338,434.116,0.7242,0.2476,490210.0435,1.2131,8e-4,8e-4,-1e-4,0.0158,750,0.0042,-0.0576,0.251,-0.0516,TRUE,TRUE,FALSE,FALSE,Neutral,TRUE,55,85,50.5155,21.134,70,52.8814,768,-0.1246,-0.0033,-0.0524,0.4683,-0.0017,0.0194,-0.4243,-1.3792,1,1,39.63,No Signal,0.05,5.22,Decreasing,FALSE,4.8%,0,NA,NA,NA,NA,50,Unknown,FALSE,FALSE,NA,NA,0.3532,800200000,NA,NA,NA,NA,NA,1.228,800200000,1.228,0.3532,5844600000,4803900000,378600000,0.043,3911900000,4803900000,378600000,0.043,21.2,12.4,28,36.8,51.3,26.4,26.4,51.8,42.3,71.1,20.7,58.2,63.5,52.9,48.9,50,FALSE,35.8,35.8,Weak,Weak,FALSE,FALSE,NEUTRAL,Proven,30.4,-0.0017,Analyst Upside,MACD RSI ANALYST,474.11,4.21,562.06,398.95,6.26,20.2,0.3532,0.217,0.145,0.244,0.043,1.228,1.228,NA,NA,25127322000,$25.1B,28.2,+4.2%,-3.4%,-12.2%,+13.2%,52.9,52.9,48.9,51.739999999999995,0.05,No Signal
HUBS,231.84,503,169.63,2026-10-01,SOFTWARE - APPLICATION,10118867000,71.88,13.93,6.93,2.75,2.75,0.0789,0.0236,0.0426,0.0487,3448998000,66.32,156663000,31.15,9.68,0.2012,1.181,249.72,6,9,18,0,1,51191000,NA,0.282,3.009,33.36,HubSpot Inc,TECHNOLOGY,25,40,40,40,34,64,0.0771,38.65,231.84,230.19,207.48,205.28,452.99,0.0072,0.1174,0.1294,-0.4882,221.0205,230.144,243.1302,54.482,-1.4852,-2.1821,0.6969,246.0363,196.0047,0.7163,0.6767,1768290.9091,1.1604,8e-4,-3e-4,-0.0011,0.0322,750,0.0568,-0.3158,0.5119,-0.5529,TRUE,TRUE,FALSE,FALSE,Neutral,TRUE,55,85,76.8041,59.2784,70,68.3969,768,-0.7373,-0.0323,0.1142,0.5079,0.0022,0.0528,0.5667,0.6763,1,2,22.56,No Signal,0.09,2.03,Increasing,FALSE,9%,0,NA,NA,NA,NA,50,Unknown,FALSE,FALSE,NA,NA,0.8376,528488333.3333,49866201,11560980039.84,NA,NA,NA,NA,528488333.3333,NA,0.8376,3131266000,NA,958314000,0.2012,1656728000,NA,958314000,0.2012,81.9,66.8,64.8,74.1,78.2,73.4,73.4,10.1,37.9,38.7,50,34.5,64,35.9,66.5,50,FALSE,66.1,66.1,Strong,Strong,FALSE,FALSE,NEUTRAL,Proven,74.7,0.0022,Alpha Leader,MACD RSI,231.84,0.72,503,169.63,6.93,31.15,0.8376,0.0487,0.0426,0.0789,0.2012,NA,NA,NA,NA,10118867000,$10.1B,71.9,+0.7%,+11.7%,+12.9%,-48.8%,35.9,35.9,66.5,41.54,0.09,Tier 4: High Score
IBKR,86.47,98.66,58.7,2026-09-30,CAPITAL MARKETS,148368261000,35.4,28.17,7.03,2.46,2.46,0.24,0.0228,0.165,0.765,6835000000,15.33,NA,3.407,0.353,0.2518,1.349,105.82,2,7,3,0,1,453078000,0.0037,1.479,3.049,13.1,Interactive Brokers Group Inc,FINANCIAL SERVICES,25,40,80,75,13,67.3,0.2238,56.23,86.47,90.28,94.09,74.55,72.62,-0.0422,-0.081,0.1599,0.1907,88.9535,90.4986,81.7879,42.9681,-1.1089,-1.0432,-0.0656,93.3338,84.5732,0.2165,0.3069,3818795.4545,1.4752,8e-4,0.0021,0.0013,0.0193,750,-0.0102,0.2306,0.3059,1.0712,FALSE,FALSE,TRUE,TRUE,Neutral,FALSE,35,45,40.2062,66.4948,30,43.8608,768,1.2317,-0.1163,-0.1175,0.4762,-1e-4,0.0202,-0.0328,-0.102,1,0,21.18,No Signal,0.03,3.54,Increasing,FALSE,3%,0,NA,NA,NA,NA,50,Unknown,FALSE,FALSE,NA,NA,NA,NA,NA,NA,NA,NA,NA,NA,NA,NA,NA,2440000000,NA,7711000000,0.2518,5904000000,NA,7711000000,0.2518,49.7,49.2,35.8,0,36.8,39.9,39.9,37.4,36.8,70.6,50,64.4,67.3,54.6,50.5,50,FALSE,44.6,44.6,Weak,Weak,TRUE,FALSE,NEUTRAL,Proven,44.3,-1e-4,Analyst Upside,GX MA200 ANALYST,86.47,-4.22,98.66,58.7,7.03,3.407,NA,0.765,0.165,0.24,0.2518,NA,NA,NA,NA,148368261000,$148.4B,35.4,-4.2%,-8.1%,+16%,+19.1%,54.6,54.6,50.5,52.76,0.03,Tier 2: Golden Cross
IBM,226.61,330.09,197.77,2026-09-27,INFORMATION TECHNOLOGY SERVICES,212460716000,20.05,17.39,6.33,11.25,11.25,0.345,0.053,0.155,0.166,69094998000,73.7,16473000000,15.66,-0.018,0.0449,0.708,240.59,3,10,10,1,1,942134000,0.0296,2.188,3.982,36.57,International Business Machines,TECHNOLOGY,60,40,95,75,25,63,0.0617,69.05,226.61,239.94,287.56,237.82,288.23,-0.0556,-0.212,-0.0471,-0.2138,229.651,231.9764,253.9103,47.6573,-1.5626,-1.4236,-0.139,247.7883,211.5137,0.4162,0.3283,6055995.4545,0.7444,8e-4,9e-4,1e-4,0.0213,750,0.0319,0.0667,0.3373,0.043,FALSE,FALSE,FALSE,FALSE,Neutral,FALSE,15,45,16.4948,31.4433,30,24.7371,768,-0.127,-0.0242,-0.2236,0.5,-3e-4,0.0363,-0.0653,-0.1134,1,1,22.66,No Signal,0.03,4.09,Increasing,FALSE,2.6%,0,NA,NA,NA,NA,50,Unknown,FALSE,FALSE,NA,NA,0.5819,12395000000,NA,NA,NA,NA,NA,1.6316,12395000000,1.6316,0.5819,67535000000,56212000000,7172000000,0.0449,34452000000,56212000000,7172000000,0.0449,47.2,48.7,57.5,36.8,17.6,44.2,44.2,69.1,41.8,83.5,15.3,61.9,63,59.4,28,50,FALSE,42.6,42.6,Weak,Weak,FALSE,FALSE,NEUTRAL,Proven,40.7,-3e-4,Balanced,,226.61,-5.56,330.09,197.77,6.33,15.66,0.5819,0.166,0.155,0.345,0.0449,1.6316,1.6316,NA,NA,212460716000,$212.5B,20,-5.6%,-21.2%,-4.7%,-21.4%,59.4,59.4,28,55.64,0.03,No Signal
IDYA,36.06,42.68,26.05,2026-10-05,BIOTECHNOLOGY,3604847000,NA,4.649,3.014,-1.92,-1.92,-0.162,-0.115,-0.748,-13.81,234127000,2.617,-214195008,-7.8,0,2.0582,-0.076,52.75,3,10,1,0,0,96489000,NA,NA,12.02,12.44,Ideaya Biosciences Inc,HEALTHCARE,50,60,15,20,14,78.6,0.4628,39.86,36.06,38.35,36.99,32.82,26.79,-0.0597,-0.0251,0.0987,0.346,37.7085,38.0638,34.1362,39.8271,-1.1929,-0.6198,-0.5731,39.4872,35.9298,0.0366,0.3512,844931.8182,1.1396,8e-4,8e-4,0,0.0288,750,-0.0013,-0.0219,0.4567,0.0144,FALSE,FALSE,TRUE,TRUE,Neutral,FALSE,35,20,52.5773,53.6082,30,41.2448,768,-0.2849,-0.1418,-0.0476,0.4444,7e-4,0.0281,0.1666,0.3741,1,0,49.16,Low Signal,0.1,8.43,Decreasing,FALSE,9.5%,0,NA,NA,NA,NA,50,Unknown,FALSE,FALSE,NA,NA,NA,-147499666.6667,NA,NA,NA,NA,NA,NA,-147499666.6667,NA,NA,218710000,NA,272589000,2.0582,1198905000,NA,272589000,2.0582,62.7,61.1,13.5,0,52.3,44.6,44.6,50,74.7,17,50,1.5,78.6,40.5,41.8,50,FALSE,43.3,43.3,Weak,Weak,TRUE,FALSE,NEUTRAL,Proven,42.3,7e-4,Analyst Upside,GX MA200 ANALYST,36.06,-5.970000000000001,42.68,26.05,3.014,-7.8,NA,-13.81,-0.748,-0.162,2.0582,NA,NA,NA,NA,3604847000,$3.6B,N/A,-6%,-2.5%,+9.9%,+34.6%,40.5,40.5,41.8,44.3,0.1,Tier 2: Golden Cross
IESC,300.43,408.25,170.07,2026-10-05,ENGINEERING & CONSTRUCTION,13522262000,30.19,208.33,10.36,11.24,11.24,0.445,0.165,0.114,0.144,3985742000,100.16,551440000,19.44,0.987,0.1909,1.78,440,0,0,1,0,0,39848700,NA,0,3.117,30.85,IES Holdings Inc,INDUSTRIALS,45,20,95,60,1,50,0.4646,57.75,300.43,324.66,312.77,269.73,197.94,-0.0746,-0.0395,0.1138,0.5178,323.7985,337.5536,292.5882,39.2279,-0.7754,-0.5164,-0.259,345.6084,301.9886,-0.0357,0.6069,258686.3636,2.1755,8e-4,0.0038,0.003,0.038,750,-0.023,0.515,0.603,1.2522,FALSE,FALSE,TRUE,TRUE,Neutral,FALSE,35,20,48.9691,56.701,30,40.7809,768,4.5076,-0.1019,-0.096,0.4841,-8e-4,0.0462,-0.2053,-0.2801,1,0,29.07,No Signal,0.03,6.14,Increasing,FALSE,3.5%,0,NA,NA,NA,NA,50,Unknown,FALSE,FALSE,NA,NA,0.2549,181441000,NA,NA,NA,NA,NA,0,181441000,0,0.2549,3371468000,0,77278000,0.1909,1229242000,0,77278000,0.1909,35.2,43,43.5,0,43.5,36.5,36.5,48.2,23.1,89.2,100,54.6,50,64.1,42,50,FALSE,42,42,Weak,Weak,TRUE,FALSE,NEUTRAL,Proven,40.2,-8e-4,Analyst Upside,GX MA200 ANALYST,300.43,-7.46,408.25,170.07,10.36,19.44,0.2549,0.144,0.114,0.445,0.1909,0,0,NA,NA,13522262000,$13.5B,30.2,-7.5%,-4%,+11.4%,+51.8%,64.1,64.1,42,58.459999999999994,0.03,Tier 2: Golden Cross
INCY,112.75,132.6,82.81,2026-10-02,BIOTECHNOLOGY,24597371000,15.23,14.71,4.053,7.97,7.97,0.307,0.168,0.277,0.419,5819530000,29.36,1942313000,10.26,0.377,0.1795,0.77,127.96,2,10,15,1,0,202698000,NA,10.82,3.645,31.57,Incyte Corporation,HEALTHCARE,75,60,95,90,28,61.6,0.1349,78.91,112.75,126.01,116.71,95.55,84.75,-0.1052,-0.0339,0.18,0.3304,121.1245,122.8148,107.1475,31.2599,-2.3162,-1.1938,-1.1224,130.7993,111.44970000000001,0.0672,0.2387,1713654.5455,0.5087,8e-4,0.0011,3e-4,0.0203,750,-0.0019,0.1776,0.323,0.2391,FALSE,FALSE,TRUE,TRUE,Neutral,FALSE,35,20,51.0309,69.5876,30,43.9768,768,-0.0033,-0.1299,-0.0294,0.4762,0.0016,0.0207,0.403,1.2266,1,0,34.59,No Signal,0.05,6.06,Stable,FALSE,4.9%,0,NA,NA,NA,NA,50,Unknown,FALSE,FALSE,NA,NA,NA,NA,NA,NA,NA,NA,NA,NA,NA,NA,NA,5141242000,NA,3982375000,0.1795,6344427000,NA,3982375000,0.1795,72.5,77.7,35.8,0,53.4,56.3,56.3,82.7,62.6,80.4,50,82,61.6,72.4,46.3,50,FALSE,56.3,56.3,Neutral,Neutral,TRUE,FALSE,NEUTRAL,Proven,61.3,0.0016,Alpha Leader,GX MA200 ANALYST,112.75,-10.52,132.6,82.81,4.053,10.26,NA,0.419,0.277,0.307,0.1795,NA,NA,NA,NA,24597371000,$24.6B,15.2,-10.5%,-3.4%,+18%,+33%,72.4,72.4,46.3,63.440000000000005,0.05,Tier 2: Golden Cross
INTA,38.65,47.93,19.01,2026-10-05,SOFTWARE - APPLICATION,2791892000,NA,22.78,8.78,-0.52,-0.52,-0.0987,-0.0218,-0.0715,0.0057,577805000,7.26,-15965000,-56.63,0,0.1986,0.45,40.29,1,3,4,0,1,76511000,NA,0.651,4.572,4.152,Intapp Inc,TECHNOLOGY,50,40,15,20,9,58.3,0.0424,33.83,38.65,38.64,28.07,21.11,38.86,3e-4,0.3769,0.8309,-0.0054,36.816,38.302,30.1992,56.3735,-0.3916,-0.9093,0.5176,38.4675,35.1645,1.0553,0.3201,556209.0909,1.2037,8e-4,6e-4,-2e-4,0.0296,750,0.0322,-0.0983,0.4701,-0.1207,TRUE,TRUE,TRUE,TRUE,Neutral,TRUE,100,85,91.7526,91.7526,70,90.6263,768,-0.3658,-0.0528,0.3725,0.5159,0.0053,0.0374,1.3341,2.2464,1,2,32.41,No Signal,0.04,5.61,Stable,FALSE,4.1%,0,NA,NA,NA,NA,50,Unknown,FALSE,FALSE,NA,NA,0.7398,70635000,NA,NA,NA,NA,NA,NA,70635000,NA,0.7398,504120000,NA,162813000,0.1986,317603000,NA,162813000,0.1986,93.8,92.7,71.5,74.1,92.2,86.9,86.9,50,26.9,19.6,50,10.3,58.3,34.3,91.7,50,FALSE,80.2,80.2,Very Strong,Very Strong,TRUE,FALSE,NEUTRAL,Proven,92.8,0.0053,Alpha Leader,GX MACD RSI MA200,38.65,0.03,47.93,19.01,8.78,-56.63,0.7398,0.0057,-0.0715,-0.0987,0.1986,NA,NA,NA,NA,2791892000,$2.8B,N/A,+0%,+37.7%,+83.1%,-0.5%,34.3,34.3,91.7,40.58,0.04,Tier 2: Golden Cross
INTU,303.88,696.14,251.72,2026-09-27,SOFTWARE - APPLICATION,73701016000,16.76,12.66,4.114,16.46,16.46,0.236,0.105,0.213,0.176,21447999000,77.71,6849000000,11.15,-0.014,0.1448,0.976,405.6,5,16,12,1,1,267236000,0.0173,0.928,3.7,70.76,Intuit Inc,TECHNOLOGY,75,60,80,75,35,66.4,0.3347,72.64,303.88,313.94,274.96,369.44,644.92,-0.032,0.1052,-0.1775,-0.5288,295.662,321.9582,386.2421,51.611,-3.0905,-3.9927,0.9021,335.4431,255.8809,0.6033,0.4271,3708718.1818,0.8594,8e-4,-5e-4,-0.0013,0.0222,750,0.0266,-0.2982,0.352,-0.9289,TRUE,FALSE,FALSE,FALSE,Neutral,TRUE,15,85,73.7113,13.9175,70,48.3969,768,-0.6797,-0.1303,0.1056,0.4762,-7e-4,0.0354,-0.1813,-0.3224,1,4,14.31,No Signal,0.03,1.82,Stable,FALSE,2.7%,0,NA,NA,NA,NA,50,Unknown,FALSE,FALSE,NA,NA,NA,5217333333.3333,NA,NA,NA,NA,NA,0.4038,5217333333.3333,0.4038,NA,18831000000,7669000000,4705000000,0.1448,18992000000,7669000000,4705000000,0.1448,38.9,41.5,35.8,92.7,76.2,49.9,49.9,79.1,62.1,69.1,57.7,73.2,66.4,69,42.3,50,FALSE,50.9,50.9,Neutral,Neutral,FALSE,FALSE,NEUTRAL,Proven,54.1,-7e-4,Analyst Upside,MACD RSI ANALYST,303.88,-3.2,696.14,251.72,4.114,11.15,NA,0.176,0.213,0.236,0.1448,0.4038,0.4038,NA,NA,73701016000,$73.7B,16.8,-3.2%,+10.5%,-17.8%,-52.9%,69,69,42.3,61.4,0.03,Tier 5: Underdog Watch
IONQ,39.45,84.64,25.89,2026-10-05,COMPUTER HARDWARE,17732788000,NA,NA,5.18,-3.87,-3.87,-0.605,-0.145,0,-4.082,246474000,0.721,-793051008,-10.33,0,1.4287,3.295,66.63,1,10,2,0,0,405136000,NA,NA,61.55,8.73,IONQ Inc,TECHNOLOGY,50,40,15,20,13,73.1,0.689,35.31,39.45,38.14,42.86,29.76,77.5,0.0343,-0.0796,0.3256,-0.491,41.451,41.2504,43.3424,42.3137,1.0897,1.6119,-0.5222,47.0972,35.8048,0.3228,0.5403,23516913.6364,2.9151,8e-4,0.0032,0.0024,0.0594,750,-0.0415,0.2041,0.9422,0.6317,FALSE,FALSE,FALSE,FALSE,Neutral,FALSE,15,45,41.2371,78.3505,30,41.5412,768,0.5092,-0.0225,-0.163,0.4524,-4e-4,0.0476,-0.0969,-0.1284,1,0,25.22,No Signal,0.1,1.41,Stable,FALSE,10%,0,NA,NA,NA,NA,50,Unknown,FALSE,FALSE,NA,NA,NA,-171931000,NA,NA,NA,NA,NA,NA,-171931000,NA,NA,130016000,NA,1235729000,1.4287,3327208000,NA,1235729000,1.4287,44.6,47.2,19.7,0,27.5,33.2,33.2,50,50.5,6.7,50,16.5,73.1,36.5,51.1,50,FALSE,38,38,Weak,Weak,FALSE,FALSE,NEUTRAL,Proven,34,-4e-4,Analyst Upside,ANALYST,39.45,3.4299999999999997,84.64,25.89,5.18,-10.33,NA,-4.082,0,-0.605,1.4287,NA,NA,NA,NA,17732788000,$17.7B,N/A,+3.4%,-8%,+32.6%,-49.1%,36.5,36.5,51.1,41.9,0.1,No Signal
IONS,43.3,86.74,42.63,2026-10-06,BIOTECHNOLOGY,7235665000,NA,90.91,16.6,-3.48,-3.48,-1.055,-0.124,-0.647,-0.382,874093000,5.36,-579484992,135.77,-0.437,0.0946,0.419,83.64,9,10,5,0,0,166184000,NA,25.7,9.8,2.655,Ionis Pharmaceuticals Inc,HEALTHCARE,50,20,15,20,24,79.2,0.9316,31.92,43.3,56.02,58.25,74.95,70.27,-0.2271,-0.2567,-0.4223,-0.3838,45.5215,52.969,69.699700000000007,31.3619,-6.4029,-6.7753,0.3724,50.8866,40.1564,0.293,0.494,4152518.1818,0.6807,8e-4,3e-4,-5e-4,0.0275,750,-0.0152,-0.0679,0.4369,-0.3048,FALSE,FALSE,FALSE,FALSE,Neutral,TRUE,15,20,11.8557,2.0619,70,17.7191,768,-0.4362,-0.3233,-0.2597,0.4286,-0.0041,0.0314,-1.0437,-2.091,1,0,39.93,No Signal,0.14,4.61,Increasing,FALSE,13.5%,0,NA,NA,NA,NA,50,Unknown,FALSE,FALSE,NA,NA,NA,-399190666.6667,NA,NA,NA,NA,NA,4.0027,-399190666.6667,4.0027,NA,943711000,1760119000,350065000,0.0946,439737000,1760119000,350065000,0.0946,2.6,3.1,8.8,0,11.9,5.1,5.1,50,14.8,4.1,4.5,3.1,79.2,23,4.9,50,FALSE,7.7,7.7,Very Weak,Very Weak,FALSE,FALSE,NEUTRAL,Proven,0.5,-0.0041,Analyst Upside,MACD ANALYST,43.3,-22.71,86.74,42.63,16.6,135.77,NA,-0.382,-0.647,-1.055,0.0946,4.0027,4.0027,NA,NA,7235665000,$7.2B,N/A,-22.7%,-25.7%,-42.2%,-38.4%,23,23,4.9,33.8,0.14,No Signal
ISRG,415.41,603.88,328.57,2026-09-27,MEDICAL INSTRUMENTS & SUPPLIES,145167090000,46.52,33.33,7.82,8.71,8.71,0.174,0.105,0.284,0.336,11034400000,31.07,4180800000,32.23,0.265,0.1886,1.465,476.34,7,17,8,1,0,358278000,NA,1.871,12.4,51.34,Intuitive Surgical Inc,HEALTHCARE,25,40,65,90,33,72.7,0.1467,54.52,415.41,353.24,406.78,458.96,443.76,0.176,0.0212,-0.0949,-0.0639,397.9055,384.6774,444.1924,63.0314,2.1504,1.8941,0.2564,424.4714,371.3396,0.8295,0.2619,2308781.8182,1.1359,8e-4,7e-4,-1e-4,0.0176,750,0.0064,-0.0481,0.2792,-0.0729,TRUE,TRUE,FALSE,FALSE,Neutral,TRUE,55,85,59.2784,23.7113,70,56.0258,768,-0.187,0.1093,7e-4,0.4444,-0.0013,0.0253,-0.3197,-0.797,1,2,25.28,No Signal,0.02,3.15,Decreasing,FALSE,2.1%,0,NA,NA,NA,NA,50,Unknown,FALSE,FALSE,NA,NA,0.66,1514700000,NA,NA,NA,NA,NA,NA,1514700000,NA,0.66,10064700000,NA,2760400000,0.1886,18168400000,NA,2760400000,0.1886,29,25.9,13.5,74.1,58,34,34,19.4,31.3,58.8,50,84,72.7,50.4,55.3,50,FALSE,41.6,41.6,Weak,Weak,FALSE,FALSE,NEUTRAL,Proven,39.7,-0.0013,Balanced,MACD RSI ANALYST,415.41,17.599999999999998,603.88,328.57,7.82,32.23,0.66,0.336,0.284,0.174,0.1886,NA,NA,NA,NA,145167090000,$145.2B,46.5,+17.6%,+2.1%,-9.5%,-6.4%,50.4,50.4,55.3,50.239999999999995,0.02,No Signal
JAZZ,222.45,266.38,128.8,2026-09-30,BIOTECHNOLOGY,15467845000,16.29,10.89,3.254,14.63,14.63,0.221,0.0686,0.204,0.269,4601286000,74.6,1927067000,11.03,0.032,0.055,0.36,292.81,7,11,2,0,0,64915000,NA,0.958,3.876,74.1,Jazz Pharmaceuticals PLC,HEALTHCARE,75,60,80,75,20,81.2,0.3163,74.12,222.45,241.31,243.82,195.31,138.15,-0.0782,-0.0876,0.139,0.6102,237.1855,245.1918,213.1796,29.7668,-1.8643,-1.4846,-0.3797,248.6893,225.6817,-0.1405,0.2363,790209.0909,0.7037,8e-4,9e-4,1e-4,0.0204,750,-0.0336,0.0932,0.3241,0.1008,FALSE,FALSE,TRUE,TRUE,Oversold,FALSE,35,20,38.1443,62.3711,30,38.6675,768,-0.058,-0.1166,-0.1019,0.5079,4e-4,0.0178,0.1058,0.3743,1,0,37.92,No Signal,0.08,6.48,Increasing,FALSE,8.4%,0,NA,NA,NA,NA,50,Unknown,FALSE,FALSE,NA,NA,NA,1240968000,NA,NA,NA,NA,NA,0.9062,1240968000,0.9062,NA,4267586000,4351400000,1619800000,0.055,4801700000,4351400000,1619800000,0.055,60.1,61.7,64.8,0,42,52.7,52.7,81.3,71.4,67.5,30.6,70.6,81.2,67.3,38.8,50,FALSE,51.6,51.6,Neutral,Neutral,TRUE,FALSE,NEUTRAL,Proven,55.2,4e-4,Analyst Upside,GX MA200 ANALYST,222.45,-7.82,266.38,128.8,3.254,11.03,NA,0.269,0.204,0.221,0.055,0.9062,0.9062,NA,NA,15467845000,$15.5B,16.3,-7.8%,-8.8%,+13.9%,+61%,67.3,67.3,38.8,60.379999999999995,0.08,Tier 2: Golden Cross
JBSS,68.39,91.07,56.56,2026-10-05,PACKAGED FOODS,801237000,13.2,10.55,2.083,5.19,5.19,0.167,0.085,0.0527,0.0411,1175673000,100.5,113602000,7.79,-0.385,0.0498,0.32,100,1,1,0,0,0,9096100,0.0143,1.518,0.786,32.49,John B Sanfilippo & Son Inc,CONSUMER DEFENSIVE,90,75,65,40,2,87.5,0.4622,71.75,68.39,70.64,87.17,80.63,61.97,-0.0319,-0.2154,-0.1518,0.1036,67.8035,74.3606,77.5405,42.3607,-2.3368,-3.0956,0.7588,69.624,65.983,0.6611,0.1795,124040.9091,0.213,8e-4,-3e-4,-0.0012,0.0198,750,0.0107,-0.1315,0.3138,-0.9314,TRUE,FALSE,FALSE,FALSE,Neutral,TRUE,15,45,15.9794,17.5258,70,25.799,768,-0.636,-0.1077,-0.2161,0.4683,-0.0015,0.0188,-0.3708,-1.2446,1,2,36.08,No Signal,0.06,4.44,Stable,FALSE,6.4%,0,NA,NA,NA,NA,50,Unknown,FALSE,FALSE,NA,NA,0.1796,29647333.3333,NA,NA,NA,NA,NA,0.1147,29647333.3333,0.1147,0.1796,1175673000,43567000,1147000,0.0498,379948000,43567000,1147000,0.0498,25.9,13.5,28,74.1,20.2,27.2,27.2,89.2,87.9,56.7,84.7,38.7,87.5,72.5,20.9,50,FALSE,32.5,32.5,Weak,Weak,FALSE,FALSE,NEUTRAL,Proven,24.7,-0.0015,Analyst Upside,MACD ANALYST,68.39,-3.19,91.07,56.56,2.083,7.79,0.1796,0.0411,0.0527,0.167,0.0498,0.1147,0.1147,NA,NA,801237000,$801.2M,13.2,-3.2%,-21.5%,-15.2%,+10.4%,72.5,72.5,20.9,63.5,0.06,No Signal
JNJ,256.48,281.07,175.82,2026-09-27,DRUG MANUFACTURERS - GENERAL,653612679000,31.46,21.01,7.63,8.62,8.62,0.257,0.086,0.215,0.292,97929003000,40.67,34872001000,19.94,-0.009,0.0517,0.235,277.91,5,11,6,1,0,2409899000,0.0194,2.823,6.91,35.28,Johnson & Johnson,HEALTHCARE,45,40,80,75,23,71.7,0.0836,61.67,256.48,267.08,256.98,237.96,191.08,-0.0397,-0.0019,0.0778,0.3423,264.8955,265.2216,242.6487,38.1494,-1.094,-0.4947,-0.5993,276.9883,252.8027,0.152,0.1455,6659472.7273,-0.0012,8e-4,7e-4,-1e-4,0.0149,750,-0.0034,0.1833,0.2371,-0.0892,FALSE,FALSE,TRUE,TRUE,Neutral,FALSE,35,20,56.1856,51.0309,30,41.8119,768,-0.1518,-0.0607,0.0094,0.5317,0.001,0.0136,0.2592,1.2015,1,0,15.64,No Signal,0.01,3.27,Stable,FALSE,0.9%,0,NA,NA,NA,NA,50,Unknown,FALSE,FALSE,NA,NA,0.6788,19262666666.6667,NA,NA,NA,NA,NA,0.463,19262666666.6667,0.463,0.6788,94193000000,39344000000,20422000000,0.0517,84971000000,39344000000,20422000000,0.0517,65.8,76.7,80.8,0,59.6,64,64,43.9,32.4,74.2,53.2,73.7,71.7,58.6,41.3,50,FALSE,57.7,57.7,Neutral,Neutral,TRUE,FALSE,NEUTRAL,Proven,63.9,0.001,High IR,GX MA200,256.48,-3.9699999999999998,281.07,175.82,7.63,19.94,0.6788,0.292,0.215,0.257,0.0517,0.463,0.463,NA,NA,653612679000,$653.6B,31.5,-4%,-0.2%,+7.8%,+34.2%,58.6,58.6,41.3,55.16,0.01,Tier 2: Golden Cross
JPM,331.42,366.5,276.44,2026-09-27,BANKS - DIVERSIFIED,911917384000,14.7,13.5,2.538,23.33,23.33,0.178,0.0136,0.349,0.504,186328007000,68.35,NA,NA,0.469,0.0742,0.975,375.43,4,9,10,0,1,2658186000,0.0177,1.57,5.84,133.01,JPMorgan Chase & Co,FINANCIAL SERVICES,90,75,65,90,24,65.6,0.1328,77.06,331.42,354.71,336.47,313.68,305.53,-0.0657,-0.015,0.0566,0.0847,340.528,350.5014,322.0867,35.3998,-1.7251,-1.4802,-0.2449,357.7355,323.3205,0.2353,0.1788,8378159.0909,0.8701,8e-4,0.0012,4e-4,0.012,750,0.0098,0.1244,0.1909,0.5126,FALSE,FALSE,TRUE,TRUE,Neutral,FALSE,35,20,54.6392,47.4227,30,40.6263,768,0.2646,-0.0801,-0.0255,0.4921,1e-4,0.0122,0.0355,0.1833,1,1,11.86,No Signal,0.01,2.57,Stable,FALSE,0.9%,0,NA,NA,NA,NA,50,Unknown,FALSE,FALSE,NA,NA,NA,NA,NA,NA,NA,NA,NA,NA,NA,NA,NA,182447000000,NA,NA,0.0742,374598000000,NA,NA,0.0742,52.8,56.5,50.8,36.8,55.4,52.1,52.1,84.9,81.3,59.3,50,92.3,65.6,72,36.7,50,FALSE,51.4,51.4,Neutral,Neutral,TRUE,FALSE,NEUTRAL,Proven,54.6,1e-4,Quality,GX MA200 ANALYST,331.42,-6.569999999999999,366.5,276.44,2.538,NA,NA,0.504,0.349,0.178,0.0742,NA,NA,NA,NA,911917384000,$911.9B,14.7,-6.6%,-1.5%,+5.7%,+8.5%,72,72,36.7,63.199999999999996,0.01,Tier 2: Golden Cross
KEYS,374.67,374.96,158.79,2026-10-01,SCIENTIFIC & TECHNICAL INSTRUMENTS,61398770000,48.8,22.42,9.15,7.39,7.39,0.209,0.0723,0.191,0.257,6582000000,38.44,1698000000,31.47,1.091,-0.0082,1.208,415.08,3,7,2,0,0,170245000,NA,0.701,9.16,38.59,Keysight Technologies Inc,TECHNOLOGY,25,40,80,75,12,77.1,0.1079,57.21,374.67,331.01,322.05,331.11,171.1,0.1319,0.1634,0.1316,1.1898,354.454,339.987,306.1452,63.0274,3.9026,3.2572,0.6454,399.8975,309.0105,0.7224,0.3796,1129222.7273,1.4576,8e-4,0.0016,8e-4,0.0186,750,-0.0135,0.1156,0.296,0.7064,TRUE,TRUE,TRUE,TRUE,Neutral,TRUE,100,85,80.9278,60.8247,70,81.1933,768,0.6676,0.153,0.1159,0.5714,-4e-4,0.0219,-0.0909,-0.2616,1,0,12.56,No Signal,0.01,2.15,Stable,FALSE,1.4%,0,NA,NA,NA,NA,50,Unknown,FALSE,FALSE,NA,NA,NA,1130000000,NA,NA,NA,NA,NA,0.383,1130000000,0.383,NA,5375000000,2517000000,2605000000,-0.0082,6571000000,2517000000,2605000000,-0.0082,45.1,44,94.3,0,79.3,55.3,55.3,18,25.3,64.9,60.4,70.1,77.1,50.8,78.1,50,FALSE,60.1,60.1,Neutral,Neutral,TRUE,FALSE,NEUTRAL,Proven,66.5,-4e-4,Consistent Beat,GX MACD RSI MA200 α>SPY ANALYST,374.67,13.19,374.96,158.79,9.15,31.47,NA,0.257,0.191,0.209,-0.0082,0.383,0.383,NA,NA,61398770000,$61.4B,48.8,+13.2%,+16.3%,+13.2%,+119%,50.8,50.8,78.1,50.48,0.01,Tier 2: Golden Cross
KO,87.77,91.94,63.66,2026-09-27,BEVERAGES - NON-ALCOHOLIC,377806815000,26.37,25.32,10.55,3.33,3.33,0.42,0.094,0.286,0.349,50128998000,11.65,16998000000,20.48,0.169,0.0236,0.342,94.7,7,12,4,0,1,4302549000,0.0236,4.025,8.1,8.4,The Coca-Cola Company,CONSUMER DEFENSIVE,45,20,95,90,24,75,0.079,64.75,87.77,87.55,83.49,76.41,66.37,0.0025,0.0513,0.1487,0.3224,87.419,87.9902,80.3358,52.7484,-0.4849,-0.3896,-0.0953,89.524,85.314,0.5834,0.1476,15734140.9091,0.008,8e-4,7e-4,-1e-4,0.0141,750,0.027,0.1768,0.2236,-0.1152,TRUE,FALSE,TRUE,TRUE,Neutral,FALSE,35,85,63.4021,63.9175,30,56.3041,768,-0.1902,-0.0366,0.065,0.5238,0.0015,0.0125,0.3868,1.9528,1,1,14.61,No Signal,0.01,3.26,Increasing,FALSE,1.2%,0,NA,NA,NA,NA,50,Unknown,FALSE,FALSE,NA,NA,0.6163,6594666666.6667,NA,NA,NA,NA,NA,1.0235,6594666666.6667,1.0235,0.6163,47941000000,37001000000,12907000000,0.0236,36150000000,37001000000,12907000000,0.0236,70.5,88.6,78.2,36.8,71,73.3,73.3,53.2,22.5,87.1,26.1,84.5,75,60.5,62.2,50,FALSE,68.7,68.7,Strong,Strong,TRUE,FALSE,NEUTRAL,Proven,77.8,0.0015,Alpha Leader,GX RSI MA200,87.77,0.25,91.94,63.66,10.55,20.48,0.6163,0.349,0.286,0.42,0.0236,1.0235,1.0235,NA,NA,377806815000,$377.8B,26.4,+0.2%,+5.1%,+14.9%,+32.2%,60.5,60.5,62.2,56.3,0.01,Tier 2: Golden Cross
KRYS,327.3,382.54,179.19,2026-10-05,BIOTECHNOLOGY,9539113000,40.44,46.95,7.44,7.97,7.97,0.201,0.0937,0.548,0.49,440484000,15.08,199293000,45.39,0.388,1.7704,0.537,392.11,1,9,1,0,0,29598800,NA,NA,21.06,45.92,Krystal Biotech Inc,HEALTHCARE,25,40,80,90,11,75,0.198,59.25,327.3,348.09,365.81,267.41,188.76,-0.0597,-0.1053,0.224,0.7339,335.944,340.4068,303.2,42.9499,-1.5231,-1.1303,-0.3928,351.374,320.514,0.2199,0.3137,297154.5455,0.9431,8e-4,0.0019,0.0011,0.0294,750,0.0126,0.2787,0.466,0.5731,FALSE,FALSE,TRUE,TRUE,Neutral,FALSE,35,45,33.5052,73.7113,30,43.2938,768,0.5532,-0.0997,-0.1161,0.5397,0.0017,0.0246,0.4286,1.0955,1,1,42.77,Low Signal,0.12,11.19,Increasing,FALSE,11.7%,0,NA,NA,NA,NA,50,Unknown,FALSE,FALSE,NA,NA,NA,69164333.3333,NA,NA,NA,NA,NA,NA,69164333.3333,NA,NA,389130000,NA,427740000,1.7704,1359126000,NA,427740000,1.7704,74.1,74.6,85,36.8,37.3,67.2,67.2,26.6,34.1,64.4,50,97.9,75,56.1,52.1,50,FALSE,61.9,61.9,Neutral,Neutral,TRUE,FALSE,NEUTRAL,Proven,69.1,0.0017,Alpha Leader,GX MA200 ANALYST,327.3,-5.970000000000001,382.54,179.19,7.44,45.39,NA,0.49,0.548,0.201,1.7704,NA,NA,NA,NA,9539113000,$9.5B,40.4,-6%,-10.5%,+22.4%,+73.4%,56.1,56.1,52.1,53.66,0.12,Tier 2: Golden Cross
KYMR,109.3,130.05,55.26,2026-10-05,BIOTECHNOLOGY,8833641000,NA,NA,6.36,-3.25,-3.25,-0.241,-0.156,-2.853,-1.163,105000000,1.126,-339891008,-9.49,0,-0.2937,1.965,138.64,4,17,2,0,0,82258000,NA,NA,85.56,18.23,Kymera Therapeutics Inc,HEALTHCARE,50,40,15,20,23,77.2,0.2684,35.72,109.3,115.43,119.35,88.53,57.02,-0.0531,-0.0842,0.2346,0.9169,113.1775,114.5038,93.5453,43.445,-1.9121,-1.2793,-0.6328,121.3201,105.0349,0.2619,0.3709,842940.9091,1.566,8e-4,0.0037,0.0029,0.0416,750,0.013,0.6087,0.6596,1.098,FALSE,FALSE,TRUE,TRUE,Neutral,FALSE,35,45,39.1753,74.7423,30,45.201,768,2.4068,-0.1397,-0.0996,0.5397,0.0016,0.0313,0.3996,0.8047,1,2,52.23,Low Signal,0.12,11.97,Decreasing,FALSE,12%,0,NA,NA,NA,NA,50,Unknown,FALSE,FALSE,NA,NA,NA,-192995000,NA,NA,NA,NA,NA,NA,-192995000,NA,NA,39211000,NA,124477000,-0.2937,1509256000,NA,124477000,-0.2937,71.5,70.5,85,74.1,42.5,69.9,69.9,50,41.2,13.9,50,0,77.2,35.1,54.1,50,FALSE,60.9,60.9,Neutral,Neutral,TRUE,FALSE,NEUTRAL,Proven,67.5,0.0016,Alpha Leader,GX MA200 ANALYST,109.3,-5.3100000000000005,130.05,55.26,6.36,-9.49,NA,-1.163,-2.853,-0.241,-0.2937,NA,NA,NA,NA,8833641000,$8.8B,N/A,-5.3%,-8.4%,+23.5%,+91.7%,35.1,35.1,54.1,41.06,0.12,Tier 2: Golden Cross
LIN,481.7,546.4,384,2026-09-27,SPECIALTY CHEMICALS,216609980000,30.3,23.58,5.48,15.51,15.51,0.184,0.0716,0.204,0.281,35449000000,76.2,13822000000,17.42,0.113,0.0171,0.727,542.6,5,16,5,1,0,460980000,0.0132,1.8,6.7,84.78,Linde plc Ordinary Shares,BASIC MATERIALS,45,40,65,75,27,73.1,0.1264,57.31,481.7,466.65,529.79,508.87,458.16,0.0323,-0.0908,-0.0534,0.0514,470.586,478.4798,487.4855,55.1516,0.2788,-0.3146,0.5934,488.319,452.853,0.8134,0.1462,2165109.0909,0.4626,8e-4,4e-4,-4e-4,0.0115,750,-5e-4,0.0022,0.1827,-0.5888,TRUE,TRUE,FALSE,FALSE,Neutral,TRUE,55,85,36.0825,28.866,70,50.0979,768,-0.315,-0.0285,-0.0915,0.4524,-3e-4,0.0124,-0.076,-0.386,1,0,15.82,No Signal,0.01,2.79,Stable,FALSE,1.3%,0,NA,NA,NA,NA,50,Unknown,FALSE,FALSE,NA,NA,NA,5177666666.6667,NA,NA,NA,NA,NA,0.5924,5177666666.6667,0.5924,NA,33986000000,23152000000,4898000000,0.0171,39081000000,23152000000,4898000000,0.0171,45.6,39.4,19.7,0,44.6,34.2,34.2,47.5,48.4,61.3,44.1,70.6,73.1,56.6,50.3,50,FALSE,41.4,41.4,Weak,Weak,FALSE,FALSE,NEUTRAL,Proven,38.7,-3e-4,Balanced,MACD RSI ANALYST,481.7,3.2300000000000004,546.4,384,5.48,17.42,NA,0.281,0.204,0.184,0.0171,0.5924,0.5924,NA,NA,216609980000,$216.6B,30.3,+3.2%,-9.1%,-5.3%,+5.1%,56.6,56.6,50.3,53.96,0.01,No Signal
LLY,1169.6,1292.65,711.59,2026-09-27,DRUG MANUFACTURERS - GENERAL,1054885413000,39.69,24.39,30.28,29.82,29.82,1.023,0.204,0.335,0.542,79666004000,89.02,41707000000,25.7,0.262,0.3821,0.502,1325.39,6,18,4,1,1,891357000,0.0055,1.137,13.45,38,Eli Lilly and Company,HEALTHCARE,25,20,95,90,30,72.5,0.1332,59.5,1169.6,1124.21,1188.58,929.55,855.35,0.0404,-0.016,0.2582,0.3674,1158.1385,1173.4832,1075.9873,51.5728,-0.0446,-0.237,0.1924,1197.1432,1119.1338,0.6469,0.2128,2272504.5455,0.626,8e-4,0.0011,3e-4,0.0218,750,-0.0119,0.1563,0.3459,0.2309,TRUE,FALSE,TRUE,TRUE,Neutral,TRUE,35,85,54.1237,75.2577,70,59.7887,768,0.1351,-0.0273,-0.0144,0.4841,0.0019,0.0213,0.4765,1.4116,1,0,19.21,No Signal,0.01,2.93,Decreasing,FALSE,0.8%,0,NA,NA,NA,NA,50,Unknown,FALSE,FALSE,NA,NA,NA,NA,NA,NA,NA,NA,NA,1.4126,NA,1.4126,NA,65179000000,47858000000,8950000000,0.3821,33879000000,47858000000,8950000000,0.3821,78.8,80.3,43.5,0,56.5,60.9,60.9,28.8,2.7,96.4,18,91.8,72.5,54.5,65.9,50,FALSE,61.1,61.1,Neutral,Neutral,TRUE,FALSE,NEUTRAL,Proven,68,0.0019,Alpha Leader,GX MACD RSI MA200 ANALYST,1169.6,4.04,1292.65,711.59,30.28,25.7,NA,0.542,0.335,1.023,0.3821,1.4126,1.4126,NA,NA,1054885413000,$1.05T,39.7,+4%,-1.6%,+25.8%,+36.7%,54.5,54.5,65.9,52.699999999999996,0.01,Tier 2: Golden Cross
LMB,50.95,114.95,40.74,2026-10-05,BUILDING PRODUCTS & EQUIPMENT,585517000,19.18,12.72,3.004,2.56,2.56,0.162,0.0677,0.0442,0.0431,683771000,58.27,59291000,10.95,-0.391,0.1192,1.406,77.2,1,3,0,0,1,11925000,NA,2.289,0.954,17.04,Limbach Holdings Inc,INDUSTRIALS,75,60,65,40,5,65,0.5152,62.75,50.95,48.81,75.57,85.67,96.29,0.0438,-0.3258,-0.4053,-0.4709,50.6105,49.7056,74.1525,52.1687,-0.0756,-0.5461,0.4705,53.0788,48.1422,0.5688,0.416,314495.4545,1.3967,8e-4,0.0016,7e-4,0.0379,750,0.0038,0.1059,0.6013,0.3109,TRUE,TRUE,FALSE,FALSE,Neutral,TRUE,55,85,5.6701,3.0928,70,35.8196,768,-0.0628,0.1883,-0.3422,0.4841,-0.0035,0.054,-0.87,-1.0141,1,1,32.97,No Signal,0.09,3.8,Increasing,FALSE,9.3%,0,NA,NA,NA,NA,50,Unknown,FALSE,FALSE,NA,NA,0.2618,42084000,NA,NA,NA,NA,NA,0.1764,42084000,0.1764,0.2618,646804000,35842000,17529000,0.1192,203148000,35842000,17529000,0.1192,6.2,20.2,43.5,36.8,5.7,20.1,20.1,72.7,75.3,55.2,77.5,35.1,65,63,30.6,50,FALSE,29.1,29.1,Very Weak,Very Weak,FALSE,FALSE,NEUTRAL,Proven,18,-0.0035,Analyst Upside,MACD RSI ANALYST,50.95,4.38,114.95,40.74,3.004,10.95,0.2618,0.0431,0.0442,0.162,0.1192,0.1764,0.1764,NA,NA,585517000,$585.5M,19.2,+4.4%,-32.6%,-40.5%,-47.1%,63,63,30.6,57.8,0.09,No Signal
LOVE,14.59,19.25,10.33,2026-10-05,"FURNISHINGS, FIXTURES & APPLIANCES",212024000,12.05,18.83,0.997,1.22,1.22,0.0878,0.0014,0.0256,-0.0562,697653000,47.59,17314000,8.53,0.027,-0.0023,2.032,23.17,1,4,0,0,0,14423400,NA,0.426,0.475,14.56,The Lovesac Company,CONSUMER CYCLICAL,90,90,40,40,5,80,0.5881,66.5,14.59,16.03,16.77,15.9,14.6,-0.0898,-0.13,-0.0824,-7e-4,14.642,15.8103,15.1442,44.8799,-1.7992,-2.0596,0.2605,15.6917,13.5923,0.4752,0.5053,321063.6364,1.4903,8e-4,5e-4,-3e-4,0.0374,750,0.0231,-0.1798,0.5935,-0.1342,FALSE,FALSE,FALSE,TRUE,Neutral,TRUE,15,45,29.3814,26.2887,70,31.5722,768,-0.5926,-0.1135,-0.1481,0.4841,-0.001,0.0322,-0.2432,-0.4755,1,1,49.85,Low Signal,0.22,12.32,Stable,FALSE,22.4%,0,NA,NA,NA,NA,50,Unknown,FALSE,FALSE,NA,NA,0.5641,30616333.3333,NA,NA,NA,NA,NA,NA,30616333.3333,NA,0.5641,697115000,NA,68804000,-0.0023,209954000,NA,68804000,-0.0023,33.2,37.8,43.5,36.8,29.5,36.2,36.2,92.1,98.9,40.7,50,28.4,80,63.1,31.2,50,FALSE,39,39,Weak,Weak,TRUE,FALSE,NEUTRAL,Proven,34.5,-0.001,Analyst Upside,GX MACD ANALYST,14.59,-8.98,19.25,10.33,0.997,8.53,0.5641,-0.0562,0.0256,0.0878,-0.0023,NA,NA,NA,NA,212024000,$212M,12.1,-9%,-13%,-8.2%,-0.1%,63.1,63.1,31.2,57.86,0.22,Tier 2: Golden Cross
LSCC,124.98,157.01,60.5,2026-10-05,SEMICONDUCTORS,19032056000,536,38.76,21.94,0.25,0.25,0.0493,0.0387,0.0558,0.133,651117000,4.758,92137000,173.69,6,-0.1575,1.779,164.54,3,8,0,0,1,142030000,NA,0.591,26.33,5.74,Lattice Semiconductor Corporation,TECHNOLOGY,25,20,40,40,12,75,0.3165,35.75,124.98,115.45,137.44,107.76,74.58,0.0825,-0.0907,0.1598,0.6758,121.5755,121.7382,113.5662,51.6365,2.6696,1.8367,0.8329,139.8743,103.2767,0.593,0.6204,1893654.5455,2.3598,8e-4,0.0012,4e-4,0.0315,750,-0.0416,-0.1675,0.5008,0.2201,TRUE,TRUE,TRUE,TRUE,Neutral,TRUE,100,85,36.5979,65.9794,70,68.9253,768,-0.1013,0.0392,-0.1537,0.5,-0.0015,0.0307,-0.3666,-0.7525,1,0,29.38,No Signal,0.06,4.23,Increasing,FALSE,5.7%,0,NA,NA,NA,NA,50,Unknown,FALSE,FALSE,NA,NA,0.6821,167320333.3333,NA,NA,NA,NA,NA,NA,167320333.3333,NA,0.6821,523262000,NA,173305000,-0.1575,787527000,NA,173305000,-0.1575,26.9,27.5,57.5,0,28.5,30.7,30.7,50,4.4,33.5,50,39.7,75,40.9,66.7,50,FALSE,40.9,40.9,Weak,Weak,TRUE,FALSE,NEUTRAL,Proven,37.6,-0.0015,Analyst Upside,GX MACD RSI MA200 ANALYST,124.98,8.25,157.01,60.5,21.94,173.69,0.6821,0.133,0.0558,0.0493,-0.1575,NA,NA,NA,NA,19032056000,$19B,536,+8.2%,-9.1%,+16%,+67.6%,40.9,40.9,66.7,44.54,0.06,Tier 2: Golden Cross
MA,574.76,601.23,463.74,2026-09-27,CREDIT SERVICES,497267048000,31.19,24.21,87.42,18.2,18.2,2.412,0.241,0.463,0.611,35083002000,39.27,22201000000,22.77,0.221,0.143,0.735,666.71,9,28,3,0,0,869464000,0.006,1.462,14.35,6.4,Mastercard Inc,FINANCIAL SERVICES,45,20,95,90,40,78.8,0.16,65.13,574.76,567.5,526.74,508.58,564.55,0.0128,0.0912,0.1301,0.0181,564.7175,571.873,532.1977,56.7855,-0.2199,-0.4295,0.2097,578.9428,550.4922,0.853,0.1639,2751595.4545,0.6429,8e-4,6e-4,-2e-4,0.0118,750,0.0125,0.0117,0.188,-0.3255,TRUE,TRUE,TRUE,TRUE,Neutral,TRUE,100,85,70.1031,60.3093,70,77.8428,768,-0.2246,-0.05,0.0932,0.5,0.0012,0.0138,0.3078,1.4075,1,5,13.88,No Signal,0.01,2.01,Decreasing,FALSE,0.7%,0,NA,NA,NA,NA,50,Unknown,FALSE,FALSE,NA,NA,NA,14358000000,NA,NA,NA,NA,NA,4.3919,14358000000,4.3919,NA,32791000000,24643000000,11291000000,0.143,5611000000,24643000000,11291000000,0.143,67.9,79.8,57.5,96.9,75.1,72.8,72.8,45.3,50,100,2.7,96.9,78.8,64.3,71.8,50,FALSE,71.3,71.3,Strong,Strong,TRUE,FALSE,NEUTRAL,Proven,82.5,0.0012,High IR,GX MACD RSI MA200 ANALYST,574.76,1.28,601.23,463.74,87.42,22.77,NA,0.611,0.463,2.412,0.143,4.3919,4.3919,NA,NA,497267048000,$497.3B,31.2,+1.3%,+9.1%,+13%,+1.8%,64.3,64.3,71.8,58.58,0.01,Tier 2: Golden Cross
MCD,236.9,335.18,234.03,2026-09-27,RESTAURANTS,167357219000,19.2,17.06,146.07,12.32,12.32,0,0.133,0.317,0.465,27702000000,38.96,14930000000,18.81,0.057,0.0269,0.414,300.28,4,15,14,1,0,707642000,0.031,2.057,10.28,-1.446,McDonald’s Corporation,CONSUMER CYCLICAL,75,20,15,90,34,66.2,0.2675,47.37,236.9,253.48,274.6,304.51,293.81,-0.0654,-0.1373,-0.222,-0.1937,240.683,256.3128,288.1366,38.7215,-2.9357,-3.0357,0.1,258.0795,223.2865,0.3913,0.2399,6415877.2727,0.1954,8e-4,-0,-8e-4,0.0138,750,0.0303,-0.0423,0.2193,-0.9422,FALSE,FALSE,FALSE,FALSE,Neutral,TRUE,15,20,28.866,11.3402,70,24.6778,768,-0.5391,-0.1222,-0.1342,0.4206,-0.0019,0.0135,-0.4756,-2.2276,1,1,9.54,No Signal,0.02,1.9,Increasing,FALSE,1.9%,0,NA,NA,NA,NA,50,Unknown,FALSE,FALSE,NA,NA,NA,7037666666.6667,NA,NA,NA,NA,NA,NA,7037666666.6667,NA,NA,26885000000,40588000000,822000000,0.0269,-1023000000,40588000000,822000000,0.0269,18.1,2.1,6.2,36.8,33.7,15.9,15.9,71.9,50,24.2,50,89.7,66.2,55.9,15.8,50,FALSE,21.9,21.9,Very Weak,Very Weak,FALSE,FALSE,NEUTRAL,Proven,10.8,-0.0019,Analyst Upside,MACD ANALYST,236.9,-6.54,335.18,234.03,146.07,18.81,NA,0.465,0.317,0,0.0269,NA,NA,NA,NA,167357219000,$167.4B,19.2,-6.5%,-13.7%,-22.2%,-19.4%,55.9,55.9,15.8,53.54,0.02,No Signal
MCHP,75.52,104.75,47.28,2026-10-01,SEMICONDUCTORS,42778227000,114.17,20.53,6.38,0.69,0.69,0.0719,0.0354,0.0934,0.24,5122300000,9.46,1506100000,31.71,-0.816,-0.2143,1.736,107.84,2,18,6,0,0,543009000,0.0233,0.226,9.04,11.88,Microchip Technology Inc,TECHNOLOGY,25,40,40,60,26,71.2,0.428,42.37,75.52,73.01,88.59,73.55,65.86,0.0344,-0.1475,0.0268,0.1467,76.0495,76.044,79.1766,46.7807,1.3258,0.9861,0.3398,82.9985,69.1005,0.4619,0.4105,8271668.1818,2.0844,8e-4,4e-4,-4e-4,0.0258,750,-0.0278,-0.3313,0.409,-0.2684,FALSE,FALSE,FALSE,FALSE,Neutral,TRUE,15,45,25.2577,43.8144,70,33.8402,768,-0.4001,0.011,-0.1973,0.4683,-0.0018,0.0275,-0.4616,-1.0586,1,0,32.12,No Signal,0.06,3.79,Stable,FALSE,6.1%,0,NA,NA,NA,NA,50,Unknown,FALSE,FALSE,NA,NA,0.5773,1416900000,NA,NA,NA,NA,NA,0.8311,1416900000,0.8311,0.5773,4713100000,5361300000,272300000,-0.2143,6451000000,5361300000,272300000,-0.2143,19.2,18.1,28,0,23.8,19.5,19.5,5.8,40.7,37.1,32.4,48.5,71.2,35.1,38.7,50,FALSE,26.4,26.4,Very Weak,Very Weak,FALSE,FALSE,NEUTRAL,Proven,15.5,-0.0018,Analyst Upside,MACD ANALYST,75.52,3.44,104.75,47.28,6.38,31.71,0.5773,0.24,0.0934,0.0719,-0.2143,0.8311,0.8311,NA,NA,42778227000,$42.8B,114.2,+3.4%,-14.8%,+2.7%,+14.7%,35.1,35.1,38.7,41.06,0.06,No Signal
MDB,371.35,473.1,215.68,2026-10-01,SOFTWARE - INFRASTRUCTURE,27162794000,474.92,70.42,11.58,0.71,0.71,0.0199,-0.0022,0.0212,0.0368,2782770000,34.44,13854000,278.47,0.022,0.2099,1.585,448.94,8,24,8,0,1,80556000,NA,1.672,11.54,36.96,MongoDB,TECHNOLOGY,25,20,40,40,41,73.2,0.2089,35.57,371.35,358.38,342.08,236.14,331.48,0.0362,0.0856,0.5726,0.1203,377.7585,393.9674,341.6914,47.9542,-2.3269,-1.9494,-0.3775,433.8921,321.6249,0.4429,0.8177,2987781.8182,1.7017,8e-4,9e-4,1e-4,0.0385,750,0.0272,-0.1277,0.6113,0.0256,FALSE,FALSE,TRUE,TRUE,Neutral,FALSE,35,45,69.5876,86.5979,30,56.6959,768,-0.3819,-0.0933,0.0463,0.5238,0.0031,0.0446,0.7819,1.1054,1,2,15.24,No Signal,0.04,1,Stable,FALSE,3.5%,0,NA,NA,NA,NA,50,Unknown,FALSE,FALSE,NA,NA,0.7175,245410666.6667,NA,NA,NA,NA,NA,NA,245410666.6667,NA,0.7175,2463797000,NA,1002401000,0.2099,2979981000,NA,1002401000,0.2099,86,75.6,78.2,74.1,68.9,78.1,78.1,50,21.4,29.4,50,26.8,73.2,40,67.1,50,FALSE,69.7,69.7,Strong,Strong,TRUE,FALSE,NEUTRAL,Proven,79.4,0.0031,Alpha Leader,GX MA200 ANALYST,371.35,3.62,473.1,215.68,11.58,278.47,0.7175,0.0368,0.0212,0.0199,0.2099,NA,NA,NA,NA,27162794000,$27.2B,474.9,+3.6%,+8.6%,+57.3%,+12%,40,40,67.1,44,0.04,Tier 2: Golden Cross
MEDP,602.7,677.9,373,2026-10-06,DIAGNOSTICS & RESEARCH,16732200000,35.22,31.95,39.7,17.02,17.02,1.621,0.201,0.177,0.208,2782288000,98.47,611200000,27.56,0.371,0.1583,1.149,589.92,1,1,10,1,0,27911700,NA,2.935,6.05,15.54,Medpace Holdings Inc,HEALTHCARE,25,20,95,75,13,53.8,-0.0212,55.38,602.7,586.3,538.23,501.23,518.69,0.028,0.1198,0.2024,0.162,612.4255,601.8154,524.743,48.0893,0.3626,0.8072,-0.4445,634.8698,589.9813,0.2833,0.3021,256859.0909,1.0045,8e-4,0.0017,9e-4,0.0319,750,0.0017,0.2256,0.5068,0.4471,FALSE,TRUE,TRUE,TRUE,Neutral,FALSE,100,45,77.3196,71.134,30,72.1727,768,0.2354,-0.0368,0.1158,0.5,0.0018,0.0303,0.4563,0.9497,1,0,41.45,Low Signal,0.06,5.8,Decreasing,FALSE,5.7%,0,NA,NA,NA,NA,50,Unknown,FALSE,FALSE,NA,NA,NA,550286666.6667,NA,NA,NA,NA,NA,NA,550286666.6667,NA,NA,2530234000,NA,502688000,0.1583,433861000,NA,502688000,0.1583,75.6,73.1,57.5,0,78.8,64.3,64.3,38.1,1.6,99,50,66.5,53.8,56.2,67.7,50,FALSE,63.9,63.9,Neutral,Neutral,TRUE,FALSE,NEUTRAL,Proven,71.1,0.0018,Alpha Leader,GX MA200,602.7,2.8000000000000003,677.9,373,39.7,27.56,NA,0.208,0.177,1.621,0.1583,NA,NA,NA,NA,16732200000,$16.7B,35.2,+2.8%,+12%,+20.2%,+16.2%,56.2,56.2,67.7,53.72,0.06,Tier 2: Golden Cross
META,720.89,779.82,519.37,2026-09-28,INTERNET CONTENT & INFORMATION,1914858373000,28.33,22.08,7.26,26.53,26.53,0.298,0.146,0.298,0.348,228246995000,90.25,109654999000,17.08,-0.134,0.2205,1.243,790.27,8,47,7,0,0,2205129000,0.0027,0.985,8.4,102.52,Meta Platforms Inc.,COMMUNICATION SERVICES,45,40,80,90,62,75.4,0.0962,64.29,720.89,653.69,669.21,634.53,733.51,0.1028,0.0772,0.1361,-0.0172,715.651,636.1376,629.8481,57.5102,3.9427,4.7328,-0.7902,784.5645,646.7375,0.538,0.5356,22522395.4545,1.4352,8e-4,0.0013,5e-4,0.0203,750,0.0037,0.0443,0.322,0.4137,TRUE,TRUE,TRUE,TRUE,Neutral,FALSE,100,85,68.0412,61.3402,30,73.4304,768,0.4173,0.2396,0.0465,0.5079,2e-4,0.0268,0.0605,0.1424,1,1,7.01,No Signal,0.02,1.25,Increasing,FALSE,1.5%,0,NA,NA,NA,NA,50,Unknown,FALSE,FALSE,NA,NA,NA,48083000000,NA,NA,NA,NA,NA,0.3203,48083000000,0.3203,NA,200966000000,83664000000,15462000000,0.2205,261221000000,83664000000,15462000000,0.2205,56,53.9,64.8,36.8,69.4,57.3,57.3,51.1,35.2,78.9,63.1,87.1,75.4,65.6,70.6,50,FALSE,61.7,61.7,Neutral,Neutral,TRUE,FALSE,NEUTRAL,Proven,68.6,2e-4,Strong Trend,GX RSI MA200,720.89,10.280000000000001,779.82,519.37,7.26,17.08,NA,0.348,0.298,0.298,0.2205,0.3203,0.3203,NA,NA,1914858373000,$1.91T,28.3,+10.3%,+7.7%,+13.6%,-1.7%,65.6,65.6,70.6,59.35999999999999,0.02,Tier 2: Golden Cross
MITK,17.07,21.05,8.53,2026-10-06,SOFTWARE - APPLICATION,800922000,37.77,9.79,3.186,0.47,0.47,0.0923,0.0549,0.114,0.214,197902000,4.352,49551000,14.02,2.4,0.0205,0.991,22.62,1,4,0,0,0,45122400,NA,1.276,3.791,5.55,"Mitek Systems, Inc.",TECHNOLOGY,25,60,40,60,5,80,0.3251,47.25,17.07,17.26,19.33,14.07,9.34,-0.011,-0.1169,0.2132,0.8276,17.4565,17.845,15.261,44.7114,-0.775,-0.8167,0.0418,18.2607,16.6523,0.2597,0.3979,606363.6364,1.1574,8e-4,0.0011,3e-4,0.0281,750,-0.0181,0.0325,0.4459,0.145,FALSE,FALSE,TRUE,TRUE,Neutral,TRUE,35,45,31.9588,72.6804,70,46.6237,768,-0.1715,-0.0473,-0.1457,0.4841,5e-4,0.032,0.1293,0.2549,1,0,39.9,No Signal,0.1,6.76,Increasing,FALSE,10%,0,NA,NA,NA,NA,50,Unknown,FALSE,FALSE,NA,NA,NA,38329000,NA,NA,NA,NA,NA,0.1971,38329000,0.1971,NA,179691000,49375000,90045000,0.0205,250523000,49375000,90045000,0.0205,61.7,58.5,43.5,0,30.1,46.4,46.4,33.1,72,41.8,73.9,54.6,80,54.4,55.6,50,FALSE,49.8,49.8,Neutral,Neutral,TRUE,FALSE,NEUTRAL,Proven,52.6,5e-4,Analyst Upside,GX MACD MA200 ANALYST,17.07,-1.0999999999999999,21.05,8.53,3.186,14.02,NA,0.214,0.114,0.0923,0.0205,0.1971,0.1971,NA,NA,800922000,$800.9M,37.8,-1.1%,-11.7%,+21.3%,+82.8%,54.4,54.4,55.6,52.64,0.1,Tier 2: Golden Cross
MLI,60.49,70.92,47.75,2026-10-06,METAL FABRICATION,13837108000,16.29,18.18,3.761,3.84,3.84,0.263,0.165,0.182,0.218,4661137000,21.37,1089398000,10.06,0.018,0.1053,1.107,80,0,2,0,0,0,221181000,0.0098,3.408,2.571,16.04,Mueller Industries Inc,INDUSTRIALS,75,60,80,75,2,75,0.3225,73.5,60.49,63.71,56.99,61.62,48.97,-0.0505,0.0614,-0.0183,0.2352,60.7855,63.2862,62.4553,44.1031,-0.4593,-0.7445,0.2852,62.6887,58.8823,0.4224,0.2048,1863463.6364,1.089,8e-4,0.0018,0.001,0.0176,750,0.0087,0.2243,0.2792,0.8684,FALSE,FALSE,FALSE,TRUE,Neutral,TRUE,15,45,64.9485,35.567,70,44.0979,768,0.8877,-0.0657,0.0435,0.4841,-5e-4,0.0222,-0.1162,-0.3296,1,1,20.52,No Signal,0.02,2.15,Decreasing,FALSE,2.2%,0,NA,NA,NA,NA,50,Unknown,FALSE,FALSE,NA,NA,NA,623695000,NA,NA,NA,NA,NA,0.0015,623695000,0.0015,NA,4178547000,5243000,1388748000,0.1053,3547750000,5243000,1388748000,0.1053,43.5,40.9,43.5,36.8,67.9,45.8,45.8,81.3,65.9,75.3,97.3,67.5,75,77.5,42.7,50,FALSE,49.8,49.8,Neutral,Neutral,TRUE,FALSE,NEUTRAL,Proven,52.6,-5e-4,Analyst Upside,GX MACD ANALYST,60.49,-5.050000000000001,70.92,47.75,3.761,10.06,NA,0.218,0.182,0.263,0.1053,0.0015,0.0015,NA,NA,13837108000,$13.8B,16.3,-5.1%,+6.1%,-1.8%,+23.5%,77.5,77.5,42.7,66.5,0.02,Tier 2: Golden Cross
MPWR,1369.8,1708.95,827.63,2026-10-01,SEMICONDUCTORS,66637414000,82.63,38.76,17.42,16.41,16.41,0.22,0.136,0.245,0.31,3273158000,67.27,1000282000,65.2,0.858,0.2379,1.664,1839.8,3,12,1,0,0,49143000,0.0053,1.036,19.92,79.27,Monolithic Power Systems Inc,TECHNOLOGY,25,20,80,75,16,78.1,0.3431,53.31,1369.8,1203.75,1352.74,1372.23,979.25,0.1379,0.0126,-0.0018,0.3988,1318.8185,1315.4472,1293.406,53.5427,3.0777,2.1691,0.9086,1530.4687,1107.1683,0.6204,0.5764,716118.1818,2.4009,8e-4,0.0019,0.0011,0.0295,750,-0.0352,0.0011,0.4684,0.6133,TRUE,TRUE,TRUE,TRUE,Neutral,TRUE,100,85,58.7629,38.6598,70,70.1108,768,0.8648,0.042,-0.0518,0.5238,-0.0019,0.0317,-0.4665,-0.9278,1,0,19.62,No Signal,0.04,2.33,Stable,FALSE,3.8%,0,NA,NA,NA,NA,50,Unknown,FALSE,FALSE,NA,NA,0.5518,629705333.3333,NA,NA,NA,NA,NA,NA,629705333.3333,NA,0.5518,2790459000,NA,1005587000,0.2379,3895424000,NA,1005587000,0.2379,18.7,21.8,78.2,0,51.8,34.5,34.5,8.6,13.2,67,50,77.3,78.1,47.3,60.4,50,FALSE,42.6,42.6,Weak,Weak,TRUE,FALSE,NEUTRAL,Proven,40.7,-0.0019,Consistent Beat,GX MACD RSI MA200 ANALYST,1369.8,13.79,1708.95,827.63,17.42,65.2,0.5518,0.31,0.245,0.22,0.2379,NA,NA,NA,NA,66637414000,$66.6B,82.6,+13.8%,+1.3%,-0.2%,+39.9%,47.3,47.3,60.4,48.379999999999995,0.04,Tier 2: Golden Cross
MRK,142.38,156,76.16,2026-09-29,DRUG MANUFACTURERS - GENERAL,367065793000,119.02,15.29,8.71,1.25,1.25,0.0696,0.119,0.0477,-0.0024,66568999000,26.85,28871000000,17.5,-0.193,0.0399,0.226,153.65,5,15,8,0,0,2467172000,0.0224,2.705,5.16,16.99,Merck & Company Inc,HEALTHCARE,25,40,40,40,28,72.3,0.0792,39.48,142.38,147.53,123.54,120.15,87.5,-0.0349,0.1525,0.185,0.6272,145.7395,143.1418,123.6937,44.5169,-0.3643,0.3216,-0.6859,151.6134,139.8656,0.214,0.2147,9696977.2727,0.2794,8e-4,6e-4,-2e-4,0.0179,750,0.0014,0.0854,0.2846,-0.2169,FALSE,FALSE,TRUE,TRUE,Neutral,FALSE,35,45,80.4124,70.1031,30,56.6443,768,-0.2791,-0.0799,0.1541,0.5159,0.0014,0.0206,0.3649,1.114,1,0,19.21,No Signal,0.01,2.53,Decreasing,FALSE,1.1%,0,NA,NA,NA,NA,50,Unknown,FALSE,FALSE,NA,NA,NA,13199666666.6667,NA,NA,NA,NA,NA,1.273,13199666666.6667,1.273,NA,65011000000,53381000000,6849000000,0.0399,41933000000,53381000000,6849000000,0.0399,68.9,76.2,71.5,0,81.3,66.2,66.2,4.3,27.5,36.1,19.8,36.6,72.3,29.2,59.5,50,FALSE,59,59,Neutral,Neutral,TRUE,FALSE,NEUTRAL,Proven,65.5,0.0014,High IR,GX MA200,142.38,-3.49,156,76.16,8.71,17.5,NA,-0.0024,0.0477,0.0696,0.0399,1.273,1.273,NA,NA,367065793000,$367.1B,119,-3.5%,+15.2%,+18.5%,+62.7%,29.2,29.2,59.5,37.519999999999996,0.01,Tier 2: Golden Cross
MS,187.44,230.98,148.47,2026-09-29,CAPITAL MARKETS,308317848000,15.84,14.95,2.95,12.39,12.39,0.18,0.0135,0.259,0.416,77827998000,49.81,NA,NA,0.624,0.624,1.207,235.62,2,9,12,1,1,1570566000,0.0211,1.76,5.92,67.8,Morgan Stanley,FINANCIAL SERVICES,75,75,65,90,25,60,0.257,72.75,187.44,215.35,222.28,181.14,156.27,-0.1296,-0.1567,0.0348,0.1995,197.212,207.7324,194.1633,27.9029,-3.0358,-2.7718,-0.264,212.3072,182.1168,0.1763,0.2155,5680927.2727,1.2811,8e-4,0.0013,5e-4,0.0137,750,-0.0077,0.0711,0.2176,0.5904,FALSE,FALSE,FALSE,TRUE,Oversold,FALSE,15,20,24.2268,44.8454,30,25.9871,768,0.2395,-0.1329,-0.1837,0.4683,-9e-4,0.0135,-0.2302,-1.0723,1,0,12.67,No Signal,0.01,2.63,Stable,FALSE,0.9%,0,NA,NA,NA,NA,50,Unknown,FALSE,FALSE,NA,NA,NA,NA,NA,NA,NA,NA,NA,3.2937,NA,3.2937,NA,NA,383156000000,160135000000,NA,116329000000,383156000000,160135000000,NA,34.2,17.6,28,0,24.9,24,24,82,76.9,60.8,5.4,80.4,60,62.1,23.8,50,FALSE,29.7,29.7,Very Weak,Very Weak,TRUE,FALSE,NEUTRAL,Proven,20.1,-9e-4,Analyst Upside,GX ANALYST,187.44,-12.959999999999999,230.98,148.47,2.95,NA,NA,0.416,0.259,0.18,0.624,3.2937,3.2937,NA,NA,308317848000,$308.3B,15.8,-13%,-15.7%,+3.5%,+20%,62.1,62.1,23.8,57.26,0.01,Tier 2: Golden Cross
MSFT,522.61,549.2,348.54,2026-09-29,SOFTWARE - INFRASTRUCTURE,3832843862000,28.74,25.13,8.36,17.96,17.96,0.34,0.141,0.403,0.451,331839013000,44.67,194237006000,17.72,0.317,0.153,1.108,577.26,14,38,3,0,0,7425545000,0.0073,1.617,11.08,59.56,Microsoft Corporation,TECHNOLOGY,45,40,95,90,55,80,0.1046,69.25,522.61,491.65,385.1,384.37,522.4,0.063,0.3571,0.3597,4e-4,508.1275,498.7674,433.7531,61.6951,1.9571,1.746,0.2111,531.9531,484.3019,0.8039,0.215,21493000,0.9662,8e-4,7e-4,-1e-4,0.0137,750,-0.0093,-0.0113,0.2167,-0.084,TRUE,TRUE,TRUE,TRUE,Neutral,TRUE,100,85,91.2371,80.9278,70,88.3067,768,-0.0955,0.0427,0.3245,0.4762,0.0018,0.0222,0.453,1.2871,1,0,17.49,No Signal,0.01,2.55,Decreasing,FALSE,0.8%,0,NA,NA,NA,NA,50,Unknown,FALSE,FALSE,NA,NA,0.6882,68385666666.6667,NA,NA,NA,NA,NA,0.0911,68385666666.6667,0.0911,0.6882,281724000000,40294000000,20935000000,0.153,442387000000,40294000000,20935000000,0.153,75.1,78.8,35.8,0,90.2,62.9,62.9,49.6,28.6,82.5,87.4,94.8,80,70.6,89.4,50,FALSE,70.4,70.4,Strong,Strong,TRUE,FALSE,NEUTRAL,Proven,81.4,0.0018,Alpha Leader,GX MACD RSI MA200 ANALYST,522.61,6.3,549.2,348.54,8.36,17.72,0.6882,0.451,0.403,0.34,0.153,0.0911,0.0911,NA,NA,3832843862000,$3.83T,28.7,+6.3%,+35.7%,+36%,+0%,70.6,70.6,89.4,62.35999999999999,0.01,Tier 2: Golden Cross
MTZ,216.66,441.43,182.34,2026-10-06,ENGINEERING & CONSTRUCTION,17340246000,34,18.05,5.02,6.35,6.35,0.162,0.0528,0.0307,0.0542,16109103000,206.78,1308463000,19.92,0.514,0.0918,1.818,413.4,2,17,1,0,0,80305000,NA,0.656,1.493,44.54,MasTec Inc,INDUSTRIALS,45,40,65,40,20,76.2,0.9081,52.37,216.66,240.68,372.89,365.55,210.09,-0.0998,-0.419,-0.4073,0.0313,218.5365,244.6406,305.4136,42.5408,-3.6391,-4.9724,1.3333,234.8134,202.2596,0.4424,0.524,1458736.3636,1.6472,8e-4,0.002,0.0012,0.0266,750,-0.0258,0.1758,0.4222,0.7294,FALSE,FALSE,FALSE,FALSE,Neutral,TRUE,15,45,2.5773,2.5773,70,18.7887,768,0.539,-0.1377,-0.4447,0.4524,-0.0052,0.0359,-1.3096,-2.2989,1,0,30.44,No Signal,0.06,2.61,Decreasing,FALSE,5.7%,0,NA,NA,NA,NA,50,Unknown,FALSE,FALSE,NA,NA,NA,584278333.3333,NA,NA,NA,NA,NA,0.7403,584278333.3333,0.7403,NA,14299171000,2573839000,315641000,0.0918,3476968000,2573839000,315641000,0.0918,1,1.6,19.7,0,2.6,5,5,39.6,53.3,55.2,36,30.9,76.2,47.1,11.6,50,FALSE,12.9,12.9,Very Weak,Very Weak,FALSE,FALSE,NEUTRAL,Proven,3.1,-0.0052,Analyst Upside,MACD ANALYST,216.66,-9.98,441.43,182.34,5.02,19.92,NA,0.0542,0.0307,0.162,0.0918,0.7403,0.7403,NA,NA,17340246000,$17.3B,34,-10%,-41.9%,-40.7%,+3.1%,47.1,47.1,11.6,48.260000000000005,0.06,No Signal
MYRG,310.81,503.57,190.14,2026-10-06,ENGINEERING & CONSTRUCTION,4745040000,28.97,21.74,6.09,10.52,10.52,0.247,0.0848,0.0413,0.062,4006051000,257.75,290834000,15.3,0.865,0.0019,1.313,412,0,3,4,0,0,15569200,NA,3.409,1.129,48.46,MYR Group Inc,INDUSTRIALS,45,40,80,40,7,60.7,0.3256,55.32,310.81,286.84,419.34,319.54,203.8,0.0836,-0.2588,-0.0273,0.5251,292.3295,305.4862,331.177,56.0711,0.5682,-1.0727,1.6409,319.7781,264.8809,0.8366,0.4426,247413.6364,1.5105,8e-4,0.0016,8e-4,0.027,750,-0.003,0.0938,0.4278,0.4629,TRUE,TRUE,FALSE,FALSE,Neutral,TRUE,55,85,11.3402,34.0206,70,43.7062,768,0.3395,-0.0159,-0.2911,0.4921,-0.0014,0.0316,-0.3638,-0.7259,1,1,27.26,No Signal,0.04,2.47,Decreasing,FALSE,4.3%,0,NA,NA,NA,NA,50,Unknown,FALSE,FALSE,NA,NA,0.1159,76550666.6667,NA,NA,NA,NA,NA,0.0142,76550666.6667,0.0142,0.1159,3657889000,9372000,137872000,0.0019,660423000,9372000,137872000,0.0019,27.5,28.5,50.8,36.8,10.4,30.8,30.8,48.9,43.4,72.2,95.5,33.5,60.7,59.9,48.2,50,FALSE,39.3,39.3,Weak,Weak,FALSE,FALSE,NEUTRAL,Proven,36.1,-0.0014,Analyst Upside,MACD RSI ANALYST,310.81,8.36,503.57,190.14,6.09,15.3,0.1159,0.062,0.0413,0.247,0.0019,0.0142,0.0142,NA,NA,4745040000,$4.7B,29,+8.4%,-25.9%,-2.7%,+52.5%,59.9,59.9,48.2,55.94,0.04,No Signal
NBIX,141.25,186.12,122.14,2026-10-06,DRUG MANUFACTURERS - SPECIALTY & GENERIC,14554129000,20.93,14.12,3.902,6.84,6.84,0.221,0.117,0.209,0.222,3373900000,33.66,913300000,15.65,0.311,0.2312,0.381,207.81,4,21,4,0,0,101649000,NA,0.282,4.275,36.35,Neurocrine Biosciences Inc,HEALTHCARE,60,60,80,75,29,75,0.4712,69.75,141.25,155.14,177.11,126.32,138.47,-0.0895,-0.2025,0.1182,0.0201,144.651,152.8276,147.2591,39.1966,-2.2518,-2.6542,0.4023,155.6026,133.6994,0.3447,0.2837,1395390.9091,0.7162,8e-4,5e-4,-3e-4,0.0206,750,-0.0112,-0.0129,0.3271,-0.2167,FALSE,FALSE,FALSE,TRUE,Neutral,TRUE,15,20,18.5567,57.732,70,30.8634,768,-0.2947,-0.1077,-0.2113,0.5079,3e-4,0.0216,0.0876,0.2558,1,0,28.68,No Signal,0.06,3.97,Increasing,FALSE,5.8%,0,NA,NA,NA,NA,50,Unknown,FALSE,FALSE,NA,NA,NA,555833333.3333,NA,NA,NA,NA,NA,NA,555833333.3333,NA,NA,2860500000,NA,332400000,0.2312,3693600000,NA,332400000,0.2312,58,59.1,64.8,0,21.2,48.3,48.3,66.2,64.3,67.5,50,72.2,75,65.6,35.9,50,FALSE,47.9,47.9,Neutral,Neutral,TRUE,FALSE,NEUTRAL,Proven,49,3e-4,Analyst Upside,GX MACD ANALYST,141.25,-8.95,186.12,122.14,3.902,15.65,NA,0.222,0.209,0.221,0.2312,NA,NA,NA,NA,14554129000,$14.6B,20.9,-8.9%,-20.2%,+11.8%,+2%,65.6,65.6,35.9,59.35999999999999,0.06,Tier 2: Golden Cross
NDSN,326.87,338.1,220.54,2026-10-06,SPECIALTY INDUSTRIAL MACHINERY,18577967000,33.79,24.75,5.48,9.87,9.87,0.178,0.0847,0.186,0.274,2979795000,53.36,957891000,21.48,0.23,0.0305,0.972,349.71,0,4,3,0,1,55699000,0.01,1.831,6.58,58.69,Nordson Corporation,INDUSTRIALS,45,40,65,75,8,56.2,0.0699,55.62,326.87,313.94,286.6,278.09,233.76,0.0412,0.1405,0.1754,0.3983,322.165,318.0718,289.0095,55.4082,1.3445,1.2457,0.0988,339.9915,304.3385,0.632,0.1719,366713.6364,0.9759,8e-4,6e-4,-2e-4,0.0122,750,0.0017,-0.0482,0.1943,-0.2734,TRUE,TRUE,TRUE,TRUE,Neutral,TRUE,100,85,79.3814,69.0722,70,82.3789,768,-0.1899,-0.0331,0.1195,0.4921,7e-4,0.014,0.1711,0.7719,1,1,25.09,No Signal,0.03,3.89,Stable,FALSE,2.6%,0,NA,NA,NA,NA,50,Unknown,FALSE,FALSE,NA,NA,NA,586532333.3333,NA,NA,NA,NA,NA,0.4708,586532333.3333,0.4708,NA,2791687000,1539005000,113431000,0.0305,3269059000,1539005000,113431000,0.0305,63.2,68.4,50.8,36.8,80.3,61.9,61.9,41,48.4,59.3,52.3,69.6,56.2,54,77.9,50,FALSE,64.6,64.6,Neutral,Neutral,TRUE,FALSE,NEUTRAL,Proven,73.2,7e-4,Strong Trend,GX MACD RSI MA200,326.87,4.12,338.1,220.54,5.48,21.48,NA,0.274,0.186,0.178,0.0305,0.4708,0.4708,NA,NA,18577967000,$18.6B,33.8,+4.1%,+14.1%,+17.5%,+39.8%,54,54,77.9,52.4,0.03,Tier 2: Golden Cross
NEE,77.37,97.3,73.02,2026-09-29,UTILITIES - REGULATED ELECTRIC,158701224000,17.1,17.73,2.812,4.45,4.45,0.117,0.0244,0.324,0.315,28700000000,13.81,14593000000,15.14,0.531,0.531,0.644,98.74,2,10,7,1,0,2085978000,0.0315,1.555,9.34,27.39,Nextera Energy Inc,UTILITIES,75,75,65,90,20,66.2,0.2762,73.37,77.37,82.65,87.96,92.3,83.71,-0.0639,-0.1204,-0.1618,-0.0757,78.1815,82.1094,87.3421,40.3973,-2.0842,-2.3779,0.2937,82.6927,73.6703,0.4101,0.1761,12947640.9091,0.3245,8e-4,6e-4,-2e-4,0.0172,750,0.0083,0.0908,0.2736,-0.1725,FALSE,FALSE,FALSE,FALSE,Neutral,TRUE,15,45,30.9278,15.9794,70,29.9742,768,-0.3843,-0.0911,-0.1219,0.4683,-0.0016,0.0138,-0.3931,-1.7947,1,1,28.76,No Signal,0.03,4.6,Stable,FALSE,2.8%,0,NA,NA,NA,NA,50,Unknown,FALSE,FALSE,NA,NA,NA,NA,NA,NA,NA,NA,NA,1.7708,NA,1.7708,NA,NA,97785000000,1998000000,NA,55222000000,97785000000,1998000000,NA,23.3,5.2,28,36.8,35.8,22.9,22.9,77.7,78.6,45.4,11.7,90.7,66.2,60.6,22.2,50,FALSE,28.4,28.4,Very Weak,Very Weak,FALSE,FALSE,NEUTRAL,Proven,17.5,-0.0016,Analyst Upside,MACD ANALYST,77.37,-6.39,97.3,73.02,2.812,15.14,NA,0.315,0.324,0.117,0.531,1.7708,1.7708,NA,NA,158701224000,$158.7B,17.1,-6.4%,-12%,-16.2%,-7.6%,60.6,60.6,22.2,56.36,0.03,No Signal
NET,341.89,367.43,158.83,2026-10-02,SOFTWARE - INFRASTRUCTURE,123659362000,NA,178.57,77.44,-0.56,-0.56,-0.144,-0.0204,-0.0821,-0.076,2512350000,7.14,-3610000,3227.43,0,0.293,1.664,336.81,7,17,8,1,1,322619000,NA,2.377,49.68,4.552,Cloudflare Inc,TECHNOLOGY,50,20,15,20,34,70.6,-0.0149,31.06,341.89,314.18,268.4,184.02,220.95,0.0882,0.2738,0.8579,0.5474,343.2055,314.4692,238.3104,54.1766,3.4892,4.2293,-0.7401,370.8629,315.5481,0.4762,0.5028,3115881.8182,1.6629,8e-4,0.0028,0.002,0.0317,750,0.0011,0.3713,0.5038,1.0058,FALSE,TRUE,TRUE,TRUE,Neutral,FALSE,100,85,87.1134,92.268,30,85.3376,768,2.275,0.189,0.2285,0.5079,0.0039,0.043,0.9831,1.4401,1,1,16.81,No Signal,0.02,2.48,Stable,FALSE,2.4%,0,NA,NA,NA,NA,50,Unknown,FALSE,FALSE,NA,NA,0.7451,207633000,NA,NA,NA,NA,NA,NA,207633000,NA,0.7451,2167937000,NA,1663773000,0.293,1620020000,NA,1663773000,0.293,87.6,80.8,64.8,36.8,85.5,75.9,75.9,50,50,18,50,9.3,70.6,38,85.9,50,FALSE,72.6,72.6,Strong,Strong,TRUE,FALSE,NEUTRAL,Proven,83.5,0.0039,Alpha Leader,GX RSI MA200,341.89,8.82,367.43,158.83,77.44,3227.43,0.7451,-0.076,-0.0821,-0.144,0.293,NA,NA,NA,NA,123659362000,$123.7B,N/A,+8.8%,+27.4%,+85.8%,+54.7%,38,38,85.9,42.8,0.02,Tier 2: Golden Cross
NFLX,71.57,124.86,65.08,2026-10-01,ENTERTAINMENT,292724965000,21.76,18.69,9.85,3.23,3.23,0.495,0.161,0.282,0.334,48370766000,11.46,14726931000,8.64,0.111,0.1575,1.526,92.82,7,28,16,0,0,4163940000,NA,1.219,6.25,7.24,Netflix Inc,COMMUNICATION SERVICES,60,40,95,90,51,70.6,0.2969,72.06,71.57,76.03,73.37,103.16,123.107,-0.0587,-0.0245,-0.30620000000000003,-0.4186,72.018,75.3836,83.569,47.1983,-2.8855,-2.8844,-0.0011,79.2491,64.7869,0.469,0.352,35933677.2727,0.7891,8e-4,0.0011,3e-4,0.0202,750,0.0311,0.1217,0.3201,0.2455,FALSE,FALSE,FALSE,FALSE,Neutral,FALSE,15,45,53.6082,8.2474,30,31.232,768,0.018,-0.1306,-0.0279,0.4444,-0.0027,0.0223,-0.6829,-1.9322,1,4,19.81,No Signal,0.02,2.09,Decreasing,FALSE,2%,0,NA,NA,NA,NA,50,Unknown,FALSE,FALSE,NA,NA,NA,7769542666.6667,NA,NA,NA,NA,NA,0.3922,7769542666.6667,0.3922,NA,45183036000,11825548000,9099232000,0.1575,30152052000,11825548000,9099232000,0.1575,12.4,4.1,13.5,92.7,54.4,24.9,24.9,64,24.7,91.8,59.5,82.5,70.6,68.6,26.5,50,FALSE,31.8,31.8,Weak,Weak,FALSE,FALSE,NEUTRAL,Proven,22.2,-0.0027,Analyst Upside,ANALYST,71.57,-5.87,124.86,65.08,9.85,8.64,NA,0.334,0.282,0.495,0.1575,0.3922,0.3922,NA,NA,292724965000,$292.7B,21.8,-5.9%,-2.5%,-30.6%,-41.9%,68.6,68.6,26.5,61.16,0.02,No Signal
NPWR,1.24,5.2,1.29,2026-10-06,SPECIALTY INDUSTRIAL MACHINERY,122988000,NA,NA,1.811,-6.47,-6.47,-1.42,-0.106,0,0,0,0,-175326000,-13.21,0,0,1.105,2.85,0,3,1,0,0,88481000,NA,NA,4450.26,0.944,NET Power Inc.,INDUSTRIALS,50,75,15,20,4,68.8,1.2984,41.88,1.24,1.85,1.56,1.53,4.36,-0.3297,-0.2051,-0.1895,-0.7156,1.596,1.666,1.8604,26.3232,-8.4081,-5.1627,-3.2454,2.0293,1.1627,0.0892,0.5416,561704.5455,2.0898,8e-4,-0.0018,-0.0026,0.0525,750,0.0124,-0.8805,0.8338,-0.789,FALSE,FALSE,FALSE,FALSE,Oversold,FALSE,15,20,17.5258,12.8866,30,17.5851,768,-0.9537,-0.3212,-0.252,0.4444,-0.0031,0.0467,-0.7691,-1.0384,1,1,31.36,No Signal,0.03,5.96,Stable,FALSE,3.4%,0,NA,NA,NA,NA,50,Unknown,FALSE,FALSE,NA,NA,NA,-127149000,NA,NA,NA,NA,NA,NA,-127149000,NA,NA,0,NA,117933000,NA,83527000,NA,117933000,NA,9.8,19.7,13.5,36.8,14.5,16.4,16.4,50,91.2,3.1,50,16.5,68.8,40.5,7,50,FALSE,17.8,17.8,Very Weak,Very Weak,FALSE,FALSE,NEUTRAL,Proven,6.2,-0.0031,Analyst Upside,ANALYST,1.24,-32.97,5.2,1.29,1.811,-13.21,NA,0,0,-1.42,0,NA,NA,NA,NA,122988000,$123M,N/A,-33%,-20.5%,-19%,-71.6%,40.5,40.5,7,44.3,0.03,No Signal
NTRA,390.79,427.47,160.59,2026-10-02,DIAGNOSTICS & RESEARCH,59576230000,NA,5000,30.93,-1.36,-1.36,-0.125,-0.0808,-0.0711,-0.103,2707076000,19.32,-224420992,-26.8,0,0.4595,1.534,355.93,5,14,3,0,0,144144000,NA,0,20.49,12.68,Natera Inc,HEALTHCARE,50,20,15,20,22,77.3,-0.0892,31.73,390.79,330.31,269.95,201.9,173.055,0.1831,0.4476,0.9356,1.2582,387.364,342.8013,252.5672,57.1202,5.1485,6.1131,-0.9646,442.971,331.757,0.5308,0.447,1874977.2727,1.3137,8e-4,0.0033,0.0025,0.0266,750,-0.0078,0.5665,0.4221,1.4939,TRUE,TRUE,TRUE,TRUE,Neutral,FALSE,100,85,93.8144,93.299,30,87.5541,768,3.4436,0.1427,0.4075,0.5159,0.0046,0.0343,1.1553,2.1244,1,0,22.17,No Signal,0.04,3.2,Increasing,FALSE,4.4%,0,NA,NA,NA,NA,50,Unknown,FALSE,FALSE,NA,NA,NA,-35933333.3333,NA,NA,NA,NA,NA,NA,-35933333.3333,NA,NA,2306113000,NA,NA,0.4595,1821499000,NA,NA,0.4595,88.6,91.2,71.5,0,93.3,77.7,77.7,50,2.2,18.6,50,10.8,77.3,32.8,90.6,50,FALSE,74.1,74.1,Strong,Strong,TRUE,FALSE,NEUTRAL,Proven,84.5,0.0046,Alpha Leader,GX RSI MA200,390.79,18.310000000000002,427.47,160.59,30.93,-26.8,NA,-0.103,-0.0711,-0.125,0.4595,NA,NA,NA,NA,59576230000,$59.6B,N/A,+18.3%,+44.8%,+93.6%,+125.8%,32.8,32.8,90.6,39.67999999999999,0.04,Tier 2: Golden Cross
NTRS,168.5,194.86,118.61,2026-10-06,ASSET MANAGEMENT,31358597000,14.73,13.77,2.542,11.64,11.64,0.171,0.0128,0.247,0.425,9085500000,48.65,NA,NA,0.986,0.0926,1.257,185,0,2,10,1,2,182956000,0.0189,0.985,5.43,68.41,Northern Trust Corporation,FINANCIAL SERVICES,90,75,65,75,15,45,0.0979,72.75,168.5,184.69,183.55,153.99,129.99,-0.0877,-0.082,0.0942,0.2963,174.597,181.505,163.4118,32.7545,-2.1692,-1.9094,-0.2598,184.7257,164.4683,0.199,0.2157,1073531.8182,1.0061,8e-4,0.0013,5e-4,0.0135,750,0.0061,0.1325,0.214,0.6246,FALSE,FALSE,TRUE,TRUE,Neutral,FALSE,35,20,39.6907,53.0928,30,37.2758,768,0.328,-0.1114,-0.0956,0.5397,3e-4,0.0142,0.065,0.2875,1,1,21.13,No Signal,0.02,3.5,Stable,FALSE,2.1%,0,NA,NA,NA,NA,50,Unknown,FALSE,FALSE,NA,NA,NA,2460366666.6667,NA,NA,NA,NA,NA,NA,2460366666.6667,NA,NA,8086400000,NA,NA,0.0926,13401600000,NA,NA,0.0926,56.5,59.6,85,36.8,44,59.1,59.1,84.2,80.8,57.7,50,78.4,45,67.2,35.8,50,FALSE,54.7,54.7,Neutral,Neutral,TRUE,FALSE,NEUTRAL,Proven,60.3,3e-4,Consistent Beat,GX MA200,168.5,-8.77,194.86,118.61,2.542,NA,NA,0.425,0.247,0.171,0.0926,NA,NA,NA,NA,31358597000,$31.4B,14.7,-8.8%,-8.2%,+9.4%,+29.6%,67.2,67.2,35.8,60.32,0.02,Tier 2: Golden Cross
NVDA,230.48,236,163.9,2026-09-29,SEMICONDUCTORS,5434765214000,28.49,24.88,23.78,7.9,7.9,1.172,0.536,0.637,0.662,302970012000,12.48,201266004000,23.18,1.278,0.8827,2.217,327.7,9,48,2,1,0,24147000000,0.0012,0.479,17.89,9.48,NVIDIA Corporation,TECHNOLOGY,45,20,95,90,60,77.1,0.4218,64.96,230.48,223.67,210.96,189.31,192.57,0.0304,0.0925,0.2175,0.1969,226.1845,221.3926,201.9261,54.4624,1.96,1.685,0.275,242.2447,210.1243,0.6337,0.2505,107742922.7273,2.0458,8e-4,0.0026,0.0018,0.0242,750,-0.0252,0.2277,0.3839,1.1495,TRUE,TRUE,TRUE,TRUE,Neutral,TRUE,100,85,71.134,73.1959,70,80.7294,768,2.2367,0.0895,0.0435,0.4444,-0,0.0195,-1e-4,-2e-4,1,0,12.9,No Signal,0.01,2.82,Increasing,FALSE,1.3%,0,NA,NA,NA,NA,50,Unknown,FALSE,FALSE,NA,NA,0.7107,61516666666.6667,NA,NA,NA,NA,NA,0.1457,61516666666.6667,0.1457,0.7107,215938000000,33366000000,22443000000,0.8827,228984000000,33366000000,22443000000,0.8827,50.8,50.8,13.5,0,68.4,40.9,40.9,50.4,3.8,97.4,82.9,99,77.1,70.9,76.6,50,FALSE,54,54,Neutral,Neutral,TRUE,FALSE,NEUTRAL,Proven,59.8,-0,Strong Trend,GX MACD RSI MA200 ANALYST,230.48,3.04,236,163.9,23.78,23.18,0.7107,0.662,0.637,1.172,0.8827,0.1457,0.1457,NA,NA,5434765214000,$5.43T,28.5,+3%,+9.2%,+21.8%,+19.7%,70.9,70.9,76.6,62.54,0.01,Tier 2: Golden Cross
OKTA,220.21,212.5,62.66,2026-10-01,SOFTWARE - INFRASTRUCTURE,35817312000,122.68,54.35,5.15,1.67,1.67,0.0431,0.0158,0.0963,0.133,3073000000,17.45,321000000,81.69,0.757,0.1357,0.789,212.25,9,26,9,0,0,167140000,NA,1.698,10.95,39.89,Okta Inc,TECHNOLOGY,25,40,40,60,44,75,-0.0361,42.75,220.21,172.74,138.63,65.46,93.64,0.2748,0.5885,2.364,1.3517,200.7255,171.2759,114.7145,71.7322,7.2241,7.2431,-0.0189,228.7942,172.6568,0.8471,0.5814,3824554.5455,1.2548,8e-4,0.0018,0.001,0.032,750,0.0144,0.1924,0.5072,0.4819,TRUE,TRUE,TRUE,TRUE,Overbought,FALSE,100,30,98.4536,100,30,82.0361,768,0.525,0.6221,0.5353,0.5317,0.0091,0.0492,2.2877,2.9267,1,2,18.53,No Signal,0.05,1.9,Stable,FALSE,4.7%,0,NA,NA,NA,NA,50,Unknown,FALSE,FALSE,NA,NA,0.7736,707000000,NA,NA,NA,NA,NA,NA,707000000,NA,0.7736,2919000000,NA,763000000,0.1357,6973000000,NA,763000000,0.1357,99.5,99,80.8,74.1,97.9,92.9,92.9,2.9,51.1,31.4,50,49,75,37.5,92.1,50,FALSE,84.4,84.4,Very Strong,Very Strong,TRUE,FALSE,NEUTRAL,Proven,97.4,0.0091,Alpha Leader,GX MA200,220.21,27.48,212.5,62.66,5.15,81.69,0.7736,0.133,0.0963,0.0431,0.1357,NA,NA,NA,NA,35817312000,$35.8B,122.7,+27.5%,+58.9%,+236.4%,+135.2%,37.5,37.5,92.1,42.5,0.05,Tier 2: Golden Cross
OLLI,86.71,133.28,60.29,2026-10-06,DISCOUNT STORES,5230679000,19.7,19.23,2.59,4.47,4.47,0.149,0.0674,0.098,0.108,2793108000,45.87,373038000,12.89,0.434,0.1225,0.501,99.93,3,9,3,0,0,59402000,NA,2.08,1.95,31.83,Ollie's Bargain Outlet Hldg,CONSUMER DEFENSIVE,75,75,65,60,15,75,0.1525,69.75,86.71,72.38,64.9,91.69,126.48,0.198,0.3361,-0.0543,-0.3144,82.2053,78.2838,88.9536,62.8396,3.8944,3.6706,0.2239,92.6987,71.7118,0.7146,0.3828,1763531.8182,0.7765,8e-4,5e-4,-3e-4,0.0238,750,0.011,-0.0222,0.3786,-0.1793,TRUE,TRUE,FALSE,FALSE,Neutral,TRUE,55,85,88.6598,28.3505,70,65.768,768,-0.373,0.156,0.2988,0.5159,-0.0013,0.0281,-0.3193,-0.7162,1,1,41.02,Low Signal,0.15,4.9,Increasing,FALSE,15.5%,0,NA,NA,NA,NA,50,Unknown,FALSE,FALSE,NA,NA,0.405,143884333.3333,NA,NA,NA,NA,NA,7e-4,143884333.3333,7e-4,0.405,2649198000,1420000,120765000,0.1225,1895599000,1420000,120765000,0.1225,29.5,29,71.5,36.8,89.1,47.4,47.4,71.2,79.7,53.1,98.2,49.5,75,69,60.6,50,FALSE,53.8,53.8,Neutral,Neutral,FALSE,FALSE,NEUTRAL,Proven,59.3,-0.0013,Consistent Beat,MACD RSI ANALYST,86.71,19.8,133.28,60.29,2.59,12.89,0.405,0.108,0.098,0.149,0.1225,7e-4,7e-4,NA,NA,5230679000,$5.2B,19.7,+19.8%,+33.6%,-5.4%,-31.4%,69,69,60.6,61.4,0.15,Tier 5: Underdog Watch
OLMA,7.82,36.26,6.65,2026-10-06,BIOTECHNOLOGY,719668000,NA,NA,1.794,-2.12,-2.12,-0.527,-0.318,0,0,0,0,-220675008,-3.326,0,0,1.988,36.5,2,9,1,0,0,87498000,NA,NA,NA,4.923,Olema Pharmaceuticals Inc,HEALTHCARE,50,75,15,20,12,77.1,3.6675,42.71,7.82,10.36,11.91,15.93,10.68,-0.2452,-0.3434,-0.5091,-0.2678,8.9922,10.1688,15.5973,24.4999,-7.4925,-6.4587,-1.0338,10.5763,7.4082,0.13,0.4221,1316509.0909,0.8402,8e-4,0.0013,5e-4,0.0701,750,-0.0109,0.1656,1.1128,0.1195,FALSE,FALSE,FALSE,FALSE,Oversold,FALSE,15,20,3.6082,1.0309,30,11.0387,768,-0.6546,-0.2874,-0.3608,0.4048,-0.0065,0.0342,-1.6326,-3.0055,1,0,53.82,Low Signal,0.17,10.19,Decreasing,FALSE,16.8%,0,NA,NA,NA,NA,50,Unknown,FALSE,FALSE,NA,NA,NA,-104510000,NA,NA,NA,NA,NA,NA,-104510000,NA,NA,NA,NA,48599000,NA,430564000,NA,48599000,NA,0.5,0.5,4.1,0,4.7,1.8,1.8,50,91.8,8.8,50,16.5,77.1,42.8,1.2,50,FALSE,7.8,7.8,Very Weak,Very Weak,FALSE,FALSE,NEUTRAL,Proven,1,-0.0065,Analyst Upside,ANALYST,7.82,-24.52,36.26,6.65,1.794,-3.326,NA,0,0,-0.527,0,NA,NA,NA,NA,719668000,$719.7M,N/A,-24.5%,-34.3%,-50.9%,-26.8%,42.8,42.8,1.2,45.67999999999999,0.17,No Signal
ON,79.41,134.92,44.56,2026-10-06,SEMICONDUCTORS,33049258000,55.48,16.5,3.969,1.53,1.53,0.0831,0.0675,0.102,0.195,6197800000,15.57,2089900000,18.8,0.366,-0.1477,1.997,104.27,2,12,16,0,0,389319000,NA,0.165,4.754,18.54,ON Semiconductor Corporation,TECHNOLOGY,25,60,40,60,30,63.3,0.3131,45.58,79.41,70.98,95.96,71.02,49.97,0.1188,-0.1725,0.1181,0.5892,76.162,76.5464,81.0385,52.8428,2.5672,1.113,1.4542,87.1426,65.1814,0.6479,0.6675,12128422.7273,2.1067,8e-4,4e-4,-4e-4,0.0319,750,-0.0333,-0.3231,0.5068,-0.1914,TRUE,TRUE,FALSE,FALSE,Neutral,TRUE,55,85,21.134,57.2165,70,51.2835,768,-0.473,0.0765,-0.2355,0.4524,-0.0012,0.0396,-0.3113,-0.4956,1,0,27.3,No Signal,0.08,2.44,Stable,FALSE,7.7%,0,NA,NA,NA,NA,50,Unknown,FALSE,FALSE,NA,NA,0.3309,1023133333.3333,NA,NA,NA,NA,NA,0.6178,1023133333.3333,0.6178,0.3309,5995400000,4459400000,3514500000,-0.1477,7218700000,4459400000,3514500000,-0.1477,31.1,37.3,19.7,0,16.6,25.1,25.1,15.1,63.7,39.7,40.5,52.1,63.3,41.7,58.1,50,FALSE,35.5,35.5,Weak,Weak,FALSE,FALSE,NEUTRAL,Proven,29.9,-0.0012,Analyst Upside,MACD RSI ANALYST,79.41,11.88,134.92,44.56,3.969,18.8,0.3309,0.195,0.102,0.0831,-0.1477,0.6178,0.6178,NA,NA,33049258000,$33B,55.5,+11.9%,-17.2%,+11.8%,+58.9%,41.7,41.7,58.1,45.019999999999996,0.08,No Signal
ONON,34.04,51.08,26.36,2026-10-06,FOOTWEAR & ACCESSORIES,10310523000,21.88,15.82,4.33,1.41,1.41,0.239,0.0958,0.123,0.14,3220400000,9.71,490400000,12.76,0.811,0.811,2.084,43.56,8,17,5,1,0,301716000,NA,0.494,2.353,6.88,On Holding Ltd,CONSUMER CYCLICAL,60,60,80,60,31,75.8,0.2797,67.58,34.04,26.84,38.54,34.19,43.3,0.2683,-0.1168,-0.0044,-0.2139,29.6575,30.7974,37.7044,73.6138,2.7589,0.4736,2.2853,33.9691,25.3459,1.0082,0.3563,12418468.1818,1.3857,8e-4,9e-4,1e-4,0.0273,750,0.0289,-0.0602,0.4333,0.0429,TRUE,TRUE,FALSE,FALSE,Overbought,TRUE,55,30,32.4742,37.1134,70,42.4149,768,-0.331,0.1528,-0.1391,0.4524,-7e-4,0.0286,-0.1871,-0.4118,1,7,22.19,No Signal,0.09,1.88,Increasing,FALSE,9.2%,0,NA,NA,NA,NA,50,Unknown,FALSE,FALSE,NA,NA,NA,NA,NA,NA,NA,NA,NA,NA,NA,NA,NA,NA,NA,NA,NA,NA,NA,NA,NA,37.8,38.9,19.7,100,32.1,39.8,39.8,62.6,60.4,70.1,50,56.2,75.8,62.7,53.2,50,FALSE,46.5,46.5,Neutral,Neutral,FALSE,FALSE,NEUTRAL,Proven,47.4,-7e-4,Analyst Upside,MACD ANALYST,34.04,26.83,51.08,26.36,4.33,12.76,NA,0.14,0.123,0.239,0.811,NA,NA,NA,NA,10310523000,$10.3B,21.9,+26.8%,-11.7%,-0.4%,-21.4%,62.7,62.7,53.2,57.62,0.09,Tier 5: Underdog Watch
ORCL,135.69,319.46,114.5,2026-09-29,SOFTWARE - INFRASTRUCTURE,414554227000,21.49,17.76,7.07,6.38,6.38,0.412,0.0636,0.264,0.356,71776002000,24.79,34432999000,14.87,0.545,0.1278,1.732,237.97,8,28,7,1,0,3023736000,0.0143,0.807,7.81,20.44,Oracle Corporation,TECHNOLOGY,60,40,95,90,44,74.4,0.7538,72.44,135.69,161.63,140.64,155.62,296.96,-0.1605,-0.0352,-0.1281,-0.5431,142.515,145.4702,162.0255,41.6083,-1.3423,-1.2042,-0.1381,152.572,132.458,0.1607,0.4446,34443545.4545,1.5563,8e-4,8e-4,-0,0.0288,750,-0.0506,-0.122,0.4565,-0.0184,FALSE,FALSE,FALSE,FALSE,Neutral,FALSE,15,45,50,20.1031,30,32.5206,768,-0.2909,-0.096,-0.0888,0.4524,-0.0023,0.0326,-0.5791,-1.1192,1,0,10.35,No Signal,0.02,1.47,Stable,FALSE,1.6%,0,NA,NA,NA,NA,50,Unknown,FALSE,FALSE,NA,NA,NA,-4091000000,NA,NA,NA,NA,NA,1.94,-4091000000,1.94,NA,67357000000,129541000000,36369000000,0.1278,66772000000,129541000000,36369000000,0.1278,14.5,15.5,19.7,0,45.1,18.9,18.9,64.7,36.3,86.6,9,80.9,74.4,61.5,26.8,50,FALSE,27.2,27.2,Very Weak,Very Weak,FALSE,FALSE,NEUTRAL,Proven,16.5,-0.0023,Analyst Upside,ANALYST,135.69,-16.05,319.46,114.5,7.07,14.87,NA,0.356,0.264,0.412,0.1278,1.94,1.94,NA,NA,414554227000,$414.6B,21.5,-16%,-3.5%,-12.8%,-54.3%,61.5,61.5,26.8,56.9,0.02,No Signal
ORN,9.06,17.4,8.08,2026-10-06,ENGINEERING & CONSTRUCTION,376606000,116.25,22.88,2.225,0.08,0.08,0.0227,0.0107,0.004,-0.0066,896500000,22.37,32971000,14.32,-0.333,0.0942,1.389,15.32,1,5,0,0,0,40495300,NA,0.619,0.585,4.061,Orion Group Holdings Inc,INDUSTRIALS,25,75,40,40,6,79.2,0.6909,47.17,9.06,9.09,13.73,11.86,8.65,-0.0033,-0.3401,-0.2361,0.0474,8.975,9.328,11.9574,47.5972,-1.3286,-2.4079,1.0792,9.5889,8.3611,0.5692,0.4296,511559.0909,1.6039,8e-4,0.0015,7e-4,0.0396,750,0.0031,0.0629,0.6286,0.2963,TRUE,FALSE,FALSE,FALSE,Neutral,TRUE,15,45,4.1237,10.8247,70,20.9021,768,0.1044,-0.0381,-0.3713,0.4683,-0.004,0.0325,-1.0056,-1.9499,1,1,39.03,No Signal,0.06,4.12,Decreasing,FALSE,6%,0,NA,NA,NA,NA,50,Unknown,FALSE,FALSE,NA,NA,0.1239,-1314000,NA,NA,NA,NA,NA,0.603,-1314000,0.603,0.1239,852260000,99162000,2527000,0.0942,164457000,99162000,2527000,0.0942,3.1,3.6,28,36.8,4.1,11.7,11.7,5,85.7,29.9,42.3,23.7,79.2,37.5,19.3,50,FALSE,17.4,17.4,Very Weak,Very Weak,FALSE,FALSE,NEUTRAL,Proven,5.7,-0.004,Analyst Upside,MACD ANALYST,9.06,-0.33,17.4,8.08,2.225,14.32,0.1239,-0.0066,0.004,0.0227,0.0942,0.603,0.603,NA,NA,376606000,$376.6M,116.2,-0.3%,-34%,-23.6%,+4.7%,37.5,37.5,19.3,42.5,0.06,No Signal
PANW,398.5,398.88,139.57,2026-09-30,SOFTWARE - INFRASTRUCTURE,320729612000,956.32,94.34,11.7,0.41,0.41,0.0174,0.014,0.0267,0.054,11480001000,15.33,1560000000,230.88,0.605,0.1566,0.908,395.7,11,33,9,1,1,818000000,NA,2.008,27.97,33.73,Palo Alto Networks Inc,TECHNOLOGY,25,20,40,40,55,73.6,-0.007,35.61,398.5,335.1,325.91,162.51,215.17,0.1892,0.2227,1.4522,0.852,385.315,368.9904,254.7774,56.8093,3.4244,3.0536,0.3708,423.447,347.183,0.6729,0.6026,5992222.7273,1.2002,8e-4,0.0019,0.0011,0.0245,750,-0.0132,0.2271,0.3887,0.6893,TRUE,TRUE,TRUE,TRUE,Neutral,TRUE,100,85,84.0206,96.3918,70,89.2345,768,0.9292,0.1611,0.1805,0.5635,0.0061,0.0339,1.5259,2.8335,1,0,22.2,No Signal,0.03,3.37,Stable,FALSE,2.6%,0,NA,NA,NA,NA,50,Unknown,FALSE,FALSE,NA,NA,0.7342,3067066666.6667,NA,NA,NA,NA,NA,NA,3067066666.6667,NA,0.7342,9221000000,NA,2514000000,0.1566,27492000000,NA,2514000000,0.1566,95.9,97.4,92.7,0,82.4,84,84,50,19.8,28.9,50,29.4,73.6,40.1,92.8,50,FALSE,79.5,79.5,Very Strong,Very Strong,TRUE,FALSE,NEUTRAL,Proven,91.2,0.0061,Alpha Leader,GX MACD RSI MA200 α>SPY,398.5,18.92,398.88,139.57,11.7,230.88,0.7342,0.054,0.0267,0.0174,0.1566,NA,NA,NA,NA,320729612000,$320.7B,956.3,+18.9%,+22.3%,+145.2%,+85.2%,40.1,40.1,92.8,44.06,0.03,Tier 2: Golden Cross
PD,15.8,16.77,5.7,2026-10-06,SOFTWARE - APPLICATION,1206489000,7.67,10.99,5.03,2,2,0.826,0.0229,0.375,0.0823,494733000,5.88,45853000,18.42,-0.4,0.0694,0.965,12.64,0,3,4,1,1,78650000,NA,NA,2.242,2.98,Pagerduty Inc,TECHNOLOGY,90,40,95,90,9,50,-0.2,77.5,15.8,13.58,10.33,6.06,16.35,0.1635,0.5295,1.6073,-0.0336,14.8555,13.347,9.7891,67.7882,4.4575,4.6094,-0.1519,15.8842,13.8268,0.9591,0.3755,1699336.3636,1.3001,8e-4,2e-4,-6e-4,0.0316,750,0.0322,-0.2162,0.5013,-0.3091,TRUE,TRUE,TRUE,TRUE,Neutral,FALSE,100,65,96.9072,98.4536,30,86.5129,768,-0.6092,0.2818,0.5081,0.5397,0.0081,0.0482,2.0494,2.6795,1,1,44.81,Low Signal,0.1,4.27,Decreasing,FALSE,9.8%,0,NA,NA,NA,NA,50,Unknown,FALSE,FALSE,NA,NA,0.8495,98942000,NA,NA,NA,NA,NA,1.8133,98942000,1.8133,0.8495,492546000,420614000,233651000,0.0694,231961000,420614000,233651000,0.0694,99,96.4,85,36.8,96.9,89,89,100,52.7,94.8,9.9,93.8,50,73.1,95,50,FALSE,88.1,88.1,Very Strong,Very Strong,TRUE,FALSE,NEUTRAL,Proven,100,0.0081,Alpha Leader,GX RSI MA200,15.8,16.35,16.77,5.7,5.03,18.42,0.8495,0.0823,0.375,0.826,0.0694,1.8133,1.8133,NA,NA,1206489000,$1.2B,7.7,+16.4%,+52.9%,+160.7%,-3.4%,73.1,73.1,95,63.85999999999999,0.1,Tier 2: Golden Cross
PEP,128.34,166.41,126.72,2026-09-29,BEVERAGES - NON-ALCOHOLIC,175708586000,16.86,14.86,8.3,7.63,7.63,0.515,0.0893,0.108,0.168,96904004000,70.89,18882001000,12.12,1.37,0.0133,0.361,153.86,4,3,16,1,0,1366000000,0.0449,1.376,2.331,16.18,PepsiCo Inc,CONSUMER DEFENSIVE,75,40,95,60,24,60.4,0.1988,70.29,128.34,136.69,137.38,155.88,144.71,-0.0611,-0.0658,-0.1767,-0.1131,129.624,135.7996,146.7858,42.2232,-2.3811,-2.3457,-0.0354,137.069,122.179,0.4138,0.2074,10196390.9091,0.0824,8e-4,-2e-4,-0.001,0.0154,750,0.0415,-0.0763,0.2444,-1.0793,FALSE,FALSE,FALSE,FALSE,Neutral,FALSE,15,45,44.8454,14.433,30,29.8402,768,-0.6168,-0.1076,-0.0599,0.4444,-0.0013,0.0134,-0.3224,-1.5208,1,1,20.52,No Signal,0.02,2.34,Decreasing,FALSE,1.7%,0,NA,NA,NA,NA,50,Unknown,FALSE,FALSE,NA,NA,0.5415,7595000000,NA,NA,NA,NA,NA,1.9703,7595000000,1.9703,0.5415,93925000000,43921000000,10675000000,0.0133,22292000000,43921000000,10675000000,0.0133,28.5,10.4,13.5,36.8,49.7,25,25,78.4,29.1,92.3,8.1,53.1,60.4,59.3,22.6,50,FALSE,29.6,29.6,Very Weak,Very Weak,FALSE,FALSE,NEUTRAL,Proven,19.6,-0.0013,Analyst Upside,ANALYST,128.34,-6.11,166.41,126.72,8.3,12.12,0.5415,0.168,0.108,0.515,0.0133,1.9703,1.9703,NA,NA,175708586000,$175.7B,16.9,-6.1%,-6.6%,-17.7%,-11.3%,59.3,59.3,22.6,55.58,0.02,No Signal
PG,150.59,164.77,134.62,2026-09-29,HOUSEHOLD & PERSONAL PRODUCTS,339644383000,22.09,21.23,6.46,6.62,6.62,0.303,0.107,0.184,0.221,87031996000,37.29,24752001000,15.16,-0.155,0.0138,0.377,160.61,6,7,12,0,0,2322672000,0.0292,3.792,4.253,22.95,Procter & Gamble Company,CONSUMER DEFENSIVE,60,40,95,75,25,69,0.0665,69.65,150.59,142.64,147.04,143.58,150.58,0.0557,0.0241,0.0488,1e-4,146.844,145.769,147.6944,60.8001,0.3993,0.199,0.2003,149.9435,143.7445,1.1043,0.1742,8494609.0909,0.0993,8e-4,1e-4,-7e-4,0.0142,750,0.023,0.0133,0.226,-0.7553,TRUE,TRUE,TRUE,FALSE,Neutral,TRUE,80,85,59.7938,46.3918,70,66.9665,768,-0.4725,0.027,0.0245,0.5476,3e-4,0.0128,0.0773,0.3793,1,1,16.23,No Signal,0.01,3.24,Stable,FALSE,1.1%,0,NA,NA,NA,NA,50,Unknown,FALSE,FALSE,NA,NA,NA,14784666666.6667,NA,NA,NA,NA,NA,0.5395,14784666666.6667,0.5395,NA,84284000000,29299000000,NA,0.0138,54311000000,29299000000,NA,0.0138,57.5,62.2,87.6,36.8,63.2,63.5,63.5,61.9,39.6,79.4,46.8,68.6,69,62.8,65.2,50,FALSE,63.8,63.8,Neutral,Neutral,FALSE,FALSE,NEUTRAL,Proven,70.6,3e-4,Consistent Beat,MACD RSI MA200,150.59,5.57,164.77,134.62,6.46,15.16,NA,0.221,0.184,0.303,0.0138,0.5395,0.5395,NA,NA,339644383000,$339.6B,22.1,+5.6%,+2.4%,+4.9%,+0%,62.8,62.8,65.2,57.68,0.01,Tier 5: Underdog Watch
PINS,20.53,35.42,13.84,2026-09-30,INTERNET CONTENT & INFORMATION,10312496000,55.79,8.02,3.611,0.33,0.33,0.0646,0.0351,0.0546,-0.0346,4555720000,7.16,316556000,32.46,-0.846,0.1755,0.894,29.05,2,17,20,0,0,481750000,NA,0.238,2.276,5.12,Pinterest Inc,COMMUNICATION SERVICES,25,60,40,40,39,63.5,0.415,42.6,20.53,18.28,22.52,18.02,31.87,0.1231,-0.0884,0.1393,-0.3558,19.1185,21.2922,21.11,56.0047,-1.1513,-2.9108,1.7595,20.4601,17.7769,1.0261,0.4049,15234745.4545,1.2336,8e-4,0,-8e-4,0.0285,750,0.0151,-0.2416,0.4526,-0.4283,TRUE,FALSE,FALSE,TRUE,Neutral,TRUE,15,85,37.1134,62.8866,70,47.2113,768,-0.5356,-0.128,-0.1073,0.5238,6e-4,0.03,0.154,0.3228,1,2,36.71,No Signal,0.09,2.75,Decreasing,FALSE,9.4%,0,NA,NA,NA,NA,50,Unknown,FALSE,FALSE,NA,NA,NA,932258333.3333,NA,NA,NA,NA,NA,NA,932258333.3333,NA,NA,4221767000,NA,422484000,0.1755,2893898000,NA,422484000,0.1755,62.2,60.6,78.2,74.1,39.9,62.8,62.8,13.7,67.6,35.6,50,39.2,63.5,40.4,59.1,50,FALSE,58.6,58.6,Neutral,Neutral,TRUE,FALSE,NEUTRAL,Proven,64.9,6e-4,Consistent Beat,GX MACD RSI ANALYST,20.53,12.31,35.42,13.84,3.611,32.46,NA,-0.0346,0.0546,0.0646,0.1755,NA,NA,NA,NA,10312496000,$10.3B,55.8,+12.3%,-8.8%,+13.9%,-35.6%,40.4,40.4,59.1,44.239999999999995,0.09,Tier 2: Golden Cross
PLNT,44.03,114.26,37.03,2026-10-06,LEISURE,3216766000,14.43,10.76,139.36,2.94,2.94,0,0.0854,0.183,0.337,1301656000,16.14,577783000,9.19,0.261,0.1117,1.012,65.6,3,9,6,0,0,75217000,NA,0.917,4.017,-8.15,Planet Fitness Inc,CONSUMER CYCLICAL,90,20,15,75,18,70.8,0.4899,49.33,44.03,49.88,51.33,70.24,94.27,-0.1173,-0.1422,-0.3731,-0.5329,44.7675,49.1538,66.4556,43.9849,-4.6348,-5.1077,0.4729,52.5945,36.9405,0.4529,0.5191,2793390.9091,0.5803,8e-4,1e-4,-7e-4,0.0237,750,0.026,-0.092,0.3768,-0.4716,FALSE,FALSE,FALSE,FALSE,Neutral,TRUE,15,45,27.3196,4.6392,70,26.6237,768,-0.5128,-0.1828,-0.1548,0.5079,-0.0037,0.0374,-0.936,-1.577,1,3,29.51,No Signal,0.13,2.61,Increasing,FALSE,12.8%,0,NA,NA,NA,NA,50,Unknown,FALSE,FALSE,NA,NA,NA,212610333.3333,NA,NA,NA,NA,NA,NA,212610333.3333,NA,NA,1324144000,2474032000,298265000,0.1117,-612737000,2474032000,298265000,0.1117,4.7,9.3,64.8,88.6,28,29.8,29.8,85.6,50,24.2,50,68,70.8,56.2,19.2,50,FALSE,31.2,31.2,Weak,Weak,FALSE,FALSE,NEUTRAL,Proven,21.6,-0.0037,Analyst Upside,MACD ANALYST,44.03,-11.73,114.26,37.03,139.36,9.19,NA,0.337,0.183,0,0.1117,NA,NA,NA,NA,3216766000,$3.2B,14.4,-11.7%,-14.2%,-37.3%,-53.3%,56.2,56.2,19.2,53.72,0.13,No Signal
PM,200.5,207.76,138.43,2026-09-29,TOBACCO,296884666000,26.16,20.88,1318.7,7.28,7.28,0,0.146,0.256,0.4,42545000000,27.32,18015001000,18.2,-0.075,0.075,0.395,208.13,3,9,4,0,0,1558613000,0.0307,2.292,8,-5.51,Philip Morris International Inc,CONSUMER DEFENSIVE,45,20,15,90,16,73.4,0.0381,40.59,200.5,185.71,181.62,162.75,156.85,0.0796,0.104,0.232,0.2783,191.4305,189.6996,178.6149,66.1081,0.6008,0.2936,0.3073,197.3128,185.5482,1.2709,0.2177,4563440.9091,0.0773,8e-4,0.0011,3e-4,0.0179,750,0.0448,0.2724,0.2849,0.2947,TRUE,TRUE,TRUE,TRUE,Neutral,TRUE,100,65,72.6804,74.2268,70,78.3995,768,0.1252,0.0206,0.1187,0.5556,0.0024,0.0184,0.6088,2.0842,1,4,15.71,No Signal,0.01,3.64,Increasing,FALSE,1.1%,0,NA,NA,NA,NA,50,Unknown,FALSE,FALSE,NA,NA,0.6712,9773333333.3333,NA,NA,NA,NA,NA,NA,9773333333.3333,NA,0.6712,40648000000,42366000000,5999000000,0.075,-8583000000,42366000000,5999000000,0.075,82.4,90.2,90.7,92.7,79.8,86.6,86.6,54,50,24.2,50,79.4,73.4,51.2,81.2,50,FALSE,80,80,Very Strong,Very Strong,TRUE,FALSE,NEUTRAL,Proven,92.3,0.0024,Alpha Leader,GX MACD RSI MA200 α>SPY,200.5,7.960000000000001,207.76,138.43,1318.7,18.2,0.6712,0.4,0.256,0,0.075,NA,NA,NA,NA,296884666000,$296.9B,26.2,+8%,+10.4%,+23.2%,+27.8%,51.2,51.2,81.2,50.72,0.01,Tier 2: Golden Cross
PRIM,82.66,205.11,64.88,2026-10-06,ENGINEERING & CONSTRUCTION,4290480000,31.01,13.07,2.484,2.55,2.55,0.0889,0.0299,0.0192,-0.0156,7284200000,134.64,321700000,15.92,-0.605,0.1512,1.441,117.8,3,8,4,0,0,54255000,0.0042,1.217,0.693,29.84,Primoris Services Corporation,INDUSTRIALS,45,75,40,40,15,73.3,0.4251,51.58,82.66,73.85,86.6,163.9,137.51,0.1193,-0.0455,-0.4957,-0.3989,76.7345,78.0912,118.1028,60.8384,1.4566,-0.1957,1.6523,83.7774,69.6916,0.9207,0.3989,1364627.2727,1.5031,8e-4,0.002,0.0012,0.0338,750,0.0103,0.2075,0.537,0.5778,TRUE,TRUE,FALSE,FALSE,Neutral,TRUE,55,85,47.9381,1.5464,70,48.1907,768,0.4841,0.0467,-0.0816,0.4921,-0.0047,0.0617,-1.1806,-1.2051,1,1,41.27,Low Signal,0.09,3.69,Decreasing,FALSE,9.3%,0,NA,NA,NA,NA,50,Unknown,FALSE,FALSE,NA,NA,0.1073,272600000,NA,NA,NA,NA,NA,0.4962,272600000,0.4962,0.1073,7574900000,797000000,218200000,0.1512,1606300000,797000000,218200000,0.1512,2.1,14,50.8,36.8,47.2,25,25,46,82.4,41.2,48.6,25.8,73.3,49.6,43.5,50,FALSE,33.1,33.1,Weak,Weak,FALSE,FALSE,NEUTRAL,Proven,26.8,-0.0047,Analyst Upside,MACD RSI ANALYST,82.66,11.93,205.11,64.88,2.484,15.92,0.1073,-0.0156,0.0192,0.0889,0.1512,0.4962,0.4962,NA,NA,4290480000,$4.3B,31,+11.9%,-4.6%,-49.6%,-39.9%,49.6,49.6,43.5,49.76,0.09,No Signal
PRPL,1.88,24.09,2.05,2026-10-06,"FURNISHINGS, FIXTURES & APPLIANCES",9169900,NA,285.71,1.736,-11.32,-11.32,-102.71,-0.0662,-0.107,-0.0433,453454000,104.56,-12222000,28.86,-0.602,-0.0418,1.403,25,0,1,2,0,0,4353100,NA,3.696,0.448,-14.65,Purple Innovation Inc,CONSUMER CYCLICAL,50,75,15,20,3,58.3,12.2979,40.83,1.88,3.63,8.2,15.325,23.125,-0.4821,-0.7707,-0.8773,-0.9187,2.4798,4.6065,11.7029,23.5257,-23.3285,-23.2802,-0.0483,3.2707,1.6888,0.1208,1.5446,54677.2727,1.4894,8e-4,-0.0021,-0.0029,0.0593,750,-0.0115,-0.8303,0.9418,-0.7755,FALSE,FALSE,FALSE,FALSE,Oversold,FALSE,15,20,0,0,30,9.75,768,-0.9803,-0.6065,-0.7799,0.3651,-0.0163,0.0611,-4.1105,-4.2386,1,0,14.67,No Signal,0.03,2.11,Increasing,FALSE,3.5%,0,NA,NA,NA,NA,50,Unknown,FALSE,FALSE,NA,NA,0.4023,-45352000,NA,NA,NA,NA,NA,NA,-45352000,NA,0.4023,468725000,126679000,23300000,-0.0418,-63767000,126679000,23300000,-0.0418,0,0,0,0,0,0,0,50,92.9,0,50,8.2,58.3,37.6,0.3,50,FALSE,5.7,5.7,Very Weak,Very Weak,FALSE,FALSE,NEUTRAL,Proven,0,-0.0163,Analyst Upside,ANALYST,1.88,-48.209999999999994,24.09,2.05,1.736,28.86,0.4023,-0.0433,-0.107,-102.71,-0.0418,NA,NA,NA,NA,9169900,$9.2M,N/A,-48.2%,-77.1%,-87.7%,-91.9%,37.6,37.6,0.3,42.56,0.03,No Signal
PTGX,139.91,160.81,62.24,2026-10-06,BIOTECHNOLOGY,9063042000,134.67,36.9,10.67,1.04,1.04,0.11,0.0455,0.294,0.744,281992000,4.358,59883000,137.02,3.513,3.513,1.794,174.69,3,10,0,0,0,64708000,NA,0,29.1,13.01,Protagonist Therapeutics Inc,HEALTHCARE,25,20,65,90,13,80.8,0.2486,51.33,139.91,145.09,131.42,97.57,67.04,-0.0357,0.0646,0.4339,1.087,142.0275,145.3538,112.2698,44.7525,-1.0213,-0.9199,-0.1014,147.7123,136.3427,0.3138,0.2691,788395.4545,0.4756,8e-4,0.0035,0.0027,0.0347,750,-0.0029,0.7805,0.5508,1.2225,FALSE,FALSE,TRUE,TRUE,Neutral,FALSE,35,45,65.9794,83.5052,30,54.9948,768,3.3419,-0.0857,0.0426,0.4921,0.0018,0.0262,0.4601,1.1048,1,0,44.82,Low Signal,0.14,11.49,Increasing,FALSE,14.4%,0,NA,NA,NA,NA,50,Unknown,FALSE,FALSE,NA,NA,NA,56011000,NA,NA,NA,NA,NA,NA,56011000,NA,NA,NA,NA,420078000,NA,841543000,NA,420078000,NA,76.2,75.1,50.8,0,66.8,61.8,61.8,2.2,22,43.3,50,86.1,80.8,42.7,62.8,50,FALSE,59.2,59.2,Neutral,Neutral,TRUE,FALSE,NEUTRAL,Proven,66,0.0018,Alpha Leader,GX MA200 ANALYST,139.91,-3.5700000000000003,160.81,62.24,10.67,137.02,NA,0.744,0.294,0.11,3.513,NA,NA,NA,NA,9063042000,$9.1B,134.7,-3.6%,+6.5%,+43.4%,+108.7%,42.7,42.7,62.8,45.620000000000005,0.14,Tier 2: Golden Cross
QBTS,14.6,46.75,12.75,2026-09-26,COMPUTER HARDWARE,6635873000,NA,NA,5.89,-0.7,-0.7,-0.28,-0.106,0,-17.32,12425000,0.035,-161195008,-2.065,0,0.6755,2.14,34.65,1,15,1,0,0,376451000,NA,NA,473.51,2.911,D-Wave Quantum Inc. Common Stock,TECHNOLOGY,50,40,15,20,17,75,1.3733,35.5,14.6,17.12,20.09,14.65,35.07,-0.1472,-0.2733,-0.0034,-0.5837,16.5715,17.9701,20.6053,32.9915,-4.1739,-3.2095,-0.9645,18.2153,14.9277,-0.0997,0.523,15552763.6364,2.8247,8e-4,0.0069,0.0061,0.0815,750,-0.0365,1.1697,1.2944,1.1915,FALSE,FALSE,FALSE,FALSE,Neutral,FALSE,15,20,8.2474,38.1443,30,19.8531,768,8.0669,-0.1732,-0.3411,0.3968,-0.0024,0.0579,-0.6086,-0.6621,1,0,43.16,Low Signal,0.19,4.24,Stable,FALSE,18.8%,0,NA,NA,NA,NA,50,Unknown,FALSE,FALSE,NA,NA,0.8259,-60608333.3333,NA,NA,NA,NA,NA,0.0322,-60608333.3333,0.0322,0.8259,24587000,34886000,296642000,0.6755,1083110000,34886000,296642000,0.6755,14,30.1,2.6,0,6.2,13.2,13.2,50,45.6,13.4,92.8,16.5,75,44.2,19.1,50,FALSE,19.3,19.3,Very Weak,Very Weak,FALSE,FALSE,NEUTRAL,Proven,7.7,-0.0024,Analyst Upside,ANALYST,14.6,-14.719999999999999,46.75,12.75,5.89,-2.065,0.8259,-17.32,0,-0.28,0.6755,0.0322,0.0322,NA,NA,6635873000,$6.6B,N/A,-14.7%,-27.3%,-0.3%,-58.4%,44.2,44.2,19.1,46.519999999999996,0.19,No Signal
QCOM,176.01,257.56,120.88,2026-09-29,SEMICONDUCTORS,215716184000,23.08,19.65,7.66,8.75,8.75,0.338,0.116,0.21,0.185,44068999000,41.28,11999000000,16.15,-0.23,0.1119,1.679,194.13,2,9,23,1,2,1068060000,0.0185,0.88,4.938,26.17,Qualcomm Incorporated,TECHNOLOGY,60,40,95,75,37,55.4,0.1029,68.29,176.01,176.4,189.16,131.24,165.66,-0.0022,-0.0695,0.3411,0.0625,186.2345,172.634,169.3442,44.8687,0.6443,1.9007,-1.2564,200.7566,171.7124,0.148,0.5702,13903990.9091,1.7055,8e-4,0.001,2e-4,0.023,750,-0.002,-0.0994,0.3651,0.1225,FALSE,TRUE,TRUE,TRUE,Neutral,FALSE,100,45,43.8144,79.8969,30,63.8737,768,-0.0646,0.0657,-0.1343,0.4921,4e-4,0.0371,0.1035,0.1758,1,1,23.8,No Signal,0.03,2.22,Decreasing,FALSE,3.3%,0,NA,NA,NA,NA,50,Unknown,FALSE,FALSE,NA,NA,NA,11276666666.6667,NA,NA,NA,NA,NA,0.6075,11276666666.6667,0.6075,NA,44284000000,16802000000,4533000000,0.1119,27658000000,16802000000,4533000000,0.1119,59.6,56,50.8,36.8,33.2,50.7,50.7,61.2,31.9,82,41.4,72.7,55.4,60.8,66,50,FALSE,55.9,55.9,Neutral,Neutral,TRUE,FALSE,NEUTRAL,Proven,60.8,4e-4,Balanced,GX MA200 ANALYST,176.01,-0.22,257.56,120.88,7.66,16.15,NA,0.185,0.21,0.338,0.1119,0.6075,0.6075,NA,NA,215716184000,$215.7B,23.1,-0.2%,-7%,+34.1%,+6.2%,60.8,60.8,66,56.48,0.03,Tier 2: Golden Cross
QRVO,107.98,121.09,74.92,2026-09-30,SEMICONDUCTORS,10259755000,27.36,15.41,3.039,4.25,4.25,0.116,0.0671,0.11,0.158,3644534000,39.89,885481000,13.77,2.556,-0.0121,1.455,90.17,1,1,16,1,0,88218000,NA,1.101,2.955,39.36,Qorvo Inc,TECHNOLOGY,45,60,65,60,19,52.6,-0.1649,57.01,107.98,107.98,89.5,89.5,89.5,0,0.2065,0.2065,0.2065,NA,NA,NA,NA,NA,NA,NA,NA,NA,NA,NA,1783069,NA,2e-4,0.0493,0.0451,0.0585,4,0.1213,NA,0.9285,12.2526,NA,NA,NA,NA,Neutral,NA,15,50,82.4742,71.6495,NA,NA,740,-0.2986,0.2663,0.0653,0.4762,0.0018,0.0269,0.4625,1.0817,1,0,30.12,No Signal,0.05,2.73,Decreasing,FALSE,5.2%,0,NA,NA,NA,NA,50,Unknown,FALSE,FALSE,NA,NA,0.4589,623374000,NA,NA,NA,NA,NA,0.4462,623374000,0.4462,0.4589,3678517000,1549138000,1328943000,-0.0121,3471925000,1549138000,1328943000,-0.0121,76.7,74.1,35.8,0,71.5,59.4,59.4,52.5,73.6,44.8,55.9,53.6,52.6,54,50,50,FALSE,56.3,56.3,Neutral,Neutral,FALSE,FALSE,NEUTRAL,Proven,61.3,0.0018,Alpha Leader,,107.98,0,121.09,74.92,3.039,13.77,0.4589,0.158,0.11,0.116,-0.0121,0.4462,0.4462,NA,NA,10259755000,$10.3B,27.4,+0%,+20.6%,+20.6%,+20.6%,54,54,50,52.4,0.05,Tier 5: Underdog Watch
RARE,15.29,39.89,12.73,2026-09-26,BIOTECHNOLOGY,1456158000,NA,NA,19.68,-5.78,-5.78,-6.08,-0.242,-0.817,-0.35,717000000,7.13,-465000000,-6.46,0,0.2453,0.315,28.05,5,13,2,0,0,98589000,NA,-0.24,1.149,-2.96,Ultragenyx,HEALTHCARE,50,20,15,20,20,78.8,0.8345,31.88,15.29,14.31,33.82,23.63,31.66,0.0685,-0.5479,-0.3529,-0.5171,14.5578,20.2775,23.7112,41.6843,-8.6759,-11.0205,2.3446,15.917,13.1985,0.7694,0.694,5550340.9091,1.0517,8e-4,-3e-4,-0.0011,0.0377,750,0.0311,-0.2843,0.5991,-0.457,TRUE,FALSE,FALSE,FALSE,Neutral,TRUE,15,45,1.0309,6.701,70,19.1495,768,-0.7679,-0.4319,-0.5584,0.4524,-0.0027,0.0507,-0.687,-0.8531,1,2,34.41,No Signal,0.21,3.13,Increasing,FALSE,20.6%,0,NA,NA,NA,NA,50,Unknown,FALSE,FALSE,NA,NA,NA,-470666666.6667,NA,NA,NA,NA,NA,NA,-470666666.6667,NA,NA,673000000,NA,125000000,0.2453,-291000000,NA,125000000,0.2453,11.9,24.4,19.7,74.1,1,21.2,21.2,50,7.1,1.5,50,1,78.8,27.8,12.4,50,FALSE,20.1,20.1,Very Weak,Very Weak,FALSE,FALSE,NEUTRAL,Proven,8.2,-0.0027,Analyst Upside,MACD ANALYST,15.29,6.8500000000000005,39.89,12.73,19.68,-6.46,NA,-0.35,-0.817,-6.08,0.2453,NA,NA,NA,NA,1456158000,$1.5B,N/A,+6.9%,-54.8%,-35.3%,-51.7%,27.8,27.8,12.4,36.68,0.21,No Signal
RBLX,45.52,142,33.88,2026-09-26,ELECTRONIC GAMING & MULTIMEDIA,34882978000,NA,192.31,230.25,-1.41,-1.41,-4.323,-0.0773,-0.176,-0.133,5685551000,8.04,-843521984,-24.79,0,0.3218,1.474,48.97,4,14,15,2,0,669993000,NA,8.18,5.95,0.213,Roblox Corp,COMMUNICATION SERVICES,50,20,15,20,35,64.3,0.0758,30.43,45.52,44.52,55.35,57.66,126.43,0.0225,-0.1776,-0.2105,-0.64,46.488,42.1666,54.6272,51.9703,0.6387,1.1035,-0.4647,52.445,40.531,0.4188,0.7423,12030177.2727,1.269,8e-4,0.0011,3e-4,0.0335,750,-0.0149,0.0249,0.5315,0.1503,FALSE,TRUE,FALSE,FALSE,Neutral,FALSE,55,85,20.6186,11.8557,30,38.0567,768,-0.0481,0.2005,-0.2039,0.5159,-0.0016,0.0472,-0.4019,-0.5365,1,0,15.27,No Signal,0.04,2.03,Increasing,FALSE,4.1%,0,NA,NA,NA,NA,50,Unknown,FALSE,FALSE,NA,NA,NA,711854333.3333,NA,NA,NA,NA,NA,6.6382,711854333.3333,6.6382,NA,4890551000,1009000000,991000000,0.3218,152000000,1009000000,991000000,0.3218,22.8,35.2,71.5,0,22.8,33.4,33.4,50,50,2.1,0.9,5.7,64.3,25.4,34,50,FALSE,32.3,32.3,Weak,Weak,FALSE,FALSE,NEUTRAL,Proven,23.7,-0.0016,Consistent Beat,RSI,45.52,2.25,142,33.88,230.25,-24.79,NA,-0.133,-0.176,-4.323,0.3218,6.6382,6.6382,NA,NA,34882978000,$34.9B,N/A,+2.2%,-17.8%,-21%,-64%,25.4,25.4,34,35.239999999999995,0.04,No Signal
RGTI,14.14,58.15,12.53,2026-09-26,COMPUTER HARDWARE,5507184000,NA,NA,9.94,-0.86,-0.86,-0.438,-0.0945,0,-5.46,13353000,0.04,-87229000,1.29,0,0,2.01,28.81,1,8,4,0,0,333769000,NA,NA,371.15,1.611,Rigetti Computing Inc,TECHNOLOGY,50,40,15,20,13,69.2,1.0375,34.92,14.14,15.24,16.54,15.13,47.11,-0.0722,-0.1451,-0.0654,-0.6999,15.5868,16.1722,18.157,34.9868,-2.202,-1.2345,-0.9674,16.924,14.2495,-0.041,0.4701,15678763.6364,2.9737,8e-4,0.0064,0.0056,0.0818,750,-0.0266,0.9968,1.2983,1.0782,FALSE,FALSE,FALSE,FALSE,Neutral,FALSE,15,20,26.2887,27.8351,30,23.2036,768,3.9839,-0.1201,-0.223,0.4286,-0.0032,0.0514,-0.8071,-0.9884,1,0,38.73,No Signal,0.2,3.91,Increasing,FALSE,19.7%,0,NA,NA,NA,NA,50,Unknown,FALSE,FALSE,NA,NA,NA,-66194000,NA,NA,NA,NA,NA,NA,-66194000,NA,NA,NA,NA,27763000,NA,537434000,NA,27763000,NA,9.3,20.7,8.8,0,18.1,12.4,12.4,50,24.2,10.3,50,16.5,69.2,33.6,18,50,FALSE,16.9,16.9,Very Weak,Very Weak,FALSE,FALSE,NEUTRAL,Proven,4.6,-0.0032,Analyst Upside,ANALYST,14.14,-7.22,58.15,12.53,9.94,1.29,NA,-5.46,0,-0.438,0,NA,NA,NA,NA,5507184000,$5.5B,N/A,-7.2%,-14.5%,-6.5%,-70%,33.6,33.6,18,40.16,0.2,No Signal
RJF,158.6,182.11,137.85,2026-10-02,ASSET MANAGEMENT,30355642000,13.76,11.35,2.414,11.48,11.48,0.184,0.0258,0.151,0.193,15239999000,77.55,NA,NA,0.42,0.1067,0.917,186,3,3,9,0,0,192100000,0.0133,0.782,2.327,66.1,Raymond James Financial Inc.,FINANCIAL SERVICES,90,75,65,75,15,65,0.1728,74.75,158.6,175.47,168.12,150.37,164.15,-0.0961,-0.0566,0.0547,-0.0338,162.031,171.3344,160.8412,38.4264,-2.2566,-2.2783,0.0217,170.9816,153.0804,0.3083,0.2026,1293881.8182,0.9088,8e-4,7e-4,-1e-4,0.0137,750,0.0128,0.0021,0.2174,-0.0762,FALSE,FALSE,FALSE,TRUE,Neutral,TRUE,15,20,46.9072,46.9072,70,37.2036,768,-0.161,-0.1116,-0.068,0.5159,1e-4,0.0146,0.0349,0.1508,1,1,34.99,No Signal,0.03,4.35,Decreasing,FALSE,3.4%,0,NA,NA,NA,NA,50,Unknown,FALSE,FALSE,NA,NA,NA,169666666.6667,NA,NA,NA,NA,NA,0.0748,169666666.6667,0.0748,NA,15912000000,950000000,9977000000,0.1067,12699000000,950000000,9977000000,0.1067,52.3,54.9,71.5,36.8,48.2,54.6,54.6,87.8,83.5,61.3,90.1,61.3,65,74.7,35.8,50,FALSE,53.1,53.1,Neutral,Neutral,TRUE,FALSE,NEUTRAL,Proven,57.2,1e-4,Consistent Beat,GX MACD ANALYST,158.6,-9.610000000000001,182.11,137.85,2.414,NA,NA,0.193,0.151,0.184,0.1067,0.0748,0.0748,NA,NA,30355642000,$30.4B,13.8,-9.6%,-5.7%,+5.5%,-3.4%,74.7,74.7,35.8,64.82,0.03,Tier 2: Golden Cross
ROAD,88.33,151,88.73,2026-09-26,ENGINEERING & CONSTRUCTION,5099487000,36.67,24.51,5.1,2.45,2.45,0.15,0.0634,0.041,0.107,3477932000,62.43,507135000,15.01,0.342,0.3412,0.899,142.57,0,5,1,0,0,48206400,NA,1.567,2.043,18.43,Construction Partners Inc,INDUSTRIALS,25,40,65,40,6,70.8,0.6141,46.83,88.33,98.17,94.89,115.74,121.305,-0.1002,-0.0691,-0.2368,-0.2718,92.9935,103.0105,113.2715,37.1049,-3.8447,-3.9614,0.1167,98.8342,87.1528,0.1008,0.4134,625163.6364,1.539,8e-4,0.0015,7e-4,0.0262,750,-1e-4,0.0594,0.4157,0.4078,FALSE,FALSE,FALSE,FALSE,Neutral,TRUE,15,20,44.3299,9.7938,70,29.0077,768,0.4729,-0.2355,-0.1089,0.4048,-0.0036,0.0335,-0.9047,-1.7004,1,1,42.73,Low Signal,0.07,4.59,Decreasing,FALSE,6.7%,0,NA,NA,NA,NA,50,Unknown,FALSE,FALSE,NA,NA,0.1561,111289333.3333,NA,NA,NA,NA,NA,1.7163,111289333.3333,1.7163,0.1561,2812356000,1786166000,94547000,0.3412,1040736000,1786166000,94547000,0.3412,5.7,7.3,4.1,36.8,39.4,13.9,13.9,36,51.6,53.6,13.5,33,70.8,42.1,17.8,50,FALSE,19.1,19.1,Very Weak,Very Weak,FALSE,FALSE,NEUTRAL,Proven,7.2,-0.0036,Analyst Upside,MACD ANALYST,88.33,-10.02,151,88.73,5.1,15.01,0.1561,0.107,0.041,0.15,0.3412,1.7163,1.7163,NA,NA,5099487000,$5.1B,36.7,-10%,-6.9%,-23.7%,-27.2%,42.1,42.1,17.8,45.260000000000005,0.07,No Signal
ROKU,153.81,159.89,78.53,2026-10-02,ENTERTAINMENT,22615200000,64.53,39.06,8.07,2.36,2.36,0.131,0.0425,0.0682,0.122,5209110000,35.26,578996000,28.34,14.43,0.166,2.05,162.33,1,6,20,0,0,132141000,NA,0.598,3.976,19.03,Roku Inc,COMMUNICATION SERVICES,25,40,65,40,27,57.4,0.0554,45.49,153.81,152.9,140.69,103.32,97.14,0.006,0.0933,0.4887,0.5834,153.6332,153.9352,124.12,51.8436,-0.2222,-0.155,-0.0672,156.6337,150.6328,0.5295,0.1052,1922859.0909,1.8965,8e-4,0.0016,8e-4,0.0309,750,0.0113,0.023,0.4913,0.4195,TRUE,FALSE,TRUE,TRUE,Neutral,FALSE,35,85,71.6495,84.5361,30,62.9021,768,0.2302,-0.0409,0.0648,0.4762,0.0027,0.0227,0.67,1.8614,1,2,35.89,No Signal,0.07,5.67,Increasing,FALSE,7.3%,0,NA,NA,NA,NA,50,Unknown,FALSE,FALSE,NA,NA,0.4379,288219666.6667,NA,NA,NA,NA,NA,NA,288219666.6667,NA,0.4379,4737251000,NA,2001815000,0.166,2823452000,NA,2001815000,0.166,85,85.5,35.8,74.1,70.5,72,72,11.5,29.7,49,50,42.3,57.4,38.2,70.1,50,FALSE,66.5,66.5,Strong,Strong,TRUE,FALSE,NEUTRAL,Proven,75.8,0.0027,Alpha Leader,GX RSI MA200,153.81,0.6,159.89,78.53,8.07,28.34,0.4379,0.122,0.0682,0.131,0.166,NA,NA,NA,NA,22615200000,$22.6B,64.5,+0.6%,+9.3%,+48.9%,+58.3%,38.2,38.2,70.1,42.92,0.07,Tier 2: Golden Cross
RTX,184.32,226.41,153.36,2026-09-30,AEROSPACE & DEFENSE,252920283000,33.33,24.57,3.878,5.63,5.63,0.123,0.0421,0.0828,0.127,93499998000,69.43,15895000000,17.9,0.287,0.1338,0.287,234.14,4,11,8,0,0,1347758000,0.0146,2.215,3.08,49.25,RTX Corporation,INDUSTRIALS,45,60,65,60,23,70.7,0.2703,58.82,184.32,197.55,195.93,201.41,162.18,-0.067,-0.0593,-0.0849,0.1365,189.528,203.871,194.9864,32.7237,-2.8678,-2.7755,-0.0924,199.5942,179.4618,0.2413,0.159,4027640.9091,0.4269,8e-4,0.0013,5e-4,0.0155,750,0.0268,0.2512,0.2456,0.5461,FALSE,FALSE,FALSE,TRUE,Neutral,FALSE,15,20,46.3918,25.2577,30,28.7191,768,0.339,-0.1403,-0.0596,0.4683,-7e-4,0.0165,-0.1642,-0.6264,1,1,15.56,No Signal,0.01,3.17,Stable,FALSE,1%,0,NA,NA,NA,NA,50,Unknown,FALSE,FALSE,NA,NA,NA,5980666666.6667,NA,NA,NA,NA,NA,0.48,5980666666.6667,0.48,NA,80738000000,31858000000,8305000000,0.1338,66377000000,31858000000,8305000000,0.1338,39.9,32.1,28,36.8,50.3,36.8,36.8,41.7,64.8,46.4,49.5,44.8,70.7,50.4,20.8,50,FALSE,35,35,Weak,Weak,TRUE,FALSE,NEUTRAL,Proven,29.4,-7e-4,Analyst Upside,GX ANALYST,184.32,-6.7,226.41,153.36,3.878,17.9,NA,0.127,0.0828,0.123,0.1338,0.48,0.48,NA,NA,252920283000,$252.9B,33.3,-6.7%,-5.9%,-8.5%,+13.7%,50.4,50.4,20.8,50.239999999999995,0.01,Tier 2: Golden Cross
RXRX,3.95,7.18,2.77,2026-09-26,BIOTECHNOLOGY,2086094000,NA,NA,2.168,-1,-1,-0.566,-0.273,0,-17.6,54856000,0.108,-471604000,-5.31,0,0.2944,1.071,7.22,2,1,4,0,0,535342000,NA,NA,28.26,1.71,Recursion Pharmaceuticals Inc,HEALTHCARE,50,75,15,20,7,67.9,0.8278,41.79,3.95,3.215,3.56,3.42,5.91,0.2286,0.1096,0.155,-0.3316,3.872,3.5311,3.573,51.8082,6.1262,5.6226,0.5036,4.7105,3.0335,0.5465,1.05,27029554.5455,2.7176,8e-4,7e-4,-1e-4,0.0496,750,-0.0707,-0.3839,0.7875,-0.042,TRUE,TRUE,TRUE,FALSE,Neutral,TRUE,80,85,75.2577,65.4639,70,75.4201,768,-0.7032,0.1238,0.0392,0.4206,-8e-4,0.0407,-0.2044,-0.3163,1,0,53.72,Low Signal,0.3,6.13,Decreasing,FALSE,29.5%,0,NA,NA,NA,NA,50,Unknown,FALSE,FALSE,NA,NA,NA,-350293666.6667,NA,NA,NA,NA,NA,0.0052,-350293666.6667,0.0052,NA,74681000,4753000,545683000,0.2944,915003000,4753000,545683000,0.2944,35.8,42,6.2,0,65.3,32.3,32.3,50,86.8,7.7,96.4,16.5,67.9,47.9,68.7,50,FALSE,43.4,43.4,Weak,Weak,FALSE,FALSE,NEUTRAL,Proven,42.8,-8e-4,Analyst Upside,MACD RSI MA200 ANALYST,3.95,22.86,7.18,2.77,2.168,-5.31,NA,-17.6,0,-0.566,0.2944,0.0052,0.0052,NA,NA,2086094000,$2.1B,N/A,+22.9%,+11%,+15.5%,-33.2%,47.9,47.9,68.7,48.739999999999995,0.3,No Signal
SANA,2.79,6.55,2.61,2026-09-26,BIOTECHNOLOGY,886108000,NA,NA,5.97,-0.72,-0.72,-1.529,-0.292,0,0,0,0,-174186000,-1.082,0,0,2.131,8.43,2,6,1,0,0,299361000,NA,NA,NA,0.516,Sana Biotechnology Inc,HEALTHCARE,50,40,15,20,9,77.8,2.0215,35.78,2.79,3.17,3.85,3.21,4.45,-0.1199,-0.2753,-0.1308,-0.373,2.985,3.3936,3.5503,35.7704,-5.9803,-5.5414,-0.4389,3.2942,2.6758,0.1847,0.5834,4301168.1818,2.0187,8e-4,0.0024,0.0016,0.0828,750,0.03,0.1917,1.3144,0.3041,FALSE,FALSE,FALSE,FALSE,Neutral,FALSE,15,20,7.732,19.5876,30,15.9871,768,-0.6162,-0.335,-0.299,0.4048,-0.0017,0.04,-0.4192,-0.6607,1,1,51.97,Low Signal,0.13,8.96,Decreasing,FALSE,12.9%,0,NA,NA,NA,NA,50,Unknown,FALSE,FALSE,NA,NA,NA,-224987666.6667,NA,NA,NA,NA,NA,NA,-224987666.6667,NA,NA,NA,NA,57073000,NA,154568000,NA,57073000,NA,21.8,30.6,4.1,36.8,9.8,20.2,20.2,50,44.5,2.6,50,16.5,77.8,35.2,10.8,50,FALSE,20.2,20.2,Very Weak,Very Weak,FALSE,FALSE,NEUTRAL,Proven,8.8,-0.0017,Analyst Upside,ANALYST,2.79,-11.99,6.55,2.61,5.97,-1.082,NA,0,0,-1.529,0,NA,NA,NA,NA,886108000,$886.1M,N/A,-12%,-27.5%,-13.1%,-37.3%,35.2,35.2,10.8,41.120000000000005,0.13,No Signal
SENEA,177.03,210,99.58,2026-09-26,PACKAGED FOODS,1245764000,10.36,39.37,1.567,17.76,17.76,0.168,0.0828,0.0675,0.0719,1767391000,259.54,204056000,6.9,0.331,0.331,-0.024,202,0,1,0,0,0,5221200,NA,0.831,0.766,114.34,Seneca Foods Corp A,CONSUMER DEFENSIVE,90,75,65,40,1,75,0.141,70.5,177.03,191.63,176.69,164.34,113.05,-0.0762,0.0019,0.0772,0.5659,180.797,185.0934,152.7706,43.9776,-1.8873,-1.3847,-0.5026,190.158,171.436,0.2988,0.336,100436.3636,0.195,8e-4,0.0018,0.001,0.0226,750,0.0358,0.4075,0.3586,0.6779,FALSE,FALSE,TRUE,TRUE,Neutral,FALSE,35,45,57.732,50,30,45.8196,768,0.7923,-0.0875,0.0022,0.5317,0.001,0.0306,0.2645,0.5454,1,2,26.23,No Signal,0.06,3.25,Increasing,FALSE,6.2%,0,NA,NA,NA,NA,50,Unknown,FALSE,FALSE,NA,NA,NA,89325000,NA,NA,NA,NA,NA,0.2803,89325000,0.2803,NA,NA,217102000,86921000,NA,774456000,217102000,86921000,NA,66.3,64.8,80.8,74.1,58.5,68.4,68.4,95.7,94,57.2,67.6,41.8,75,71.5,47.9,50,FALSE,63.9,63.9,Neutral,Neutral,TRUE,FALSE,NEUTRAL,Proven,71.1,0.001,Consistent Beat,GX MA200 ANALYST,177.03,-7.62,210,99.58,1.567,6.9,NA,0.0719,0.0675,0.168,0.331,0.2803,0.2803,NA,NA,1245764000,$1.2B,10.4,-7.6%,+0.2%,+7.7%,+56.6%,71.5,71.5,47.9,62.9,0.06,Tier 2: Golden Cross
SG,9.57,10.63,4.49,2026-09-26,RESTAURANTS,983281000,91.78,18.8,1.685,0.09,0.09,0.0307,-0.0904,0.0201,-0.126,681770000,5.75,-59441000,11.08,0,0.0786,2.206,7,2,2,10,0,1,107148000,NA,NA,1.468,3.928,Sweetgreen Inc,CONSUMER CYCLICAL,25,75,40,40,15,56.7,-0.2685,44.92,9.57,6.72,8.36,5.74,7.93,0.4241,0.1447,0.6672,0.2068,8.0905,7.0626,6.9432,78.1025,8.1105,6.893,1.2175,9.8992,6.2818,0.909,0.5247,5478313.6364,1.7264,8e-4,0.001,2e-4,0.0469,750,0.049,-0.1079,0.7443,0.0544,TRUE,TRUE,TRUE,TRUE,Overbought,TRUE,100,30,79.8969,89.1753,70,78.3041,768,-0.5412,0.384,0.1409,0.5794,0.0054,0.0511,1.3624,1.6787,1,3,44.78,Low Signal,0.23,4.52,Stable,FALSE,23.3%,0,NA,NA,NA,NA,50,Unknown,FALSE,FALSE,NA,NA,NA,-74482333.3333,NA,NA,NA,NA,NA,NA,-74482333.3333,NA,NA,679474000,NA,142631000,0.0786,467621000,NA,142631000,0.0786,94.3,83.9,96.4,88.6,80.8,89.5,89.5,7.2,93.4,30.9,50,26.3,56.7,38.6,86.3,50,FALSE,81.1,81.1,Very Strong,Very Strong,TRUE,FALSE,NEUTRAL,Proven,94.8,0.0054,Alpha Leader,GX MACD MA200 α>SPY,9.57,42.41,10.63,4.49,1.685,11.08,NA,-0.126,0.0201,0.0307,0.0786,NA,NA,NA,NA,983281000,$983.3M,91.8,+42.4%,+14.5%,+66.7%,+20.7%,38.6,38.6,86.3,43.16,0.23,Tier 2: Golden Cross
SMPL,10.11,25.66,9.38,2026-09-26,PACKAGED FOODS,849036000,NA,6.23,0.598,-2.11,-2.11,-0.122,0.0538,-0.143,0.128,1392235000,14.6,217475000,9.06,-0.326,0.0805,0.17,14.38,0,4,7,0,0,88441000,NA,1.643,0.837,16.04,Simply Good Foods Co,CONSUMER DEFENSIVE,50,90,15,20,11,59.1,0.4224,43.91,10.11,10.39,12.77,11.11,24.58,-0.0269,-0.2083,-0.09,-0.5887,9.844,10.5162,13.5977,50.0408,-1.9019,-2.6768,0.7749,10.2745,9.4135,0.809,0.3369,2357577.2727,0.4139,8e-4,-0.0013,-0.0021,0.0237,750,0.0265,-0.4198,0.3767,-1.4321,TRUE,FALSE,FALSE,FALSE,Neutral,TRUE,15,85,17.0103,24.2268,70,33.4485,768,-0.8362,-0.0517,-0.2181,0.4524,-0.0012,0.0325,-0.3127,-0.6063,1,1,33.19,No Signal,0.09,3.42,Stable,FALSE,9%,0,NA,NA,NA,NA,50,Unknown,FALSE,FALSE,NA,NA,0.3624,175802666.6667,NA,NA,NA,NA,NA,0.28,175802666.6667,0.28,0.3624,1450920000,397037000,123884000,0.0805,1418120000,397037000,123884000,0.0805,30.6,33.2,19.7,36.8,19.7,28.1,28.1,50,100,19.1,68.5,6.7,59.1,46,33.7,50,FALSE,32.1,32.1,Weak,Weak,FALSE,FALSE,NEUTRAL,Proven,23.2,-0.0012,Analyst Upside,MACD RSI ANALYST,10.11,-2.69,25.66,9.38,0.598,9.06,0.3624,0.128,-0.143,-0.122,0.0805,0.28,0.28,NA,NA,849036000,$849M,N/A,-2.7%,-20.8%,-9%,-58.9%,46,46,33.7,47.599999999999994,0.09,No Signal
SNAP,5.86,9.13,3.81,2026-10-02,INTERNET CONTENT & INFORMATION,9132468000,NA,7.67,4.643,-0.18,-0.18,-0.156,-0.0272,-0.049,-0.0264,6351084000,3.759,-146279008,1061.22,3.958,0.1348,1.05,7.39,3,8,29,1,2,1437047000,NA,496.06,1.655,1.146,Snap Inc,COMMUNICATION SERVICES,50,60,15,20,43,55.2,0.2611,37.52,5.86,5.31,4.68,5.15,8.38,0.1036,0.2521,0.1379,-0.3007,5.598,5.447,5.5944,59.814,1.5094,0.9837,0.5257,5.9736,5.2224,0.8487,0.4157,33308936.3636,1.8536,8e-4,2e-4,-6e-4,0.0358,750,0.0128,-0.3274,0.5688,-0.269,TRUE,TRUE,TRUE,FALSE,Neutral,TRUE,80,85,86.0825,61.8557,70,77.9459,768,-0.6122,0.071,0.1912,0.4444,-3e-4,0.0334,-0.0718,-0.1353,1,3,29.83,No Signal,0.07,3.15,Stable,FALSE,7%,0,NA,NA,NA,NA,50,Unknown,FALSE,FALSE,NA,NA,NA,230212333.3333,1691197712,9910418592.32,NA,NA,NA,1.7547,230212333.3333,1.7547,NA,5931447000,3381448000,958848000,0.1348,1927088000,3381448000,958848000,0.1348,46.1,46.6,13.5,88.6,82.9,49.5,49.5,50,59.3,17.5,12.6,12.4,55.2,32.4,74,50,FALSE,52.8,52.8,Neutral,Neutral,FALSE,FALSE,NEUTRAL,Proven,56.2,-3e-4,Strong Trend,MACD RSI MA200 ANALYST,5.86,10.36,9.13,3.81,4.643,1061.22,NA,-0.0264,-0.049,-0.156,0.1348,1.7547,1.7547,NA,NA,9132468000,$9.1B,N/A,+10.4%,+25.2%,+13.8%,-30.1%,32.4,32.4,74,39.44,0.07,Tier 5: Underdog Watch
SOFI,15.61,32.73,14.88,2026-09-26,CREDIT SERVICES,21414236000,33.84,20.7,1.93,0.49,0.49,0.071,0.0125,0.149,0.17,4268439000,3.445,NA,NA,0.404,0.2123,2.208,20.35,3,5,12,2,2,1291570000,NA,0.596,5.76,8.58,SoFi Technologies Inc.,FINANCIAL SERVICES,45,75,40,60,24,55.2,0.3037,52.77,15.61,17.33,18.78,17.05,28.45,-0.0993,-0.1688,-0.0845,-0.4513,16.4375,17.4068,18.7314,35.516,-3.1916,-2.8425,-0.3491,17.7031,15.1719,0.1731,0.2636,45986518.1818,2.3346,8e-4,0.0015,7e-4,0.0322,750,0.001,-0.1023,0.5116,0.3328,FALSE,FALSE,FALSE,FALSE,Neutral,FALSE,15,20,21.6495,25.7732,30,21.3995,768,0.0845,-0.179,-0.2144,0.4683,-0.0026,0.0277,-0.6486,-1.4744,1,2,39.07,No Signal,0.17,4.15,Increasing,FALSE,16.6%,0,NA,NA,NA,NA,50,Unknown,FALSE,FALSE,NA,NA,NA,-4199174000,NA,NA,NA,NA,NA,0.298,-4199174000,0.298,NA,619353000,3300544000,3126237000,0.2123,11076227000,3300544000,3126237000,0.2123,13.5,10.9,28,74.1,20.7,22.9,22.9,40.3,89,36.6,64.9,60.3,55.2,53.9,17,50,FALSE,26.1,26.1,Very Weak,Very Weak,FALSE,FALSE,NEUTRAL,Proven,13.9,-0.0026,Analyst Upside,ANALYST,15.61,-9.93,32.73,14.88,1.93,NA,NA,0.17,0.149,0.071,0.2123,0.298,0.298,NA,NA,21414236000,$21.4B,33.8,-9.9%,-16.9%,-8.5%,-45.1%,53.9,53.9,17,52.339999999999996,0.17,No Signal
SOUN,5.52,22.17,5.65,2026-09-26,SOFTWARE - APPLICATION,2686879000,NA,227.27,5.54,-0.62,-0.62,-0.322,-0.195,-0.674,-0.759,203200000,0.484,-154590000,135.77,0,0,2.831,12.57,0,6,2,0,0,411577000,NA,NA,12.39,1.125,SoundHound AI Inc,TECHNOLOGY,50,40,15,20,8,68.8,1.2772,34.88,5.52,6.48,6.64,6.84,18.58,-0.1481,-0.1687,-0.193,-0.7029,5.976,6.5516,7.688,32.2544,-4.0527,-3.647,-0.4057,6.4022,5.5498,-0.0349,0.3926,17693127.2727,2.9166,8e-4,0.0035,0.0027,0.0643,750,-0.0153,0.2942,1.021,0.6715,FALSE,FALSE,FALSE,FALSE,Neutral,FALSE,15,20,22.1649,12.3711,30,18.8737,768,0.6871,-0.22,-0.2188,0.373,-0.0034,0.0374,-0.8651,-1.459,1,0,49.96,Low Signal,0.39,9.67,Stable,FALSE,38.6%,0,NA,NA,NA,NA,50,Unknown,FALSE,FALSE,NA,NA,NA,-92433000,NA,NA,NA,NA,NA,NA,-92433000,NA,NA,NA,NA,202776000,NA,490430000,NA,202776000,NA,6.7,11.4,0.5,0,19.2,7.8,7.8,50,47.3,12.9,50,2.1,68.8,35.1,10.1,50,FALSE,12.4,12.4,Very Weak,Very Weak,FALSE,FALSE,NEUTRAL,Proven,2.6,-0.0034,Analyst Upside,ANALYST,5.52,-14.81,22.17,5.65,5.54,135.77,NA,-0.759,-0.674,-0.322,0,NA,NA,NA,NA,2686879000,$2.7B,N/A,-14.8%,-16.9%,-19.3%,-70.3%,35.1,35.1,10.1,41.06,0.39,No Signal
SPGI,402.73,518.88,358.55,2026-10-01,FINANCIAL DATA & STOCK EXCHANGES,115694264000,24.09,19.88,3.804,16.29,16.29,0.143,0.0703,0.305,0.448,16122000000,53.79,8143000000,21.95,0.177,0.10780000000000001,1.077,520.3,6,17,1,0,0,294800000,0.0097,1.943,10.58,106.86,S&P Global Inc,FINANCIAL SERVICES,60,60,65,90,24,80.2,0.2919,68.02,402.73,418.36,430.5,406.8874,461.315,-0.0374,-0.0645,-0.0102,-0.127,401.0075,414.6464,422.4375,47.975,-1.706,-1.8377,0.1317,417.3565,384.6585,0.5527,0.1787,1898854.5455,0.6821,8e-4,3e-4,-5e-4,0.0142,750,0.0233,-0.064,0.2258,-0.5709,TRUE,FALSE,FALSE,FALSE,Neutral,TRUE,15,45,45.3608,36.5979,70,38.4278,768,-0.3852,-0.087,-0.0673,0.4524,1e-4,0.0185,0.0176,0.0601,1,1,21,No Signal,0.02,3.39,Stable,FALSE,2.2%,0,NA,NA,NA,NA,50,Unknown,FALSE,FALSE,NA,NA,NA,4862666666.6667,NA,NA,NA,NA,NA,0.3999,4862666666.6667,0.3999,NA,15336000000,12598000000,4134000000,0.10780000000000001,31501000000,12598000000,4134000000,0.10780000000000001,51.8,51.8,19.7,36.8,48.7,43.4,43.4,59,65.4,51.5,58.6,88.7,80.2,64.5,39.9,50,FALSE,45.7,45.7,Neutral,Neutral,FALSE,FALSE,NEUTRAL,Proven,45.4,1e-4,Analyst Upside,MACD ANALYST,402.73,-3.74,518.88,358.55,3.804,21.95,NA,0.448,0.305,0.143,0.10780000000000001,0.3999,0.3999,NA,NA,115694264000,$115.7B,24.1,-3.7%,-6.4%,-1%,-12.7%,64.5,64.5,39.9,58.699999999999996,0.02,Tier 5: Underdog Watch
SRPT,18.21,25.32,14.68,2026-09-26,BIOTECHNOLOGY,1972057000,NA,19.16,1.31,-1.57,-1.57,-0.0948,-0.0113,-0.0693,0.13,1974344000,19,-17533000,16.91,26.64,0.3297,0.261,21.86,0,8,11,3,2,105627000,NA,159.25,1.144,14.46,Sarepta Therapeutics Inc,HEALTHCARE,50,90,15,20,24,51,0.2004,43.1,18.21,22.02,18.95,21.79,23.13,-0.173,-0.039,-0.1643,-0.2127,19.0415,19.015,19.0439,44.8829,-3.1747,-2.0889,-1.0858,21.5496,16.5334,0.3342,0.5024,2687436.3636,1.269,8e-4,-0.0011,-0.0019,0.0496,750,0.0448,-0.5463,0.788,-0.6235,FALSE,FALSE,FALSE,FALSE,Neutral,FALSE,15,45,49.4845,15.4639,30,31.4381,768,-0.9107,-0.0723,-0.0662,0.4365,-0.0022,0.0352,-0.5486,-0.9814,1,2,54.47,Low Signal,0.22,8.62,Decreasing,FALSE,21.6%,0,NA,NA,NA,NA,50,Unknown,FALSE,FALSE,NA,NA,NA,-409097666.6667,NA,NA,NA,NA,NA,0.5548,-409097666.6667,0.5548,NA,2198237000,847623000,571148000,0.3297,1527798000,847623000,571148000,0.3297,15,21.2,9.8,74.1,49.2,26.6,26.6,50,96.2,20.1,45.9,11.3,51,42.2,27.9,50,FALSE,29.3,29.3,Very Weak,Very Weak,FALSE,FALSE,NEUTRAL,Proven,18.6,-0.0022,Analyst Upside,ANALYST,18.21,-17.299999999999997,25.32,14.68,1.31,16.91,NA,0.13,-0.0693,-0.0948,0.3297,0.5548,0.5548,NA,NA,1972057000,$2B,N/A,-17.3%,-3.9%,-16.4%,-21.3%,42.2,42.2,27.9,45.32,0.22,No Signal
STRL,518.41,1005.68,281.57,2026-09-26,ENGINEERING & CONSTRUCTION,15670191000,36.8,19.65,11.64,13.92,13.92,0.4,0.145,0.126,0.201,3438486000,112.23,714010000,22.11,1.165,0.1236,1.847,876,0,8,0,0,0,30588500,NA,0.634,4.558,44.22,"Sterling Infrastructure, Inc.",INDUSTRIALS,25,20,95,60,8,75,0.6898,55.25,518.41,495.15,682.29,459.02,355.53,0.047,-0.2402,0.1294,0.4581,509.52,517.6052,543.7526,50.2992,0.6806,-0.3775,1.0581,553.4894,465.5506,0.6011,0.6338,542518.1818,2.1641,8e-4,0.0034,0.0026,0.0401,750,-0.0252,0.425,0.6372,1.0402,TRUE,TRUE,FALSE,FALSE,Neutral,TRUE,55,85,14.433,59.7938,70,49.7887,768,3.3525,0.0332,-0.3093,0.4921,-4e-4,0.0624,-0.1128,-0.1139,1,0,19.02,No Signal,0.04,2.19,Stable,FALSE,3.8%,0,NA,NA,NA,NA,50,Unknown,FALSE,FALSE,NA,NA,0.2298,397677000,NA,NA,NA,NA,NA,0.2091,397677000,0.2091,0.2298,2490049000,283875000,464451000,0.1236,1357315000,283875000,464451000,0.1236,44,48.2,50.8,0,7.8,36.6,36.6,35.3,20.9,85.6,73,57.2,75,58.9,55.6,50,FALSE,44.5,44.5,Weak,Weak,FALSE,FALSE,NEUTRAL,Proven,43.3,-4e-4,Analyst Upside,MACD RSI ANALYST,518.41,4.7,1005.68,281.57,11.64,22.11,0.2298,0.201,0.126,0.4,0.1236,0.2091,0.2091,NA,NA,15670191000,$15.7B,36.8,+4.7%,-24%,+12.9%,+45.8%,58.9,58.9,55.6,55.339999999999996,0.04,No Signal
SWKS,80.75,92.8,51.49,2026-10-02,SEMICONDUCTORS,12862414000,44.29,17.83,2.359,1.93,1.93,0.0509,0.0344,0.0723,0.0883,4014100000,26.8,880200000,16.44,-0.686,-0.0746,1.518,68.35,1,1,19,1,1,150473000,0.0323,12.74,3.343,38.13,Skyworks Solutions Inc,TECHNOLOGY,25,75,40,40,23,50,-0.1536,44.25,80.75,76.54,60.38,56.5,73.64,0.055,0.3374,0.4292,0.0966,86.538,75.8568,66.1406,47.561,2.3057,4.1411,-1.8354,93.3112,79.7648,0.0727,0.7771,8929254.5455,1.6011,8e-4,2e-4,-6e-4,0.0251,750,-0.0279,-0.285,0.3987,-0.407,FALSE,TRUE,TRUE,TRUE,Neutral,FALSE,100,45,89.1753,82.9897,30,78.1005,768,-0.5101,0.1997,0.2807,0.5,0.0017,0.0364,0.418,0.7235,1,0,49.24,Low Signal,0.19,4.27,Decreasing,FALSE,18.5%,0,NA,NA,NA,NA,50,Unknown,FALSE,FALSE,NA,NA,0.4116,1473200000,NA,NA,NA,NA,NA,0.0866,1473200000,0.0866,0.4116,4086900000,496900000,790000000,-0.0746,5738300000,496900000,790000000,-0.0746,73.1,67.4,57.5,0,88.6,63.6,63.6,23.7,84.6,34,89.2,43.8,50,49.7,74.1,50,FALSE,64,64,Neutral,Neutral,TRUE,FALSE,NEUTRAL,Proven,72.7,0.0017,Alpha Leader,GX MA200,80.75,5.5,92.8,51.49,2.359,16.44,0.4116,0.0883,0.0723,0.0509,-0.0746,0.0866,0.0866,NA,NA,12862414000,$12.9B,44.3,+5.5%,+33.7%,+42.9%,+9.7%,49.7,49.7,74.1,49.82,0.19,Tier 2: Golden Cross
TDUP,2.35,10,2.19,2026-09-26,INTERNET RETAIL,295501000,NA,NA,4.94,-0.18,-0.18,-0.368,-0.0825,-0.0665,-0.0674,334303000,2.636,-8703000,-2.746,0,0.0965,1.978,7.24,0,6,1,0,0,111010000,NA,NA,0.892,0.463,ThredUp Inc,CONSUMER CYCLICAL,50,60,15,20,7,71.4,2.0809,39.14,2.35,2.7,6.6,3.94,9.16,-0.1296,-0.6439,-0.4036,-0.7435,2.3245,2.9594,4.4711,41.6996,-9.0144,-10.8868,1.8725,2.6547,1.9943,0.5386,0.5378,2095190.9091,1.5428,8e-4,0.0018,0.001,0.0626,750,0.0628,0.1491,0.9936,0.2616,TRUE,FALSE,FALSE,FALSE,Neutral,TRUE,15,45,0.5155,3.6082,70,18.3763,768,-0.5687,-0.1543,-0.6563,0.4921,-0.0033,0.0567,-0.8197,-0.9107,1,2,51.69,Low Signal,0.14,6.53,Decreasing,FALSE,13.9%,0,NA,NA,NA,NA,50,Unknown,FALSE,FALSE,NA,NA,0.7939,-35699000,NA,NA,NA,NA,NA,0.2917,-35699000,0.2917,0.7939,310813000,17722000,42169000,0.0965,60748000,17722000,42169000,0.0965,8.8,22.3,50.8,74.1,0.5,25.9,25.9,50,55.5,11.9,66.7,11.9,71.4,40.1,10.2,50,FALSE,24.3,24.3,Very Weak,Very Weak,FALSE,FALSE,NEUTRAL,Proven,12.9,-0.0033,Analyst Upside,MACD ANALYST,2.35,-12.959999999999999,10,2.19,4.94,-2.746,0.7939,-0.0674,-0.0665,-0.368,0.0965,0.2917,0.2917,NA,NA,295501000,$295.5M,N/A,-13%,-64.4%,-40.4%,-74.4%,40.1,40.1,10.2,44.06,0.14,No Signal
TEAM,203.57,200,56.01,2026-10-02,SOFTWARE - APPLICATION,45385257000,NA,36.23,46.66,-0.22,-0.22,-0.0448,0.0304,-0.0082,0.123,6572308000,25.26,436393000,232.72,1.722,0.2147,1.159,205.39,6,21,6,0,0,159005000,NA,2.033,7.51,4.177,Atlassian Corp Plc,TECHNOLOGY,50,20,15,20,33,75,0.0089,31.5,203.57,177.74,88.86,61.3,147.74,0.1453,1.2909,2.3209,0.3779,189.922,171.6758,113.0691,64.554,3.5257,3.7145,-0.1888,203.4961,176.3479,1.0027,0.5019,2963577.2727,1.2834,8e-4,7e-4,-1e-4,0.0361,750,0.044,-0.0788,0.5736,-0.0364,TRUE,TRUE,TRUE,TRUE,Neutral,FALSE,100,85,100,99.4845,30,90.6469,768,-0.4137,0.197,1.246,0.5317,0.0106,0.0592,2.6773,2.8477,1,2,30.44,No Signal,0.06,2.68,Decreasing,FALSE,5.6%,0,NA,NA,NA,NA,50,Unknown,FALSE,FALSE,NA,NA,0.8284,1224296333.3333,NA,NA,NA,NA,NA,0.9349,1224296333.3333,0.9349,0.8284,5215304000,989560000,1239512000,0.2147,1058442000,989560000,1239512000,0.2147,100,97.9,80.8,74.1,100,93,93,50,0,22.7,29.7,16,75,31,98.2,50,FALSE,84.9,84.9,Very Strong,Very Strong,TRUE,FALSE,NEUTRAL,Proven,97.9,0.0106,Alpha Leader,GX RSI MA200,203.57,14.530000000000001,200,56.01,46.66,232.72,0.8284,0.123,-0.0082,-0.0448,0.2147,0.9349,0.9349,NA,NA,45385257000,$45.4B,N/A,+14.5%,+129.1%,+232.1%,+37.8%,31,31,98.2,38.599999999999994,0.06,Tier 2: Golden Cross
TER,398.72,487.72,131.5,2026-10-02,SEMICONDUCTOR EQUIPMENT & MATERIALS,62678573000,55.22,30.67,18.13,7.26,7.26,0.365,0.198,0.258,0.332,4464031000,28.44,1504894000,40.63,3.858,0.0918,1.778,446.47,1,11,5,0,0,156341000,0.0012,0.73,13.57,20.08,Teradyne Inc,TECHNOLOGY,25,20,95,90,17,69.1,0.1198,59.16,398.72,383.69,359.6,370.13,145.19,0.0392,0.1088,0.0772,1.7462,390.919,382.1424,339.6721,51.4047,3.5601,3.1133,0.4467,455.8508,325.9872,0.5601,0.7151,2516154.5455,2.2396,8e-4,0.0026,0.0018,0.0331,750,-0.0275,0.1877,0.5255,0.8391,TRUE,TRUE,TRUE,TRUE,Neutral,TRUE,100,85,74.7423,50.5155,70,77.2758,768,1.6087,0.0886,0.0164,0.4365,-0.0017,0.0463,-0.4298,-0.5851,1,0,26.31,No Signal,0.06,3.67,Increasing,FALSE,5.5%,0,NA,NA,NA,NA,50,Unknown,FALSE,FALSE,NA,NA,0.5822,450025333.3333,NA,NA,NA,NA,NA,NA,450025333.3333,NA,0.5822,3190024000,NA,349538000,0.0918,3437162000,NA,349538000,0.0918,20.2,33.7,9.8,0,61.7,25.7,25.7,15.8,10.4,85.1,50,79.9,69.1,52.5,64.8,50,FALSE,39.1,39.1,Weak,Weak,TRUE,FALSE,NEUTRAL,Proven,35.6,-0.0017,Balanced,GX MACD RSI MA200 ANALYST,398.72,3.92,487.72,131.5,18.13,40.63,0.5822,0.332,0.258,0.365,0.0918,NA,NA,NA,NA,62678573000,$62.7B,55.2,+3.9%,+10.9%,+7.7%,+174.6%,52.5,52.5,64.8,51.5,0.06,Tier 2: Golden Cross
TMO,651.98,682.98,434.5,2026-09-30,DIAGNOSTICS & RESEARCH,250910507000,36.37,24.15,4.67,18.66,18.66,0.135,0.0513,0.15,0.188,46336000000,123.89,11739000000,23.62,0.094,0.0196,0.854,653.11,3,19,5,0,1,369747000,0.0027,1.982,6.14,142.47,Thermo Fisher Scientific Inc,HEALTHCARE,25,60,65,60,28,70.5,0.0017,53.8,651.98,605.69,527.05,514.23,534.68,0.0764,0.237,0.2679,0.2194,657.3475,624.7832,544.5301,52.0907,1.8542,2.4262,-0.572,694.9796,619.7154,0.4287,0.2937,2345581.8182,0.7616,8e-4,5e-4,-3e-4,0.0162,750,-0.011,-0.0223,0.2577,-0.2756,FALSE,TRUE,TRUE,TRUE,Neutral,FALSE,100,85,84.5361,75.7732,30,81.2655,768,-0.288,0.0179,0.2295,0.5159,0.0021,0.0211,0.5256,1.5713,1,0,9.28,No Signal,0.01,2.07,Increasing,FALSE,1.5%,0,NA,NA,NA,NA,50,Unknown,FALSE,FALSE,NA,NA,NA,6829000000,NA,NA,NA,NA,NA,0.8027,6829000000,0.8027,NA,44556000000,42284000000,4064000000,0.0196,52679000000,42284000000,4064000000,0.0196,81.3,82.4,71.5,0,86.5,72.3,72.3,36.7,58.8,50,33.3,60.8,70.5,49.4,76.9,50,FALSE,70,70,Strong,Strong,TRUE,FALSE,NEUTRAL,Proven,79.9,0.0021,Alpha Leader,GX RSI MA200,651.98,7.64,682.98,434.5,4.67,23.62,NA,0.188,0.15,0.135,0.0196,0.8027,0.8027,NA,NA,250910507000,$250.9B,36.4,+7.6%,+23.7%,+26.8%,+21.9%,49.4,49.4,76.9,49.64,0.01,Tier 2: Golden Cross
TOST,30.53,39.73,22.26,2026-09-27,SOFTWARE - INFRASTRUCTURE,17686800000,38.73,17.64,8.43,0.79,0.79,0.252,0.0895,0.0714,0.0744,6804000000,11.63,477000000,31.85,1,0.2617,1.728,38.92,6,15,9,0,0,514000000,NA,0.247,2.275,3.544,Toast Inc,TECHNOLOGY,25,40,80,40,30,72.5,0.2748,51.5,30.53,32.45,29.32,27.15,36.86,-0.0592,0.0413,0.1245,-0.1717,30.4475,32.8748,29.6688,45.4244,-2.273,-2.7139,0.4409,32.4312,28.4638,0.5208,0.331,8569659.0909,1.4543,8e-4,0.0011,3e-4,0.0272,750,0.0036,-0.0189,0.4323,0.1708,TRUE,FALSE,TRUE,TRUE,Neutral,TRUE,35,45,62.8866,58.7629,70,53.1186,768,-0.1019,-0.1829,0.0233,0.5556,0.001,0.0287,0.2497,0.5486,1,6,30.21,No Signal,0.07,3.74,Increasing,FALSE,6.7%,0,NA,NA,NA,NA,50,Unknown,FALSE,FALSE,NA,NA,0.2589,335666666.6667,NA,NA,NA,NA,NA,NA,335666666.6667,NA,0.2589,6153000000,NA,1015000000,0.2617,2045000000,NA,1015000000,0.2617,65.3,65.3,90.7,97.9,62.2,73.2,73.2,30.2,28,72.7,50,43.3,72.5,49.7,55.5,50,FALSE,65.4,65.4,Strong,Strong,TRUE,FALSE,NEUTRAL,Proven,73.7,0.001,Consistent Beat,GX MACD MA200 α>SPY ANALYST,30.53,-5.92,39.73,22.26,8.43,31.85,0.2589,0.0744,0.0714,0.252,0.2617,NA,NA,NA,NA,17686800000,$17.7B,38.7,-5.9%,+4.1%,+12.4%,-17.2%,49.7,49.7,55.5,49.82,0.07,Tier 2: Golden Cross
TROW,104.23,120.5,83.17,2026-10-02,ASSET MANAGEMENT,22195515000,10.49,10.15,2.027,9.92,9.92,0.194,0.107,0.293,0.287,7592000000,34.95,2963800000,6.25,0.286,0.0641,1.48,108.83,0,0,9,1,3,213316000,0.0492,2.161,2.617,51.58,T. Rowe Price Group Inc,FINANCIAL SERVICES,90,75,65,90,13,36.5,0.0441,74.15,104.23,107.74,118.55,94.37,106.01,-0.0326,-0.1208,0.1045,-0.0168,104.376,108.8862,103.8864,42.2712,-1.2551,-1.4864,0.2313,106.2199,102.5321,0.4604,0.1567,1671268.1818,1.1117,8e-4,1e-4,-7e-4,0.0124,750,0.0058,-0.1934,0.1962,-0.8693,FALSE,FALSE,TRUE,TRUE,Neutral,TRUE,35,45,30.4124,55.1546,70,42.6546,768,-0.4511,-0.0838,-0.1353,0.5,4e-4,0.0133,0.0966,0.4562,1,2,46.96,Low Signal,0.13,17.2,Stable,FALSE,12.6%,0,NA,NA,NA,NA,50,Unknown,FALSE,FALSE,NA,NA,NA,1217533333.3333,NA,NA,NA,NA,NA,NA,1217533333.3333,NA,NA,7314800000,NA,3234300000,0.0641,11002500000,NA,3234300000,0.0641,58.5,63.2,57.5,74.1,32.6,57.2,57.2,94.2,88.5,63.4,50,85.1,36.5,72,45.3,50,FALSE,56.6,56.6,Neutral,Neutral,TRUE,FALSE,NEUTRAL,Proven,62.9,4e-4,Quality,GX MACD MA200,104.23,-3.26,120.5,83.17,2.027,6.25,NA,0.287,0.293,0.194,0.0641,NA,NA,NA,NA,22195515000,$22.2B,10.5,-3.3%,-12.1%,+10.4%,-1.7%,72,72,45.3,63.199999999999996,0.13,Tier 2: Golden Cross
TSLA,375,498.83,297.38,2026-09-30,AUTO MANUFACTURERS,1411765764000,343.7,158.73,17.28,1.04,1.04,0.0467,0.0193,0.0367,0.0141,103619002000,32.05,10755000000,122.54,-0.03,-0.0101,1.845,395.83,6,16,19,3,2,3949547000,NA,4.544,14.22,22,Tesla Inc,CONSUMER CYCLICAL,25,20,40,40,46,61.4,0.0555,34.39,375,367.81,407.76,352.42,435.54,0.0195,-0.0803,0.0641,-0.139,367.7965,353.268,391.1347,55.793,1.2098,1.0263,0.1835,387.3097,348.2833,0.6846,0.2985,35012272.7273,2.2548,8e-4,0.0011,3e-4,0.0319,750,-0.0032,-0.174,0.5059,0.1626,TRUE,TRUE,FALSE,FALSE,Neutral,TRUE,55,85,40.7216,48.4536,70,55.4072,768,-0.1467,0.0749,-0.1333,0.4762,-0.0017,0.0234,-0.432,-1.1612,1,1,12.72,No Signal,0.02,1.94,Stable,FALSE,1.8%,0,NA,NA,NA,NA,50,Unknown,FALSE,FALSE,NA,NA,0.1803,4719333333.3333,NA,NA,NA,NA,NA,0.0889,4719333333.3333,0.0889,0.1803,94827000000,7721000000,15219000000,-0.0101,86858000000,7721000000,15219000000,-0.0101,19.7,15,35.8,36.8,34.2,25.6,25.6,50,14.3,32.5,88.3,32,61.4,45.2,58.6,50,FALSE,36.5,36.5,Weak,Weak,FALSE,FALSE,NEUTRAL,Proven,32.5,-0.0017,Balanced,MACD RSI,375,1.95,498.83,297.38,17.28,122.54,0.1803,0.0141,0.0367,0.0467,-0.0101,0.0889,0.0889,NA,NA,1411765764000,$1.41T,343.7,+2%,-8%,+6.4%,-13.9%,45.2,45.2,58.6,47.120000000000005,0.02,No Signal
TWLO,275.77,305.88,99.22,2026-10-02,SOFTWARE - INFRASTRUCTURE,44914606000,40.17,43.67,4.973,7.28,7.28,0.135,0.0206,0.206,0.0783,5572328000,36.51,499808000,86.22,46.72,0.1045,1.405,263.04,6,20,4,0,1,153575000,NA,0.45,7.73,58.46,Twilio Inc,TECHNOLOGY,25,60,65,75,31,74.2,-0.0462,56.42,275.77,227.19,214.56,124.24,113.96,0.2138,0.2853,1.2197,1.4199,272.163,244.415,178.9735,54.168,4.9278,5.8501,-0.9223,320.4375,223.8885,0.5374,0.6518,4305754.5455,1.3393,8e-4,0.0027,0.0018,0.0314,750,0.0144,0.3945,0.4978,0.9317,TRUE,TRUE,TRUE,TRUE,Neutral,FALSE,100,85,87.6289,95.3608,30,86.1108,768,1.5812,0.1951,0.2469,0.5476,0.006,0.0454,1.5185,2.1057,1,1,15.08,No Signal,0.04,1.91,Increasing,FALSE,4.1%,0,NA,NA,NA,NA,50,Unknown,FALSE,FALSE,NA,NA,0.4892,NA,NA,NA,NA,NA,NA,0.1106,NA,0.1106,0.4892,5067220000,993162000,823261000,0.1045,8977808000,993162000,823261000,0.1045,95.3,90.7,87.6,36.8,87.6,85.6,85.6,27.3,54.9,50,85.6,71.6,74.2,56.6,87.5,50,FALSE,81.7,81.7,Very Strong,Very Strong,TRUE,FALSE,NEUTRAL,Proven,95.9,0.006,Alpha Leader,GX RSI MA200,275.77,21.38,305.88,99.22,4.973,86.22,0.4892,0.0783,0.206,0.135,0.1045,0.1106,0.1106,NA,NA,44914606000,$44.9B,40.2,+21.4%,+28.5%,+122%,+142%,56.6,56.6,87.5,53.96,0.04,Tier 2: Golden Cross
TXN,288.2,332.33,150.2,2026-09-30,SEMICONDUCTORS,254165959000,42.17,27.55,13.83,6.6,6.6,0.352,0.131,0.311,0.426,19453000000,21.38,9520000000,26.46,0.518,0.0046,1.314,324.71,3,17,14,2,0,913248000,0.0202,0.971,13.16,19.72,Texas Instruments Incorporated,TECHNOLOGY,25,20,95,90,36,64.6,0.1267,58.71,288.2,261.59,311.46,216.71,178.96,0.1017,-0.0747,0.3299,0.6104,276.4565,271.7786,251.1308,60.7619,2.337,1.6072,0.7298,299.3625,253.5505,0.7563,0.2963,5688186.3636,1.3586,8e-4,0.0011,3e-4,0.0196,750,0.0015,-0.0064,0.3113,0.2148,TRUE,TRUE,TRUE,TRUE,Neutral,TRUE,100,85,42.268,78.866,70,73.2036,768,0.0399,0.0901,-0.1155,0.5,9e-4,0.0279,0.2179,0.4916,1,1,19.67,No Signal,0.02,3.15,Stable,FALSE,2.2%,0,NA,NA,NA,NA,50,Unknown,FALSE,FALSE,NA,NA,0.5702,1816666666.6667,NA,NA,NA,NA,NA,0.7804,1816666666.6667,0.7804,0.5702,17682000000,14052000000,3660000000,0.0046,18007000000,14052000000,3660000000,0.0046,63.7,63.7,57.5,36.8,37.8,55.9,55.9,25.2,15.9,84,34.2,89.2,64.6,53.6,76.7,50,FALSE,60.5,60.5,Neutral,Neutral,TRUE,FALSE,NEUTRAL,Proven,67,9e-4,Strong Trend,GX MACD RSI MA200 ANALYST,288.2,10.17,332.33,150.2,13.83,26.46,0.5702,0.426,0.311,0.352,0.0046,0.7804,0.7804,NA,NA,254165959000,$254.2B,42.2,+10.2%,-7.5%,+33%,+61%,53.6,53.6,76.7,52.16,0.02,Tier 2: Golden Cross
TXRH,162.76,215.47,152.58,2026-09-26,RESTAURANTS,10486138000,25.56,21.01,6.94,6.25,6.25,0.277,0.0872,0.0663,0.0851,6231515000,94.4,705438000,16.6,-0.005,0.1265,0.787,218.38,2,12,13,1,0,65641000,0.0177,1.641,1.879,23.41,Texas Roadhouse Inc,CONSUMER CYCLICAL,45,40,80,40,28,63.4,0.3417,55.59,162.76,179.27,189.5,162.48,167.75,-0.0921,-0.1411,0.0017,-0.0297,164.343,186.351,179.3844,35.8343,-4.2055,-4.8906,0.6851,178.4033,150.2827,0.4437,0.2818,1351636.3636,0.6772,8e-4,9e-4,1e-4,0.0165,750,0.006,0.0819,0.2617,0.0611,FALSE,FALSE,FALSE,TRUE,Neutral,TRUE,15,20,27.8351,40.7216,70,30.2448,768,-0.0999,-0.2103,-0.1401,0.4444,2e-4,0.0213,0.0453,0.1337,1,1,13,No Signal,0.04,1.76,Increasing,FALSE,3.5%,0,NA,NA,NA,NA,50,Unknown,FALSE,FALSE,NA,NA,NA,319769666.6667,NA,NA,NA,NA,NA,0.0321,319769666.6667,0.0321,NA,5878075000,50000000,202427000,0.1265,1558552000,50000000,202427000,0.1265,53.4,52.8,13.5,36.8,31.6,40.3,40.3,55.4,37.4,76.3,93.7,41.2,63.4,62.7,28.7,50,FALSE,40.9,40.9,Weak,Weak,TRUE,FALSE,NEUTRAL,Proven,37.6,2e-4,Analyst Upside,GX MACD ANALYST,162.76,-9.21,215.47,152.58,6.94,16.6,NA,0.0851,0.0663,0.277,0.1265,0.0321,0.0321,NA,NA,10486138000,$10.5B,25.6,-9.2%,-14.1%,+0.2%,-3%,62.7,62.7,28.7,57.62,0.04,Tier 2: Golden Cross
U,45.89,52.15,16.78,2026-09-26,SOFTWARE - APPLICATION,18285695000,NA,28.65,6.4,-1.36,-1.36,-0.174,-0.0312,-0.29,-0.0518,2028410000,4.7,146200000,134.62,0,-0.0804,2.057,49.39,4,18,4,0,0,440089000,NA,NA,9.51,6.89,Unity Software Inc,TECHNOLOGY,50,40,15,20,26,75,0.0763,35.5,45.89,42.54,30.89,22.8,38.96,0.0787,0.4856,1.0127,0.1779,42.9435,42.5064,31.9331,62.3876,2.0387,1.2072,0.8315,46.4798,39.4072,0.9166,0.4903,10594059.0909,1.9675,8e-4,0.0015,7e-4,0.0395,750,0.0141,-0.0321,0.6265,0.2642,TRUE,TRUE,TRUE,TRUE,Neutral,TRUE,100,85,94.8454,94.3299,70,92.0696,768,-0.2243,0.0245,0.4237,0.5,0.0047,0.0307,1.177,2.4137,1,2,25.27,No Signal,0.06,2.41,Stable,FALSE,6.4%,0,NA,NA,NA,NA,50,Unknown,FALSE,FALSE,NA,NA,0.7417,289571333.3333,NA,NA,NA,NA,NA,NA,289571333.3333,NA,0.7417,1849648000,NA,2351987000,-0.0804,3033890000,NA,2351987000,-0.0804,90.2,93.8,57.5,74.1,93.8,83.5,83.5,50,40.1,16,50,4.1,75,35.8,96.1,50,FALSE,79.4,79.4,Very Strong,Very Strong,TRUE,FALSE,NEUTRAL,Proven,90.7,0.0047,Alpha Leader,GX MACD RSI MA200,45.89,7.870000000000001,52.15,16.78,6.4,134.62,0.7417,-0.0518,-0.29,-0.174,-0.0804,NA,NA,NA,NA,18285695000,$18.3B,N/A,+7.9%,+48.6%,+101.3%,+17.8%,35.8,35.8,96.1,41.48,0.06,Tier 2: Golden Cross
UNH,370.95,458.79,252.96,2026-09-30,HEALTHCARE PLANS,339138249000,24.22,16.58,3.4,15.6,15.6,0.141,0.0487,0.0314,0.0713,450525987000,497.54,26681000000,14.7,0.615,0.0974,0.622,481.72,7,16,4,0,0,897595000,0.0238,1.012,0.837,108.78,UnitedHealth Group Incorporated,HEALTHCARE,60,60,65,40,27,77.8,0.2986,60.28,370.95,393.06,424.62,313,367.69,-0.0563,-0.1264,0.1851,0.0089,374.906,390.0224,357.2545,40.8491,-1.3214,-1.5612,0.2398,383.0251,366.7869,0.2564,0.1899,5129572.7273,0.2526,8e-4,-2e-4,-0.001,0.0242,750,-0.0091,-0.0967,0.384,-0.6494,FALSE,FALSE,TRUE,TRUE,Neutral,TRUE,35,45,29.8969,70.6186,70,45.5928,768,-0.5861,-0.0852,-0.1274,0.4762,0.0016,0.016,0.399,1.5687,1,0,16.78,No Signal,0.02,3.28,Increasing,FALSE,1.8%,0,NA,NA,NA,NA,50,Unknown,FALSE,FALSE,NA,NA,NA,20820666666.6667,NA,NA,NA,NA,NA,0.665,20820666666.6667,0.665,NA,447567000000,69501000000,28585000000,0.0974,104513000000,69501000000,28585000000,0.0974,71,81.9,35.8,0,35.2,54.2,54.2,58.3,69.2,51,37.8,31.4,77.8,52.7,51.4,50,FALSE,53.3,53.3,Neutral,Neutral,TRUE,FALSE,NEUTRAL,Proven,58.2,0.0016,Alpha Leader,GX MACD MA200 ANALYST,370.95,-5.63,458.79,252.96,3.4,14.7,NA,0.0713,0.0314,0.141,0.0974,0.665,0.665,NA,NA,339138249000,$339.1B,24.2,-5.6%,-12.6%,+18.5%,+0.9%,52.7,52.7,51.4,51.620000000000005,0.02,Tier 2: Golden Cross
UPS,94.13,116.86,76.95,2026-10-04,INTEGRATED FREIGHT & LOGISTICS,79139701000,17.45,12.05,5.41,5.33,5.33,0.296,0.0728,0.0508,0.0905,89929998000,105.86,12084000000,9.75,-0.53,-0.0127,1.038,115.62,0,14,12,1,2,749349000,0.0699,1.362,1.174,17.7,United Parcel Service Inc,INDUSTRIALS,75,40,80,40,29,57.8,0.2283,62.53,94.13,99.22,112.47,102.02,85.28,-0.0513,-0.1631,-0.0773,0.1038,95.837,100.6398,104.8335,40.6066,-2.5352,-2.6274,0.0922,102.4198,89.2542,0.3703,0.294,5004086.3636,0.7555,8e-4,-5e-4,-0.0013,0.0174,750,0.0242,-0.2772,0.2769,-1.1816,FALSE,FALSE,FALSE,FALSE,Neutral,TRUE,15,45,23.7113,26.8041,70,29.9742,768,-0.6699,-0.1191,-0.1814,0.4921,-0.0013,0.0194,-0.3257,-1.0559,1,1,28.47,No Signal,0.04,5.03,Increasing,FALSE,3.8%,0,NA,NA,NA,NA,50,Unknown,FALSE,FALSE,NA,NA,NA,5352666666.6667,NA,NA,NA,NA,NA,1.5653,5352666666.6667,1.5653,NA,88661000000,23585000000,4653000000,-0.0127,15067000000,23585000000,4653000000,-0.0127,28,18.7,50.8,36.8,25.4,30.7,30.7,75.5,49.5,78.4,17.1,38.1,57.8,56.7,25.6,50,FALSE,33.4,33.4,Weak,Weak,FALSE,FALSE,NEUTRAL,Proven,27.3,-0.0013,Analyst Upside,MACD ANALYST,94.13,-5.13,116.86,76.95,5.41,9.75,NA,0.0905,0.0508,0.296,-0.0127,1.5653,1.5653,NA,NA,79139701000,$79.1B,17.4,-5.1%,-16.3%,-7.7%,+10.4%,56.7,56.7,25.6,54.02,0.04,No Signal
UPST,24.19,57.95,23.72,2026-09-26,CREDIT SERVICES,2317024000,45.79,13.59,2.983,0.52,0.52,0.0794,0.0198,0.0469,0.072,1285890000,13.26,115055000,NA,2.112,0.4257,2.165,40,2,6,6,0,1,97313000,NA,NA,3.592,8.2,Upstart Holdings Inc,FINANCIAL SERVICES,25,75,40,40,15,63.3,0.6536,45.58,24.19,25.89,32.74,28.06,52.37,-0.0657,-0.2611,-0.1379,-0.5381,24.369,27.221800000000002,31.8017,43.2252,-4.1014,-4.7482,0.6468,26.3984,22.3396,0.4559,0.4268,4483004.5455,2.7194,8e-4,0.0012,4e-4,0.0506,750,0.0113,-0.2551,0.8038,0.1196,FALSE,FALSE,FALSE,FALSE,Neutral,TRUE,15,45,10.3093,18.5567,70,24.3041,768,-0.473,-0.2129,-0.30620000000000003,0.3968,-0.0034,0.0304,-0.8443,-1.7516,1,2,47.67,Low Signal,0.29,6.23,Stable,FALSE,29.4%,0,NA,NA,NA,NA,50,Unknown,FALSE,FALSE,NA,NA,NA,-25272333.3333,NA,NA,NA,NA,NA,2.5118,-25272333.3333,2.5118,NA,1043857000,2003129000,455957000,0.4257,797488000,2003129000,455957000,0.4257,7.8,6.2,2.6,74.1,8.8,13.1,13.1,20.1,75.8,39.2,7.2,36.1,63.3,36.9,20.6,50,FALSE,18.5,18.5,Very Weak,Very Weak,FALSE,FALSE,NEUTRAL,Proven,6.7,-0.0034,Analyst Upside,MACD ANALYST,24.19,-6.569999999999999,57.95,23.72,2.983,NA,NA,0.072,0.0469,0.0794,0.4257,2.5118,2.5118,NA,NA,2317024000,$2.3B,45.8,-6.6%,-26.1%,-13.8%,-53.8%,36.9,36.9,20.6,42.14,0.29,No Signal
UTZ,14.32,14.27,6.69,2026-09-26,PACKAGED FOODS,2050022000,NA,17.36,1.812,-0.33,-0.33,-0.0311,7e-4,-0.02,0.0215,1453100000,16.54,90700000,22.97,-0.478,2e-4,0.767,14.31,1,0,9,0,0,88613000,0.0261,NA,1.537,7.86,Utz Brands Inc,CONSUMER DEFENSIVE,50,75,15,20,10,55,-7e-4,40.5,14.32,14.22,7.83,7.55,12.19,0.007,0.8289,0.8967,0.1747,14.2575,14.2028,10.0563,75.8195,0.7455,0.9922,-0.2468,14.3052,14.2098,1.1552,0.0252,1643309.0909,0.3223,8e-4,8e-4,-0,0.04,750,0.0063,0.1325,0.6347,-0.0092,TRUE,TRUE,TRUE,TRUE,Overbought,FALSE,100,30,99.4845,92.7835,30,80.9021,768,-0.4558,-0.0043,0.7947,0.5079,0.0065,0.0816,1.6332,1.2609,1,2,44.58,Low Signal,0.08,4.87,Decreasing,FALSE,8.3%,0,NA,NA,NA,NA,50,Unknown,FALSE,FALSE,NA,NA,0.249,12633333.3333,NA,NA,NA,NA,NA,1.2053,12633333.3333,1.2053,0.249,1438800000,838800000,58600000,2e-4,695900000,838800000,58600000,2e-4,96.9,78.2,64.8,74.1,99.5,83.9,83.9,50,90.7,23.2,21.6,13.9,55,39.4,89.1,50,FALSE,78.5,78.5,Very Strong,Very Strong,TRUE,FALSE,NEUTRAL,Proven,90.2,0.0065,Alpha Leader,GX MA200,14.32,0.7000000000000001,14.27,6.69,1.812,22.97,0.249,0.0215,-0.02,-0.0311,2e-4,1.2053,1.2053,NA,NA,2050022000,$2.1B,N/A,+0.7%,+82.9%,+89.7%,+17.5%,39.4,39.4,89.1,43.64,0.08,Tier 2: Golden Cross
V,375.1,385.57,292.74,2026-10-01,CREDIT SERVICES,686886748000,31.25,24.04,19.58,11.71,11.71,0.612,0.191,0.508,0.661,44487999000,23.4,31094000000,23.71,0.102,0.1068,0.761,419.36,9,27,3,0,1,1704113000,0.0073,1.637,15.49,18.87,Visa Inc. Class A,FINANCIAL SERVICES,45,20,95,90,40,76.9,0.118,64.94,375.1,367.39,348.97,309.39,347.04,0.021,0.0749,0.2124,0.0809,368.019,369.3464,337.9819,58.8486,0.0306,-0.204,0.2346,377.9013,358.1368,0.8583,0.1738,5997222.7273,0.6266,8e-4,7e-4,-1e-4,0.0118,750,0.0123,0.0488,0.1877,-0.1465,TRUE,TRUE,TRUE,TRUE,Neutral,TRUE,100,85,67.5258,72.1649,70,79.4407,768,-0.1313,-0.0334,0.0761,0.5159,0.0017,0.014,0.4284,1.9233,1,6,12.27,No Signal,0.01,2.81,Increasing,FALSE,1.2%,0,NA,NA,NA,NA,50,Unknown,FALSE,FALSE,NA,NA,NA,19988666666.6667,NA,NA,NA,NA,NA,0.6782,19988666666.6667,0.6782,NA,40000000000,23858000000,12359000000,0.1068,35178000000,23858000000,12359000000,0.1068,73.6,87.6,71.5,97.9,73.1,79,79,44.6,7.7,93.3,36.9,97.4,76.9,62,78,50,FALSE,76.2,76.2,Strong,Strong,TRUE,FALSE,NEUTRAL,Proven,87.1,0.0017,Alpha Leader,GX MACD RSI MA200 ANALYST,375.1,2.1,385.57,292.74,19.58,23.71,NA,0.661,0.508,0.612,0.1068,0.6782,0.6782,NA,NA,686886748000,$686.9B,31.2,+2.1%,+7.5%,+21.2%,+8.1%,62,62,78,57.199999999999996,0.01,Tier 2: Golden Cross
VEEV,284.84,310.5,148.05,2026-10-04,HEALTH INFORMATION SERVICES,44254544000,44.88,30.21,5.9,6.09,6.09,0.144,0.0758,0.293,0.296,3458098000,21.15,1075341000,34.17,0.395,0.1627,0.974,297.3,8,12,8,1,0,161909000,NA,1.207,10.63,44.83,Veeva Systems Inc Class A,HEALTHCARE,25,40,65,90,29,73.3,0.0437,54.58,284.84,260.8,190.12,158.45,298.47,0.0922,0.4982,0.7977,-0.0457,273.2785,257.6238,202.5236,62.9372,2.8146,2.9491,-0.1345,291.3587,255.1983,0.8197,0.2658,1459522.7273,0.6928,8e-4,6e-4,-2e-4,0.0225,750,0.0125,0.0176,0.3567,-0.1265,TRUE,TRUE,TRUE,TRUE,Neutral,FALSE,100,85,95.8763,90.7216,30,87.6572,768,-0.2357,0.1515,0.481,0.5317,0.0047,0.03,1.1826,2.4847,1,1,19.98,No Signal,0.03,2.69,Stable,FALSE,3%,0,NA,NA,NA,NA,50,Unknown,FALSE,FALSE,NA,NA,0.7553,NA,NA,NA,NA,NA,NA,NA,NA,NA,0.7553,3195311000,NA,1812012000,0.1627,7431449000,NA,1812012000,0.1627,90.7,94.3,80.8,36.8,95.9,85,85,22.3,45.1,52.1,50,85.1,73.3,51.4,92.7,50,FALSE,81.8,81.8,Very Strong,Very Strong,TRUE,FALSE,NEUTRAL,Proven,96.4,0.0047,Alpha Leader,GX RSI MA200,284.84,9.22,310.5,148.05,5.9,34.17,0.7553,0.296,0.293,0.144,0.1627,NA,NA,NA,NA,44254544000,$44.3B,44.9,+9.2%,+49.8%,+79.8%,-4.6%,51.4,51.4,92.7,50.839999999999996,0.03,Tier 2: Golden Cross
VERA,29.73,56.05,23.05,2026-09-26,BIOTECHNOLOGY,2344941000,NA,NA,5.84,-5.92,-5.92,-0.917,-0.468,0,0,0,0,-415224000,-3.597,0,0,0.953,77.5,1,12,1,0,0,72063000,NA,NA,NA,5.67,Vera Therapeutics Inc,HEALTHCARE,50,40,15,20,14,75,1.6068,35.5,29.73,33.78,42,43.71,30.53,-0.1199,-0.2921,-0.3198,-0.0262,32.5028,32.7373,38.6391,37.8743,-3.4098,-2.2431,-1.1667,36.2555,28.75,0.1306,0.6015,2572159.0909,1.3429,8e-4,0.0025,0.0017,0.0491,750,-0.013,0.3516,0.7797,0.5408,FALSE,FALSE,FALSE,FALSE,Neutral,FALSE,15,20,6.701,7.732,30,13.3067,768,0.0128,-0.2003,-0.3059,0.381,-0.0027,0.0361,-0.6748,-1.1777,1,0,48.45,Low Signal,0.24,7.79,Stable,FALSE,23.9%,0,NA,NA,NA,NA,50,Unknown,FALSE,FALSE,NA,NA,NA,-156543000,NA,NA,NA,NA,NA,0.1845,-156543000,0.1845,NA,NA,75228000,48876000,NA,407758000,75228000,48876000,NA,13,14.5,1,0,9.3,9.1,9.1,50,46.2,5.2,76.6,16.5,75,39.8,7.1,50,FALSE,13.2,13.2,Very Weak,Very Weak,FALSE,FALSE,NEUTRAL,Proven,3.6,-0.0027,Analyst Upside,ANALYST,29.73,-11.99,56.05,23.05,5.84,-3.597,NA,0,0,-0.917,0,0.1845,0.1845,NA,NA,2344941000,$2.3B,N/A,-12%,-29.2%,-32%,-2.6%,39.8,39.8,7.1,43.879999999999995,0.24,No Signal
VERX,12.77,26.54,10.21,2026-09-26,SOFTWARE - APPLICATION,1844418000,568.5,10.02,7.89,0.02,0.02,0.0146,0.0065,0.0045,0.0337,787439000,4.916,19386000,23.03,-0.44,0.1435,0.824,17.15,3,4,8,0,0,80062000,NA,NA,2.566,1.529,Vertex,TECHNOLOGY,25,40,40,40,15,66.7,0.343,38.92,12.77,12.37,12.38,11.56,24.96,0.0323,0.0315,0.1047,-0.4884,12.0845,12.6534,13.7474,56.2094,-1.0138,-2.0635,1.0497,13.14,11.029,0.8247,0.4645,1400295.4545,0.7564,8e-4,-3e-4,-0.0011,0.0337,750,0.0399,-0.2208,0.5347,-0.5059,TRUE,TRUE,FALSE,FALSE,Neutral,TRUE,55,85,60.8247,55.6701,70,62.8814,768,-0.6527,-0.068,0.0365,0.5317,0.002,0.0419,0.5157,0.7756,1,4,36.04,No Signal,0.06,3.54,Decreasing,FALSE,6.1%,0,NA,NA,NA,NA,50,Unknown,FALSE,FALSE,NA,NA,0.6435,59068500,NA,NA,NA,NA,NA,1.4044,59068500,1.4044,0.6435,748444000,338605000,230489000,0.1435,241107000,338605000,230489000,0.1435,80.3,69.4,80.8,92.7,64.8,76.6,76.6,50,30.8,27.3,18.9,24.2,66.7,35,63.9,50,FALSE,67.3,67.3,Strong,Strong,FALSE,FALSE,NEUTRAL,Proven,76.3,0.002,Alpha Leader,MACD RSI ANALYST,12.77,3.2300000000000004,26.54,10.21,7.89,23.03,0.6435,0.0337,0.0045,0.0146,0.1435,1.4044,1.4044,NA,NA,1844418000,$1.8B,568.5,+3.2%,+3.1%,+10.5%,-48.8%,35,35,63.9,41,0.06,Tier 4: High Score
VITL,9.44,45.16,7.95,2026-09-26,FARM PRODUCTS,427169000,NA,208.33,1.557,-0.05,-0.05,5e-4,4e-4,2e-4,-0.242,765672000,17.45,15713000,27.04,0.513,0.2687,1.047,13.22,1,3,6,0,0,42931500,NA,NA,0.691,6.61,Vital Farms Inc,CONSUMER DEFENSIVE,50,75,40,40,10,62.5,0.4004,51.75,9.435,9.89,12.95,12.75,43.68,-0.046,-0.2714,-0.26,-0.784,10.0488,10.6871,15.7812,41.7756,-4.3318,-3.7964,-0.5355,11.9662,8.1313,0.34,0.8033,1891559.0909,0.5994,8e-4,4e-4,-4e-4,0.0347,750,0.0253,-0.0239,0.5515,-0.1917,FALSE,FALSE,FALSE,FALSE,Neutral,FALSE,15,45,8.7629,9.2784,30,17.9845,768,-0.5157,-0.1448,-0.2703,0.5,-0.0015,0.0438,-0.3779,-0.5431,1,1,47.23,Low Signal,0.2,3.79,Decreasing,FALSE,20.2%,0,NA,NA,NA,NA,50,Unknown,FALSE,FALSE,NA,NA,0.3762,9103666.6667,NA,NA,NA,NA,NA,0.1058,9103666.6667,0.1058,0.3762,759444000,30000000,21239000,0.2687,283653000,30000000,21239000,0.2687,25.4,34.7,57.5,36.8,11.4,33.2,33.2,50,94.5,26.3,86.5,23.2,62.5,52.6,11.8,50,FALSE,31,31,Weak,Weak,FALSE,FALSE,NEUTRAL,Proven,21.1,-0.0015,Analyst Upside,ANALYST,9.435,-4.6,45.16,7.95,1.557,27.04,0.3762,-0.242,2e-4,5e-4,0.2687,0.1058,0.1058,NA,NA,427169000,$427.2M,N/A,-4.6%,-27.1%,-26%,-78.4%,52.6,52.6,11.8,51.56,0.2,No Signal
WAL,75.5,95.75,65.11,2026-10-04,BANKS - REGIONAL,8333124000,8.54,6.57,1.093,8.94,8.94,0.13,0.0109,0.282,0.394,3487100000,32.18,NA,NA,0.14,0.1736,1.324,92.06,5,7,4,0,0,109101000,0.0217,1.467,4.137,70.02,Western Alliance Bancorporation,FINANCIAL SERVICES,90,90,65,90,16,76.6,0.2193,81.16,75.5,79.66,80.69,77.12,79.53,-0.0522,-0.0643,-0.021,-0.0507,77.0295,79.1134,80.8585,41.8011,-1.449,-1.3336,-0.1154,80.1171,73.9419,0.2523,0.2088,1249586.3636,1.4593,8e-4,0.001,2e-4,0.0222,750,0.0197,-0.0431,0.3527,0.1438,FALSE,FALSE,FALSE,FALSE,Neutral,FALSE,15,45,45.8763,34.5361,30,34.1701,768,-0.0801,-0.061,-0.0836,0.4603,-9e-4,0.0156,-0.2242,-0.9063,1,1,34.18,No Signal,0.06,4.73,Stable,FALSE,5.7%,0,NA,NA,NA,NA,50,Unknown,FALSE,FALSE,NA,NA,NA,NA,109100864,8237115232,NA,NA,NA,0.1886,NA,0.1886,NA,135800000,1479000000,NA,0.1736,7842000000,1479000000,NA,0.1736,34.7,22.8,25.4,36.8,46.6,31.9,31.9,97.8,98.4,48.5,75.7,82.5,76.6,77.8,32.8,50,FALSE,39,39,Weak,Weak,FALSE,FALSE,NEUTRAL,Proven,34.5,-9e-4,Analyst Upside,ANALYST,75.5,-5.220000000000001,95.75,65.11,1.093,NA,NA,0.394,0.282,0.13,0.1736,0.1886,0.1886,NA,NA,8333124000,$8.3B,8.5,-5.2%,-6.4%,-2.1%,-5.1%,77.8,77.8,32.8,66.68,0.06,No Signal
WBS,77.57,79.4,51.49,2026-08-29,BANKS - REGIONAL,12568934000,12.63,12.3,1.326,6.14,6.14,0.107,0.0122,0.368,0.506,2769366000,17.2,NA,NA,0.028,0.028,1.005,76.18,1,1,11,1,0,162033000,0.0205,1.728,5.87,57.33,Webster Financial Corporation,FINANCIAL SERVICES,90,90,65,90,14,53.6,-0.0179,78.86,77.57,77.57,77.57,77.57,77.57,0,0,0,0,NA,NA,NA,NA,NA,NA,NA,NA,NA,NA,NA,NA,NA,0.0021,NA,NA,NA,0,NA,NA,NA,NA,NA,NA,NA,NA,Neutral,NA,15,50,56.701,39.1753,NA,NA,0,NA,NA,NA,NA,NA,NA,NA,NA,0,NA,28.5,No Signal,NA,NA,Unknown,FALSE,N/A,0,NA,NA,NA,NA,50,Unknown,FALSE,FALSE,NA,NA,NA,NA,NA,NA,NA,NA,NA,NA,NA,NA,NA,NA,NA,NA,NA,NA,NA,NA,NA,50,50,50,50,50,50,50,90.6,95.6,42.8,50,93.3,53.6,69.9,50,50,FALSE,53,53,Neutral,Neutral,FALSE,FALSE,NEUTRAL,Emerging,56.7,NA,Balanced,,77.57,0,79.4,51.49,1.326,NA,NA,0.506,0.368,0.107,0.028,NA,NA,NA,NA,12568934000,$12.6B,12.6,+0%,+0%,+0%,+0%,69.9,69.9,50,61.940000000000005,NA,Tier 5: Underdog Watch
WDAY,187.81,247.4,110.36,2026-10-04,SOFTWARE - APPLICATION,44859740000,38.62,17.67,7.18,4.82,4.82,0.16,0.0451,0.123,0.118,10155000000,39.59,1586000000,26.57,2.06,0.1471,1.082,208.26,5,15,19,1,2,196000000,NA,0.703,4.602,26.8,Workday Inc,TECHNOLOGY,25,40,65,60,42,61.9,0.1089,48.94,187.81,186.05,138.95,119.92,238.22,0.0095,0.3516,0.5661,-0.2116,189.658,188.627,156.6395,49.3976,-0.1572,0.3454,-0.5027,196.4881,182.8279,0.3647,0.3571,2352172.7273,0.8088,8e-4,1e-4,-7e-4,0.025,750,0.0235,-0.1358,0.3973,-0.4402,FALSE,FALSE,TRUE,TRUE,Neutral,FALSE,35,45,90.7216,86.0825,30,62.933,768,-0.5595,-0.0253,0.3473,0.4841,0.0047,0.0397,1.1737,1.8644,1,1,43.09,Low Signal,0.06,4.96,Decreasing,FALSE,6.4%,0,NA,NA,NA,NA,50,Unknown,FALSE,FALSE,NA,NA,NA,2295333333.3333,NA,NA,NA,NA,NA,0.4627,2295333333.3333,0.4627,NA,9552000000,2989000000,661000000,0.1471,6460000000,2989000000,661000000,0.1471,89.6,86,43.5,36.8,91.2,74.4,74.4,30.9,35.7,54.6,54.1,56.2,61.9,47.8,69.5,50,FALSE,69.2,69.2,Strong,Strong,TRUE,FALSE,NEUTRAL,Proven,78.9,0.0047,Alpha Leader,GX MA200 ANALYST,187.81,0.95,247.4,110.36,7.18,26.57,NA,0.118,0.123,0.16,0.1471,0.4627,0.4627,NA,NA,44859740000,$44.9B,38.6,+0.9%,+35.2%,+56.6%,-21.2%,47.8,47.8,69.5,48.67999999999999,0.06,Tier 2: Golden Cross
WING,118.5,300.78,95.82,2026-09-26,RESTAURANTS,2698919000,23.15,18.18,NA,4.28,4.28,0,0.19,0.162,0.298,720719000,26.13,234028000,16.79,0.198,0.2307,1.78,197.88,5,19,5,0,0,27242500,0.0123,1.217,5.29,-28.38,Wingstop Inc,CONSUMER CYCLICAL,60,50,15,75,29,75,0.6699,48.25,118.5,110.58,153.29,186.31,249.75,0.0716,-0.227,-0.364,-0.5255,106.3655,112.1979,173.8518,61.2129,-0.0075,-2.181,2.1735,118.9305,93.8005,0.9829,0.6842,1385827.2727,1.0755,8e-4,-0,-8e-4,0.032,750,0.0198,-0.2219,0.5072,-0.4072,TRUE,TRUE,FALSE,FALSE,Neutral,TRUE,55,85,14.9485,5.1546,70,39.0155,768,-0.5996,0.0461,-0.2444,0.4841,-0.0034,0.0377,-0.8637,-1.4413,1,3,38.94,No Signal,0.18,3.51,Stable,FALSE,18.4%,0,NA,NA,NA,NA,50,Unknown,FALSE,FALSE,NA,NA,NA,97357666.6667,NA,NA,NA,NA,NA,NA,97357666.6667,NA,NA,696853000,1210589000,127455000,0.2307,-772987000,1210589000,127455000,0.2307,7.3,11.9,43.5,88.6,15.5,25,25,60.4,50,24.2,50,63.9,75,50.4,37.7,50,FALSE,31.9,31.9,Weak,Weak,FALSE,FALSE,NEUTRAL,Proven,22.7,-0.0034,Analyst Upside,MACD RSI ANALYST,118.5,7.16,300.78,95.82,NA,16.79,NA,0.298,0.162,0,0.2307,NA,NA,NA,NA,2698919000,$2.7B,23.1,+7.2%,-22.7%,-36.4%,-52.5%,50.4,50.4,37.7,50.239999999999995,0.18,No Signal
WLDN,74.71,137,64.67,2026-09-29,ENGINEERING & CONSTRUCTION,1201812000,18.52,14.66,3.539,4.26,4.26,0.212,0.0586,0.088,0.0863,741835000,50.27,73680000,17.08,0.534,0.1559,1.188,137.5,0,2,0,0,0,15232100,NA,0.476,1.745,20.74,Willdan Group Inc,INDUSTRIALS,75,60,80,60,2,75,0.8404,71.25,74.71,82.39,72.08,77.69,93.67,-0.0932,0.0365,-0.0384,-0.2024,77.477,80.739,90.06,37.3323,-2.9808,-2.468,-0.5129,83.5649,71.3891,0.2727,0.2556,184963.6364,1.1303,8e-4,0.0023,0.0015,0.033,750,0.0218,0.3495,0.5232,0.7188,FALSE,FALSE,FALSE,FALSE,Neutral,FALSE,15,20,62.3711,32.9897,30,35.0593,768,1.0889,-0.1396,0.0096,0.4127,-0.0015,0.0345,-0.386,-0.7038,1,1,50.98,Low Signal,0.12,9.93,Decreasing,FALSE,11.6%,0,NA,NA,NA,NA,50,Unknown,FALSE,FALSE,NA,NA,0.3751,54548666.6667,NA,NA,NA,NA,NA,0.1919,54548666.6667,0.1919,0.3751,681552000,67245000,34870000,0.1559,350465000,67245000,34870000,0.1559,24.9,29.5,5.7,36.8,60.1,28.7,28.7,74.8,68.1,65.5,74.8,46.4,75,67.4,30.5,50,FALSE,34.9,34.9,Weak,Weak,FALSE,FALSE,NEUTRAL,Proven,28.9,-0.0015,Analyst Upside,ANALYST,74.71,-9.32,137,64.67,3.539,17.08,0.3751,0.0863,0.088,0.212,0.1559,0.1919,0.1919,NA,NA,1201812000,$1.2B,18.5,-9.3%,+3.6%,-3.8%,-20.2%,67.4,67.4,30.5,60.440000000000005,0.12,No Signal
WMT,110.56,134.84,98.05,2026-09-30,DISCOUNT STORES,865281966000,39.39,38.02,8.93,2.76,2.76,0.223,0.0641,0.03,0.0345,735839977000,92.36,44073001000,20.08,-0.091,0.049,0.595,127.42,10,27,5,0,1,7958079000,0.0089,4.22,1.276,12.37,Walmart Inc.,CONSUMER DEFENSIVE,25,40,80,40,43,76.2,0.1525,51.87,110.56,105.83,113.9,124.57,101.77,0.0447,-0.0293,-0.1125,0.0864,107.398,108.501,118.1747,59.1151,-0.185,-0.5077,0.3227,111.1862,103.6098,0.9173,0.2331,22028681.8182,0.3946,8e-4,0.0011,3e-4,0.0153,750,0.0264,0.1952,0.2428,0.2948,TRUE,TRUE,FALSE,FALSE,Neutral,TRUE,55,85,51.5464,22.1649,70,53.3969,768,0.106,0.048,-0.0255,0.5079,-9e-4,0.0172,-0.2312,-0.8464,1,6,16.83,No Signal,0.01,3.39,Stable,FALSE,1%,0,NA,NA,NA,NA,50,Unknown,FALSE,FALSE,NA,NA,NA,14234333333.3333,NA,NA,NA,NA,NA,0.4065,14234333333.3333,0.4065,NA,713163000000,39932000000,11529000000,0.049,98238000000,39932000000,11529000000,0.049,33.7,24.9,64.8,97.9,56,47.5,47.5,29.5,25.8,68.6,56.8,29.9,76.2,47.6,52,50,FALSE,48.6,48.6,Neutral,Neutral,FALSE,FALSE,NEUTRAL,Proven,50,-9e-4,Analyst Upside,MACD RSI ANALYST,110.56,4.47,134.84,98.05,8.93,20.08,NA,0.0345,0.03,0.223,0.049,0.4065,0.4065,NA,NA,865281966000,$865.3B,39.4,+4.5%,-2.9%,-11.2%,+8.6%,47.6,47.6,52,48.56,0.01,Tier 5: Underdog Watch
WTS,347.14,393.86,258.13,2026-09-26,SPECIALTY INDUSTRIAL MACHINERY,11944121000,31.55,25.32,5.43,11.34,11.34,0.188,0.116,0.143,0.209,2677200000,79.92,581000000,20.01,0.173,0.089,1.133,404,1,2,8,0,0,27466800,0.0062,3.162,4.35,62.77,Watts Water Technologies Inc,INDUSTRIALS,45,40,65,60,11,59.1,0.1638,53.66,347.14,356.29,352.36,309.49,273.68,-0.0257,-0.0148,0.1217,0.2684,354.789,363.0414,325.3403,39.061,-0.4126,-0.3446,-0.0679,364.4437,345.1343,0.1039,0.1916,201413.6364,0.9427,8e-4,0.001,2e-4,0.0144,750,0.001,0.064,0.228,0.2293,FALSE,FALSE,TRUE,TRUE,Neutral,FALSE,35,20,55.1546,58.2474,30,42.9459,768,0.1108,-0.0916,-0.0372,0.5079,2e-4,0.0171,0.059,0.2175,1,1,24.12,No Signal,0.03,3.66,Stable,FALSE,2.7%,0,NA,NA,NA,NA,50,Unknown,FALSE,FALSE,NA,NA,0.4946,321066666.6667,NA,NA,NA,NA,NA,0.0493,321066666.6667,0.0493,0.4946,2438500000,108000000,347900000,0.089,2189400000,108000000,347900000,0.089,54.9,58,64.8,36.8,52.8,55.5,55.5,43.2,48.9,62.9,91,57.7,59.1,59.8,44.8,50,FALSE,53.6,53.6,Neutral,Neutral,TRUE,FALSE,NEUTRAL,Proven,58.8,2e-4,Analyst Upside,GX MA200 ANALYST,347.14,-2.5700000000000003,393.86,258.13,5.43,20.01,0.4946,0.209,0.143,0.188,0.089,0.0493,0.0493,NA,NA,11944121000,$11.9B,31.6,-2.6%,-1.5%,+12.2%,+26.8%,59.8,59.8,44.8,55.879999999999995,0.03,Tier 2: Golden Cross
XENE,36.16,72.66,36.07,2026-09-27,BIOTECHNOLOGY,3577285000,NA,NA,3.045,-4.74,-4.74,-0.436,-0.28,0,0,0,0,-439188992,34.16,0,0,0.616,74.87,3,17,0,0,0,96840000,NA,-0.06,649.22,12.84,Xenon Pharmaceuticals Inc,HEALTHCARE,50,60,15,20,20,78.8,1.0705,39.88,36.16,58.98,68.92,58.6,41.28,-0.3869,-0.4753,-0.3829,-0.124,42.572,54.1796,52.9614,21.9221,-12.5661,-12.2355,-0.3307,59.8741,25.2699,0.3147,1.1382,2746400,0.8875,8e-4,5e-4,-3e-4,0.0317,750,-0.0026,-0.0444,0.5032,-0.1338,FALSE,FALSE,FALSE,TRUE,Oversold,FALSE,15,20,2.0619,4.1237,30,11.1933,768,-0.4438,-0.4392,-0.4821,0.3968,-0.0037,0.0349,-0.9246,-1.671,1,0,27.26,No Signal,0.06,1.58,Decreasing,FALSE,6.2%,0,NA,NA,NA,NA,50,Unknown,FALSE,FALSE,NA,NA,NA,-207036666.6667,NA,NA,NA,NA,NA,NA,-207036666.6667,NA,NA,NA,NA,119527000,NA,1242396000,NA,119527000,NA,5.2,7.8,2.6,0,2.1,4.3,4.3,50,73.1,10.8,50,16.5,78.8,41.1,2.1,50,FALSE,9.3,9.3,Very Weak,Very Weak,TRUE,FALSE,NEUTRAL,Proven,1.5,-0.0037,Analyst Upside,GX ANALYST,36.16,-38.690000000000005,72.66,36.07,3.045,34.16,NA,0,0,-0.436,0,NA,NA,NA,NA,3577285000,$3.6B,N/A,-38.7%,-47.5%,-38.3%,-12.4%,41.1,41.1,2.1,44.66,0.06,Tier 2: Golden Cross
XOM,168.5,174.09,107.28,2026-09-30,OIL & GAS INTEGRATED,668267971000,20.65,14.77,2.556,7.87,7.87,0.126,0.0552,0.0907,0.159,361060008000,85.49,67937001000,9.28,1.128,1.128,0.175,172.55,3,7,15,0,0,4111912000,0.0254,1.381,1.947,63.08,Exxon Mobil Corp,ENERGY,60,75,65,60,25,63,0.024,64.8,168.5,164.23,138.88,152.64,112.91,0.026,0.2133,0.1039,0.4923,163.3485,161.3298,150.0744,63.4425,0.7446,0.5484,0.1962,168.6527,158.0443,0.9856,0.2422,13547540.9091,0.1924,8e-4,7e-4,-1e-4,0.0165,750,0.0314,0.142,0.2615,-0.0879,TRUE,TRUE,TRUE,TRUE,Neutral,TRUE,100,85,83.5052,54.6392,70,80.7294,768,-0.2188,0.0518,0.247,0.5794,0.0018,0.015,0.4651,1.9524,1,1,13.03,No Signal,0.01,2.64,Stable,FALSE,1%,0,NA,NA,NA,NA,50,Unknown,FALSE,FALSE,NA,NA,NA,NA,NA,NA,NA,NA,NA,0.1243,NA,0.1243,NA,NA,32229000000,10588000000,NA,259380000000,32229000000,10588000000,NA,77.2,88.1,96.4,36.8,88.1,81.4,81.4,66.9,80.2,47.9,83.8,46.9,63,63,75.9,50,FALSE,77.3,77.3,Strong,Strong,TRUE,FALSE,NEUTRAL,Proven,88.7,0.0018,Alpha Leader,GX MACD RSI MA200 α>SPY,168.5,2.6,174.09,107.28,2.556,9.28,NA,0.159,0.0907,0.126,1.128,0.1243,0.1243,NA,NA,668267971000,$668.3B,20.6,+2.6%,+21.3%,+10.4%,+49.2%,63,63,75.9,57.8,0.01,Tier 2: Golden Cross
YETI,39.6,53.99,31.66,2026-09-26,LEISURE,3085966000,18.54,13.21,5.22,2.28,2.28,0.253,0.113,0.0924,0.193,1935756000,25.23,289114000,11.27,0.541,0.0614,1.699,54.87,2,8,6,0,0,72989000,NA,1.655,1.743,8.35,YETI Holdings Inc,CONSUMER CYCLICAL,75,40,80,60,16,68.8,0.3856,66.63,39.6,40.51,48.91,36.87,33.17,-0.0225,-0.1903,0.074,0.1938,41.297,43.6506,44.3289,37.975,-1.9516,-1.6982,-0.2534,43.7226,38.8714,0.1502,0.3389,1824013.6364,1.2833,8e-4,3e-4,-5e-4,0.0247,750,0.0075,-0.1877,0.3919,-0.3312,FALSE,FALSE,FALSE,FALSE,Neutral,FALSE,15,20,19.5876,49.4845,30,25.5232,768,-0.515,-0.0617,-0.2107,0.4603,-2e-4,0.0255,-0.0518,-0.128,1,1,42.55,Low Signal,0.1,3.71,Decreasing,FALSE,10.5%,0,NA,NA,NA,NA,50,Unknown,FALSE,FALSE,NA,NA,0.5741,222298000,NA,NA,NA,NA,NA,0.1652,222298000,0.1652,0.5741,1868494000,100662000,NA,0.0614,609504000,100662000,NA,0.0614,49.2,47.7,25.4,36.8,22.3,38.8,38.8,74.1,50,73.2,79.3,47.9,68.8,67.1,27.6,50,FALSE,40.4,40.4,Weak,Weak,FALSE,FALSE,NEUTRAL,Proven,37.1,-2e-4,Analyst Upside,ANALYST,39.6,-2.25,53.99,31.66,5.22,11.27,0.5741,0.193,0.0924,0.253,0.0614,0.1652,0.1652,NA,NA,3085966000,$3.1B,18.5,-2.2%,-19%,+7.4%,+19.4%,67.1,67.1,27.6,60.26,0.1,No Signal
YEXT,6.82,9.03,3.265,2026-09-26,SOFTWARE - INFRASTRUCTURE,640392000,38.06,7.6,17.87,0.17,0.17,0.278,0.0179,0.059,0.161,443021000,3.874,39847000,10.37,3.902,0.051,1.154,7,0,0,1,0,0,98979000,NA,0,1.743,1.297,Yext Inc,TECHNOLOGY,25,20,80,40,1,50,0.0264,45.25,6.82,6.09,5.09,3.41,8.43,0.1199,0.3399,1,-0.191,6.4695,6.2714,5.4141,64.3257,1.7984,1.6048,0.1935,6.743,6.196,1.1409,0.2755,963990.9091,0.8252,8e-4,6e-4,-2e-4,0.0306,750,0.0344,-0.0141,0.4862,-0.1023,TRUE,TRUE,TRUE,TRUE,Neutral,TRUE,100,85,89.6907,93.8144,70,90.4201,768,-0.3884,0.0384,0.3175,0.5794,0.0053,0.0314,1.3248,2.656,1,2,36.28,No Signal,0.07,6.44,Increasing,FALSE,6.9%,0,NA,NA,NA,NA,50,Unknown,FALSE,FALSE,NA,NA,0.7446,48281666.6667,NA,NA,NA,NA,NA,4.1418,48281666.6667,4.1418,0.7446,446579000,147704000,86828000,0.051,35662000,147704000,86828000,0.051,93.3,95.9,96.4,74.1,89.6,92.1,92.1,32.4,11,76.8,3.6,40.2,50,39.3,95.8,50,FALSE,85.1,85.1,Very Strong,Very Strong,TRUE,FALSE,NEUTRAL,Proven,98.5,0.0053,Alpha Leader,GX MACD RSI MA200 α>SPY,6.82,11.99,9.03,3.265,17.87,10.37,0.7446,0.161,0.059,0.278,0.051,4.1418,4.1418,NA,NA,640392000,$640.4M,38.1,+12%,+34%,+100%,-19.1%,39.3,39.3,95.8,43.58,0.07,Tier 2: Golden Cross
ZION,62.73,72.85,44.82,2026-09-29,BANKS - REGIONAL,9316204000,8.13,9.15,1.201,7.85,7.85,0.164,0.0132,0.318,0.521,3687000000,25.12,NA,NA,0.871,0.0367,0.773,74.73,1,6,12,1,2,145953000,0.0287,3.977,2.987,52.18,Zions Bancorporation,FINANCIAL SERVICES,90,90,65,90,22,53.4,0.1913,78.84,62.73,68.11,70.66,61.53,55.83,-0.079,-0.1122,0.0195,0.1236,64.265,67.3564,63.453,37.1764,-2.2109,-2.2135,0.0026,68.4959,60.0341,0.3186,0.2031,1562590.9091,1.2292,8e-4,0.001,2e-4,0.0192,750,0.0173,0.0026,0.3055,0.1617,FALSE,FALSE,FALSE,TRUE,Neutral,TRUE,15,20,32.9897,42.7835,70,32.2036,768,-0.0098,-0.0913,-0.1213,0.4841,-2e-4,0.0136,-0.0536,-0.2488,1,1,25.89,No Signal,0.04,3.82,Increasing,FALSE,4.4%,0,NA,NA,NA,NA,50,Unknown,FALSE,FALSE,NA,NA,NA,925000000,NA,NA,NA,NA,NA,0.2547,925000000,0.2547,NA,662000000,1956000000,NA,0.0367,7681000000,1956000000,NA,0.0367,48.7,45.1,43.5,36.8,36.3,43.7,43.7,99.3,97.8,56.2,69.4,90.2,53.4,77.9,31.2,50,FALSE,45.8,45.8,Neutral,Neutral,TRUE,FALSE,NEUTRAL,Proven,45.9,-2e-4,Analyst Upside,GX MACD ANALYST,62.73,-7.9,72.85,44.82,1.201,NA,NA,0.521,0.318,0.164,0.0367,0.2547,0.2547,NA,NA,9316204000,$9.3B,8.1,-7.9%,-11.2%,+2%,+12.4%,77.9,77.9,31.2,66.74000000000001,0.04,Tier 2: Golden Cross
ZM,94.67,114.74,70.7,2026-10-04,SOFTWARE - APPLICATION,27100871000,8.62,15.11,2.372,10.77,10.77,0.321,0.0611,0.652,0.246,4993050000,16.89,1333759000,14.92,3.423,0.037,1.04,118.24,2,16,11,0,1,263233000,NA,2.519,3.931,33.98,Zoom Video Communications Inc,TECHNOLOGY,90,75,95,90,30,65,0.249,86,94.67,96.18,89.76,82.8,82.7,-0.0157,0.0547,0.1434,0.1447,92.0522,97.5035,91.2276,52.4798,-0.7421,-1.555,0.8129,96.7223,87.3822,0.7803,0.2838,2886472.7273,0.8845,8e-4,8e-4,-0,0.0212,750,0.0032,0.0114,0.3361,-0.0363,TRUE,FALSE,TRUE,TRUE,Neutral,TRUE,35,85,63.9175,63.4021,70,60.3557,768,-0.2439,-6e-4,0.0314,0.4841,4e-4,0.029,0.0978,0.2123,1,4,20.59,No Signal,0.02,2.09,Decreasing,FALSE,2.4%,0,NA,NA,NA,NA,50,Unknown,FALSE,FALSE,NA,NA,0.7702,1734906000,291783711,27623163920.37,NA,NA,NA,NA,1734906000,NA,0.7702,4868769000,NA,931992000,0.037,11303611000,NA,931992000,0.037,59.1,57.5,43.5,92.7,64.2,59.7,59.7,97.1,84.1,81.4,50,99.5,65,81.6,63.6,50,FALSE,63.9,63.9,Neutral,Neutral,TRUE,FALSE,NEUTRAL,Proven,71.1,4e-4,Analyst Upside,GX MACD RSI MA200 ANALYST,94.67,-1.5699999999999998,114.74,70.7,2.372,14.92,0.7702,0.246,0.652,0.321,0.037,NA,NA,NA,NA,27100871000,$27.1B,8.6,-1.6%,+5.5%,+14.3%,+14.5%,81.6,81.6,63.6,68.96,0.02,Tier 2: Golden Cross
ZNTL,2.51,6.95,1.212,2026-09-26,BIOTECHNOLOGY,255614000,NA,NA,1.891,-1.96,-1.96,-0.667,-0.332,0,0,26865000,0.374,-149768000,-2.313,0,0,1.862,6.89,0,4,5,0,0,94672000,NA,NA,7.77,2.004,Zentalis Pharmaceuticals Llc,HEALTHCARE,50,75,15,20,9,61.1,1.745,41.11,2.51,3.8,4.88,5.56,1.81,-0.3395,-0.4857,-0.5486,0.3867,2.879,3.6008,3.4415,31.8642,-10.0702,-9.8191,-0.2511,3.4655,2.2925,0.1854,0.6981,1354890.9091,1.6893,8e-4,-4e-4,-0.0012,0.067,750,-0.0115,-0.4457,1.0629,-0.2869,FALSE,FALSE,FALSE,TRUE,Neutral,FALSE,15,20,1.5464,0.5155,30,10.317,768,-0.9359,-0.3604,-0.4964,0.4524,-0.0033,0.0676,-0.8317,-0.7756,1,0,31.31,No Signal,0.06,4.13,Increasing,FALSE,6.3%,0,NA,NA,NA,NA,50,Unknown,FALSE,FALSE,NA,NA,NA,-168244333.3333,NA,NA,NA,NA,NA,NA,-168244333.3333,NA,NA,0,NA,24783000,NA,143646000,NA,24783000,NA,8.3,26.9,19.7,0,1.6,13.4,13.4,50,90.1,6.2,50,16.5,61.1,40.3,2.2,50,FALSE,14.7,14.7,Very Weak,Very Weak,TRUE,FALSE,NEUTRAL,Proven,4.1,-0.0033,Analyst Upside,GX ANALYST,2.51,-33.95,6.95,1.212,1.891,-2.313,NA,0,0,-0.667,0,NA,NA,NA,NA,255614000,$255.6M,N/A,-34%,-48.6%,-54.9%,+38.7%,40.3,40.3,2.2,44.17999999999999,0.06,Tier 2: Golden Cross
ZS,216.81,336.99,114.62,2026-10-04,SOFTWARE - INFRASTRUCTURE,32056556000,NA,43.86,13.46,-0.39,-0.39,-0.0287,-0.0103,-0.0189,-0.0101,3352523000,20.93,43850000,186.83,0,0.2858,0.948,210.13,7,29,10,0,0,163055000,NA,2.197,9.95,15.94,Zscaler Inc,TECHNOLOGY,50,20,15,20,46,73.4,-0.0308,31.34,216.81,166.1,139.27,122.62,315.21,0.3053,0.5568,0.7681,-0.3122,200.6462,184.0763,166.0293,65.9349,4.2305,4.0161,0.2145,223.8892,177.4033,0.8477,0.747,3279422.7273,1.3101,8e-4,8e-4,0,0.0295,750,0.0195,-0.0576,0.4683,0.0121,TRUE,TRUE,TRUE,TRUE,Neutral,TRUE,100,65,97.9381,90.2062,70,89.1727,768,-0.1859,0.2604,0.5234,0.5635,0.0049,0.0479,1.2295,1.6166,1,4,22.55,No Signal,0.04,1.8,Decreasing,FALSE,3.6%,0,NA,NA,NA,NA,50,Unknown,FALSE,FALSE,NA,NA,0.7687,602868333.3333,NA,NA,NA,NA,NA,NA,602868333.3333,NA,0.7687,2673115000,NA,928354000,0.2858,2598261000,NA,928354000,0.2858,91.2,82.9,92.7,92.7,97.4,90.5,90.5,50,17,23.7,50,14.4,73.4,36.1,94.3,50,FALSE,83.3,83.3,Very Strong,Very Strong,TRUE,FALSE,NEUTRAL,Proven,96.9,0.0049,Alpha Leader,GX MACD RSI MA200 α>SPY,216.81,30.53,336.99,114.62,13.46,186.83,0.7687,-0.0101,-0.0189,-0.0287,0.2858,NA,NA,NA,NA,32056556000,$32.1B,N/A,+30.5%,+55.7%,+76.8%,-31.2%,36.1,36.1,94.3,41.66,0.04,Tier 2: Golden Cross
