date,symbol,master_score,rating,rank,n_universe
2026-05-05,AAPL,42.9,Hold,27,50
2026-06-01,AAPL,55.8,Hold,11,50
2026-06-02,AAPL,54.6,Hold,15,50
2026-06-03,AAPL,55.5,Hold,11,50
2026-06-04,AAPL,55.8,Hold,12,50
2026-06-08,AAPL,55.9,Hold,10,50
2026-06-09,AAPL,54.4,Hold,17,50
2026-06-11,AAPL,52.1,Hold,20,50
2026-06-12,AAPL,52,Hold,23,50
2026-06-15,AAPL,50,Hold,26,50
2026-06-17,AAPL,53.1,Hold,21,50
2026-06-18,AAPL,54,Hold,19,50
2026-06-19,AAPL,54,Hold,17,50
2026-06-22,AAPL,54,Hold,17,50
2026-06-23,AAPL,53.4,Hold,19,50
2026-06-24,AAPL,52.5,Hold,22,50
2026-06-25,AAPL,50.2,Hold,25,50
2026-06-26,AAPL,42.9,Underperform,36,50
2026-06-29,AAPL,45.4,Hold,33,50
2026-07-01,AAPL,47.4,Hold,29,50
2026-07-02,AAPL,53.7,Hold,20,50
2026-07-03,AAPL,58.2,Hold,12,50
2026-07-06,AAPL,58.3,Hold,13,50
2026-07-07,AAPL,60.7,Hold,8,50
2026-07-08,AAPL,57.8,Hold,14,50
2026-07-09,AAPL,63.1,Hold,4,50
2026-07-10,AAPL,65.1,Buy,3,50
2026-07-13,AAPL,61.9,Hold,9,50
2026-07-14,AAPL,63.4,Hold,7,50
2026-07-16,AAPL,68.8,Buy,2,50
2026-07-17,AAPL,68.8,Buy,2,50
2026-07-20,AAPL,70.6,Buy,2,50
2026-07-21,AAPL,67.4,Buy,3,50
2026-07-22,AAPL,66.6,Buy,4,50
2026-07-23,AAPL,65.6,Buy,6,50
2026-07-24,AAPL,63.7,Hold,8,50
2026-07-27,AAPL,66.2,Buy,6,50
2026-07-30,AAPL,68,Buy,4,50
2026-07-31,AAPL,65.9,Buy,4,50
2026-08-03,AAPL,51.3,Hold,21,50
2026-08-05,AAPL,57,Hold,66,195
2026-08-07,AAPL,57.6,Hold,59,195
2026-08-10,AAPL,50.6,Hold,93,195
2026-08-11,AAPL,46.1,Hold,109,195
2026-08-12,AAPL,45.6,Neutral,115,195
2026-08-13,AAPL,45.2,Neutral,109,195
2026-08-14,AAPL,48.3,Neutral,104,195
2026-08-17,AAPL,50.1,Neutral,94,195
2026-08-18,AAPL,51.4,Neutral,87,195
2026-08-19,AAPL,56.7,Neutral,65,195
2026-08-20,AAPL,59,Neutral,53,195
2026-08-21,AAPL,46.9,Neutral,111,195
2026-08-24,AAPL,46.9,Neutral,110,195
2026-08-25,AAPL,50.8,Neutral,93,195
2026-08-27,AAPL,56.1,Neutral,78,195
2026-08-28,AAPL,52.4,Neutral,88,195
2026-09-01,AAPL,58.2,Neutral,68,195
2026-09-02,AAPL,68,Strong,37,195
2026-09-03,AAPL,64.1,Neutral,47,195
2026-09-04,AAPL,64,Neutral,51,195
2026-09-07,AAPL,59.5,Neutral,63,195
2026-09-08,AAPL,59.5,Neutral,64,195
2026-09-09,AAPL,59.1,Neutral,71,195
2026-09-10,AAPL,62.3,Neutral,61,195
2026-09-11,AAPL,70.9,Strong,33,195
2026-09-15,AAPL,74.4,Strong,20,195
2026-09-17,AAPL,72.1,Strong,29,195
2026-09-18,AAPL,75.4,Strong,20,195
2026-09-22,AAPL,68.2,Strong,35,195
2026-09-23,AAPL,74.1,Strong,24,195
2026-09-24,AAPL,79.2,Very Strong,12,195
2026-05-05,ABBV,49.4,Hold,18,50
2026-06-01,ABBV,47.7,Hold,32,50
2026-06-02,ABBV,46.4,Hold,34,50
2026-06-03,ABBV,47.7,Hold,30,50
2026-06-04,ABBV,49.7,Hold,26,50
2026-06-08,ABBV,52.7,Hold,23,50
2026-06-09,ABBV,51.3,Hold,26,50
2026-06-11,ABBV,52.7,Hold,18,50
2026-06-12,ABBV,52.1,Hold,22,50
2026-06-15,ABBV,52.3,Hold,21,50
2026-06-17,ABBV,51.7,Hold,23,50
2026-06-18,ABBV,52.4,Hold,22,50
2026-06-19,ABBV,48.4,Hold,30,50
2026-06-22,ABBV,48.4,Hold,30,50
2026-06-23,ABBV,55.8,Hold,14,50
2026-06-24,ABBV,57,Hold,12,50
2026-06-25,ABBV,57.4,Hold,11,50
2026-06-26,ABBV,59,Hold,11,50
2026-06-29,ABBV,61.6,Hold,5,50
2026-07-01,ABBV,60.5,Hold,7,50
2026-07-02,ABBV,60.4,Hold,8,50
2026-07-03,ABBV,62.3,Hold,5,50
2026-07-06,ABBV,62.5,Hold,5,50
2026-07-07,ABBV,61.6,Hold,7,50
2026-07-08,ABBV,63.2,Hold,5,50
2026-07-09,ABBV,63.6,Hold,2,50
2026-07-10,ABBV,64.5,Hold,4,50
2026-07-13,ABBV,63.1,Hold,4,50
2026-07-14,ABBV,64.4,Hold,5,50
2026-07-16,ABBV,63.7,Hold,5,50
2026-07-17,ABBV,67.2,Buy,3,50
2026-07-20,ABBV,69.4,Buy,3,50
2026-07-21,ABBV,67.7,Buy,2,50
2026-07-22,ABBV,70.1,Buy,2,50
2026-07-23,ABBV,66.5,Buy,4,50
2026-07-24,ABBV,68.6,Buy,3,50
2026-07-27,ABBV,68.9,Buy,3,50
2026-07-30,ABBV,70.6,Buy,1,50
2026-07-31,ABBV,67.4,Buy,3,50
2026-08-03,ABBV,64.4,Hold,6,50
2026-08-05,ABBV,49.2,Hold,103,195
2026-08-07,ABBV,48.2,Hold,101,195
2026-08-10,ABBV,49.3,Hold,103,195
2026-08-11,ABBV,51.5,Hold,84,195
2026-08-12,ABBV,54.7,Neutral,72,195
2026-08-13,ABBV,54.3,Neutral,77,195
2026-08-14,ABBV,54.2,Neutral,77,195
2026-08-17,ABBV,47.4,Neutral,104,195
2026-08-18,ABBV,53.8,Neutral,78,195
2026-08-19,ABBV,59.9,Neutral,55,195
2026-08-20,ABBV,62.2,Neutral,45,195
2026-08-21,ABBV,59.1,Neutral,58,195
2026-08-24,ABBV,58.9,Neutral,58,195
2026-08-25,ABBV,59.8,Neutral,66,195
2026-08-27,ABBV,58.5,Neutral,71,195
2026-08-28,ABBV,54.4,Neutral,78,195
2026-09-01,ABBV,54.9,Neutral,79,195
2026-09-02,ABBV,61.3,Neutral,54,195
2026-09-03,ABBV,58,Neutral,68,195
2026-09-04,ABBV,50.8,Neutral,93,195
2026-09-07,ABBV,47.3,Neutral,110,195
2026-09-08,ABBV,47.1,Neutral,110,195
2026-09-09,ABBV,42.8,Weak,117,195
2026-09-10,ABBV,51.5,Neutral,92,195
2026-09-11,ABBV,58,Neutral,69,195
2026-09-15,ABBV,59.6,Neutral,64,195
2026-09-17,ABBV,69,Strong,36,195
2026-09-18,ABBV,65.9,Strong,43,195
2026-09-22,ABBV,63.4,Neutral,54,195
2026-09-23,ABBV,72.1,Strong,32,195
2026-09-24,ABBV,76.3,Strong,20,195
2026-08-05,ACAD,52.6,Hold,83,195
2026-08-07,ACAD,53.2,Hold,72,195
2026-08-10,ACAD,54.8,Hold,70,195
2026-08-11,ACAD,56.7,Hold,65,195
2026-08-12,ACAD,57.9,Neutral,57,195
2026-08-13,ACAD,53.4,Neutral,83,195
2026-08-14,ACAD,52.2,Neutral,87,195
2026-08-17,ACAD,51.7,Neutral,85,195
2026-08-18,ACAD,57,Neutral,66,195
2026-08-19,ACAD,58.4,Neutral,59,195
2026-08-20,ACAD,53.3,Neutral,80,195
2026-08-21,ACAD,54.2,Neutral,72,195
2026-08-24,ACAD,54.1,Neutral,72,195
2026-08-25,ACAD,62.5,Neutral,58,195
2026-08-27,ACAD,59.6,Neutral,65,195
2026-08-28,ACAD,59.9,Neutral,62,195
2026-09-01,ACAD,63.4,Neutral,50,195
2026-09-02,ACAD,69.7,Strong,31,195
2026-09-03,ACAD,62.7,Neutral,52,195
2026-09-04,ACAD,58.1,Neutral,69,195
2026-09-07,ACAD,61.7,Neutral,57,195
2026-09-08,ACAD,61.7,Neutral,57,195
2026-09-09,ACAD,58,Neutral,76,195
2026-09-10,ACAD,64.7,Neutral,50,195
2026-09-11,ACAD,68.4,Strong,36,195
2026-09-15,ACAD,62.3,Neutral,57,195
2026-09-17,ACAD,66.4,Strong,42,195
2026-09-18,ACAD,61.8,Neutral,51,195
2026-09-22,ACAD,52.1,Neutral,84,195
2026-09-23,ACAD,57.5,Neutral,71,195
2026-09-24,ACAD,61.6,Neutral,61,195
2026-05-05,ACN,33.9,Underperform,48,50
2026-06-01,ACN,46.8,Hold,36,50
2026-06-02,ACN,48.6,Hold,29,50
2026-06-03,ACN,48.2,Hold,29,50
2026-06-04,ACN,43.4,Underperform,43,50
2026-06-08,ACN,43.4,Underperform,41,50
2026-06-09,ACN,42.8,Underperform,41,50
2026-06-11,ACN,41.7,Underperform,45,50
2026-06-12,ACN,39.4,Underperform,49,50
2026-06-15,ACN,41.2,Underperform,42,50
2026-06-17,ACN,40.5,Underperform,43,50
2026-06-18,ACN,38.2,Underperform,48,50
2026-06-19,ACN,36.8,Underperform,50,50
2026-06-22,ACN,36.8,Underperform,50,50
2026-06-23,ACN,36.4,Underperform,49,50
2026-06-24,ACN,36.4,Underperform,49,50
2026-06-25,ACN,36.8,Underperform,47,50
2026-06-26,ACN,35.7,Underperform,50,50
2026-06-29,ACN,35.7,Underperform,50,50
2026-07-01,ACN,34.5,Underperform,48,50
2026-07-02,ACN,35.4,Underperform,47,50
2026-07-03,ACN,35.8,Underperform,48,50
2026-07-06,ACN,35.8,Underperform,48,50
2026-07-07,ACN,34.2,Underperform,48,50
2026-07-08,ACN,35.9,Underperform,47,50
2026-07-09,ACN,33.5,Underperform,49,50
2026-07-10,ACN,35.2,Underperform,46,50
2026-07-13,ACN,32.4,Underperform,47,50
2026-07-14,ACN,34.6,Underperform,46,50
2026-07-16,ACN,36.6,Underperform,43,50
2026-07-17,ACN,38.6,Underperform,43,50
2026-07-20,ACN,39.6,Underperform,40,50
2026-07-21,ACN,41.9,Underperform,38,50
2026-07-22,ACN,36.5,Underperform,41,50
2026-07-23,ACN,35.6,Underperform,42,50
2026-07-24,ACN,37.8,Underperform,40,50
2026-07-27,ACN,41.7,Underperform,34,50
2026-07-30,ACN,47.1,Hold,28,50
2026-07-31,ACN,41.3,Underperform,37,50
2026-08-03,ACN,45,Hold,31,50
2026-08-05,ACN,31.6,Underperform,161,195
2026-08-07,ACN,32.1,Underperform,160,195
2026-08-10,ACN,31.6,Underperform,164,195
2026-08-11,ACN,33.2,Underperform,159,195
2026-08-12,ACN,33.7,Weak,153,195
2026-08-13,ACN,27.9,Very Weak,174,195
2026-08-14,ACN,28.4,Very Weak,171,195
2026-08-17,ACN,27.5,Very Weak,178,195
2026-08-18,ACN,25.2,Very Weak,180,195
2026-08-19,ACN,27.6,Very Weak,175,195
2026-08-20,ACN,31.3,Weak,173,195
2026-08-21,ACN,32.7,Weak,159,195
2026-08-24,ACN,32.6,Weak,159,195
2026-08-25,ACN,44,Weak,114,195
2026-08-27,ACN,38.5,Weak,132,195
2026-08-28,ACN,42.9,Weak,116,195
2026-09-01,ACN,45.7,Neutral,107,195
2026-09-02,ACN,41.2,Weak,121,195
2026-09-03,ACN,41.2,Weak,120,195
2026-09-04,ACN,44.2,Weak,116,195
2026-09-07,ACN,38,Weak,135,195
2026-09-08,ACN,37.9,Weak,135,195
2026-09-09,ACN,37.1,Weak,135,195
2026-09-10,ACN,37,Weak,130,195
2026-09-11,ACN,41.3,Weak,118,195
2026-09-15,ACN,50.8,Neutral,89,195
2026-09-17,ACN,46.2,Neutral,109,195
2026-09-18,ACN,46.9,Neutral,109,195
2026-09-22,ACN,49.1,Neutral,97,195
2026-09-23,ACN,55.1,Neutral,78,195
2026-09-24,ACN,60.2,Neutral,65,195
2026-08-05,AFRM,54.6,Hold,75,195
2026-08-07,AFRM,70.1,Buy,23,195
2026-08-10,AFRM,65.2,Buy,34,195
2026-08-11,AFRM,70,Buy,25,195
2026-08-12,AFRM,73.1,Strong,18,195
2026-08-13,AFRM,61.1,Neutral,54,195
2026-08-14,AFRM,73,Strong,17,195
2026-08-17,AFRM,73.9,Strong,16,195
2026-08-18,AFRM,62,Neutral,51,195
2026-08-19,AFRM,61.8,Neutral,47,195
2026-08-20,AFRM,71.4,Strong,20,195
2026-08-21,AFRM,71.3,Strong,16,195
2026-08-24,AFRM,71.3,Strong,16,195
2026-08-25,AFRM,71.9,Strong,26,195
2026-08-27,AFRM,63.2,Neutral,52,195
2026-08-28,AFRM,69.1,Strong,35,195
2026-09-01,AFRM,62.5,Neutral,53,195
2026-09-02,AFRM,58.5,Neutral,68,195
2026-09-03,AFRM,67,Strong,38,195
2026-09-04,AFRM,60.4,Neutral,65,195
2026-09-07,AFRM,60.5,Neutral,61,195
2026-09-08,AFRM,60.5,Neutral,61,195
2026-09-09,AFRM,72.4,Strong,27,195
2026-09-10,AFRM,64.4,Neutral,51,195
2026-09-11,AFRM,67.5,Strong,42,195
2026-09-15,AFRM,77.4,Strong,16,195
2026-09-17,AFRM,69.3,Strong,33,195
2026-09-18,AFRM,68.7,Strong,37,195
2026-09-22,AFRM,68,Strong,36,195
2026-09-23,AFRM,54.1,Neutral,85,195
2026-09-24,AFRM,57.6,Neutral,69,195
2026-08-05,AI,34.5,Underperform,154,195
2026-08-07,AI,21.1,Avoid,186,195
2026-08-10,AI,23.1,Avoid,185,195
2026-08-11,AI,27.2,Avoid,177,195
2026-08-12,AI,29.3,Very Weak,171,195
2026-08-13,AI,22.8,Very Weak,185,195
2026-08-14,AI,26.8,Very Weak,177,195
2026-08-17,AI,21.3,Very Weak,189,195
2026-08-18,AI,21,Very Weak,186,195
2026-08-19,AI,25.5,Very Weak,180,195
2026-08-20,AI,28.5,Very Weak,177,195
2026-08-21,AI,24.4,Very Weak,183,195
2026-08-24,AI,24.3,Very Weak,183,195
2026-08-25,AI,41,Weak,122,195
2026-08-27,AI,35.8,Weak,142,195
2026-08-28,AI,56.7,Neutral,71,195
2026-09-01,AI,60,Neutral,63,195
2026-09-02,AI,47.3,Neutral,103,195
2026-09-03,AI,51.9,Neutral,93,195
2026-09-04,AI,56.6,Neutral,72,195
2026-09-07,AI,46.5,Neutral,112,195
2026-09-08,AI,46.5,Neutral,112,195
2026-09-09,AI,52.6,Neutral,89,195
2026-09-10,AI,51,Neutral,98,195
2026-09-11,AI,54.1,Neutral,87,195
2026-09-15,AI,58.9,Neutral,69,195
2026-09-17,AI,56,Neutral,76,195
2026-09-18,AI,62.9,Neutral,47,195
2026-09-22,AI,63.9,Neutral,52,195
2026-09-23,AI,59.1,Neutral,65,195
2026-09-24,AI,55.2,Neutral,74,195
2026-08-05,ALGM,43.6,Underperform,121,195
2026-08-07,ALGM,31.5,Underperform,163,195
2026-08-10,ALGM,33.3,Underperform,156,195
2026-08-11,ALGM,26.6,Avoid,179,195
2026-08-12,ALGM,28.9,Very Weak,174,195
2026-08-13,ALGM,27.6,Very Weak,175,195
2026-08-14,ALGM,32.1,Weak,160,195
2026-08-17,ALGM,34.7,Weak,149,195
2026-08-18,ALGM,39,Weak,133,195
2026-08-19,ALGM,27,Very Weak,176,195
2026-08-20,ALGM,23,Very Weak,189,195
2026-08-21,ALGM,22.6,Very Weak,187,195
2026-08-24,ALGM,22.5,Very Weak,188,195
2026-08-25,ALGM,26.3,Very Weak,166,195
2026-08-27,ALGM,30.1,Weak,155,195
2026-08-28,ALGM,38.8,Weak,129,195
2026-09-01,ALGM,38,Weak,129,195
2026-09-02,ALGM,36.9,Weak,133,195
2026-09-03,ALGM,37.2,Weak,134,195
2026-09-04,ALGM,39.2,Weak,133,195
2026-09-07,ALGM,45.7,Neutral,115,195
2026-09-08,ALGM,45.7,Neutral,115,195
2026-09-09,ALGM,48,Neutral,104,195
2026-09-10,ALGM,41.4,Weak,119,195
2026-09-11,ALGM,41,Weak,119,195
2026-09-15,ALGM,37.8,Weak,132,195
2026-09-17,ALGM,35.2,Weak,136,195
2026-09-18,ALGM,35,Weak,141,195
2026-09-22,ALGM,49.1,Neutral,97,195
2026-09-23,ALGM,28.8,Very Weak,159,195
2026-09-24,ALGM,25.8,Very Weak,164,195
2026-08-05,ALNY,18.5,Avoid,192,195
2026-08-07,ALNY,29.7,Avoid,167,195
2026-08-10,ALNY,30.9,Underperform,170,195
2026-08-11,ALNY,28.8,Avoid,175,195
2026-08-12,ALNY,32.3,Weak,165,195
2026-08-13,ALNY,34.4,Weak,149,195
2026-08-14,ALNY,35.8,Weak,149,195
2026-08-17,ALNY,36.7,Weak,143,195
2026-08-18,ALNY,30.2,Weak,162,195
2026-08-19,ALNY,33.7,Weak,154,195
2026-08-20,ALNY,37.3,Weak,148,195
2026-08-21,ALNY,36,Weak,151,195
2026-08-24,ALNY,35.8,Weak,151,195
2026-08-25,ALNY,25.7,Very Weak,167,195
2026-08-27,ALNY,22.4,Very Weak,173,195
2026-08-28,ALNY,21.2,Very Weak,173,195
2026-09-01,ALNY,29.7,Very Weak,157,195
2026-09-02,ALNY,34.1,Weak,140,195
2026-09-03,ALNY,39.4,Weak,130,195
2026-09-04,ALNY,32.2,Weak,148,195
2026-09-07,ALNY,34.9,Weak,141,195
2026-09-08,ALNY,34.8,Weak,141,195
2026-09-09,ALNY,30.6,Weak,149,195
2026-09-10,ALNY,31.7,Weak,146,195
2026-09-11,ALNY,27.4,Very Weak,160,195
2026-09-15,ALNY,30.3,Weak,155,195
2026-09-17,ALNY,27.8,Very Weak,162,195
2026-09-18,ALNY,30.8,Weak,149,195
2026-09-22,ALNY,28.7,Very Weak,153,195
2026-09-23,ALNY,42.3,Weak,116,195
2026-09-24,ALNY,35.9,Weak,136,195
2026-08-05,ALRM,48.5,Hold,106,195
2026-08-07,ALRM,43.8,Underperform,124,195
2026-08-10,ALRM,44.1,Underperform,122,195
2026-08-11,ALRM,42,Underperform,128,195
2026-08-12,ALRM,44.7,Weak,121,195
2026-08-13,ALRM,40.6,Weak,130,195
2026-08-14,ALRM,40.7,Weak,134,195
2026-08-17,ALRM,40.2,Weak,130,195
2026-08-18,ALRM,40.1,Weak,128,195
2026-08-19,ALRM,43.6,Weak,119,195
2026-08-20,ALRM,46,Neutral,109,195
2026-08-21,ALRM,49.4,Neutral,100,195
2026-08-24,ALRM,49.4,Neutral,100,195
2026-08-25,ALRM,70,Strong,33,195
2026-08-27,ALRM,59.4,Neutral,67,195
2026-08-28,ALRM,61.2,Neutral,61,195
2026-09-01,ALRM,66.5,Strong,44,195
2026-09-02,ALRM,53.3,Neutral,84,195
2026-09-03,ALRM,58,Neutral,68,195
2026-09-04,ALRM,53,Neutral,84,195
2026-09-07,ALRM,51.7,Neutral,91,195
2026-09-08,ALRM,51.6,Neutral,92,195
2026-09-09,ALRM,53.3,Neutral,85,195
2026-09-10,ALRM,51.5,Neutral,92,195
2026-09-11,ALRM,56.1,Neutral,83,195
2026-09-15,ALRM,56.2,Neutral,78,195
2026-09-17,ALRM,66.2,Strong,45,195
2026-09-18,ALRM,52.5,Neutral,88,195
2026-09-22,ALRM,49.9,Neutral,94,195
2026-09-23,ALRM,67.6,Strong,43,195
2026-09-24,ALRM,63.3,Neutral,56,195
2026-05-05,AMD,45.5,Hold,21,50
2026-06-01,AMD,56.6,Hold,6,50
2026-06-02,AMD,56.3,Hold,8,50
2026-06-03,AMD,57.1,Hold,10,50
2026-06-04,AMD,57.9,Hold,7,50
2026-06-08,AMD,54.7,Hold,16,50
2026-06-09,AMD,57.5,Hold,7,50
2026-06-11,AMD,54.4,Hold,15,50
2026-06-12,AMD,58,Hold,7,50
2026-06-15,AMD,59.8,Hold,2,50
2026-06-17,AMD,55.9,Hold,12,50
2026-06-18,AMD,58.2,Hold,8,50
2026-06-19,AMD,61.1,Hold,5,50
2026-06-22,AMD,61.1,Hold,5,50
2026-06-23,AMD,61.7,Hold,4,50
2026-06-24,AMD,58.4,Hold,10,50
2026-06-25,AMD,58.5,Hold,9,50
2026-06-26,AMD,60.5,Hold,8,50
2026-06-29,AMD,57.4,Hold,15,50
2026-07-01,AMD,62.6,Hold,2,50
2026-07-02,AMD,57.6,Hold,13,50
2026-07-03,AMD,52.8,Hold,22,50
2026-07-06,AMD,52.9,Hold,22,50
2026-07-07,AMD,59.3,Hold,10,50
2026-07-08,AMD,52.5,Hold,21,50
2026-07-09,AMD,56.1,Hold,15,50
2026-07-10,AMD,60.8,Hold,9,50
2026-07-13,AMD,62.8,Hold,5,50
2026-07-14,AMD,56.4,Hold,15,50
2026-07-16,AMD,53.2,Hold,19,50
2026-07-17,AMD,48.2,Hold,27,50
2026-07-20,AMD,44.5,Underperform,31,50
2026-07-21,AMD,50,Hold,23,50
2026-07-22,AMD,59.4,Hold,12,50
2026-07-23,AMD,60.7,Hold,12,50
2026-07-24,AMD,55.6,Hold,19,50
2026-07-27,AMD,51.2,Hold,23,50
2026-07-30,AMD,41.7,Underperform,36,50
2026-07-31,AMD,55.2,Hold,18,50
2026-08-03,AMD,51.1,Hold,22,50
2026-08-05,AMD,75.9,Buy,13,195
2026-08-07,AMD,67.4,Buy,29,195
2026-08-10,AMD,61.9,Hold,46,195
2026-08-11,AMD,58.7,Hold,58,195
2026-08-12,AMD,61.5,Neutral,48,195
2026-08-13,AMD,64.6,Neutral,39,195
2026-08-14,AMD,60.2,Neutral,51,195
2026-08-17,AMD,71.6,Strong,20,195
2026-08-18,AMD,65.9,Strong,38,195
2026-08-19,AMD,62.7,Neutral,43,195
2026-08-20,AMD,61.1,Neutral,47,195
2026-08-21,AMD,65.8,Strong,34,195
2026-08-24,AMD,65.9,Strong,33,195
2026-08-25,AMD,65.5,Strong,50,195
2026-08-27,AMD,72.5,Strong,25,195
2026-08-28,AMD,67.1,Strong,42,195
2026-09-01,AMD,70.7,Strong,31,195
2026-09-02,AMD,67.7,Strong,39,195
2026-09-03,AMD,66.4,Strong,39,195
2026-09-04,AMD,67.4,Strong,39,195
2026-09-07,AMD,75.4,Strong,16,195
2026-09-08,AMD,75.4,Strong,16,195
2026-09-09,AMD,83.4,Very Strong,1,195
2026-09-10,AMD,86.3,Very Strong,1,195
2026-09-11,AMD,79.5,Very Strong,10,195
2026-09-15,AMD,73.2,Strong,23,195
2026-09-17,AMD,82.6,Very Strong,4,195
2026-09-18,AMD,84.6,Very Strong,4,195
2026-09-22,AMD,85.2,Very Strong,4,195
2026-09-23,AMD,81.8,Very Strong,10,195
2026-09-24,AMD,82.5,Very Strong,6,195
2026-05-05,AMGN,57.7,Buy,3,50
2026-06-01,AMGN,47.2,Hold,35,50
2026-06-02,AMGN,46.7,Hold,33,50
2026-06-03,AMGN,45.7,Hold,37,50
2026-06-04,AMGN,51.2,Hold,23,50
2026-06-08,AMGN,54.9,Hold,15,50
2026-06-09,AMGN,54.6,Hold,14,50
2026-06-11,AMGN,50.2,Hold,26,50
2026-06-12,AMGN,57.6,Hold,11,50
2026-06-15,AMGN,56.4,Hold,11,50
2026-06-17,AMGN,53.7,Hold,17,50
2026-06-18,AMGN,52.7,Hold,21,50
2026-06-19,AMGN,50,Hold,24,50
2026-06-22,AMGN,50,Hold,24,50
2026-06-23,AMGN,56.4,Hold,13,50
2026-06-24,AMGN,56,Hold,13,50
2026-06-25,AMGN,56.7,Hold,13,50
2026-06-26,AMGN,57.8,Hold,13,50
2026-06-29,AMGN,59.1,Hold,13,50
2026-07-01,AMGN,58.9,Hold,13,50
2026-07-02,AMGN,58.6,Hold,12,50
2026-07-03,AMGN,59.4,Hold,8,50
2026-07-06,AMGN,59.8,Hold,8,50
2026-07-07,AMGN,56.7,Hold,17,50
2026-07-08,AMGN,59.3,Hold,12,50
2026-07-09,AMGN,62.2,Hold,5,50
2026-07-10,AMGN,58.5,Hold,12,50
2026-07-13,AMGN,58.3,Hold,12,50
2026-07-14,AMGN,56.9,Hold,14,50
2026-07-16,AMGN,57.9,Hold,8,50
2026-07-17,AMGN,63.2,Hold,6,50
2026-07-20,AMGN,59.1,Hold,13,50
2026-07-21,AMGN,57.7,Hold,12,50
2026-07-22,AMGN,58.4,Hold,14,50
2026-07-23,AMGN,59.6,Hold,13,50
2026-07-24,AMGN,61.7,Hold,10,50
2026-07-27,AMGN,63.5,Hold,9,50
2026-07-30,AMGN,65.1,Buy,8,50
2026-07-31,AMGN,64.1,Hold,8,50
2026-08-03,AMGN,63.9,Hold,7,50
2026-08-05,AMGN,55.7,Hold,70,195
2026-08-07,AMGN,51,Hold,83,195
2026-08-10,AMGN,51.6,Hold,88,195
2026-08-11,AMGN,54.4,Hold,69,195
2026-08-12,AMGN,49.8,Neutral,98,195
2026-08-13,AMGN,53.3,Neutral,84,195
2026-08-14,AMGN,49.3,Neutral,99,195
2026-08-17,AMGN,48.9,Neutral,99,195
2026-08-18,AMGN,54,Neutral,77,195
2026-08-19,AMGN,57.5,Neutral,64,195
2026-08-20,AMGN,60.9,Neutral,48,195
2026-08-21,AMGN,55.8,Neutral,66,195
2026-08-24,AMGN,55.6,Neutral,66,195
2026-08-25,AMGN,54.1,Neutral,82,195
2026-08-27,AMGN,48.9,Neutral,99,195
2026-08-28,AMGN,48.7,Neutral,100,195
2026-09-01,AMGN,47.7,Neutral,102,195
2026-09-02,AMGN,57,Neutral,75,195
2026-09-03,AMGN,58.8,Neutral,63,195
2026-09-04,AMGN,54.3,Neutral,79,195
2026-09-07,AMGN,51,Neutral,94,195
2026-09-08,AMGN,51,Neutral,95,195
2026-09-09,AMGN,33.5,Weak,145,195
2026-09-10,AMGN,34.6,Weak,136,195
2026-09-11,AMGN,33,Weak,141,195
2026-09-15,AMGN,33.4,Weak,149,195
2026-09-17,AMGN,37.8,Weak,125,195
2026-09-18,AMGN,35.4,Weak,139,195
2026-09-22,AMGN,44,Weak,121,195
2026-09-23,AMGN,60.9,Neutral,58,195
2026-09-24,AMGN,54.4,Neutral,80,195
2026-08-05,AMKR,63.1,Hold,47,195
2026-08-07,AMKR,51,Hold,83,195
2026-08-10,AMKR,51.4,Hold,90,195
2026-08-11,AMKR,43.8,Underperform,114,195
2026-08-12,AMKR,47.8,Neutral,103,195
2026-08-13,AMKR,52.6,Neutral,88,195
2026-08-14,AMKR,55.7,Neutral,66,195
2026-08-17,AMKR,57,Neutral,66,195
2026-08-18,AMKR,60.1,Neutral,55,195
2026-08-19,AMKR,48.2,Neutral,106,195
2026-08-20,AMKR,44.9,Weak,114,195
2026-08-21,AMKR,44.8,Weak,119,195
2026-08-24,AMKR,44.7,Weak,118,195
2026-08-25,AMKR,38.4,Weak,129,195
2026-08-27,AMKR,37.3,Weak,135,195
2026-08-28,AMKR,49.7,Neutral,99,195
2026-09-01,AMKR,41.8,Weak,122,195
2026-09-02,AMKR,43.5,Weak,116,195
2026-09-03,AMKR,48.5,Neutral,101,195
2026-09-04,AMKR,45.7,Neutral,108,195
2026-09-07,AMKR,52,Neutral,90,195
2026-09-08,AMKR,52,Neutral,91,195
2026-09-09,AMKR,59.5,Neutral,70,195
2026-09-10,AMKR,61.1,Neutral,65,195
2026-09-11,AMKR,52.8,Neutral,94,195
2026-09-15,AMKR,45.2,Neutral,113,195
2026-09-17,AMKR,46.9,Neutral,107,195
2026-09-18,AMKR,49.3,Neutral,101,195
2026-09-22,AMKR,56.3,Neutral,72,195
2026-09-23,AMKR,39.1,Weak,127,195
2026-09-24,AMKR,32.7,Weak,149,195
2026-08-05,AMPL,54.6,Hold,75,195
2026-08-07,AMPL,61.5,Hold,51,195
2026-08-10,AMPL,62.5,Hold,44,195
2026-08-11,AMPL,65.3,Buy,40,195
2026-08-12,AMPL,66.8,Strong,33,195
2026-08-13,AMPL,59.3,Neutral,61,195
2026-08-14,AMPL,65.4,Strong,38,195
2026-08-17,AMPL,61.9,Neutral,47,195
2026-08-18,AMPL,59.8,Neutral,58,195
2026-08-19,AMPL,62.4,Neutral,45,195
2026-08-20,AMPL,64.2,Neutral,41,195
2026-08-21,AMPL,66.9,Strong,29,195
2026-08-24,AMPL,66.9,Strong,29,195
2026-08-25,AMPL,78.9,Very Strong,9,195
2026-08-27,AMPL,78,Very Strong,15,195
2026-08-28,AMPL,80.6,Very Strong,9,195
2026-09-01,AMPL,76,Strong,20,195
2026-09-02,AMPL,76.8,Strong,14,195
2026-09-03,AMPL,76.2,Strong,12,195
2026-09-04,AMPL,79.9,Very Strong,9,195
2026-09-07,AMPL,75.1,Strong,17,195
2026-09-08,AMPL,75.1,Strong,17,195
2026-09-09,AMPL,74.3,Strong,23,195
2026-09-10,AMPL,74.6,Strong,23,195
2026-09-11,AMPL,78.5,Very Strong,14,195
2026-09-15,AMPL,83.7,Very Strong,2,195
2026-09-17,AMPL,82.3,Very Strong,5,195
2026-09-18,AMPL,84.7,Very Strong,2,195
2026-09-22,AMPL,82.4,Very Strong,10,195
2026-09-23,AMPL,83.3,Very Strong,8,195
2026-09-24,AMPL,81.9,Very Strong,8,195
2026-05-05,AMZN,39.5,Underperform,32,50
2026-06-01,AMZN,55.6,Hold,12,50
2026-06-02,AMZN,53,Hold,18,50
2026-06-03,AMZN,51.5,Hold,23,50
2026-06-04,AMZN,48.7,Hold,28,50
2026-06-08,AMZN,45.2,Hold,37,50
2026-06-09,AMZN,44.6,Underperform,37,50
2026-06-11,AMZN,44.2,Underperform,40,50
2026-06-12,AMZN,44.2,Underperform,37,50
2026-06-15,AMZN,43.9,Underperform,40,50
2026-06-17,AMZN,44,Underperform,40,50
2026-06-18,AMZN,42.3,Underperform,39,50
2026-06-19,AMZN,45,Hold,33,50
2026-06-22,AMZN,45,Hold,33,50
2026-06-23,AMZN,40.5,Underperform,42,50
2026-06-24,AMZN,41.2,Underperform,37,50
2026-06-25,AMZN,40.7,Underperform,39,50
2026-06-26,AMZN,38.9,Underperform,42,50
2026-06-29,AMZN,39.3,Underperform,43,50
2026-07-01,AMZN,39.4,Underperform,41,50
2026-07-02,AMZN,41.8,Underperform,39,50
2026-07-03,AMZN,41.4,Underperform,38,50
2026-07-06,AMZN,41.7,Underperform,37,50
2026-07-07,AMZN,39.3,Underperform,44,50
2026-07-08,AMZN,39.2,Underperform,43,50
2026-07-09,AMZN,36.3,Underperform,44,50
2026-07-10,AMZN,40,Underperform,38,50
2026-07-13,AMZN,36.7,Underperform,44,50
2026-07-14,AMZN,37.8,Underperform,41,50
2026-07-16,AMZN,44.5,Underperform,35,50
2026-07-17,AMZN,36.3,Underperform,46,50
2026-07-20,AMZN,37.1,Underperform,44,50
2026-07-21,AMZN,40.9,Underperform,40,50
2026-07-22,AMZN,37.3,Underperform,40,50
2026-07-23,AMZN,35.2,Underperform,44,50
2026-07-24,AMZN,31.6,Underperform,47,50
2026-07-27,AMZN,30.3,Underperform,47,50
2026-07-30,AMZN,28.3,Avoid,47,50
2026-07-31,AMZN,33.6,Underperform,42,50
2026-08-03,AMZN,49.2,Hold,26,50
2026-08-05,AMZN,54.9,Hold,73,195
2026-08-07,AMZN,61.9,Hold,49,195
2026-08-10,AMZN,62.3,Hold,45,195
2026-08-11,AMZN,63.7,Hold,44,195
2026-08-12,AMZN,56.9,Neutral,61,195
2026-08-13,AMZN,54.8,Neutral,73,195
2026-08-14,AMZN,53,Neutral,83,195
2026-08-17,AMZN,52.4,Neutral,81,195
2026-08-18,AMZN,51.6,Neutral,85,195
2026-08-19,AMZN,51.5,Neutral,87,195
2026-08-20,AMZN,56.1,Neutral,61,195
2026-08-21,AMZN,50.9,Neutral,93,195
2026-08-24,AMZN,51.1,Neutral,92,195
2026-08-25,AMZN,58.6,Neutral,71,195
2026-08-27,AMZN,52.5,Neutral,87,195
2026-08-28,AMZN,49.9,Neutral,95,195
2026-09-01,AMZN,54.1,Neutral,81,195
2026-09-02,AMZN,52.5,Neutral,87,195
2026-09-03,AMZN,49.5,Neutral,98,195
2026-09-04,AMZN,52.9,Neutral,85,195
2026-09-07,AMZN,56.7,Neutral,77,195
2026-09-08,AMZN,56.7,Neutral,77,195
2026-09-09,AMZN,52.9,Neutral,86,195
2026-09-10,AMZN,48.8,Neutral,101,195
2026-09-11,AMZN,53.6,Neutral,89,195
2026-09-15,AMZN,50.1,Neutral,94,195
2026-09-17,AMZN,45.8,Neutral,112,195
2026-09-18,AMZN,52.9,Neutral,85,195
2026-09-22,AMZN,60.2,Neutral,66,195
2026-09-23,AMZN,48.8,Neutral,98,195
2026-09-24,AMZN,48.3,Neutral,96,195
2026-08-05,ANAB,63.6,Hold,44,195
2026-08-07,ANAB,57.5,Hold,60,195
2026-08-10,ANAB,60.5,Hold,51,195
2026-08-11,ANAB,55.7,Hold,66,195
2026-08-12,ANAB,63.3,Neutral,45,195
2026-08-13,ANAB,62.9,Neutral,43,195
2026-08-14,ANAB,57.1,Neutral,57,195
2026-08-17,ANAB,65.4,Strong,40,195
2026-08-18,ANAB,69,Strong,29,195
2026-08-19,ANAB,65.4,Strong,35,195
2026-08-20,ANAB,67.7,Strong,29,195
2026-08-21,ANAB,64.3,Neutral,37,195
2026-08-24,ANAB,64.2,Neutral,37,195
2026-08-25,ANAB,68.4,Strong,38,195
2026-08-27,ANAB,61.3,Neutral,61,195
2026-08-28,ANAB,59.5,Neutral,64,195
2026-09-01,ANAB,65.5,Strong,47,195
2026-09-02,ANAB,63.5,Neutral,50,195
2026-09-03,ANAB,62.3,Neutral,57,195
2026-09-04,ANAB,67.7,Strong,36,195
2026-09-07,ANAB,63.3,Neutral,55,195
2026-09-08,ANAB,63.3,Neutral,55,195
2026-09-09,ANAB,64.1,Neutral,47,195
2026-09-10,ANAB,58,Neutral,76,195
2026-09-11,ANAB,53.6,Neutral,89,195
2026-09-15,ANAB,49.4,Neutral,97,195
2026-09-17,ANAB,50,Neutral,100,195
2026-09-18,ANAB,55.8,Neutral,75,195
2026-09-22,ANAB,50.2,Neutral,93,195
2026-09-23,ANAB,43.5,Weak,112,195
2026-09-24,ANAB,48.1,Neutral,98,195
2026-08-05,ANET,74.4,Buy,16,195
2026-08-07,ANET,79.4,Strong Buy,6,195
2026-08-10,ANET,77.9,Buy,10,195
2026-08-11,ANET,80.8,Strong Buy,6,195
2026-08-12,ANET,83.2,Very Strong,3,195
2026-08-13,ANET,85.2,Very Strong,2,195
2026-08-14,ANET,79,Very Strong,6,195
2026-08-17,ANET,77.6,Strong,7,195
2026-08-18,ANET,82.8,Very Strong,4,195
2026-08-19,ANET,78,Very Strong,6,195
2026-08-20,ANET,75.1,Strong,8,195
2026-08-21,ANET,78.1,Very Strong,5,195
2026-08-24,ANET,78.1,Very Strong,5,195
2026-08-25,ANET,77.2,Strong,16,195
2026-08-27,ANET,83.1,Very Strong,5,195
2026-08-28,ANET,76.7,Strong,18,195
2026-09-01,ANET,77.3,Strong,17,195
2026-09-02,ANET,71.8,Strong,28,195
2026-09-03,ANET,69.4,Strong,31,195
2026-09-04,ANET,75.8,Strong,18,195
2026-09-07,ANET,81.1,Very Strong,4,195
2026-09-08,ANET,81.1,Very Strong,4,195
2026-09-09,ANET,83,Very Strong,2,195
2026-09-10,ANET,76.8,Strong,15,195
2026-09-11,ANET,74.2,Strong,23,195
2026-09-15,ANET,69.7,Strong,32,195
2026-09-17,ANET,82.1,Very Strong,6,195
2026-09-18,ANET,75.6,Strong,19,195
2026-09-22,ANET,83.1,Very Strong,8,195
2026-09-23,ANET,70.9,Strong,34,195
2026-09-24,ANET,67.3,Strong,41,195
2026-08-05,APPN,57.1,Hold,65,195
2026-08-07,APPN,45.3,Hold,119,195
2026-08-10,APPN,47.4,Hold,108,195
2026-08-11,APPN,48.5,Hold,95,195
2026-08-12,APPN,49.4,Neutral,99,195
2026-08-13,APPN,42.9,Weak,122,195
2026-08-14,APPN,47.4,Neutral,106,195
2026-08-17,APPN,44.1,Weak,119,195
2026-08-18,APPN,43,Weak,118,195
2026-08-19,APPN,45.9,Neutral,112,195
2026-08-20,APPN,47,Neutral,105,195
2026-08-21,APPN,50.1,Neutral,96,195
2026-08-24,APPN,50.1,Neutral,96,195
2026-08-25,APPN,77.5,Strong,15,195
2026-08-27,APPN,70.8,Strong,31,195
2026-08-28,APPN,74.5,Strong,20,195
2026-09-01,APPN,80.3,Very Strong,10,195
2026-09-02,APPN,72.6,Strong,23,195
2026-09-03,APPN,74.5,Strong,17,195
2026-09-04,APPN,76.9,Strong,13,195
2026-09-07,APPN,72,Strong,25,195
2026-09-08,APPN,72,Strong,25,195
2026-09-09,APPN,66.4,Strong,42,195
2026-09-10,APPN,66.7,Strong,45,195
2026-09-11,APPN,70.6,Strong,35,195
2026-09-15,APPN,78.6,Very Strong,15,195
2026-09-17,APPN,73.7,Strong,20,195
2026-09-18,APPN,77.6,Strong,15,195
2026-09-22,APPN,78,Very Strong,16,195
2026-09-23,APPN,72.7,Strong,28,195
2026-09-24,APPN,77.8,Strong,14,195
2026-08-05,ARHS,44.5,Underperform,119,195
2026-08-07,ARHS,51.1,Hold,80,195
2026-08-10,ARHS,46.2,Hold,112,195
2026-08-11,ARHS,48.5,Hold,95,195
2026-08-12,ARHS,52.7,Neutral,82,195
2026-08-13,ARHS,54.1,Neutral,79,195
2026-08-14,ARHS,49.2,Neutral,101,195
2026-08-17,ARHS,54.1,Neutral,76,195
2026-08-18,ARHS,51.5,Neutral,86,195
2026-08-19,ARHS,54.3,Neutral,74,195
2026-08-20,ARHS,51.1,Neutral,88,195
2026-08-21,ARHS,48.8,Neutral,103,195
2026-08-24,ARHS,48.8,Neutral,103,195
2026-08-25,ARHS,51.5,Neutral,90,195
2026-08-27,ARHS,54,Neutral,83,195
2026-08-28,ARHS,41.2,Weak,124,195
2026-09-01,ARHS,51.1,Neutral,93,195
2026-09-02,ARHS,47.9,Neutral,99,195
2026-09-03,ARHS,49.4,Neutral,99,195
2026-09-04,ARHS,43.9,Weak,118,195
2026-09-07,ARHS,55,Neutral,87,195
2026-09-08,ARHS,55,Neutral,87,195
2026-09-09,ARHS,51.3,Neutral,94,195
2026-09-10,ARHS,51.2,Neutral,96,195
2026-09-11,ARHS,45.4,Neutral,111,195
2026-09-15,ARHS,51.5,Neutral,87,195
2026-09-17,ARHS,34.3,Weak,140,195
2026-09-18,ARHS,43.5,Weak,120,195
2026-09-22,ARHS,67.5,Strong,37,195
2026-09-23,ARHS,64.2,Neutral,55,195
2026-09-24,ARHS,60,Neutral,66,195
2026-08-05,ARWR,78.3,Strong Buy,4,195
2026-08-07,ARWR,64.6,Hold,38,195
2026-08-10,ARWR,66.9,Buy,31,195
2026-08-11,ARWR,68.5,Buy,31,195
2026-08-12,ARWR,69.1,Strong,27,195
2026-08-13,ARWR,62,Neutral,48,195
2026-08-14,ARWR,59.4,Neutral,52,195
2026-08-17,ARWR,63.2,Neutral,45,195
2026-08-18,ARWR,68.7,Strong,31,195
2026-08-19,ARWR,63.4,Neutral,40,195
2026-08-20,ARWR,68,Strong,28,195
2026-08-21,ARWR,62.6,Neutral,45,195
2026-08-24,ARWR,62.5,Neutral,45,195
2026-08-25,ARWR,59.2,Neutral,68,195
2026-08-27,ARWR,68.2,Strong,34,195
2026-08-28,ARWR,61.4,Neutral,60,195
2026-09-01,ARWR,51.3,Neutral,91,195
2026-09-02,ARWR,59.2,Neutral,62,195
2026-09-03,ARWR,63.6,Neutral,49,195
2026-09-04,ARWR,67.2,Strong,41,195
2026-09-07,ARWR,70.9,Strong,28,195
2026-09-08,ARWR,70.9,Strong,28,195
2026-09-09,ARWR,63.3,Neutral,52,195
2026-09-10,ARWR,60.7,Neutral,66,195
2026-09-11,ARWR,66.4,Strong,48,195
2026-09-15,ARWR,57,Neutral,76,195
2026-09-17,ARWR,36.6,Weak,131,195
2026-09-18,ARWR,42.1,Weak,124,195
2026-09-22,ARWR,39.9,Weak,130,195
2026-09-23,ARWR,31.6,Weak,150,195
2026-09-24,ARWR,35.2,Weak,139,195
2026-08-05,ASAN,41.4,Underperform,132,195
2026-08-07,ASAN,29.5,Avoid,171,195
2026-08-10,ASAN,35.3,Underperform,150,195
2026-08-11,ASAN,35.2,Underperform,152,195
2026-08-12,ASAN,37.2,Weak,142,195
2026-08-13,ASAN,32.6,Weak,155,195
2026-08-14,ASAN,40.2,Weak,137,195
2026-08-17,ASAN,34.2,Weak,156,195
2026-08-18,ASAN,30.6,Weak,160,195
2026-08-19,ASAN,37.5,Weak,142,195
2026-08-20,ASAN,40.6,Weak,136,195
2026-08-21,ASAN,43,Weak,125,195
2026-08-24,ASAN,43,Weak,125,195
2026-08-25,ASAN,72.3,Strong,24,195
2026-08-27,ASAN,60.8,Neutral,63,195
2026-08-28,ASAN,66.6,Strong,48,195
2026-09-01,ASAN,67.2,Strong,40,195
2026-09-02,ASAN,58.6,Neutral,66,195
2026-09-03,ASAN,56.6,Neutral,78,195
2026-09-04,ASAN,61,Neutral,61,195
2026-09-07,ASAN,42.4,Weak,121,195
2026-09-08,ASAN,42.4,Weak,120,195
2026-09-09,ASAN,51.7,Neutral,92,195
2026-09-10,ASAN,44.4,Weak,112,195
2026-09-11,ASAN,56.5,Neutral,79,195
2026-09-15,ASAN,68.1,Strong,38,195
2026-09-17,ASAN,68.3,Strong,38,195
2026-09-18,ASAN,73.5,Strong,28,195
2026-09-22,ASAN,65.3,Strong,46,195
2026-09-23,ASAN,65.7,Strong,50,195
2026-09-24,ASAN,66,Strong,45,195
2026-08-05,ATI,80.1,Strong Buy,3,195
2026-08-07,ATI,85.3,Strong Buy,1,195
2026-08-10,ATI,84.9,Strong Buy,1,195
2026-08-11,ATI,84.4,Strong Buy,1,195
2026-08-12,ATI,84.1,Very Strong,2,195
2026-08-13,ATI,78.1,Very Strong,8,195
2026-08-14,ATI,77.9,Strong,7,195
2026-08-17,ATI,80.6,Very Strong,1,195
2026-08-18,ATI,83.2,Very Strong,3,195
2026-08-19,ATI,78.9,Very Strong,4,195
2026-08-20,ATI,76.8,Strong,7,195
2026-08-21,ATI,70.7,Strong,19,195
2026-08-24,ATI,70.7,Strong,18,195
2026-08-25,ATI,67.3,Strong,45,195
2026-08-27,ATI,65.9,Strong,41,195
2026-08-28,ATI,68.4,Strong,37,195
2026-09-01,ATI,56.4,Neutral,75,195
2026-09-02,ATI,58.8,Neutral,65,195
2026-09-03,ATI,56,Neutral,84,195
2026-09-04,ATI,64.4,Neutral,49,195
2026-09-07,ATI,72.7,Strong,23,195
2026-09-08,ATI,72.6,Strong,24,195
2026-09-09,ATI,63.9,Neutral,49,195
2026-09-10,ATI,66.3,Strong,46,195
2026-09-11,ATI,57.3,Neutral,74,195
2026-09-15,ATI,50.8,Neutral,89,195
2026-09-17,ATI,55.9,Neutral,77,195
2026-09-18,ATI,46.2,Neutral,113,195
2026-09-22,ATI,52.2,Neutral,83,195
2026-09-23,ATI,43.6,Weak,111,195
2026-09-24,ATI,46.3,Neutral,108,195
2026-05-05,AVGO,46.8,Hold,19,50
2026-06-01,AVGO,56.4,Hold,8,50
2026-06-02,AVGO,58.7,Hold,4,50
2026-06-03,AVGO,59.7,Hold,3,50
2026-06-04,AVGO,59.8,Hold,3,50
2026-06-08,AVGO,47.7,Hold,28,50
2026-06-09,AVGO,49.5,Hold,27,50
2026-06-11,AVGO,48.2,Hold,31,50
2026-06-12,AVGO,52.5,Hold,20,50
2026-06-15,AVGO,52.4,Hold,19,50
2026-06-17,AVGO,50,Hold,25,50
2026-06-18,AVGO,55.3,Hold,15,50
2026-06-19,AVGO,59.5,Hold,8,50
2026-06-22,AVGO,59.5,Hold,8,50
2026-06-23,AVGO,55.8,Hold,14,50
2026-06-24,AVGO,52.4,Hold,23,50
2026-06-25,AVGO,53,Hold,21,50
2026-06-26,AVGO,51.8,Hold,23,50
2026-06-29,AVGO,46.5,Hold,31,50
2026-07-01,AVGO,51.3,Hold,23,50
2026-07-02,AVGO,45.8,Hold,32,50
2026-07-03,AVGO,41.4,Underperform,38,50
2026-07-06,AVGO,41.4,Underperform,39,50
2026-07-07,AVGO,46.3,Hold,28,50
2026-07-08,AVGO,44,Underperform,34,50
2026-07-09,AVGO,52.7,Hold,22,50
2026-07-10,AVGO,58.2,Hold,13,50
2026-07-13,AVGO,54.7,Hold,17,50
2026-07-14,AVGO,47.9,Hold,29,50
2026-07-16,AVGO,49.8,Hold,29,50
2026-07-17,AVGO,39.6,Underperform,39,50
2026-07-20,AVGO,43,Underperform,34,50
2026-07-21,AVGO,48.8,Hold,25,50
2026-07-22,AVGO,52.4,Hold,20,50
2026-07-23,AVGO,57.1,Hold,16,50
2026-07-24,AVGO,56.9,Hold,17,50
2026-07-27,AVGO,47.8,Hold,26,50
2026-07-30,AVGO,44,Underperform,33,50
2026-07-31,AVGO,54.6,Hold,20,50
2026-08-03,AVGO,54,Hold,18,50
2026-08-05,AVGO,61.2,Hold,51,195
2026-08-07,AVGO,75.7,Buy,10,195
2026-08-10,AVGO,75,Buy,15,195
2026-08-11,AVGO,68.4,Buy,32,195
2026-08-12,AVGO,67.4,Strong,31,195
2026-08-13,AVGO,66.7,Strong,32,195
2026-08-14,AVGO,66.8,Strong,32,195
2026-08-17,AVGO,60.9,Neutral,49,195
2026-08-18,AVGO,65,Strong,40,195
2026-08-19,AVGO,58,Neutral,63,195
2026-08-20,AVGO,53.6,Neutral,78,195
2026-08-21,AVGO,59.9,Neutral,53,195
2026-08-24,AVGO,59.9,Neutral,53,195
2026-08-25,AVGO,30.8,Weak,153,195
2026-08-27,AVGO,31.6,Weak,151,195
2026-08-28,AVGO,45.1,Neutral,110,195
2026-09-01,AVGO,45.4,Neutral,108,195
2026-09-02,AVGO,49.9,Neutral,97,195
2026-09-03,AVGO,40.2,Weak,125,195
2026-09-04,AVGO,32.6,Weak,145,195
2026-09-07,AVGO,35.9,Weak,139,195
2026-09-08,AVGO,35.8,Weak,139,195
2026-09-09,AVGO,41.4,Weak,120,195
2026-09-10,AVGO,37.6,Weak,128,195
2026-09-11,AVGO,39,Weak,122,195
2026-09-15,AVGO,34.5,Weak,145,195
2026-09-17,AVGO,39,Weak,123,195
2026-09-18,AVGO,42.2,Weak,123,195
2026-09-22,AVGO,44.8,Weak,117,195
2026-09-23,AVGO,32.2,Weak,149,195
2026-09-24,AVGO,38.3,Weak,129,195
2026-08-05,AXON,50,Hold,96,195
2026-08-07,AXON,66.4,Buy,32,195
2026-08-10,AXON,71.4,Buy,23,195
2026-08-11,AXON,75.7,Buy,12,195
2026-08-12,AXON,77.7,Strong,8,195
2026-08-13,AXON,71.8,Strong,20,195
2026-08-14,AXON,75.2,Strong,12,195
2026-08-17,AXON,71.5,Strong,21,195
2026-08-18,AXON,71.6,Strong,23,195
2026-08-19,AXON,75.7,Strong,14,195
2026-08-20,AXON,77.9,Strong,5,195
2026-08-21,AXON,76,Strong,10,195
2026-08-24,AXON,76,Strong,10,195
2026-08-25,AXON,60.8,Neutral,64,195
2026-08-27,AXON,54.9,Neutral,82,195
2026-08-28,AXON,50.2,Neutral,94,195
2026-09-01,AXON,38.8,Weak,126,195
2026-09-02,AXON,29.2,Very Weak,156,195
2026-09-03,AXON,27.3,Very Weak,162,195
2026-09-04,AXON,34.4,Weak,140,195
2026-09-07,AXON,28.1,Very Weak,156,195
2026-09-08,AXON,28.1,Very Weak,154,195
2026-09-09,AXON,30.2,Weak,150,195
2026-09-10,AXON,32,Weak,145,195
2026-09-11,AXON,31.4,Weak,148,195
2026-09-15,AXON,34.9,Weak,142,195
2026-09-17,AXON,35.7,Weak,134,195
2026-09-18,AXON,28.5,Very Weak,153,195
2026-09-22,AXON,27.2,Very Weak,157,195
2026-09-23,AXON,27.1,Very Weak,161,195
2026-09-24,AXON,23.7,Very Weak,170,195
2026-05-05,BAC,35.8,Underperform,42,50
2026-06-01,BAC,51.4,Hold,22,50
2026-06-02,BAC,52.2,Hold,21,50
2026-06-03,BAC,54.9,Hold,13,50
2026-06-04,BAC,55.3,Hold,13,50
2026-06-08,BAC,57,Hold,7,50
2026-06-09,BAC,57.4,Hold,8,50
2026-06-11,BAC,58.5,Hold,5,50
2026-06-12,BAC,59.2,Hold,3,50
2026-06-15,BAC,59.4,Hold,5,50
2026-06-17,BAC,59.7,Hold,4,50
2026-06-18,BAC,60.1,Hold,5,50
2026-06-19,BAC,59.4,Hold,9,50
2026-06-22,BAC,59.4,Hold,9,50
2026-06-23,BAC,61.5,Hold,5,50
2026-06-24,BAC,62,Hold,3,50
2026-06-25,BAC,60.9,Hold,5,50
2026-06-26,BAC,62.2,Hold,5,50
2026-06-29,BAC,63.1,Hold,1,50
2026-07-01,BAC,62.1,Hold,3,50
2026-07-02,BAC,64.1,Hold,1,50
2026-07-03,BAC,63.1,Hold,3,50
2026-07-06,BAC,63.1,Hold,3,50
2026-07-07,BAC,64.7,Hold,1,50
2026-07-08,BAC,65.4,Buy,1,50
2026-07-09,BAC,63.6,Hold,2,50
2026-07-10,BAC,65.7,Buy,1,50
2026-07-13,BAC,66.7,Buy,1,50
2026-07-14,BAC,70.3,Buy,1,50
2026-07-16,BAC,71.1,Buy,1,50
2026-07-17,BAC,71.2,Buy,1,50
2026-07-20,BAC,71.9,Buy,1,50
2026-07-21,BAC,70.2,Buy,1,50
2026-07-22,BAC,72.6,Buy,1,50
2026-07-23,BAC,73.4,Buy,1,50
2026-07-24,BAC,72.8,Buy,1,50
2026-07-27,BAC,73.7,Buy,1,50
2026-07-30,BAC,69.3,Buy,2,50
2026-07-31,BAC,71.5,Buy,1,50
2026-08-03,BAC,72.5,Buy,1,50
2026-08-05,BAC,64.3,Hold,41,195
2026-08-07,BAC,65.2,Buy,35,195
2026-08-10,BAC,63.8,Hold,40,195
2026-08-11,BAC,68.1,Buy,33,195
2026-08-12,BAC,69.3,Strong,26,195
2026-08-13,BAC,72.6,Strong,19,195
2026-08-14,BAC,66.4,Strong,34,195
2026-08-17,BAC,69.2,Strong,28,195
2026-08-18,BAC,66.1,Strong,37,195
2026-08-19,BAC,69.9,Strong,26,195
2026-08-20,BAC,64.4,Neutral,40,195
2026-08-21,BAC,61.2,Neutral,48,195
2026-08-24,BAC,61.2,Neutral,48,195
2026-08-25,BAC,67.6,Strong,44,195
2026-08-27,BAC,65.3,Strong,45,195
2026-08-28,BAC,59.4,Neutral,65,195
2026-09-01,BAC,67.1,Strong,41,195
2026-09-02,BAC,72.5,Strong,24,195
2026-09-03,BAC,76,Strong,13,195
2026-09-04,BAC,70.5,Strong,29,195
2026-09-07,BAC,70.9,Strong,28,195
2026-09-08,BAC,70.9,Strong,28,195
2026-09-09,BAC,76.7,Strong,12,195
2026-09-10,BAC,79.5,Very Strong,9,195
2026-09-11,BAC,79.4,Very Strong,11,195
2026-09-15,BAC,61.1,Neutral,61,195
2026-09-17,BAC,60,Neutral,63,195
2026-09-18,BAC,59,Neutral,64,195
2026-09-22,BAC,53.8,Neutral,78,195
2026-09-23,BAC,58.3,Neutral,67,195
2026-09-24,BAC,55.4,Neutral,73,195
2026-08-05,BARK,27.1,Avoid,173,195
2026-08-07,BARK,17,Avoid,192,195
2026-08-10,BARK,28.3,Avoid,176,195
2026-08-11,BARK,24.9,Avoid,183,195
2026-08-12,BARK,27.6,Very Weak,179,195
2026-08-13,BARK,24.5,Very Weak,184,195
2026-08-14,BARK,22.6,Very Weak,189,195
2026-08-17,BARK,20.7,Very Weak,191,195
2026-08-18,BARK,27.2,Very Weak,176,195
2026-08-19,BARK,24.1,Very Weak,183,195
2026-08-20,BARK,25.8,Very Weak,184,195
2026-08-21,BARK,26.6,Very Weak,179,195
2026-08-24,BARK,26.5,Very Weak,179,195
2026-08-25,BARK,32.9,Weak,148,195
2026-08-27,BARK,37.7,Weak,134,195
2026-08-28,BARK,38.6,Weak,130,195
2026-09-01,BARK,30.2,Weak,156,195
2026-09-02,BARK,38.2,Weak,129,195
2026-09-03,BARK,32.6,Weak,151,195
2026-09-04,BARK,29.1,Very Weak,157,195
2026-09-07,BARK,36.4,Weak,138,195
2026-09-08,BARK,36.3,Weak,137,195
2026-09-09,BARK,21.9,Very Weak,172,195
2026-09-10,BARK,17.8,Very Weak,183,195
2026-09-11,BARK,24.9,Very Weak,170,195
2026-09-15,BARK,19.6,Very Weak,182,195
2026-09-17,BARK,17.4,Very Weak,187,195
2026-09-18,BARK,22,Very Weak,174,195
2026-09-22,BARK,20.1,Very Weak,180,195
2026-09-23,BARK,17.4,Very Weak,182,195
2026-09-24,BARK,19.3,Very Weak,184,195
2026-08-05,BBAI,23,Avoid,180,195
2026-08-07,BBAI,37.4,Underperform,140,195
2026-08-10,BBAI,41.7,Underperform,128,195
2026-08-11,BBAI,39.9,Underperform,140,195
2026-08-12,BBAI,43.5,Weak,124,195
2026-08-13,BBAI,40,Weak,132,195
2026-08-14,BBAI,43.3,Weak,120,195
2026-08-17,BBAI,39.1,Weak,135,195
2026-08-18,BBAI,39.7,Weak,130,195
2026-08-19,BBAI,38.3,Weak,138,195
2026-08-20,BBAI,42.2,Weak,128,195
2026-08-21,BBAI,44.5,Weak,120,195
2026-08-24,BBAI,44.4,Weak,120,195
2026-08-25,BBAI,18.1,Very Weak,187,195
2026-08-27,BBAI,16.7,Very Weak,187,195
2026-08-28,BBAI,22.2,Very Weak,168,195
2026-09-01,BBAI,20.9,Very Weak,181,195
2026-09-02,BBAI,16.7,Very Weak,189,195
2026-09-03,BBAI,16.2,Very Weak,193,195
2026-09-04,BBAI,14.4,Very Weak,193,195
2026-09-07,BBAI,12.7,Very Weak,193,195
2026-09-08,BBAI,12.7,Very Weak,193,195
2026-09-09,BBAI,17.2,Very Weak,188,195
2026-09-10,BBAI,13.6,Very Weak,190,195
2026-09-11,BBAI,16.3,Very Weak,187,195
2026-09-15,BBAI,20.3,Very Weak,181,195
2026-09-17,BBAI,14.2,Very Weak,191,195
2026-09-18,BBAI,19.6,Very Weak,182,195
2026-09-22,BBAI,21.8,Very Weak,175,195
2026-09-23,BBAI,16.6,Very Weak,185,195
2026-09-24,BBAI,13.6,Very Weak,191,195
2026-05-05,BLK,34.5,Underperform,46,50
2026-06-01,BLK,47.9,Hold,30,50
2026-06-02,BLK,44.6,Underperform,39,50
2026-06-03,BLK,44.3,Underperform,40,50
2026-06-04,BLK,42,Underperform,46,50
2026-06-08,BLK,42.9,Underperform,46,50
2026-06-09,BLK,42.6,Underperform,43,50
2026-06-11,BLK,44.6,Underperform,39,50
2026-06-12,BLK,43.2,Underperform,39,50
2026-06-15,BLK,44.4,Underperform,37,50
2026-06-17,BLK,47.7,Hold,33,50
2026-06-18,BLK,50.3,Hold,26,50
2026-06-19,BLK,48.9,Hold,28,50
2026-06-22,BLK,48.9,Hold,28,50
2026-06-23,BLK,49.7,Hold,27,50
2026-06-24,BLK,43.5,Underperform,36,50
2026-06-25,BLK,39.9,Underperform,42,50
2026-06-26,BLK,39.8,Underperform,38,50
2026-06-29,BLK,37.6,Underperform,46,50
2026-07-01,BLK,39.3,Underperform,42,50
2026-07-02,BLK,39.5,Underperform,43,50
2026-07-03,BLK,39,Underperform,43,50
2026-07-06,BLK,39,Underperform,43,50
2026-07-07,BLK,40,Underperform,41,50
2026-07-08,BLK,40.5,Underperform,39,50
2026-07-09,BLK,37.1,Underperform,43,50
2026-07-10,BLK,41.6,Underperform,37,50
2026-07-13,BLK,44.6,Underperform,33,50
2026-07-14,BLK,42.8,Underperform,36,50
2026-07-16,BLK,51.6,Hold,22,50
2026-07-17,BLK,48.9,Hold,25,50
2026-07-20,BLK,47.9,Hold,26,50
2026-07-21,BLK,45.9,Hold,29,50
2026-07-22,BLK,43.4,Underperform,36,50
2026-07-23,BLK,45.2,Hold,31,50
2026-07-24,BLK,42.4,Underperform,32,50
2026-07-27,BLK,45.6,Hold,32,50
2026-07-30,BLK,45.2,Hold,32,50
2026-07-31,BLK,48.9,Hold,25,50
2026-08-03,BLK,45.9,Hold,30,50
2026-08-05,BLK,42.9,Underperform,124,195
2026-08-07,BLK,49.6,Hold,94,195
2026-08-10,BLK,49.7,Hold,100,195
2026-08-11,BLK,46.8,Hold,106,195
2026-08-12,BLK,51.1,Neutral,92,195
2026-08-13,BLK,53.6,Neutral,82,195
2026-08-14,BLK,55,Neutral,73,195
2026-08-17,BLK,49.2,Neutral,96,195
2026-08-18,BLK,48.1,Neutral,99,195
2026-08-19,BLK,53.6,Neutral,79,195
2026-08-20,BLK,54.5,Neutral,69,195
2026-08-21,BLK,53.1,Neutral,81,195
2026-08-24,BLK,53,Neutral,81,195
2026-08-25,BLK,50.7,Neutral,94,195
2026-08-27,BLK,46.4,Neutral,106,195
2026-08-28,BLK,45.7,Neutral,107,195
2026-09-01,BLK,46.7,Neutral,104,195
2026-09-02,BLK,45.4,Neutral,109,195
2026-09-03,BLK,44.5,Weak,113,195
2026-09-04,BLK,49.8,Neutral,96,195
2026-09-07,BLK,57.8,Neutral,71,195
2026-09-08,BLK,57.7,Neutral,71,195
2026-09-09,BLK,50.6,Neutral,95,195
2026-09-10,BLK,43.7,Weak,114,195
2026-09-11,BLK,43.8,Weak,115,195
2026-09-15,BLK,42.7,Weak,121,195
2026-09-17,BLK,37.3,Weak,127,195
2026-09-18,BLK,41,Weak,127,195
2026-09-22,BLK,47.9,Neutral,104,195
2026-09-23,BLK,38.9,Weak,128,195
2026-09-24,BLK,47.1,Neutral,105,195
2026-08-05,BMRN,38.4,Underperform,140,195
2026-08-07,BMRN,36,Underperform,146,195
2026-08-10,BMRN,39.8,Underperform,133,195
2026-08-11,BMRN,43.1,Underperform,123,195
2026-08-12,BMRN,43.8,Weak,123,195
2026-08-13,BMRN,44.3,Weak,114,195
2026-08-14,BMRN,36.2,Weak,148,195
2026-08-17,BMRN,34.5,Weak,150,195
2026-08-18,BMRN,34.9,Weak,145,195
2026-08-19,BMRN,38.4,Weak,137,195
2026-08-20,BMRN,40.1,Weak,138,195
2026-08-21,BMRN,33,Weak,158,195
2026-08-24,BMRN,32.9,Weak,158,195
2026-08-25,BMRN,37.1,Weak,134,195
2026-08-27,BMRN,40.5,Weak,126,195
2026-08-28,BMRN,38.5,Weak,131,195
2026-09-01,BMRN,46.2,Neutral,106,195
2026-09-02,BMRN,51.2,Neutral,91,195
2026-09-03,BMRN,51.9,Neutral,93,195
2026-09-04,BMRN,42.3,Weak,125,195
2026-09-07,BMRN,45.3,Neutral,116,195
2026-09-08,BMRN,45.1,Neutral,116,195
2026-09-09,BMRN,40.2,Weak,127,195
2026-09-10,BMRN,45.4,Neutral,109,195
2026-09-11,BMRN,50.8,Neutral,99,195
2026-09-15,BMRN,50.2,Neutral,93,195
2026-09-17,BMRN,55.2,Neutral,80,195
2026-09-18,BMRN,49.6,Neutral,100,195
2026-09-22,BMRN,44.2,Weak,120,195
2026-09-23,BMRN,49,Neutral,96,195
2026-09-24,BMRN,55.8,Neutral,72,195
2026-08-05,BRCC,35.2,Underperform,150,195
2026-08-07,BRCC,18.6,Avoid,190,195
2026-08-10,BRCC,20.6,Avoid,189,195
2026-08-11,BRCC,16.3,Avoid,193,195
2026-08-12,BRCC,16.1,Very Weak,193,195
2026-08-13,BRCC,19.2,Very Weak,191,195
2026-08-14,BRCC,14.9,Very Weak,194,195
2026-08-17,BRCC,17.8,Very Weak,195,195
2026-08-18,BRCC,14.9,Very Weak,194,195
2026-08-19,BRCC,18.3,Very Weak,193,195
2026-08-20,BRCC,23.3,Very Weak,188,195
2026-08-21,BRCC,8.8,Very Weak,195,195
2026-08-24,BRCC,22.8,Very Weak,187,195
2026-08-25,BRCC,51.3,Neutral,91,195
2026-08-27,BRCC,85.8,Very Strong,1,195
2026-08-28,BRCC,79.6,Very Strong,14,195
2026-09-01,BRCC,80.8,Very Strong,9,195
2026-09-02,BRCC,85.7,Very Strong,2,195
2026-09-03,BRCC,58.6,Neutral,66,195
2026-09-04,BRCC,63.4,Neutral,55,195
2026-09-07,BRCC,48.8,Neutral,104,195
2026-09-08,BRCC,48.8,Neutral,105,195
2026-09-09,BRCC,45.5,Neutral,111,195
2026-09-10,BRCC,33.6,Weak,139,195
2026-09-11,BRCC,33.4,Weak,138,195
2026-09-15,BRCC,44.3,Weak,117,195
2026-09-17,BRCC,57.8,Neutral,69,195
2026-09-18,BRCC,52.7,Neutral,87,195
2026-09-22,BRCC,43.1,Weak,125,195
2026-09-23,BRCC,54.5,Neutral,81,195
2026-09-24,BRCC,50.5,Neutral,90,195
2026-08-05,BRZE,55.4,Hold,72,195
2026-08-07,BRZE,42.9,Underperform,125,195
2026-08-10,BRZE,44.6,Underperform,116,195
2026-08-11,BRZE,51,Hold,86,195
2026-08-12,BRZE,46.6,Neutral,108,195
2026-08-13,BRZE,45.7,Neutral,108,195
2026-08-14,BRZE,50.4,Neutral,91,195
2026-08-17,BRZE,46,Neutral,108,195
2026-08-18,BRZE,44.4,Weak,114,195
2026-08-19,BRZE,49.1,Neutral,100,195
2026-08-20,BRZE,51.4,Neutral,86,195
2026-08-21,BRZE,53.9,Neutral,74,195
2026-08-24,BRZE,53.9,Neutral,74,195
2026-08-25,BRZE,81.4,Very Strong,4,195
2026-08-27,BRZE,77.7,Strong,16,195
2026-08-28,BRZE,80.2,Very Strong,11,195
2026-09-01,BRZE,74.3,Strong,24,195
2026-09-02,BRZE,75.4,Strong,16,195
2026-09-03,BRZE,81.3,Very Strong,7,195
2026-09-04,BRZE,76.7,Strong,15,195
2026-09-07,BRZE,75.6,Strong,15,195
2026-09-08,BRZE,75.6,Strong,15,195
2026-09-09,BRZE,75,Strong,21,195
2026-09-10,BRZE,57.3,Neutral,78,195
2026-09-11,BRZE,63.2,Neutral,56,195
2026-09-15,BRZE,65.3,Strong,46,195
2026-09-17,BRZE,61,Neutral,58,195
2026-09-18,BRZE,61.3,Neutral,56,195
2026-09-22,BRZE,65.2,Strong,49,195
2026-09-23,BRZE,66.5,Strong,46,195
2026-09-24,BRZE,65.1,Strong,47,195
2026-08-05,CALM,33.1,Underperform,158,195
2026-08-07,CALM,54.4,Hold,69,195
2026-08-10,CALM,52.8,Hold,75,195
2026-08-11,CALM,46.6,Hold,107,195
2026-08-12,CALM,52.6,Neutral,83,195
2026-08-13,CALM,46.1,Neutral,105,195
2026-08-14,CALM,45.8,Neutral,113,195
2026-08-17,CALM,43.3,Weak,122,195
2026-08-18,CALM,44.3,Weak,115,195
2026-08-19,CALM,48.3,Neutral,105,195
2026-08-20,CALM,44,Weak,121,195
2026-08-21,CALM,53.6,Neutral,76,195
2026-08-24,CALM,53.5,Neutral,76,195
2026-08-25,CALM,41.3,Weak,121,195
2026-08-27,CALM,31.3,Weak,152,195
2026-08-28,CALM,27.8,Very Weak,158,195
2026-09-01,CALM,26.4,Very Weak,162,195
2026-09-02,CALM,31.6,Weak,150,195
2026-09-03,CALM,25.2,Very Weak,167,195
2026-09-04,CALM,21.6,Very Weak,176,195
2026-09-07,CALM,19.5,Very Weak,183,195
2026-09-08,CALM,19.5,Very Weak,183,195
2026-09-09,CALM,23.8,Very Weak,168,195
2026-09-10,CALM,20.3,Very Weak,178,195
2026-09-11,CALM,23.3,Very Weak,172,195
2026-09-15,CALM,24.6,Very Weak,171,195
2026-09-17,CALM,28.4,Very Weak,161,195
2026-09-18,CALM,24.1,Very Weak,167,195
2026-09-22,CALM,24.2,Very Weak,168,195
2026-09-23,CALM,40.3,Weak,122,195
2026-09-24,CALM,40.1,Weak,126,195
2026-05-05,CAT,55.1,Buy,9,50
2026-06-01,CAT,56.5,Hold,7,50
2026-06-02,CAT,55.5,Hold,11,50
2026-06-03,CAT,58.5,Hold,6,50
2026-06-04,CAT,59.8,Hold,3,50
2026-06-08,CAT,57.8,Hold,3,50
2026-06-09,CAT,59.3,Hold,2,50
2026-06-11,CAT,54.9,Hold,13,50
2026-06-12,CAT,58.6,Hold,5,50
2026-06-15,CAT,59.2,Hold,8,50
2026-06-17,CAT,61.3,Hold,2,50
2026-06-18,CAT,62.9,Hold,2,50
2026-06-19,CAT,63.5,Hold,2,50
2026-06-22,CAT,63.5,Hold,2,50
2026-06-23,CAT,64.2,Hold,2,50
2026-06-24,CAT,62.9,Hold,2,50
2026-06-25,CAT,64.2,Hold,1,50
2026-06-26,CAT,65.3,Buy,1,50
2026-06-29,CAT,62.8,Hold,4,50
2026-07-01,CAT,65.4,Buy,1,50
2026-07-02,CAT,61,Hold,7,50
2026-07-03,CAT,57.2,Hold,17,50
2026-07-06,CAT,57.3,Hold,17,50
2026-07-07,CAT,57.3,Hold,15,50
2026-07-08,CAT,52.5,Hold,21,50
2026-07-09,CAT,56.3,Hold,14,50
2026-07-10,CAT,53.1,Hold,20,50
2026-07-13,CAT,55.1,Hold,15,50
2026-07-14,CAT,51.6,Hold,24,50
2026-07-16,CAT,47,Hold,33,50
2026-07-17,CAT,42,Underperform,36,50
2026-07-20,CAT,45.2,Hold,28,50
2026-07-21,CAT,42.5,Underperform,37,50
2026-07-22,CAT,46.6,Hold,27,50
2026-07-23,CAT,46.6,Hold,29,50
2026-07-24,CAT,49.2,Hold,27,50
2026-07-27,CAT,44.1,Underperform,33,50
2026-07-30,CAT,39.3,Underperform,40,50
2026-07-31,CAT,42.8,Underperform,34,50
2026-08-03,CAT,39.5,Underperform,39,50
2026-08-05,CAT,64.2,Hold,42,195
2026-08-07,CAT,58.7,Hold,55,195
2026-08-10,CAT,55.6,Hold,67,195
2026-08-11,CAT,53.9,Hold,71,195
2026-08-12,CAT,56.5,Neutral,65,195
2026-08-13,CAT,59.4,Neutral,60,195
2026-08-14,CAT,54.3,Neutral,76,195
2026-08-17,CAT,57.3,Neutral,63,195
2026-08-18,CAT,64.4,Neutral,43,195
2026-08-19,CAT,56,Neutral,68,195
2026-08-20,CAT,54.1,Neutral,71,195
2026-08-21,CAT,59.6,Neutral,54,195
2026-08-24,CAT,59.6,Neutral,54,195
2026-08-25,CAT,35.9,Weak,138,195
2026-08-27,CAT,41.6,Weak,121,195
2026-08-28,CAT,40.1,Weak,126,195
2026-09-01,CAT,37.4,Weak,131,195
2026-09-02,CAT,38.8,Weak,127,195
2026-09-03,CAT,42.2,Weak,117,195
2026-09-04,CAT,42.6,Weak,124,195
2026-09-07,CAT,50,Neutral,97,195
2026-09-08,CAT,50,Neutral,98,195
2026-09-09,CAT,52.9,Neutral,86,195
2026-09-10,CAT,46.9,Neutral,106,195
2026-09-11,CAT,47.8,Neutral,105,195
2026-09-15,CAT,41.2,Weak,123,195
2026-09-17,CAT,49.8,Neutral,102,195
2026-09-18,CAT,51.6,Neutral,91,195
2026-09-22,CAT,47.8,Neutral,107,195
2026-09-23,CAT,37.9,Weak,134,195
2026-09-24,CAT,36.5,Weak,133,195
2026-08-05,CAVA,23.9,Avoid,179,195
2026-08-07,CAVA,33.5,Underperform,154,195
2026-08-10,CAVA,32.4,Underperform,161,195
2026-08-11,CAVA,32.9,Underperform,160,195
2026-08-12,CAVA,32.9,Weak,159,195
2026-08-13,CAVA,44.4,Weak,113,195
2026-08-14,CAVA,49.8,Neutral,96,195
2026-08-17,CAVA,53.4,Neutral,78,195
2026-08-18,CAVA,42.5,Weak,121,195
2026-08-19,CAVA,39.1,Weak,135,195
2026-08-20,CAVA,44.8,Weak,115,195
2026-08-21,CAVA,52.3,Neutral,86,195
2026-08-24,CAVA,52.2,Neutral,87,195
2026-08-25,CAVA,33.7,Weak,146,195
2026-08-27,CAVA,18.9,Very Weak,180,195
2026-08-28,CAVA,19.5,Very Weak,180,195
2026-09-01,CAVA,21.5,Very Weak,180,195
2026-09-02,CAVA,18.1,Very Weak,184,195
2026-09-03,CAVA,20.2,Very Weak,183,195
2026-09-04,CAVA,16,Very Weak,188,195
2026-09-07,CAVA,15.1,Very Weak,188,195
2026-09-08,CAVA,15,Very Weak,188,195
2026-09-09,CAVA,13.7,Very Weak,190,195
2026-09-10,CAVA,12.5,Very Weak,192,195
2026-09-11,CAVA,10.2,Very Weak,194,195
2026-09-15,CAVA,9,Very Weak,193,195
2026-09-17,CAVA,7.2,Very Weak,193,195
2026-09-18,CAVA,11.2,Very Weak,193,195
2026-09-22,CAVA,9.3,Very Weak,193,195
2026-09-23,CAVA,13.1,Very Weak,190,195
2026-09-24,CAVA,8.9,Very Weak,194,195
2026-08-05,CELH,26.9,Avoid,174,195
2026-08-07,CELH,13.6,Avoid,194,195
2026-08-10,CELH,19.3,Avoid,190,195
2026-08-11,CELH,17.2,Avoid,191,195
2026-08-12,CELH,21.8,Very Weak,188,195
2026-08-13,CELH,18.8,Very Weak,192,195
2026-08-14,CELH,24.7,Very Weak,180,195
2026-08-17,CELH,26.4,Very Weak,179,195
2026-08-18,CELH,30.5,Weak,161,195
2026-08-19,CELH,31.8,Weak,160,195
2026-08-20,CELH,35.5,Weak,157,195
2026-08-21,CELH,37.5,Weak,148,195
2026-08-24,CELH,37.4,Weak,148,195
2026-08-25,CELH,32.6,Weak,149,195
2026-08-27,CELH,24.5,Very Weak,169,195
2026-08-28,CELH,20,Very Weak,178,195
2026-09-01,CELH,21.6,Very Weak,178,195
2026-09-02,CELH,20.6,Very Weak,178,195
2026-09-03,CELH,27.2,Very Weak,163,195
2026-09-04,CELH,25.5,Very Weak,165,195
2026-09-07,CELH,22.2,Very Weak,176,195
2026-09-08,CELH,22.1,Very Weak,177,195
2026-09-09,CELH,19.3,Very Weak,181,195
2026-09-10,CELH,14.7,Very Weak,189,195
2026-09-11,CELH,11.6,Very Weak,192,195
2026-09-15,CELH,21.1,Very Weak,177,195
2026-09-17,CELH,20.7,Very Weak,178,195
2026-09-18,CELH,17,Very Weak,187,195
2026-09-22,CELH,17.9,Very Weak,185,195
2026-09-23,CELH,26.3,Very Weak,168,195
2026-09-24,CELH,27.2,Very Weak,162,195
2026-08-05,CFR,58.5,Hold,60,195
2026-08-07,CFR,51.7,Hold,78,195
2026-08-10,CFR,49.6,Hold,102,195
2026-08-11,CFR,52.4,Hold,79,195
2026-08-12,CFR,55,Neutral,70,195
2026-08-13,CFR,56.8,Neutral,67,195
2026-08-14,CFR,50.4,Neutral,91,195
2026-08-17,CFR,54.8,Neutral,74,195
2026-08-18,CFR,51.9,Neutral,84,195
2026-08-19,CFR,54.1,Neutral,77,195
2026-08-20,CFR,48.4,Neutral,99,195
2026-08-21,CFR,49.2,Neutral,102,195
2026-08-24,CFR,49.2,Neutral,102,195
2026-08-25,CFR,54.9,Neutral,80,195
2026-08-27,CFR,52,Neutral,88,195
2026-08-28,CFR,48.1,Neutral,103,195
2026-09-01,CFR,51.1,Neutral,93,195
2026-09-02,CFR,47.7,Neutral,101,195
2026-09-03,CFR,56.6,Neutral,78,195
2026-09-04,CFR,55.4,Neutral,75,195
2026-09-07,CFR,59.5,Neutral,63,195
2026-09-08,CFR,59.5,Neutral,64,195
2026-09-09,CFR,67.4,Strong,39,195
2026-09-10,CFR,59.2,Neutral,68,195
2026-09-11,CFR,64.5,Neutral,52,195
2026-09-15,CFR,63.7,Neutral,51,195
2026-09-17,CFR,59.9,Neutral,64,195
2026-09-18,CFR,57.2,Neutral,69,195
2026-09-22,CFR,47.9,Neutral,104,195
2026-09-23,CFR,59.9,Neutral,62,195
2026-09-24,CFR,64,Neutral,55,195
2026-08-05,CGEM,64.1,Hold,43,195
2026-08-07,CGEM,65.2,Buy,35,195
2026-08-10,CGEM,57.6,Hold,63,195
2026-08-11,CGEM,62,Hold,48,195
2026-08-12,CGEM,66.3,Strong,35,195
2026-08-13,CGEM,68.3,Strong,29,195
2026-08-14,CGEM,61.9,Neutral,46,195
2026-08-17,CGEM,67,Strong,36,195
2026-08-18,CGEM,69.1,Strong,27,195
2026-08-19,CGEM,70.6,Strong,22,195
2026-08-20,CGEM,72.7,Strong,17,195
2026-08-21,CGEM,69.1,Strong,25,195
2026-08-24,CGEM,69,Strong,25,195
2026-08-25,CGEM,73,Strong,22,195
2026-08-27,CGEM,69,Strong,33,195
2026-08-28,CGEM,66.9,Strong,43,195
2026-09-01,CGEM,69.5,Strong,33,195
2026-09-02,CGEM,65.8,Strong,43,195
2026-09-03,CGEM,67.2,Strong,37,195
2026-09-04,CGEM,64.4,Neutral,49,195
2026-09-07,CGEM,68.1,Strong,36,195
2026-09-08,CGEM,68.1,Strong,36,195
2026-09-09,CGEM,66.6,Strong,41,195
2026-09-10,CGEM,67.3,Strong,42,195
2026-09-11,CGEM,67.4,Strong,43,195
2026-09-15,CGEM,63.7,Neutral,51,195
2026-09-17,CGEM,71.1,Strong,30,195
2026-09-18,CGEM,74.2,Strong,27,195
2026-09-22,CGEM,66.1,Strong,44,195
2026-09-23,CGEM,43.1,Weak,113,195
2026-09-24,CGEM,62.9,Neutral,57,195
2026-08-05,COIN,22.2,Avoid,185,195
2026-08-07,COIN,35.8,Underperform,147,195
2026-08-10,COIN,38.6,Underperform,139,195
2026-08-11,COIN,35.4,Underperform,151,195
2026-08-12,COIN,39.2,Weak,139,195
2026-08-13,COIN,39.4,Weak,135,195
2026-08-14,COIN,41.7,Weak,128,195
2026-08-17,COIN,34.3,Weak,153,195
2026-08-18,COIN,39.7,Weak,130,195
2026-08-19,COIN,35,Weak,151,195
2026-08-20,COIN,43.8,Weak,123,195
2026-08-21,COIN,56,Neutral,65,195
2026-08-24,COIN,55.9,Neutral,65,195
2026-08-25,COIN,43.2,Weak,115,195
2026-08-27,COIN,38.1,Weak,133,195
2026-08-28,COIN,48.3,Neutral,102,195
2026-09-01,COIN,45,Neutral,110,195
2026-09-02,COIN,39.5,Weak,125,195
2026-09-03,COIN,34.2,Weak,144,195
2026-09-04,COIN,44.8,Weak,113,195
2026-09-07,COIN,41.5,Weak,124,195
2026-09-08,COIN,41.4,Weak,123,195
2026-09-09,COIN,38.6,Weak,131,195
2026-09-10,COIN,38.9,Weak,124,195
2026-09-11,COIN,35.8,Weak,131,195
2026-09-15,COIN,47.2,Neutral,105,195
2026-09-17,COIN,27.5,Very Weak,163,195
2026-09-18,COIN,37.6,Weak,133,195
2026-09-22,COIN,53.2,Neutral,79,195
2026-09-23,COIN,45.7,Neutral,107,195
2026-09-24,COIN,41,Weak,123,195
2026-05-05,COST,52.5,Hold,11,50
2026-06-01,COST,42.1,Underperform,45,50
2026-06-02,COST,41.7,Underperform,47,50
2026-06-03,COST,43.4,Underperform,43,50
2026-06-04,COST,45.2,Hold,37,50
2026-06-08,COST,45.4,Hold,36,50
2026-06-09,COST,46.3,Hold,31,50
2026-06-11,COST,48.7,Hold,29,50
2026-06-12,COST,45.9,Hold,32,50
2026-06-15,COST,47.8,Hold,30,50
2026-06-17,COST,47.9,Hold,32,50
2026-06-18,COST,47,Hold,34,50
2026-06-19,COST,44,Underperform,37,50
2026-06-22,COST,44,Underperform,37,50
2026-06-23,COST,45.2,Hold,34,50
2026-06-24,COST,47.3,Hold,31,50
2026-06-25,COST,47.4,Hold,29,50
2026-06-26,COST,43.7,Underperform,34,50
2026-06-29,COST,45.6,Hold,32,50
2026-07-01,COST,42.9,Underperform,36,50
2026-07-02,COST,41.3,Underperform,42,50
2026-07-03,COST,42.8,Underperform,35,50
2026-07-06,COST,42.8,Underperform,35,50
2026-07-07,COST,40.4,Underperform,40,50
2026-07-08,COST,39.3,Underperform,41,50
2026-07-09,COST,42.4,Underperform,36,50
2026-07-10,COST,36.4,Underperform,44,50
2026-07-13,COST,35.3,Underperform,46,50
2026-07-14,COST,37.3,Underperform,44,50
2026-07-16,COST,36.2,Underperform,45,50
2026-07-17,COST,39.5,Underperform,40,50
2026-07-20,COST,42.6,Underperform,36,50
2026-07-21,COST,38.8,Underperform,43,50
2026-07-22,COST,37.9,Underperform,39,50
2026-07-23,COST,37.1,Underperform,41,50
2026-07-24,COST,40.4,Underperform,37,50
2026-07-27,COST,40.9,Underperform,38,50
2026-07-30,COST,49.2,Hold,25,50
2026-07-31,COST,41.7,Underperform,36,50
2026-08-03,COST,39.2,Underperform,41,50
2026-08-05,COST,29.1,Avoid,168,195
2026-08-07,COST,44.6,Underperform,121,195
2026-08-10,COST,36.8,Underperform,147,195
2026-08-11,COST,42.7,Underperform,125,195
2026-08-12,COST,35.3,Weak,148,195
2026-08-13,COST,39.8,Weak,133,195
2026-08-14,COST,43.8,Weak,118,195
2026-08-17,COST,45,Neutral,114,195
2026-08-18,COST,38.6,Weak,134,195
2026-08-19,COST,44.9,Weak,113,195
2026-08-20,COST,39.2,Weak,140,195
2026-08-21,COST,39.3,Weak,140,195
2026-08-24,COST,39.2,Weak,140,195
2026-08-25,COST,36.4,Weak,136,195
2026-08-27,COST,29.6,Very Weak,156,195
2026-08-28,COST,25,Very Weak,162,195
2026-09-01,COST,33.1,Weak,145,195
2026-09-02,COST,34.3,Weak,139,195
2026-09-03,COST,25,Very Weak,169,195
2026-09-04,COST,24.4,Very Weak,169,195
2026-09-07,COST,21.2,Very Weak,180,195
2026-09-08,COST,21.2,Very Weak,180,195
2026-09-09,COST,21.2,Very Weak,176,195
2026-09-10,COST,22.6,Very Weak,168,195
2026-09-11,COST,26,Very Weak,166,195
2026-09-15,COST,25.9,Very Weak,165,195
2026-09-17,COST,23,Very Weak,173,195
2026-09-18,COST,22.3,Very Weak,173,195
2026-09-22,COST,23.3,Very Weak,172,195
2026-09-23,COST,47.5,Neutral,103,195
2026-09-24,COST,43.4,Weak,114,195
2026-05-05,CRM,34.4,Underperform,47,50
2026-06-01,CRM,49,Hold,27,50
2026-06-02,CRM,50.4,Hold,26,50
2026-06-03,CRM,50.8,Hold,24,50
2026-06-04,CRM,48.4,Hold,29,50
2026-06-08,CRM,47.4,Hold,29,50
2026-06-09,CRM,46.8,Hold,29,50
2026-06-11,CRM,42.3,Underperform,43,50
2026-06-12,CRM,41.1,Underperform,44,50
2026-06-15,CRM,40.6,Underperform,44,50
2026-06-17,CRM,39.4,Underperform,47,50
2026-06-18,CRM,38.6,Underperform,46,50
2026-06-19,CRM,37.8,Underperform,47,50
2026-06-22,CRM,37.8,Underperform,47,50
2026-06-23,CRM,37.7,Underperform,46,50
2026-06-24,CRM,38.4,Underperform,45,50
2026-06-25,CRM,37.6,Underperform,46,50
2026-06-26,CRM,37.7,Underperform,45,50
2026-06-29,CRM,40,Underperform,40,50
2026-07-01,CRM,37.7,Underperform,45,50
2026-07-02,CRM,41.7,Underperform,41,50
2026-07-03,CRM,41.5,Underperform,37,50
2026-07-06,CRM,41.6,Underperform,38,50
2026-07-07,CRM,39.8,Underperform,42,50
2026-07-08,CRM,42.5,Underperform,36,50
2026-07-09,CRM,42,Underperform,37,50
2026-07-10,CRM,38.7,Underperform,42,50
2026-07-13,CRM,40.2,Underperform,37,50
2026-07-14,CRM,46.4,Hold,32,50
2026-07-16,CRM,43.7,Underperform,36,50
2026-07-17,CRM,46.9,Hold,29,50
2026-07-20,CRM,44.6,Underperform,30,50
2026-07-21,CRM,49.3,Hold,24,50
2026-07-22,CRM,45.4,Hold,29,50
2026-07-23,CRM,40.9,Underperform,35,50
2026-07-24,CRM,37.1,Underperform,42,50
2026-07-27,CRM,40.8,Underperform,39,50
2026-07-30,CRM,51.2,Hold,21,50
2026-07-31,CRM,45.3,Hold,31,50
2026-08-03,CRM,50.9,Hold,23,50
2026-08-05,CRM,37.2,Underperform,145,195
2026-08-07,CRM,35.3,Underperform,151,195
2026-08-10,CRM,36.9,Underperform,145,195
2026-08-11,CRM,41.6,Underperform,131,195
2026-08-12,CRM,42.6,Weak,129,195
2026-08-13,CRM,36.5,Weak,144,195
2026-08-14,CRM,41.5,Weak,130,195
2026-08-17,CRM,36.8,Weak,142,195
2026-08-18,CRM,34.9,Weak,145,195
2026-08-19,CRM,40.1,Weak,133,195
2026-08-20,CRM,44.6,Weak,116,195
2026-08-21,CRM,48,Neutral,105,195
2026-08-24,CRM,47.9,Neutral,105,195
2026-08-25,CRM,55.5,Neutral,78,195
2026-08-27,CRM,43.8,Weak,118,195
2026-08-28,CRM,63.6,Neutral,54,195
2026-09-01,CRM,68.9,Strong,36,195
2026-09-02,CRM,70.2,Strong,30,195
2026-09-03,CRM,64.3,Neutral,46,195
2026-09-04,CRM,67.3,Strong,40,195
2026-09-07,CRM,61.4,Neutral,58,195
2026-09-08,CRM,61.4,Neutral,58,195
2026-09-09,CRM,62.3,Neutral,57,195
2026-09-10,CRM,63,Neutral,57,195
2026-09-11,CRM,66.8,Strong,46,195
2026-09-15,CRM,71.3,Strong,28,195
2026-09-17,CRM,65.7,Strong,47,195
2026-09-18,CRM,61,Neutral,60,195
2026-09-22,CRM,56.4,Neutral,71,195
2026-09-23,CRM,65.2,Strong,52,195
2026-09-24,CRM,61.5,Neutral,62,195
2026-08-05,CRNX,72,Buy,19,195
2026-08-07,CRNX,75.2,Buy,11,195
2026-08-10,CRNX,69.5,Buy,24,195
2026-08-11,CRNX,72.6,Buy,18,195
2026-08-12,CRNX,74.5,Strong,15,195
2026-08-13,CRNX,75.8,Strong,11,195
2026-08-14,CRNX,70,Strong,20,195
2026-08-17,CRNX,72.9,Strong,18,195
2026-08-18,CRNX,74.8,Strong,16,195
2026-08-19,CRNX,76.2,Strong,13,195
2026-08-20,CRNX,70.3,Strong,22,195
2026-08-21,CRNX,69.7,Strong,23,195
2026-08-24,CRNX,69.7,Strong,22,195
2026-08-25,CRNX,75.7,Strong,20,195
2026-08-27,CRNX,72.1,Strong,26,195
2026-08-28,CRNX,71.2,Strong,32,195
2026-09-01,CRNX,78.4,Very Strong,13,195
2026-09-02,CRNX,79.7,Very Strong,8,195
2026-09-03,CRNX,70.7,Strong,30,195
2026-09-04,CRNX,70.7,Strong,28,195
2026-09-07,CRNX,71.2,Strong,27,195
2026-09-08,CRNX,71.2,Strong,27,195
2026-09-09,CRNX,70.9,Strong,32,195
2026-09-10,CRNX,71.4,Strong,29,195
2026-09-11,CRNX,52.5,Neutral,95,195
2026-09-15,CRNX,52.4,Neutral,84,195
2026-09-17,CRNX,51.5,Neutral,88,195
2026-09-18,CRNX,51.4,Neutral,93,195
2026-09-22,CRNX,51.4,Neutral,85,195
2026-09-23,CRNX,51.2,Neutral,90,195
2026-09-24,CRNX,51.8,Neutral,85,195
2026-08-05,CROX,71.2,Buy,21,195
2026-08-07,CROX,57.2,Hold,62,195
2026-08-10,CROX,58.9,Hold,56,195
2026-08-11,CROX,60.9,Hold,50,195
2026-08-12,CROX,52.9,Neutral,80,195
2026-08-13,CROX,50.3,Neutral,92,195
2026-08-14,CROX,55.9,Neutral,65,195
2026-08-17,CROX,50.7,Neutral,90,195
2026-08-18,CROX,50.2,Neutral,90,195
2026-08-19,CROX,47.2,Neutral,109,195
2026-08-20,CROX,44,Weak,121,195
2026-08-21,CROX,40.3,Weak,136,195
2026-08-24,CROX,40.4,Weak,135,195
2026-08-25,CROX,57.4,Neutral,74,195
2026-08-27,CROX,58.8,Neutral,70,195
2026-08-28,CROX,54.7,Neutral,77,195
2026-09-01,CROX,57.9,Neutral,71,195
2026-09-02,CROX,56.3,Neutral,78,195
2026-09-03,CROX,56.7,Neutral,77,195
2026-09-04,CROX,54.5,Neutral,77,195
2026-09-07,CROX,57.1,Neutral,75,195
2026-09-08,CROX,57.1,Neutral,75,195
2026-09-09,CROX,51.7,Neutral,92,195
2026-09-10,CROX,53.1,Neutral,88,195
2026-09-11,CROX,53.6,Neutral,89,195
2026-09-15,CROX,55,Neutral,80,195
2026-09-17,CROX,66.2,Strong,45,195
2026-09-18,CROX,72.2,Strong,29,195
2026-09-22,CROX,66.8,Strong,40,195
2026-09-23,CROX,68.6,Strong,40,195
2026-09-24,CROX,65,Strong,49,195
2026-08-05,CRS,76.6,Buy,11,195
2026-08-07,CRS,77.4,Buy,8,195
2026-08-10,CRS,81.3,Strong Buy,3,195
2026-08-11,CRS,73.1,Buy,17,195
2026-08-12,CRS,71,Strong,23,195
2026-08-13,CRS,70.4,Strong,26,195
2026-08-14,CRS,73.5,Strong,16,195
2026-08-17,CRS,76.1,Strong,11,195
2026-08-18,CRS,78.1,Very Strong,8,195
2026-08-19,CRS,72,Strong,20,195
2026-08-20,CRS,69.3,Strong,23,195
2026-08-21,CRS,70,Strong,22,195
2026-08-24,CRS,69.9,Strong,21,195
2026-08-25,CRS,53.4,Neutral,84,195
2026-08-27,CRS,53.8,Neutral,85,195
2026-08-28,CRS,58,Neutral,68,195
2026-09-01,CRS,52.5,Neutral,87,195
2026-09-02,CRS,51.5,Neutral,90,195
2026-09-03,CRS,45.7,Neutral,110,195
2026-09-04,CRS,53.1,Neutral,83,195
2026-09-07,CRS,56.5,Neutral,78,195
2026-09-08,CRS,56.5,Neutral,78,195
2026-09-09,CRS,47,Neutral,108,195
2026-09-10,CRS,51.3,Neutral,95,195
2026-09-11,CRS,44.2,Weak,114,195
2026-09-15,CRS,40.8,Weak,125,195
2026-09-17,CRS,37,Weak,128,195
2026-09-18,CRS,32.8,Weak,145,195
2026-09-22,CRS,34.4,Weak,139,195
2026-09-23,CRS,26.6,Very Weak,165,195
2026-09-24,CRS,28.7,Very Weak,156,195
2026-08-05,CRWD,77.7,Buy,6,195
2026-08-07,CRWD,79.8,Strong Buy,4,195
2026-08-10,CRWD,81.7,Strong Buy,2,195
2026-08-11,CRWD,83.8,Strong Buy,2,195
2026-08-12,CRWD,79.8,Very Strong,6,195
2026-08-13,CRWD,79.7,Very Strong,6,195
2026-08-14,CRWD,82.6,Very Strong,2,195
2026-08-17,CRWD,78.1,Very Strong,6,195
2026-08-18,CRWD,78.1,Very Strong,8,195
2026-08-19,CRWD,80.4,Very Strong,2,195
2026-08-20,CRWD,72.8,Strong,16,195
2026-08-21,CRWD,71.2,Strong,17,195
2026-08-24,CRWD,71.1,Strong,17,195
2026-08-25,CRWD,69.8,Strong,35,195
2026-08-27,CRWD,73,Strong,23,195
2026-08-28,CRWD,85.3,Very Strong,4,195
2026-09-01,CRWD,83.4,Very Strong,4,195
2026-09-02,CRWD,77.6,Strong,11,195
2026-09-03,CRWD,74.7,Strong,16,195
2026-09-04,CRWD,82.2,Very Strong,6,195
2026-09-07,CRWD,79.2,Very Strong,6,195
2026-09-08,CRWD,79.2,Very Strong,6,195
2026-09-09,CRWD,78.5,Very Strong,11,195
2026-09-10,CRWD,78.1,Very Strong,11,195
2026-09-11,CRWD,80.8,Very Strong,7,195
2026-09-15,CRWD,81.5,Very Strong,9,195
2026-09-17,CRWD,80.4,Very Strong,10,195
2026-09-18,CRWD,83.7,Very Strong,5,195
2026-09-22,CRWD,85,Very Strong,5,195
2026-09-23,CRWD,85.1,Very Strong,5,195
2026-09-24,CRWD,83.2,Very Strong,5,195
2026-05-05,CVX,56.4,Buy,6,50
2026-06-01,CVX,48.5,Hold,29,50
2026-06-02,CVX,51,Hold,24,50
2026-06-03,CVX,52.2,Hold,20,50
2026-06-04,CVX,53.6,Hold,17,50
2026-06-08,CVX,53,Hold,22,50
2026-06-09,CVX,54.8,Hold,13,50
2026-06-11,CVX,57.6,Hold,8,50
2026-06-12,CVX,53.5,Hold,18,50
2026-06-15,CVX,53.2,Hold,18,50
2026-06-17,CVX,49.5,Hold,26,50
2026-06-18,CVX,49.5,Hold,27,50
2026-06-19,CVX,48.9,Hold,28,50
2026-06-22,CVX,48.9,Hold,28,50
2026-06-23,CVX,50.7,Hold,23,50
2026-06-24,CVX,51.2,Hold,26,50
2026-06-25,CVX,46.7,Hold,34,50
2026-06-26,CVX,49.5,Hold,27,50
2026-06-29,CVX,48.1,Hold,27,50
2026-07-01,CVX,44.4,Underperform,35,50
2026-07-02,CVX,43.9,Underperform,36,50
2026-07-03,CVX,43.8,Underperform,34,50
2026-07-06,CVX,43.8,Underperform,34,50
2026-07-07,CVX,42.8,Underperform,36,50
2026-07-08,CVX,47.2,Hold,27,50
2026-07-09,CVX,52.4,Hold,23,50
2026-07-10,CVX,49,Hold,26,50
2026-07-13,CVX,52,Hold,23,50
2026-07-14,CVX,57.5,Hold,12,50
2026-07-16,CVX,55.1,Hold,13,50
2026-07-17,CVX,60.4,Hold,10,50
2026-07-20,CVX,64.9,Hold,5,50
2026-07-21,CVX,66.8,Buy,5,50
2026-07-22,CVX,64.8,Hold,7,50
2026-07-23,CVX,65.9,Buy,5,50
2026-07-24,CVX,66.4,Buy,6,50
2026-07-27,CVX,66.2,Buy,6,50
2026-07-30,CVX,66.3,Buy,6,50
2026-07-31,CVX,64.9,Hold,6,50
2026-08-03,CVX,69.2,Buy,3,50
2026-08-05,CVX,48.7,Hold,105,195
2026-08-07,CVX,42.5,Underperform,128,195
2026-08-10,CVX,34.9,Underperform,153,195
2026-08-11,CVX,41.7,Underperform,130,195
2026-08-12,CVX,43.5,Weak,124,195
2026-08-13,CVX,41.4,Weak,128,195
2026-08-14,CVX,40.9,Weak,133,195
2026-08-17,CVX,45.6,Neutral,110,195
2026-08-18,CVX,48.5,Neutral,97,195
2026-08-19,CVX,50.2,Neutral,94,195
2026-08-20,CVX,44.3,Weak,119,195
2026-08-21,CVX,45.3,Neutral,115,195
2026-08-24,CVX,45.2,Neutral,115,195
2026-08-25,CVX,47.7,Neutral,107,195
2026-08-27,CVX,51.2,Neutral,91,195
2026-08-28,CVX,47.5,Neutral,105,195
2026-09-01,CVX,55.7,Neutral,78,195
2026-09-02,CVX,61.1,Neutral,55,195
2026-09-03,CVX,55.9,Neutral,86,195
2026-09-04,CVX,51.3,Neutral,92,195
2026-09-07,CVX,49.8,Neutral,100,195
2026-09-08,CVX,49.6,Neutral,101,195
2026-09-09,CVX,54.9,Neutral,83,195
2026-09-10,CVX,63.5,Neutral,56,195
2026-09-11,CVX,60.7,Neutral,59,195
2026-09-15,CVX,49.1,Neutral,98,195
2026-09-17,CVX,50.9,Neutral,89,195
2026-09-18,CVX,48.9,Neutral,102,195
2026-09-22,CVX,40.8,Weak,129,195
2026-09-23,CVX,70.2,Strong,36,195
2026-09-24,CVX,66.9,Strong,43,195
2026-08-05,CXM,46.3,Hold,113,195
2026-08-07,CXM,38.3,Underperform,137,195
2026-08-10,CXM,39.3,Underperform,135,195
2026-08-11,CXM,42.8,Underperform,124,195
2026-08-12,CXM,39.3,Weak,136,195
2026-08-13,CXM,38.8,Weak,139,195
2026-08-14,CXM,41.8,Weak,125,195
2026-08-17,CXM,39.2,Weak,134,195
2026-08-18,CXM,36.8,Weak,137,195
2026-08-19,CXM,41,Weak,127,195
2026-08-20,CXM,42.9,Weak,127,195
2026-08-21,CXM,46.5,Neutral,112,195
2026-08-24,CXM,46.4,Neutral,112,195
2026-08-25,CXM,72.9,Strong,23,195
2026-08-27,CXM,66.6,Strong,40,195
2026-08-28,CXM,72,Strong,30,195
2026-09-01,CXM,76.4,Strong,18,195
2026-09-02,CXM,66.6,Strong,40,195
2026-09-03,CXM,56.9,Neutral,75,195
2026-09-04,CXM,40.6,Weak,130,195
2026-09-07,CXM,34.7,Weak,143,195
2026-09-08,CXM,34.4,Weak,144,195
2026-09-09,CXM,31.3,Weak,148,195
2026-09-10,CXM,30.4,Weak,149,195
2026-09-11,CXM,34.2,Weak,136,195
2026-09-15,CXM,36.1,Weak,137,195
2026-09-17,CXM,34.2,Weak,141,195
2026-09-18,CXM,33,Weak,144,195
2026-09-22,CXM,29.3,Very Weak,150,195
2026-09-23,CXM,47.3,Neutral,104,195
2026-09-24,CXM,44.6,Weak,112,195
2026-08-05,DDOG,71.5,Buy,20,195
2026-08-07,DDOG,58.1,Hold,58,195
2026-08-10,DDOG,58.6,Hold,59,195
2026-08-11,DDOG,69,Buy,28,195
2026-08-12,DDOG,57.4,Neutral,60,195
2026-08-13,DDOG,56.3,Neutral,69,195
2026-08-14,DDOG,63.7,Neutral,42,195
2026-08-17,DDOG,68,Strong,32,195
2026-08-18,DDOG,56.9,Neutral,68,195
2026-08-19,DDOG,60.5,Neutral,54,195
2026-08-20,DDOG,54.2,Neutral,70,195
2026-08-21,DDOG,60.3,Neutral,51,195
2026-08-24,DDOG,60.2,Neutral,51,195
2026-08-25,DDOG,65.3,Strong,51,195
2026-08-27,DDOG,68.2,Strong,34,195
2026-08-28,DDOG,72.1,Strong,29,195
2026-09-01,DDOG,67.3,Strong,39,195
2026-09-02,DDOG,63.2,Neutral,51,195
2026-09-03,DDOG,59.9,Neutral,61,195
2026-09-04,DDOG,63.6,Neutral,52,195
2026-09-07,DDOG,59.5,Neutral,63,195
2026-09-08,DDOG,59.6,Neutral,63,195
2026-09-09,DDOG,58.4,Neutral,74,195
2026-09-10,DDOG,70.8,Strong,30,195
2026-09-11,DDOG,64.7,Neutral,51,195
2026-09-15,DDOG,68.6,Strong,36,195
2026-09-17,DDOG,73.6,Strong,22,195
2026-09-18,DDOG,74.4,Strong,25,195
2026-09-22,DDOG,77.3,Strong,18,195
2026-09-23,DDOG,80.1,Very Strong,11,195
2026-09-24,DDOG,77.6,Strong,16,195
2026-08-05,DECK,32,Underperform,160,195
2026-08-07,DECK,33.5,Underperform,154,195
2026-08-10,DECK,31.6,Underperform,164,195
2026-08-11,DECK,35,Underperform,154,195
2026-08-12,DECK,30.4,Weak,169,195
2026-08-13,DECK,28.9,Very Weak,169,195
2026-08-14,DECK,33.4,Weak,156,195
2026-08-17,DECK,29.8,Very Weak,166,195
2026-08-18,DECK,28.2,Very Weak,172,195
2026-08-19,DECK,30.9,Weak,167,195
2026-08-20,DECK,32.6,Weak,170,195
2026-08-21,DECK,31.9,Weak,164,195
2026-08-24,DECK,31.8,Weak,164,195
2026-08-25,DECK,22.6,Very Weak,174,195
2026-08-27,DECK,20.2,Very Weak,177,195
2026-08-28,DECK,15.9,Very Weak,186,195
2026-09-01,DECK,17.5,Very Weak,188,195
2026-09-02,DECK,17.7,Very Weak,187,195
2026-09-03,DECK,17.7,Very Weak,188,195
2026-09-04,DECK,18,Very Weak,184,195
2026-09-07,DECK,22.4,Very Weak,173,195
2026-09-08,DECK,22.4,Very Weak,173,195
2026-09-09,DECK,18.4,Very Weak,186,195
2026-09-10,DECK,17.1,Very Weak,185,195
2026-09-11,DECK,21,Very Weak,178,195
2026-09-15,DECK,17.5,Very Weak,188,195
2026-09-17,DECK,21,Very Weak,177,195
2026-09-18,DECK,22.6,Very Weak,172,195
2026-09-22,DECK,23.1,Very Weak,173,195
2026-09-23,DECK,18.3,Very Weak,178,195
2026-09-24,DECK,22,Very Weak,177,195
2026-05-05,DHR,35.3,Underperform,44,50
2026-06-01,DHR,44.6,Underperform,42,50
2026-06-02,DHR,43.8,Underperform,42,50
2026-06-03,DHR,41.6,Underperform,46,50
2026-06-04,DHR,44.2,Underperform,39,50
2026-06-08,DHR,45.9,Hold,35,50
2026-06-09,DHR,45.5,Hold,34,50
2026-06-11,DHR,44.8,Underperform,38,50
2026-06-12,DHR,40.7,Underperform,45,50
2026-06-15,DHR,40.3,Underperform,46,50
2026-06-17,DHR,40.7,Underperform,42,50
2026-06-18,DHR,38.8,Underperform,45,50
2026-06-19,DHR,37.4,Underperform,48,50
2026-06-22,DHR,37.4,Underperform,48,50
2026-06-23,DHR,38.9,Underperform,44,50
2026-06-24,DHR,40.4,Underperform,41,50
2026-06-25,DHR,47.1,Hold,31,50
2026-06-26,DHR,49.6,Hold,26,50
2026-06-29,DHR,50.3,Hold,23,50
2026-07-01,DHR,45.9,Hold,31,50
2026-07-02,DHR,47,Hold,29,50
2026-07-03,DHR,48.3,Hold,27,50
2026-07-06,DHR,48.5,Hold,26,50
2026-07-07,DHR,44.4,Underperform,31,50
2026-07-08,DHR,44.2,Underperform,33,50
2026-07-09,DHR,44.4,Underperform,32,50
2026-07-10,DHR,49.3,Hold,25,50
2026-07-13,DHR,52.4,Hold,21,50
2026-07-14,DHR,52.9,Hold,20,50
2026-07-16,DHR,54.2,Hold,17,50
2026-07-17,DHR,56.2,Hold,16,50
2026-07-20,DHR,55.4,Hold,16,50
2026-07-21,DHR,52.7,Hold,18,50
2026-07-22,DHR,36.4,Underperform,42,50
2026-07-23,DHR,39.4,Underperform,39,50
2026-07-24,DHR,50.1,Hold,26,50
2026-07-27,DHR,45.9,Hold,31,50
2026-07-30,DHR,48.9,Hold,26,50
2026-07-31,DHR,47.5,Hold,28,50
2026-08-03,DHR,47,Hold,29,50
2026-08-05,DHR,35.6,Underperform,148,195
2026-08-07,DHR,35.6,Underperform,148,195
2026-08-10,DHR,37.3,Underperform,143,195
2026-08-11,DHR,38.8,Underperform,144,195
2026-08-12,DHR,32.7,Weak,163,195
2026-08-13,DHR,32.5,Weak,156,195
2026-08-14,DHR,30.6,Weak,165,195
2026-08-17,DHR,29.6,Very Weak,168,195
2026-08-18,DHR,34.3,Weak,147,195
2026-08-19,DHR,29.3,Very Weak,171,195
2026-08-20,DHR,35.8,Weak,155,195
2026-08-21,DHR,40.2,Weak,137,195
2026-08-24,DHR,39.9,Weak,138,195
2026-08-25,DHR,41.8,Weak,117,195
2026-08-27,DHR,42.7,Weak,119,195
2026-08-28,DHR,40.7,Weak,125,195
2026-09-01,DHR,43.1,Weak,120,195
2026-09-02,DHR,41.6,Weak,120,195
2026-09-03,DHR,46.5,Neutral,108,195
2026-09-04,DHR,42.3,Weak,125,195
2026-09-07,DHR,42.5,Weak,120,195
2026-09-08,DHR,42.3,Weak,121,195
2026-09-09,DHR,40.7,Weak,125,195
2026-09-10,DHR,48.2,Neutral,103,195
2026-09-11,DHR,38.7,Weak,123,195
2026-09-15,DHR,45.1,Neutral,114,195
2026-09-17,DHR,46.3,Neutral,108,195
2026-09-18,DHR,51.5,Neutral,92,195
2026-09-22,DHR,54.3,Neutral,77,195
2026-09-23,DHR,67.9,Strong,42,195
2026-09-24,DHR,64.6,Neutral,50,195
2026-08-05,DKNG,20.8,Avoid,187,195
2026-08-07,DKNG,29.1,Avoid,173,195
2026-08-10,DKNG,32.2,Underperform,162,195
2026-08-11,DKNG,35.2,Underperform,152,195
2026-08-12,DKNG,40.4,Weak,132,195
2026-08-13,DKNG,43.4,Weak,119,195
2026-08-14,DKNG,35.8,Weak,149,195
2026-08-17,DKNG,40.1,Weak,131,195
2026-08-18,DKNG,32.8,Weak,152,195
2026-08-19,DKNG,28.5,Very Weak,174,195
2026-08-20,DKNG,35.5,Weak,157,195
2026-08-21,DKNG,40.6,Weak,134,195
2026-08-24,DKNG,40.5,Weak,134,195
2026-08-25,DKNG,51.1,Neutral,92,195
2026-08-27,DKNG,39.6,Weak,129,195
2026-08-28,DKNG,35.1,Weak,142,195
2026-09-01,DKNG,33.6,Weak,140,195
2026-09-02,DKNG,30.5,Weak,152,195
2026-09-03,DKNG,34.9,Weak,141,195
2026-09-04,DKNG,30.1,Weak,155,195
2026-09-07,DKNG,29.2,Very Weak,152,195
2026-09-08,DKNG,29,Very Weak,152,195
2026-09-09,DKNG,28.7,Very Weak,157,195
2026-09-10,DKNG,26.4,Very Weak,157,195
2026-09-11,DKNG,29.4,Very Weak,153,195
2026-09-15,DKNG,34.9,Weak,142,195
2026-09-17,DKNG,31.2,Weak,154,195
2026-09-18,DKNG,21.2,Very Weak,176,195
2026-09-22,DKNG,23.5,Very Weak,171,195
2026-09-23,DKNG,30.2,Weak,154,195
2026-09-24,DKNG,28.7,Very Weak,156,195
2026-08-05,DKS,30.6,Underperform,165,195
2026-08-07,DKS,37.3,Underperform,141,195
2026-08-10,DKS,42.9,Underperform,126,195
2026-08-11,DKS,48.3,Hold,99,195
2026-08-12,DKS,39.3,Weak,136,195
2026-08-13,DKS,37.6,Weak,142,195
2026-08-14,DKS,36.5,Weak,147,195
2026-08-17,DKS,39.3,Weak,133,195
2026-08-18,DKS,34.3,Weak,147,195
2026-08-19,DKS,34,Weak,152,195
2026-08-20,DKS,32.9,Weak,167,195
2026-08-21,DKS,34,Weak,156,195
2026-08-24,DKS,33.8,Weak,157,195
2026-08-25,DKS,18.5,Very Weak,185,195
2026-08-27,DKS,18,Very Weak,183,195
2026-08-28,DKS,21.4,Very Weak,171,195
2026-09-01,DKS,24.1,Very Weak,166,195
2026-09-02,DKS,18.1,Very Weak,184,195
2026-09-03,DKS,22.6,Very Weak,175,195
2026-09-04,DKS,24.5,Very Weak,168,195
2026-09-07,DKS,19.3,Very Weak,185,195
2026-09-08,DKS,19.3,Very Weak,185,195
2026-09-09,DKS,18.7,Very Weak,183,195
2026-09-10,DKS,24.4,Very Weak,162,195
2026-09-11,DKS,25,Very Weak,169,195
2026-09-15,DKS,19.3,Very Weak,185,195
2026-09-17,DKS,22.4,Very Weak,174,195
2026-09-18,DKS,17.9,Very Weak,185,195
2026-09-22,DKS,21.6,Very Weak,176,195
2026-09-23,DKS,26.4,Very Weak,167,195
2026-09-24,DKS,19.9,Very Weak,182,195
2026-08-05,DOCN,63.2,Hold,46,195
2026-08-07,DOCN,54.2,Hold,70,195
2026-08-10,DOCN,55.7,Hold,66,195
2026-08-11,DOCN,59.9,Hold,54,195
2026-08-12,DOCN,52.9,Neutral,80,195
2026-08-13,DOCN,59.7,Neutral,58,195
2026-08-14,DOCN,55.6,Neutral,67,195
2026-08-17,DOCN,54.4,Neutral,75,195
2026-08-18,DOCN,60.7,Neutral,53,195
2026-08-19,DOCN,54.4,Neutral,72,195
2026-08-20,DOCN,52.1,Neutral,84,195
2026-08-21,DOCN,53.9,Neutral,74,195
2026-08-24,DOCN,53.9,Neutral,74,195
2026-08-25,DOCN,57.1,Neutral,76,195
2026-08-27,DOCN,63.7,Neutral,51,195
2026-08-28,DOCN,67.5,Strong,39,195
2026-09-01,DOCN,58.1,Neutral,69,195
2026-09-02,DOCN,59.7,Neutral,59,195
2026-09-03,DOCN,57.9,Neutral,70,195
2026-09-04,DOCN,62.5,Neutral,57,195
2026-09-07,DOCN,64.6,Neutral,51,195
2026-09-08,DOCN,64.6,Neutral,51,195
2026-09-09,DOCN,72.9,Strong,25,195
2026-09-10,DOCN,74.5,Strong,24,195
2026-09-11,DOCN,66.4,Strong,48,195
2026-09-15,DOCN,58.5,Neutral,70,195
2026-09-17,DOCN,64.5,Neutral,49,195
2026-09-18,DOCN,66.7,Strong,42,195
2026-09-22,DOCN,68.5,Strong,34,195
2026-09-23,DOCN,57,Neutral,73,195
2026-09-24,DOCN,61.3,Neutral,63,195
2026-08-05,DOCU,48.8,Hold,104,195
2026-08-07,DOCU,48.6,Hold,98,195
2026-08-10,DOCU,51.7,Hold,87,195
2026-08-11,DOCU,48.8,Hold,94,195
2026-08-12,DOCU,49.4,Neutral,99,195
2026-08-13,DOCU,48.2,Neutral,97,195
2026-08-14,DOCU,53.3,Neutral,82,195
2026-08-17,DOCU,50.3,Neutral,93,195
2026-08-18,DOCU,47.2,Neutral,103,195
2026-08-19,DOCU,50.8,Neutral,88,195
2026-08-20,DOCU,53.8,Neutral,74,195
2026-08-21,DOCU,50.2,Neutral,95,195
2026-08-24,DOCU,50.3,Neutral,95,195
2026-08-25,DOCU,71.5,Strong,29,195
2026-08-27,DOCU,61.8,Neutral,57,195
2026-08-28,DOCU,68.4,Strong,37,195
2026-09-01,DOCU,72.2,Strong,29,195
2026-09-02,DOCU,65.7,Strong,44,195
2026-09-03,DOCU,71.4,Strong,26,195
2026-09-04,DOCU,66.5,Strong,45,195
2026-09-07,DOCU,72.7,Strong,23,195
2026-09-08,DOCU,72.7,Strong,22,195
2026-09-09,DOCU,67.9,Strong,38,195
2026-09-10,DOCU,66.8,Strong,44,195
2026-09-11,DOCU,71.9,Strong,28,195
2026-09-15,DOCU,72.4,Strong,25,195
2026-09-17,DOCU,72.4,Strong,27,195
2026-09-18,DOCU,69.4,Strong,36,195
2026-09-22,DOCU,66.8,Strong,40,195
2026-09-23,DOCU,74.1,Strong,24,195
2026-09-24,DOCU,71,Strong,28,195
2026-08-05,DUOL,41.4,Underperform,132,195
2026-08-07,DUOL,47.2,Hold,107,195
2026-08-10,DUOL,53.1,Hold,74,195
2026-08-11,DUOL,60.3,Hold,53,195
2026-08-12,DUOL,55,Neutral,70,195
2026-08-13,DUOL,53.7,Neutral,80,195
2026-08-14,DUOL,62.6,Neutral,43,195
2026-08-17,DUOL,51.6,Neutral,86,195
2026-08-18,DUOL,49.8,Neutral,92,195
2026-08-19,DUOL,60.7,Neutral,53,195
2026-08-20,DUOL,65.5,Strong,32,195
2026-08-21,DUOL,63,Neutral,40,195
2026-08-24,DUOL,62.9,Neutral,40,195
2026-08-25,DUOL,77.6,Strong,14,195
2026-08-27,DUOL,71.5,Strong,27,195
2026-08-28,DUOL,73.1,Strong,27,195
2026-09-01,DUOL,84.7,Very Strong,2,195
2026-09-02,DUOL,88.5,Very Strong,1,195
2026-09-03,DUOL,84.2,Very Strong,2,195
2026-09-04,DUOL,83,Very Strong,4,195
2026-09-07,DUOL,82.2,Very Strong,3,195
2026-09-08,DUOL,82.2,Very Strong,3,195
2026-09-09,DUOL,79.6,Very Strong,9,195
2026-09-10,DUOL,77.2,Strong,13,195
2026-09-11,DUOL,82.5,Very Strong,5,195
2026-09-15,DUOL,81.8,Very Strong,8,195
2026-09-17,DUOL,76.3,Strong,16,195
2026-09-18,DUOL,75.1,Strong,22,195
2026-09-22,DUOL,78.6,Very Strong,14,195
2026-09-23,DUOL,76.3,Strong,18,195
2026-09-24,DUOL,81.6,Very Strong,10,195
2026-08-05,ENTG,67.1,Buy,34,195
2026-08-07,ENTG,46,Hold,113,195
2026-08-10,ENTG,53.5,Hold,73,195
2026-08-11,ENTG,44.8,Underperform,113,195
2026-08-12,ENTG,51,Neutral,93,195
2026-08-13,ENTG,59.2,Neutral,62,195
2026-08-14,ENTG,61.9,Neutral,46,195
2026-08-17,ENTG,56.2,Neutral,69,195
2026-08-18,ENTG,62.5,Neutral,50,195
2026-08-19,ENTG,52.8,Neutral,81,195
2026-08-20,ENTG,46.2,Neutral,108,195
2026-08-21,ENTG,43.9,Weak,124,195
2026-08-24,ENTG,44,Weak,123,195
2026-08-25,ENTG,35.6,Weak,140,195
2026-08-27,ENTG,47.5,Neutral,103,195
2026-08-28,ENTG,53.4,Neutral,86,195
2026-09-01,ENTG,43.4,Weak,118,195
2026-09-02,ENTG,40.2,Weak,123,195
2026-09-03,ENTG,44.6,Weak,112,195
2026-09-04,ENTG,42.7,Weak,123,195
2026-09-07,ENTG,57.9,Neutral,70,195
2026-09-08,ENTG,57.8,Neutral,70,195
2026-09-09,ENTG,61.8,Neutral,58,195
2026-09-10,ENTG,67.6,Strong,41,195
2026-09-11,ENTG,55.8,Neutral,84,195
2026-09-15,ENTG,47,Neutral,108,195
2026-09-17,ENTG,52.9,Neutral,87,195
2026-09-18,ENTG,55.3,Neutral,77,195
2026-09-22,ENTG,54.4,Neutral,76,195
2026-09-23,ENTG,39.2,Weak,125,195
2026-09-24,ENTG,30.1,Weak,153,195
2026-08-05,ERAS,80.9,Strong Buy,2,195
2026-08-07,ERAS,74.4,Buy,14,195
2026-08-10,ERAS,76.3,Buy,13,195
2026-08-11,ERAS,73.9,Buy,16,195
2026-08-12,ERAS,76,Strong,11,195
2026-08-13,ERAS,78.7,Very Strong,7,195
2026-08-14,ERAS,71.5,Strong,18,195
2026-08-17,ERAS,76.7,Strong,9,195
2026-08-18,ERAS,73.3,Strong,22,195
2026-08-19,ERAS,72.7,Strong,18,195
2026-08-20,ERAS,73,Strong,14,195
2026-08-21,ERAS,69.5,Strong,24,195
2026-08-24,ERAS,69.5,Strong,23,195
2026-08-25,ERAS,67.9,Strong,41,195
2026-08-27,ERAS,78.5,Very Strong,12,195
2026-08-28,ERAS,80.2,Very Strong,11,195
2026-09-01,ERAS,61.7,Neutral,57,195
2026-09-02,ERAS,59.1,Neutral,63,195
2026-09-03,ERAS,53.9,Neutral,90,195
2026-09-04,ERAS,51.4,Neutral,90,195
2026-09-07,ERAS,50.3,Neutral,96,195
2026-09-08,ERAS,50.3,Neutral,97,195
2026-09-09,ERAS,55.5,Neutral,81,195
2026-09-10,ERAS,51.1,Neutral,97,195
2026-09-11,ERAS,58.3,Neutral,67,195
2026-09-15,ERAS,60.5,Neutral,62,195
2026-09-17,ERAS,56.9,Neutral,73,195
2026-09-18,ERAS,52.9,Neutral,85,195
2026-09-22,ERAS,48.9,Neutral,99,195
2026-09-23,ERAS,32.6,Weak,148,195
2026-09-24,ERAS,35.4,Weak,138,195
2026-08-05,ETSY,70.3,Buy,23,195
2026-08-07,ETSY,48.5,Hold,100,195
2026-08-10,ETSY,52.2,Hold,79,195
2026-08-11,ETSY,45.5,Hold,110,195
2026-08-12,ETSY,46,Neutral,112,195
2026-08-13,ETSY,46.3,Neutral,103,195
2026-08-14,ETSY,49.1,Neutral,102,195
2026-08-17,ETSY,45.6,Neutral,110,195
2026-08-18,ETSY,45.3,Neutral,111,195
2026-08-19,ETSY,49,Neutral,102,195
2026-08-20,ETSY,49.9,Neutral,93,195
2026-08-21,ETSY,47.6,Neutral,108,195
2026-08-24,ETSY,47.5,Neutral,108,195
2026-08-25,ETSY,77.7,Strong,13,195
2026-08-27,ETSY,70,Strong,32,195
2026-08-28,ETSY,73.7,Strong,25,195
2026-09-01,ETSY,67.1,Strong,41,195
2026-09-02,ETSY,74.4,Strong,19,195
2026-09-03,ETSY,70.8,Strong,29,195
2026-09-04,ETSY,69,Strong,33,195
2026-09-07,ETSY,57.2,Neutral,74,195
2026-09-08,ETSY,57.5,Neutral,72,195
2026-09-09,ETSY,55.5,Neutral,81,195
2026-09-10,ETSY,56.1,Neutral,81,195
2026-09-11,ETSY,61.3,Neutral,58,195
2026-09-15,ETSY,65.6,Strong,45,195
2026-09-17,ETSY,57.4,Neutral,71,195
2026-09-18,ETSY,54.4,Neutral,80,195
2026-09-22,ETSY,57.6,Neutral,68,195
2026-09-23,ETSY,66.2,Strong,47,195
2026-09-24,ETSY,64.4,Neutral,52,195
2026-08-05,EXP,34.9,Underperform,153,195
2026-08-07,EXP,32.6,Underperform,159,195
2026-08-10,EXP,35.1,Underperform,152,195
2026-08-11,EXP,30,Underperform,169,195
2026-08-12,EXP,35.7,Weak,146,195
2026-08-13,EXP,30.1,Weak,165,195
2026-08-14,EXP,28.9,Very Weak,169,195
2026-08-17,EXP,31.3,Weak,164,195
2026-08-18,EXP,29,Very Weak,169,195
2026-08-19,EXP,26.6,Very Weak,177,195
2026-08-20,EXP,31.1,Weak,174,195
2026-08-21,EXP,32.4,Weak,162,195
2026-08-24,EXP,32.3,Weak,162,195
2026-08-25,EXP,27.2,Very Weak,162,195
2026-08-27,EXP,27.6,Very Weak,162,195
2026-08-28,EXP,22.8,Very Weak,167,195
2026-09-01,EXP,23.2,Very Weak,171,195
2026-09-02,EXP,24.4,Very Weak,168,195
2026-09-03,EXP,29.4,Very Weak,157,195
2026-09-04,EXP,26,Very Weak,164,195
2026-09-07,EXP,31.9,Weak,148,195
2026-09-08,EXP,31.8,Weak,148,195
2026-09-09,EXP,28.6,Very Weak,158,195
2026-09-10,EXP,27.9,Very Weak,154,195
2026-09-11,EXP,28.1,Very Weak,157,195
2026-09-15,EXP,25.1,Very Weak,168,195
2026-09-17,EXP,26.7,Very Weak,166,195
2026-09-18,EXP,25.9,Very Weak,157,195
2026-09-22,EXP,26.9,Very Weak,158,195
2026-09-23,EXP,26.7,Very Weak,163,195
2026-09-24,EXP,25.2,Very Weak,165,195
2026-08-05,FHN,50.3,Hold,95,195
2026-08-07,FHN,51.6,Hold,79,195
2026-08-10,FHN,49.7,Hold,100,195
2026-08-11,FHN,47.1,Hold,105,195
2026-08-12,FHN,53.3,Neutral,77,195
2026-08-13,FHN,57.4,Neutral,65,195
2026-08-14,FHN,53.5,Neutral,80,195
2026-08-17,FHN,58.4,Neutral,59,195
2026-08-18,FHN,54.9,Neutral,76,195
2026-08-19,FHN,54.6,Neutral,71,195
2026-08-20,FHN,46,Neutral,109,195
2026-08-21,FHN,45.4,Neutral,113,195
2026-08-24,FHN,45.3,Neutral,114,195
2026-08-25,FHN,31.2,Weak,152,195
2026-08-27,FHN,35.2,Weak,144,195
2026-08-28,FHN,31.1,Weak,152,195
2026-09-01,FHN,33,Weak,146,195
2026-09-02,FHN,33,Weak,146,195
2026-09-03,FHN,40.8,Weak,122,195
2026-09-04,FHN,43.5,Weak,120,195
2026-09-07,FHN,46.4,Neutral,113,195
2026-09-08,FHN,46.2,Neutral,113,195
2026-09-09,FHN,40.8,Weak,124,195
2026-09-10,FHN,45,Neutral,110,195
2026-09-11,FHN,50.3,Neutral,101,195
2026-09-15,FHN,40.7,Weak,127,195
2026-09-17,FHN,41.7,Weak,117,195
2026-09-18,FHN,39.6,Weak,129,195
2026-09-22,FHN,35.3,Weak,138,195
2026-09-23,FHN,35.1,Weak,140,195
2026-09-24,FHN,41.7,Weak,121,195
2026-08-05,FIGS,49.3,Hold,102,195
2026-08-07,FIGS,49,Hold,97,195
2026-08-10,FIGS,59.2,Hold,54,195
2026-08-11,FIGS,63.9,Hold,42,195
2026-08-12,FIGS,56.3,Neutral,66,195
2026-08-13,FIGS,58,Neutral,63,195
2026-08-14,FIGS,61.2,Neutral,50,195
2026-08-17,FIGS,57.9,Neutral,61,195
2026-08-18,FIGS,56.4,Neutral,70,195
2026-08-19,FIGS,56.4,Neutral,66,195
2026-08-20,FIGS,59.5,Neutral,52,195
2026-08-21,FIGS,62.7,Neutral,44,195
2026-08-24,FIGS,62.7,Neutral,43,195
2026-08-25,FIGS,68,Strong,40,195
2026-08-27,FIGS,61.8,Neutral,57,195
2026-08-28,FIGS,55.1,Neutral,76,195
2026-09-01,FIGS,41.4,Weak,123,195
2026-09-02,FIGS,47.7,Neutral,101,195
2026-09-03,FIGS,44.8,Weak,111,195
2026-09-04,FIGS,46.9,Neutral,105,195
2026-09-07,FIGS,42.1,Weak,122,195
2026-09-08,FIGS,42,Weak,122,195
2026-09-09,FIGS,40.9,Weak,123,195
2026-09-10,FIGS,37.6,Weak,128,195
2026-09-11,FIGS,37.1,Weak,128,195
2026-09-15,FIGS,48.1,Neutral,101,195
2026-09-17,FIGS,40.4,Weak,121,195
2026-09-18,FIGS,43.7,Weak,119,195
2026-09-22,FIGS,41.7,Weak,126,195
2026-09-23,FIGS,31.4,Weak,152,195
2026-09-24,FIGS,41.8,Weak,119,195
2026-08-05,FIVE,63.1,Hold,47,195
2026-08-07,FIVE,55.8,Hold,67,195
2026-08-10,FIVE,58.8,Hold,57,195
2026-08-11,FIVE,50.1,Hold,89,195
2026-08-12,FIVE,52,Neutral,87,195
2026-08-13,FIVE,53.7,Neutral,80,195
2026-08-14,FIVE,56.4,Neutral,60,195
2026-08-17,FIVE,57.9,Neutral,61,195
2026-08-18,FIVE,50.8,Neutral,88,195
2026-08-19,FIVE,53.5,Neutral,80,195
2026-08-20,FIVE,55.5,Neutral,63,195
2026-08-21,FIVE,56.5,Neutral,63,195
2026-08-24,FIVE,56.4,Neutral,63,195
2026-08-25,FIVE,66.1,Strong,49,195
2026-08-27,FIVE,61.4,Neutral,60,195
2026-08-28,FIVE,53.9,Neutral,81,195
2026-09-01,FIVE,59,Neutral,67,195
2026-09-02,FIVE,57.6,Neutral,73,195
2026-09-03,FIVE,57.8,Neutral,71,195
2026-09-04,FIVE,55.9,Neutral,74,195
2026-09-07,FIVE,66,Strong,44,195
2026-09-08,FIVE,66,Strong,44,195
2026-09-09,FIVE,68.2,Strong,37,195
2026-09-10,FIVE,61.7,Neutral,63,195
2026-09-11,FIVE,61.6,Neutral,57,195
2026-09-15,FIVE,69.5,Strong,34,195
2026-09-17,FIVE,62.9,Neutral,53,195
2026-09-18,FIVE,56.5,Neutral,73,195
2026-09-22,FIVE,51.3,Neutral,86,195
2026-09-23,FIVE,50.3,Neutral,92,195
2026-09-24,FIVE,54.6,Neutral,78,195
2026-08-05,FIZZ,20.1,Avoid,189,195
2026-08-07,FIZZ,19.5,Avoid,189,195
2026-08-10,FIZZ,18.1,Avoid,191,195
2026-08-11,FIZZ,15.9,Avoid,194,195
2026-08-12,FIZZ,15.4,Very Weak,194,195
2026-08-13,FIZZ,18.5,Very Weak,193,195
2026-08-14,FIZZ,20.3,Very Weak,190,195
2026-08-17,FIZZ,20.6,Very Weak,192,195
2026-08-18,FIZZ,15.6,Very Weak,193,195
2026-08-19,FIZZ,19.5,Very Weak,192,195
2026-08-20,FIZZ,22.3,Very Weak,191,195
2026-08-21,FIZZ,25.3,Very Weak,182,195
2026-08-24,FIZZ,25.3,Very Weak,182,195
2026-08-25,FIZZ,33.7,Weak,146,195
2026-08-27,FIZZ,27.8,Very Weak,161,195
2026-08-28,FIZZ,26.9,Very Weak,160,195
2026-09-01,FIZZ,22.6,Very Weak,173,195
2026-09-02,FIZZ,29.1,Very Weak,157,195
2026-09-03,FIZZ,32.7,Weak,149,195
2026-09-04,FIZZ,35.7,Weak,138,195
2026-09-07,FIZZ,28.3,Very Weak,153,195
2026-09-08,FIZZ,28.2,Very Weak,153,195
2026-09-09,FIZZ,22.6,Very Weak,169,195
2026-09-10,FIZZ,21.9,Very Weak,171,195
2026-09-11,FIZZ,27.9,Very Weak,158,195
2026-09-15,FIZZ,32.9,Weak,150,195
2026-09-17,FIZZ,36.8,Weak,129,195
2026-09-18,FIZZ,26.9,Very Weak,156,195
2026-09-22,FIZZ,26.9,Very Weak,158,195
2026-09-23,FIZZ,35,Weak,141,195
2026-09-24,FIZZ,37.9,Weak,130,195
2026-08-05,FROG,77.8,Buy,5,195
2026-08-07,FROG,63.8,Hold,45,195
2026-08-10,FROG,72.3,Buy,21,195
2026-08-11,FROG,68,Buy,34,195
2026-08-12,FROG,66.9,Strong,32,195
2026-08-13,FROG,66.4,Strong,34,195
2026-08-14,FROG,73.7,Strong,15,195
2026-08-17,FROG,76,Strong,12,195
2026-08-18,FROG,70.8,Strong,24,195
2026-08-19,FROG,68.9,Strong,29,195
2026-08-20,FROG,68.6,Strong,26,195
2026-08-21,FROG,71.6,Strong,14,195
2026-08-24,FROG,71.5,Strong,14,195
2026-08-25,FROG,76.1,Strong,19,195
2026-08-27,FROG,80.2,Very Strong,9,195
2026-08-28,FROG,83.5,Very Strong,7,195
2026-09-01,FROG,78.6,Very Strong,12,195
2026-09-02,FROG,71.9,Strong,27,195
2026-09-03,FROG,73.5,Strong,20,195
2026-09-04,FROG,69.6,Strong,31,195
2026-09-07,FROG,65,Strong,50,195
2026-09-08,FROG,64.9,Neutral,50,195
2026-09-09,FROG,64.2,Neutral,45,195
2026-09-10,FROG,72.5,Strong,26,195
2026-09-11,FROG,74.6,Strong,22,195
2026-09-15,FROG,76.4,Strong,19,195
2026-09-17,FROG,72.3,Strong,28,195
2026-09-18,FROG,75.3,Strong,21,195
2026-09-22,FROG,71,Strong,27,195
2026-09-23,FROG,72.4,Strong,31,195
2026-09-24,FROG,68.6,Strong,36,195
2026-08-05,FSLY,69.6,Buy,27,195
2026-08-07,FSLY,52.6,Hold,73,195
2026-08-10,FSLY,60.2,Hold,52,195
2026-08-11,FSLY,66.4,Buy,38,195
2026-08-12,FSLY,67.8,Strong,30,195
2026-08-13,FSLY,62.4,Neutral,46,195
2026-08-14,FSLY,66.4,Strong,34,195
2026-08-17,FSLY,63.5,Neutral,44,195
2026-08-18,FSLY,63.6,Neutral,46,195
2026-08-19,FSLY,62,Neutral,46,195
2026-08-20,FSLY,54.8,Neutral,67,195
2026-08-21,FSLY,61.6,Neutral,46,195
2026-08-24,FSLY,61.5,Neutral,47,195
2026-08-25,FSLY,65.2,Strong,52,195
2026-08-27,FSLY,67.4,Strong,37,195
2026-08-28,FSLY,74,Strong,22,195
2026-09-01,FSLY,56.6,Neutral,74,195
2026-09-02,FSLY,47.2,Neutral,104,195
2026-09-03,FSLY,47,Neutral,105,195
2026-09-04,FSLY,53.8,Neutral,80,195
2026-09-07,FSLY,48.5,Neutral,106,195
2026-09-08,FSLY,48.5,Neutral,106,195
2026-09-09,FSLY,52.3,Neutral,91,195
2026-09-10,FSLY,61.7,Neutral,63,195
2026-09-11,FSLY,60.3,Neutral,60,195
2026-09-15,FSLY,63.3,Neutral,53,195
2026-09-17,FSLY,56.4,Neutral,74,195
2026-09-18,FSLY,56.7,Neutral,72,195
2026-09-22,FSLY,63.8,Neutral,53,195
2026-09-23,FSLY,56.6,Neutral,75,195
2026-09-24,FSLY,42.7,Weak,116,195
2026-08-05,FTNT,77.6,Buy,7,195
2026-08-07,FTNT,74.4,Buy,14,195
2026-08-10,FTNT,72.6,Buy,20,195
2026-08-11,FTNT,76.5,Buy,9,195
2026-08-12,FTNT,71.6,Strong,22,195
2026-08-13,FTNT,71,Strong,23,195
2026-08-14,FTNT,75,Strong,14,195
2026-08-17,FTNT,69.5,Strong,27,195
2026-08-18,FTNT,66.3,Strong,36,195
2026-08-19,FTNT,70.2,Strong,24,195
2026-08-20,FTNT,62.9,Neutral,43,195
2026-08-21,FTNT,65.9,Strong,33,195
2026-08-24,FTNT,65.9,Strong,33,195
2026-08-25,FTNT,70.7,Strong,32,195
2026-08-27,FTNT,83.7,Very Strong,4,195
2026-08-28,FTNT,88,Very Strong,1,195
2026-09-01,FTNT,83.1,Very Strong,6,195
2026-09-02,FTNT,77.2,Strong,12,195
2026-09-03,FTNT,71.3,Strong,27,195
2026-09-04,FTNT,73.5,Strong,23,195
2026-09-07,FTNT,75.8,Strong,13,195
2026-09-08,FTNT,75.8,Strong,13,195
2026-09-09,FTNT,79.7,Very Strong,8,195
2026-09-10,FTNT,82,Very Strong,5,195
2026-09-11,FTNT,83.8,Very Strong,3,195
2026-09-15,FTNT,83.4,Very Strong,3,195
2026-09-17,FTNT,87.8,Very Strong,1,195
2026-09-18,FTNT,81.9,Very Strong,9,195
2026-09-22,FTNT,85.5,Very Strong,3,195
2026-09-23,FTNT,87.1,Very Strong,2,195
2026-09-24,FTNT,86.1,Very Strong,2,195
2026-05-05,GE,52.5,Hold,11,50
2026-06-01,GE,53,Hold,18,50
2026-06-02,GE,54.3,Hold,17,50
2026-06-03,GE,52.2,Hold,20,50
2026-06-04,GE,52.5,Hold,20,50
2026-06-08,GE,54.1,Hold,18,50
2026-06-09,GE,53.4,Hold,20,50
2026-06-11,GE,51.6,Hold,22,50
2026-06-12,GE,54.1,Hold,17,50
2026-06-15,GE,55.1,Hold,16,50
2026-06-17,GE,58,Hold,6,50
2026-06-18,GE,60.4,Hold,4,50
2026-06-19,GE,59.6,Hold,7,50
2026-06-22,GE,59.6,Hold,7,50
2026-06-23,GE,59.4,Hold,8,50
2026-06-24,GE,60.1,Hold,6,50
2026-06-25,GE,62.5,Hold,3,50
2026-06-26,GE,63.2,Hold,3,50
2026-06-29,GE,62.9,Hold,2,50
2026-07-01,GE,61.7,Hold,5,50
2026-07-02,GE,62.9,Hold,3,50
2026-07-03,GE,62.8,Hold,4,50
2026-07-06,GE,62.8,Hold,4,50
2026-07-07,GE,61.8,Hold,5,50
2026-07-08,GE,58.6,Hold,13,50
2026-07-09,GE,53.7,Hold,19,50
2026-07-10,GE,55.2,Hold,16,50
2026-07-13,GE,53.5,Hold,19,50
2026-07-14,GE,50.7,Hold,25,50
2026-07-16,GE,54.3,Hold,16,50
2026-07-17,GE,44.4,Underperform,31,50
2026-07-20,GE,49.3,Hold,24,50
2026-07-21,GE,45.6,Hold,34,50
2026-07-22,GE,48.7,Hold,23,50
2026-07-23,GE,49.4,Hold,26,50
2026-07-24,GE,54.2,Hold,21,50
2026-07-27,GE,57.2,Hold,17,50
2026-07-30,GE,48.9,Hold,26,50
2026-07-31,GE,52.2,Hold,21,50
2026-08-03,GE,58,Hold,15,50
2026-08-05,GE,70,Buy,24,195
2026-08-07,GE,76.6,Buy,9,195
2026-08-10,GE,74.2,Buy,17,195
2026-08-11,GE,72.5,Buy,20,195
2026-08-12,GE,74.9,Strong,14,195
2026-08-13,GE,71.7,Strong,22,195
2026-08-14,GE,67.5,Strong,30,195
2026-08-17,GE,74.4,Strong,15,195
2026-08-18,GE,76.8,Strong,11,195
2026-08-19,GE,77.9,Strong,7,195
2026-08-20,GE,64.2,Neutral,41,195
2026-08-21,GE,64.1,Neutral,38,195
2026-08-24,GE,64.1,Neutral,38,195
2026-08-25,GE,36.8,Weak,135,195
2026-08-27,GE,45.8,Neutral,108,195
2026-08-28,GE,38.3,Weak,133,195
2026-09-01,GE,36.7,Weak,134,195
2026-09-02,GE,38.6,Weak,128,195
2026-09-03,GE,36.4,Weak,137,195
2026-09-04,GE,41.4,Weak,128,195
2026-09-07,GE,44.8,Weak,117,195
2026-09-08,GE,44.6,Weak,117,195
2026-09-09,GE,41.2,Weak,122,195
2026-09-10,GE,37.7,Weak,127,195
2026-09-11,GE,42.4,Weak,116,195
2026-09-15,GE,36.1,Weak,137,195
2026-09-17,GE,41.5,Weak,118,195
2026-09-18,GE,36.2,Weak,137,195
2026-09-22,GE,38.3,Weak,132,195
2026-09-23,GE,38,Weak,133,195
2026-09-24,GE,34.5,Weak,143,195
2026-08-05,GGG,35.2,Underperform,150,195
2026-08-07,GGG,37.9,Underperform,138,195
2026-08-10,GGG,31.4,Underperform,168,195
2026-08-11,GGG,30.9,Underperform,165,195
2026-08-12,GGG,33.7,Weak,153,195
2026-08-13,GGG,30.5,Weak,163,195
2026-08-14,GGG,28.2,Very Weak,172,195
2026-08-17,GGG,28,Very Weak,176,195
2026-08-18,GGG,28.6,Very Weak,170,195
2026-08-19,GGG,31.1,Weak,165,195
2026-08-20,GGG,34.2,Weak,160,195
2026-08-21,GGG,27.7,Very Weak,176,195
2026-08-24,GGG,27.6,Very Weak,176,195
2026-08-25,GGG,23.7,Very Weak,172,195
2026-08-27,GGG,26.3,Very Weak,166,195
2026-08-28,GGG,23.5,Very Weak,166,195
2026-09-01,GGG,20.5,Very Weak,183,195
2026-09-02,GGG,20.8,Very Weak,176,195
2026-09-03,GGG,25.1,Very Weak,168,195
2026-09-04,GGG,22.4,Very Weak,174,195
2026-09-07,GGG,26.2,Very Weak,167,195
2026-09-08,GGG,26.2,Very Weak,167,195
2026-09-09,GGG,22.1,Very Weak,171,195
2026-09-10,GGG,22.5,Very Weak,169,195
2026-09-11,GGG,25.5,Very Weak,168,195
2026-09-15,GGG,27.3,Very Weak,163,195
2026-09-17,GGG,24.3,Very Weak,170,195
2026-09-18,GGG,24.4,Very Weak,166,195
2026-09-22,GGG,23.8,Very Weak,169,195
2026-09-23,GGG,36.1,Weak,138,195
2026-09-24,GGG,27.3,Very Weak,161,195
2026-05-05,GOOGL,46,Hold,20,50
2026-06-01,GOOGL,57.8,Hold,4,50
2026-06-02,GOOGL,55.9,Hold,9,50
2026-06-03,GOOGL,53.3,Hold,16,50
2026-06-04,GOOGL,52.1,Hold,21,50
2026-06-08,GOOGL,53.6,Hold,19,50
2026-06-09,GOOGL,52.6,Hold,23,50
2026-06-11,GOOGL,49.7,Hold,28,50
2026-06-12,GOOGL,49.5,Hold,27,50
2026-06-15,GOOGL,49.7,Hold,27,50
2026-06-17,GOOGL,54.4,Hold,15,50
2026-06-18,GOOGL,49,Hold,28,50
2026-06-19,GOOGL,53.9,Hold,18,50
2026-06-22,GOOGL,53.9,Hold,18,50
2026-06-23,GOOGL,47.2,Hold,31,50
2026-06-24,GOOGL,46.1,Hold,34,50
2026-06-25,GOOGL,45.5,Hold,36,50
2026-06-26,GOOGL,45.6,Hold,32,50
2026-06-29,GOOGL,43,Underperform,35,50
2026-07-01,GOOGL,47.9,Hold,27,50
2026-07-02,GOOGL,48.3,Hold,25,50
2026-07-03,GOOGL,45,Hold,30,50
2026-07-06,GOOGL,45.4,Hold,30,50
2026-07-07,GOOGL,46.8,Hold,27,50
2026-07-08,GOOGL,46.1,Hold,30,50
2026-07-09,GOOGL,43.9,Underperform,34,50
2026-07-10,GOOGL,42,Underperform,36,50
2026-07-13,GOOGL,39.9,Underperform,38,50
2026-07-14,GOOGL,37.8,Underperform,41,50
2026-07-16,GOOGL,45.2,Hold,34,50
2026-07-17,GOOGL,37.4,Underperform,45,50
2026-07-20,GOOGL,35.6,Underperform,46,50
2026-07-21,GOOGL,39.1,Underperform,42,50
2026-07-22,GOOGL,35.3,Underperform,45,50
2026-07-23,GOOGL,34.5,Underperform,45,50
2026-07-24,GOOGL,32.5,Underperform,45,50
2026-07-27,GOOGL,34.9,Underperform,44,50
2026-07-30,GOOGL,35.8,Underperform,43,50
2026-07-31,GOOGL,32.5,Underperform,45,50
2026-08-03,GOOGL,40.4,Underperform,37,50
2026-08-05,GOOGL,65.6,Buy,35,195
2026-08-07,GOOGL,64.1,Hold,43,195
2026-08-10,GOOGL,58.6,Hold,59,195
2026-08-11,GOOGL,65.6,Buy,39,195
2026-08-12,GOOGL,56.6,Neutral,64,195
2026-08-13,GOOGL,55.9,Neutral,71,195
2026-08-14,GOOGL,59,Neutral,54,195
2026-08-17,GOOGL,60,Neutral,53,195
2026-08-18,GOOGL,55.9,Neutral,71,195
2026-08-19,GOOGL,59.8,Neutral,57,195
2026-08-20,GOOGL,56.4,Neutral,59,195
2026-08-21,GOOGL,60.1,Neutral,52,195
2026-08-24,GOOGL,60.1,Neutral,52,195
2026-08-25,GOOGL,45.1,Neutral,111,195
2026-08-27,GOOGL,40,Weak,127,195
2026-08-28,GOOGL,41.6,Weak,120,195
2026-09-01,GOOGL,43.3,Weak,119,195
2026-09-02,GOOGL,44.7,Weak,114,195
2026-09-03,GOOGL,48.3,Neutral,102,195
2026-09-04,GOOGL,52,Neutral,87,195
2026-09-07,GOOGL,43.7,Weak,118,195
2026-09-08,GOOGL,43.7,Weak,118,195
2026-09-09,GOOGL,47.3,Neutral,105,195
2026-09-10,GOOGL,40.3,Weak,122,195
2026-09-11,GOOGL,44.8,Weak,113,195
2026-09-15,GOOGL,58.4,Neutral,71,195
2026-09-17,GOOGL,47.5,Neutral,106,195
2026-09-18,GOOGL,53.5,Neutral,83,195
2026-09-22,GOOGL,60.9,Neutral,61,195
2026-09-23,GOOGL,41.6,Weak,120,195
2026-09-24,GOOGL,46.5,Neutral,107,195
2026-08-05,GRMN,57.5,Hold,63,195
2026-08-07,GRMN,71.6,Buy,21,195
2026-08-10,GRMN,73.6,Buy,18,195
2026-08-11,GRMN,75.5,Buy,13,195
2026-08-12,GRMN,70.1,Strong,25,195
2026-08-13,GRMN,69.9,Strong,28,195
2026-08-14,GRMN,69.7,Strong,21,195
2026-08-17,GRMN,69.6,Strong,26,195
2026-08-18,GRMN,68.7,Strong,31,195
2026-08-19,GRMN,66.7,Strong,33,195
2026-08-20,GRMN,65.3,Strong,33,195
2026-08-21,GRMN,66.8,Strong,30,195
2026-08-24,GRMN,66.7,Strong,30,195
2026-08-25,GRMN,48.2,Neutral,103,195
2026-08-27,GRMN,50.9,Neutral,93,195
2026-08-28,GRMN,45.6,Neutral,108,195
2026-09-01,GRMN,43.7,Weak,116,195
2026-09-02,GRMN,42.1,Weak,118,195
2026-09-03,GRMN,41.6,Weak,119,195
2026-09-04,GRMN,44.1,Weak,117,195
2026-09-07,GRMN,46,Neutral,114,195
2026-09-08,GRMN,46,Neutral,114,195
2026-09-09,GRMN,49.5,Neutral,99,195
2026-09-10,GRMN,42.3,Weak,117,195
2026-09-11,GRMN,48.8,Neutral,103,195
2026-09-15,GRMN,49.9,Neutral,96,195
2026-09-17,GRMN,48.7,Neutral,103,195
2026-09-18,GRMN,46.6,Neutral,112,195
2026-09-22,GRMN,50.5,Neutral,91,195
2026-09-23,GRMN,60.1,Neutral,61,195
2026-09-24,GRMN,54.5,Neutral,79,195
2026-08-05,HALO,59.6,Hold,55,195
2026-08-07,HALO,69.3,Buy,26,195
2026-08-10,HALO,77.4,Buy,11,195
2026-08-11,HALO,70.6,Buy,23,195
2026-08-12,HALO,73,Strong,20,195
2026-08-13,HALO,70,Strong,27,195
2026-08-14,HALO,68.4,Strong,25,195
2026-08-17,HALO,68.1,Strong,31,195
2026-08-18,HALO,74.5,Strong,17,195
2026-08-19,HALO,77.5,Strong,9,195
2026-08-20,HALO,79.4,Very Strong,2,195
2026-08-21,HALO,75.4,Strong,12,195
2026-08-24,HALO,75.4,Strong,12,195
2026-08-25,HALO,78.9,Very Strong,9,195
2026-08-27,HALO,75.6,Strong,18,195
2026-08-28,HALO,74.5,Strong,20,195
2026-09-01,HALO,78.3,Very Strong,14,195
2026-09-02,HALO,80,Very Strong,4,195
2026-09-03,HALO,81.5,Very Strong,6,195
2026-09-04,HALO,76.8,Strong,14,195
2026-09-07,HALO,76,Strong,12,195
2026-09-08,HALO,76,Strong,12,195
2026-09-09,HALO,76,Strong,16,195
2026-09-10,HALO,76.2,Strong,16,195
2026-09-11,HALO,80,Very Strong,9,195
2026-09-15,HALO,78.9,Very Strong,14,195
2026-09-17,HALO,80.5,Very Strong,9,195
2026-09-18,HALO,82.2,Very Strong,8,195
2026-09-22,HALO,77.3,Strong,18,195
2026-09-23,HALO,83.8,Very Strong,6,195
2026-09-24,HALO,80.4,Very Strong,11,195
2026-05-05,HD,36.6,Underperform,37,50
2026-06-01,HD,43.6,Underperform,43,50
2026-06-02,HD,43.1,Underperform,44,50
2026-06-03,HD,44.4,Underperform,39,50
2026-06-04,HD,44.4,Underperform,38,50
2026-06-08,HD,44.4,Underperform,39,50
2026-06-09,HD,43.7,Underperform,38,50
2026-06-11,HD,48.3,Hold,30,50
2026-06-12,HD,51.7,Hold,25,50
2026-06-15,HD,51.8,Hold,22,50
2026-06-17,HD,53.4,Hold,19,50
2026-06-18,HD,51.5,Hold,23,50
2026-06-19,HD,56,Hold,13,50
2026-06-22,HD,56,Hold,13,50
2026-06-23,HD,52.4,Hold,21,50
2026-06-24,HD,51.6,Hold,24,50
2026-06-25,HD,56.7,Hold,13,50
2026-06-26,HD,57.7,Hold,14,50
2026-06-29,HD,57.1,Hold,16,50
2026-07-01,HD,56.4,Hold,15,50
2026-07-02,HD,55.7,Hold,18,50
2026-07-03,HD,57.8,Hold,16,50
2026-07-06,HD,58,Hold,15,50
2026-07-07,HD,54.6,Hold,20,50
2026-07-08,HD,51.7,Hold,23,50
2026-07-09,HD,48.3,Hold,27,50
2026-07-10,HD,48.1,Hold,28,50
2026-07-13,HD,50.9,Hold,27,50
2026-07-14,HD,46.4,Hold,32,50
2026-07-16,HD,50.1,Hold,27,50
2026-07-17,HD,51.8,Hold,22,50
2026-07-20,HD,47.4,Hold,27,50
2026-07-21,HD,44.9,Underperform,35,50
2026-07-22,HD,44.5,Underperform,34,50
2026-07-23,HD,45.2,Hold,31,50
2026-07-24,HD,42.2,Underperform,33,50
2026-07-27,HD,46.5,Hold,30,50
2026-07-30,HD,46.6,Hold,29,50
2026-07-31,HD,41.9,Underperform,35,50
2026-08-03,HD,41.6,Underperform,33,50
2026-08-05,HD,35.7,Underperform,147,195
2026-08-07,HD,31.2,Underperform,164,195
2026-08-10,HD,33.1,Underperform,157,195
2026-08-11,HD,29.8,Avoid,172,195
2026-08-12,HD,32.8,Weak,162,195
2026-08-13,HD,27.4,Very Weak,176,195
2026-08-14,HD,25.2,Very Weak,179,195
2026-08-17,HD,24.5,Very Weak,183,195
2026-08-18,HD,29.2,Very Weak,167,195
2026-08-19,HD,29.4,Very Weak,170,195
2026-08-20,HD,33,Weak,164,195
2026-08-21,HD,22.2,Very Weak,189,195
2026-08-24,HD,22.1,Very Weak,190,195
2026-08-25,HD,28.3,Very Weak,161,195
2026-08-27,HD,23.7,Very Weak,170,195
2026-08-28,HD,22.2,Very Weak,168,195
2026-09-01,HD,24.1,Very Weak,166,195
2026-09-02,HD,23,Very Weak,172,195
2026-09-03,HD,21.7,Very Weak,179,195
2026-09-04,HD,21.8,Very Weak,175,195
2026-09-07,HD,25.3,Very Weak,169,195
2026-09-08,HD,25.2,Very Weak,169,195
2026-09-09,HD,21.6,Very Weak,175,195
2026-09-10,HD,21.2,Very Weak,173,195
2026-09-11,HD,20.3,Very Weak,180,195
2026-09-15,HD,26.1,Very Weak,164,195
2026-09-17,HD,20.4,Very Weak,179,195
2026-09-18,HD,20.6,Very Weak,178,195
2026-09-22,HD,19.8,Very Weak,181,195
2026-09-23,HD,24.3,Very Weak,172,195
2026-09-24,HD,22.3,Very Weak,176,195
2026-08-05,HNST,52.4,Hold,84,195
2026-08-07,HNST,74.6,Buy,13,195
2026-08-10,HNST,74.5,Buy,16,195
2026-08-11,HNST,68.7,Buy,29,195
2026-08-12,HNST,68.8,Strong,28,195
2026-08-13,HNST,68.1,Strong,30,195
2026-08-14,HNST,67.9,Strong,28,195
2026-08-17,HNST,67.5,Strong,34,195
2026-08-18,HNST,66.8,Strong,35,195
2026-08-19,HNST,70.2,Strong,24,195
2026-08-20,HNST,72.4,Strong,19,195
2026-08-21,HNST,70.8,Strong,18,195
2026-08-24,HNST,70.7,Strong,18,195
2026-08-25,HNST,83.1,Very Strong,2,195
2026-08-27,HNST,85.6,Very Strong,2,195
2026-08-28,HNST,84.1,Very Strong,6,195
2026-09-01,HNST,82.4,Very Strong,8,195
2026-09-02,HNST,78.8,Very Strong,10,195
2026-09-03,HNST,82.3,Very Strong,3,195
2026-09-04,HNST,84.1,Very Strong,1,195
2026-09-07,HNST,85.1,Very Strong,2,195
2026-09-08,HNST,85.1,Very Strong,2,195
2026-09-09,HNST,79.9,Very Strong,7,195
2026-09-10,HNST,78,Very Strong,12,195
2026-09-11,HNST,77.2,Strong,18,195
2026-09-15,HNST,82.4,Very Strong,7,195
2026-09-17,HNST,76,Strong,17,195
2026-09-18,HNST,74.5,Strong,24,195
2026-09-22,HNST,74.5,Strong,21,195
2026-09-23,HNST,70.9,Strong,34,195
2026-09-24,HNST,76.7,Strong,19,195
2026-05-05,HON,56.9,Buy,5,50
2026-06-01,HON,55.5,Hold,13,50
2026-06-02,HON,55.4,Hold,12,50
2026-06-03,HON,55.1,Hold,12,50
2026-06-04,HON,48.4,Hold,29,50
2026-06-08,HON,43.2,Underperform,44,50
2026-06-09,HON,41.9,Underperform,47,50
2026-06-11,HON,41.6,Underperform,46,50
2026-06-12,HON,46.1,Hold,31,50
2026-06-15,HON,45.8,Hold,33,50
2026-06-17,HON,52.3,Hold,22,50
2026-06-18,HON,54.8,Hold,17,50
2026-06-19,HON,53.2,Hold,19,50
2026-06-22,HON,53.2,Hold,19,50
2026-06-23,HON,54.2,Hold,18,50
2026-06-24,HON,49,Hold,29,50
2026-06-25,HON,52.5,Hold,24,50
2026-06-26,HON,53.3,Hold,20,50
2026-06-29,HON,58.9,Hold,14,50
2026-07-01,HON,51.8,Hold,22,50
2026-07-02,HON,49.1,Hold,24,50
2026-07-03,HON,52.3,Hold,24,50
2026-07-06,HON,46.7,Hold,29,50
2026-07-07,HON,47.7,Hold,26,50
2026-07-08,HON,41.4,Underperform,37,50
2026-07-09,HON,38.8,Underperform,40,50
2026-07-10,HON,42.9,Underperform,35,50
2026-07-13,HON,43.3,Underperform,35,50
2026-07-14,HON,38.9,Underperform,40,50
2026-07-16,HON,38.6,Underperform,41,50
2026-07-17,HON,41.4,Underperform,37,50
2026-07-20,HON,42.5,Underperform,37,50
2026-07-21,HON,44.9,Underperform,35,50
2026-07-22,HON,49.4,Hold,22,50
2026-07-23,HON,53.5,Hold,20,50
2026-07-24,HON,61.5,Hold,11,50
2026-07-27,HON,58.2,Hold,13,50
2026-07-30,HON,54.5,Hold,19,50
2026-07-31,HON,54.9,Hold,19,50
2026-08-03,HON,55.2,Hold,17,50
2026-08-05,HON,49.4,Hold,100,195
2026-08-07,HON,42.6,Underperform,127,195
2026-08-10,HON,44.6,Underperform,116,195
2026-08-11,HON,41.4,Underperform,132,195
2026-08-12,HON,32.2,Weak,166,195
2026-08-13,HON,39.8,Weak,133,195
2026-08-14,HON,35.1,Weak,152,195
2026-08-17,HON,38.6,Weak,137,195
2026-08-18,HON,32.6,Weak,153,195
2026-08-19,HON,31.5,Weak,161,195
2026-08-20,HON,28.3,Very Weak,178,195
2026-08-21,HON,26.3,Very Weak,181,195
2026-08-24,HON,26.2,Very Weak,181,195
2026-08-25,HON,18.2,Very Weak,186,195
2026-08-27,HON,27,Very Weak,164,195
2026-08-28,HON,22.1,Very Weak,170,195
2026-09-01,HON,17.8,Very Weak,186,195
2026-09-02,HON,17.8,Very Weak,186,195
2026-09-03,HON,17.4,Very Weak,191,195
2026-09-04,HON,18.2,Very Weak,183,195
2026-09-07,HON,22.2,Very Weak,176,195
2026-09-08,HON,22.2,Very Weak,176,195
2026-09-09,HON,19.3,Very Weak,181,195
2026-09-10,HON,18.3,Very Weak,182,195
2026-09-11,HON,18.5,Very Weak,184,195
2026-09-15,HON,16.9,Very Weak,190,195
2026-09-17,HON,25.9,Very Weak,169,195
2026-09-18,HON,20.3,Very Weak,180,195
2026-09-22,HON,20.6,Very Weak,179,195
2026-09-23,HON,30.1,Weak,155,195
2026-09-24,HON,22.5,Very Weak,174,195
2026-08-05,HOOD,45.6,Hold,116,195
2026-08-07,HOOD,66.6,Buy,30,195
2026-08-10,HOOD,67.9,Buy,28,195
2026-08-11,HOOD,71.9,Buy,21,195
2026-08-12,HOOD,73.1,Strong,18,195
2026-08-13,HOOD,74.3,Strong,17,195
2026-08-14,HOOD,82.4,Very Strong,4,195
2026-08-17,HOOD,68.5,Strong,30,195
2026-08-18,HOOD,74,Strong,18,195
2026-08-19,HOOD,68.3,Strong,31,195
2026-08-20,HOOD,73.4,Strong,12,195
2026-08-21,HOOD,86.7,Very Strong,1,195
2026-08-24,HOOD,86.7,Very Strong,1,195
2026-08-25,HOOD,71.7,Strong,28,195
2026-08-27,HOOD,71.5,Strong,27,195
2026-08-28,HOOD,73.8,Strong,24,195
2026-09-01,HOOD,69.3,Strong,34,195
2026-09-02,HOOD,68.5,Strong,35,195
2026-09-03,HOOD,72.3,Strong,23,195
2026-09-04,HOOD,82.5,Very Strong,5,195
2026-09-07,HOOD,77.8,Strong,8,195
2026-09-08,HOOD,77.8,Strong,8,195
2026-09-09,HOOD,76,Strong,16,195
2026-09-10,HOOD,75.6,Strong,18,195
2026-09-11,HOOD,73.8,Strong,24,195
2026-09-15,HOOD,76.5,Strong,17,195
2026-09-17,HOOD,63.7,Neutral,52,195
2026-09-18,HOOD,70.3,Strong,35,195
2026-09-22,HOOD,81.1,Very Strong,12,195
2026-09-23,HOOD,68.4,Strong,41,195
2026-09-24,HOOD,64.3,Neutral,53,195
2026-08-05,HUBB,45.2,Hold,118,195
2026-08-07,HUBB,51.1,Hold,80,195
2026-08-10,HUBB,52.1,Hold,80,195
2026-08-11,HUBB,48.3,Hold,99,195
2026-08-12,HUBB,53.5,Neutral,76,195
2026-08-13,HUBB,49.5,Neutral,93,195
2026-08-14,HUBB,47.4,Neutral,106,195
2026-08-17,HUBB,52,Neutral,83,195
2026-08-18,HUBB,49.1,Neutral,95,195
2026-08-19,HUBB,40.7,Weak,128,195
2026-08-20,HUBB,39.2,Weak,140,195
2026-08-21,HUBB,38.7,Weak,141,195
2026-08-24,HUBB,38.6,Weak,142,195
2026-08-25,HUBB,22,Very Weak,178,195
2026-08-27,HUBB,26.5,Very Weak,165,195
2026-08-28,HUBB,24.4,Very Weak,165,195
2026-09-01,HUBB,21.6,Very Weak,178,195
2026-09-02,HUBB,22.4,Very Weak,173,195
2026-09-03,HUBB,26.1,Very Weak,165,195
2026-09-04,HUBB,31.9,Weak,149,195
2026-09-07,HUBB,33,Weak,146,195
2026-09-08,HUBB,32.9,Weak,146,195
2026-09-09,HUBB,33.8,Weak,143,195
2026-09-10,HUBB,27.8,Very Weak,155,195
2026-09-11,HUBB,31.2,Weak,149,195
2026-09-15,HUBB,23.2,Very Weak,174,195
2026-09-17,HUBB,27.1,Very Weak,165,195
2026-09-18,HUBB,22.8,Very Weak,170,195
2026-09-22,HUBB,31.2,Weak,147,195
2026-09-23,HUBB,33.3,Weak,145,195
2026-09-24,HUBB,31.7,Weak,150,195
2026-08-05,HUBS,35.3,Underperform,149,195
2026-08-07,HUBS,20.5,Avoid,188,195
2026-08-10,HUBS,23.8,Avoid,180,195
2026-08-11,HUBS,31.7,Underperform,164,195
2026-08-12,HUBS,33.4,Weak,157,195
2026-08-13,HUBS,26,Very Weak,181,195
2026-08-14,HUBS,34.8,Weak,154,195
2026-08-17,HUBS,28.5,Very Weak,175,195
2026-08-18,HUBS,24.8,Very Weak,182,195
2026-08-19,HUBS,32.1,Weak,159,195
2026-08-20,HUBS,36.3,Weak,151,195
2026-08-21,HUBS,34.9,Weak,155,195
2026-08-24,HUBS,34.7,Weak,155,195
2026-08-25,HUBS,57.6,Neutral,73,195
2026-08-27,HUBS,45.9,Neutral,107,195
2026-08-28,HUBS,50.8,Neutral,91,195
2026-09-01,HUBS,54,Neutral,82,195
2026-09-02,HUBS,44.8,Weak,113,195
2026-09-03,HUBS,42.1,Weak,118,195
2026-09-04,HUBS,45.6,Neutral,109,195
2026-09-07,HUBS,40.2,Weak,129,195
2026-09-08,HUBS,40,Weak,129,195
2026-09-09,HUBS,41.3,Weak,121,195
2026-09-10,HUBS,41.4,Weak,119,195
2026-09-11,HUBS,39.3,Weak,121,195
2026-09-15,HUBS,47.9,Neutral,103,195
2026-09-17,HUBS,43.3,Weak,115,195
2026-09-18,HUBS,37.7,Weak,132,195
2026-09-22,HUBS,32.5,Weak,144,195
2026-09-23,HUBS,50,Neutral,94,195
2026-09-24,HUBS,40.9,Weak,124,195
2026-08-05,IBKR,50.7,Hold,93,195
2026-08-07,IBKR,62.3,Hold,47,195
2026-08-10,IBKR,63.4,Hold,41,195
2026-08-11,IBKR,69.1,Buy,26,195
2026-08-12,IBKR,63.9,Neutral,43,195
2026-08-13,IBKR,71.8,Strong,20,195
2026-08-14,IBKR,67.7,Strong,29,195
2026-08-17,IBKR,70.7,Strong,25,195
2026-08-18,IBKR,76.1,Strong,13,195
2026-08-19,IBKR,65.2,Strong,36,195
2026-08-20,IBKR,65.2,Strong,34,195
2026-08-21,IBKR,77.8,Strong,6,195
2026-08-24,IBKR,77.8,Strong,6,195
2026-08-25,IBKR,60.2,Neutral,65,195
2026-08-27,IBKR,64.7,Neutral,47,195
2026-08-28,IBKR,62,Neutral,59,195
2026-09-01,IBKR,66.4,Strong,45,195
2026-09-02,IBKR,56.6,Neutral,77,195
2026-09-03,IBKR,54.4,Neutral,89,195
2026-09-04,IBKR,65.9,Strong,46,195
2026-09-07,IBKR,68.8,Strong,35,195
2026-09-08,IBKR,68.9,Strong,35,195
2026-09-09,IBKR,59.1,Neutral,71,195
2026-09-10,IBKR,57.7,Neutral,77,195
2026-09-11,IBKR,57,Neutral,76,195
2026-09-15,IBKR,57.6,Neutral,73,195
2026-09-17,IBKR,50.8,Neutral,90,195
2026-09-18,IBKR,54.4,Neutral,80,195
2026-09-22,IBKR,67.1,Strong,39,195
2026-09-23,IBKR,51.5,Neutral,89,195
2026-09-24,IBKR,53.1,Neutral,83,195
2026-05-05,IBM,36.8,Underperform,36,50
2026-06-01,IBM,54.5,Hold,16,50
2026-06-02,IBM,57,Hold,7,50
2026-06-03,IBM,57.6,Hold,9,50
2026-06-04,IBM,56.4,Hold,9,50
2026-06-08,IBM,52.6,Hold,25,50
2026-06-09,IBM,52.7,Hold,22,50
2026-06-11,IBM,51.7,Hold,21,50
2026-06-12,IBM,52.2,Hold,21,50
2026-06-15,IBM,51.1,Hold,23,50
2026-06-17,IBM,50.1,Hold,24,50
2026-06-18,IBM,49,Hold,28,50
2026-06-19,IBM,44.6,Underperform,35,50
2026-06-22,IBM,44.6,Underperform,35,50
2026-06-23,IBM,48.6,Hold,28,50
2026-06-24,IBM,53,Hold,20,50
2026-06-25,IBM,49.8,Hold,26,50
2026-06-26,IBM,48.7,Hold,30,50
2026-06-29,IBM,53.3,Hold,21,50
2026-07-01,IBM,55.7,Hold,16,50
2026-07-02,IBM,56.4,Hold,17,50
2026-07-03,IBM,56.6,Hold,18,50
2026-07-06,IBM,56.8,Hold,18,50
2026-07-07,IBM,58.5,Hold,11,50
2026-07-08,IBM,61,Hold,9,50
2026-07-09,IBM,59,Hold,13,50
2026-07-10,IBM,57.7,Hold,14,50
2026-07-13,IBM,55.2,Hold,14,50
2026-07-14,IBM,57.4,Hold,13,50
2026-07-16,IBM,43.5,Underperform,37,50
2026-07-17,IBM,46,Hold,30,50
2026-07-20,IBM,45,Hold,29,50
2026-07-21,IBM,47.1,Hold,26,50
2026-07-22,IBM,45.4,Hold,29,50
2026-07-23,IBM,43.5,Underperform,33,50
2026-07-24,IBM,45.4,Hold,29,50
2026-07-27,IBM,48.1,Hold,25,50
2026-07-30,IBM,50.1,Hold,23,50
2026-07-31,IBM,46.4,Hold,29,50
2026-08-03,IBM,50.7,Hold,24,50
2026-08-05,IBM,38.3,Underperform,141,195
2026-08-07,IBM,41.9,Underperform,130,195
2026-08-10,IBM,43.2,Underperform,125,195
2026-08-11,IBM,41.1,Underperform,134,195
2026-08-12,IBM,46.4,Neutral,109,195
2026-08-13,IBM,42.1,Weak,124,195
2026-08-14,IBM,41.8,Weak,125,195
2026-08-17,IBM,41.4,Weak,129,195
2026-08-18,IBM,39.5,Weak,132,195
2026-08-19,IBM,44,Weak,117,195
2026-08-20,IBM,45.9,Neutral,111,195
2026-08-21,IBM,42.8,Weak,126,195
2026-08-24,IBM,42.7,Weak,126,195
2026-08-25,IBM,33.8,Weak,144,195
2026-08-27,IBM,30.3,Weak,154,195
2026-08-28,IBM,36.7,Weak,139,195
2026-09-01,IBM,30.8,Weak,152,195
2026-09-02,IBM,29.4,Very Weak,155,195
2026-09-03,IBM,28.2,Very Weak,159,195
2026-09-04,IBM,31.3,Weak,151,195
2026-09-07,IBM,33.2,Weak,145,195
2026-09-08,IBM,33.1,Weak,145,195
2026-09-09,IBM,28.8,Very Weak,155,195
2026-09-10,IBM,41.6,Weak,118,195
2026-09-11,IBM,33.5,Weak,137,195
2026-09-15,IBM,43.3,Weak,118,195
2026-09-17,IBM,36,Weak,133,195
2026-09-18,IBM,36.1,Weak,138,195
2026-09-22,IBM,31.7,Weak,146,195
2026-09-23,IBM,47.9,Neutral,99,195
2026-09-24,IBM,45.3,Neutral,110,195
2026-08-05,IDYA,62.3,Hold,49,195
2026-08-07,IDYA,64.5,Hold,40,195
2026-08-10,IDYA,64.6,Hold,36,195
2026-08-11,IDYA,57.6,Hold,62,195
2026-08-12,IDYA,59.8,Neutral,52,195
2026-08-13,IDYA,62.9,Neutral,43,195
2026-08-14,IDYA,56.6,Neutral,59,195
2026-08-17,IDYA,55.9,Neutral,70,195
2026-08-18,IDYA,60.9,Neutral,52,195
2026-08-19,IDYA,65.6,Strong,34,195
2026-08-20,IDYA,67.3,Strong,30,195
2026-08-21,IDYA,69,Strong,26,195
2026-08-24,IDYA,69.1,Strong,24,195
2026-08-25,IDYA,64,Neutral,56,195
2026-08-27,IDYA,63,Neutral,53,195
2026-08-28,IDYA,62.3,Neutral,57,195
2026-09-01,IDYA,61.3,Neutral,58,195
2026-09-02,IDYA,62.3,Neutral,53,195
2026-09-03,IDYA,62.4,Neutral,55,195
2026-09-04,IDYA,56.1,Neutral,73,195
2026-09-07,IDYA,57.5,Neutral,72,195
2026-09-08,IDYA,57.5,Neutral,72,195
2026-09-09,IDYA,49.3,Neutral,100,195
2026-09-10,IDYA,48.8,Neutral,101,195
2026-09-11,IDYA,46.3,Neutral,108,195
2026-09-15,IDYA,50.1,Neutral,94,195
2026-09-17,IDYA,50.6,Neutral,94,195
2026-09-18,IDYA,55.6,Neutral,76,195
2026-09-22,IDYA,48.3,Neutral,102,195
2026-09-23,IDYA,45.7,Neutral,107,195
2026-09-24,IDYA,49.9,Neutral,93,195
2026-08-05,IESC,76.5,Buy,12,195
2026-08-07,IESC,80.7,Strong Buy,3,195
2026-08-10,IESC,79.1,Strong Buy,5,195
2026-08-11,IESC,76.5,Buy,9,195
2026-08-12,IESC,80.7,Very Strong,5,195
2026-08-13,IESC,77,Strong,9,195
2026-08-14,IESC,75.2,Strong,12,195
2026-08-17,IESC,78.8,Very Strong,4,195
2026-08-18,IESC,84.9,Very Strong,1,195
2026-08-19,IESC,77.3,Strong,10,195
2026-08-20,IESC,72.6,Strong,18,195
2026-08-21,IESC,70.5,Strong,20,195
2026-08-24,IESC,67.2,Strong,27,195
2026-08-25,IESC,57.7,Neutral,72,195
2026-08-27,IESC,28.7,Very Weak,160,195
2026-08-28,IESC,32.5,Weak,148,195
2026-09-01,IESC,25.1,Very Weak,165,195
2026-09-02,IESC,24.4,Very Weak,168,195
2026-09-03,IESC,50,Neutral,96,195
2026-09-04,IESC,56.7,Neutral,71,195
2026-09-07,IESC,67.1,Strong,38,195
2026-09-08,IESC,67,Strong,38,195
2026-09-09,IESC,75.8,Strong,18,195
2026-09-10,IESC,63.8,Neutral,54,195
2026-09-11,IESC,64.3,Neutral,53,195
2026-09-15,IESC,61.5,Neutral,60,195
2026-09-17,IESC,69,Strong,36,195
2026-09-18,IESC,62.6,Neutral,49,195
2026-09-22,IESC,61.2,Neutral,59,195
2026-09-23,IESC,50.1,Neutral,93,195
2026-09-24,IESC,47.3,Neutral,103,195
2026-08-05,INCY,67.3,Buy,33,195
2026-08-07,INCY,56.2,Hold,64,195
2026-08-10,INCY,58.4,Hold,61,195
2026-08-11,INCY,61.9,Hold,49,195
2026-08-12,INCY,56.7,Neutral,62,195
2026-08-13,INCY,55.9,Neutral,71,195
2026-08-14,INCY,55.2,Neutral,72,195
2026-08-17,INCY,55.1,Neutral,72,195
2026-08-18,INCY,62.9,Neutral,48,195
2026-08-19,INCY,65.1,Strong,37,195
2026-08-20,INCY,68.8,Strong,25,195
2026-08-21,INCY,65.4,Strong,35,195
2026-08-24,INCY,65.4,Strong,35,195
2026-08-25,INCY,67,Strong,46,195
2026-08-27,INCY,66.7,Strong,39,195
2026-08-28,INCY,64.8,Neutral,49,195
2026-09-01,INCY,60.4,Neutral,61,195
2026-09-02,INCY,69.1,Strong,33,195
2026-09-03,INCY,72,Strong,24,195
2026-09-04,INCY,65,Strong,48,195
2026-09-07,INCY,63.9,Neutral,53,195
2026-09-08,INCY,63.9,Neutral,52,195
2026-09-09,INCY,63.5,Neutral,51,195
2026-09-10,INCY,70.4,Strong,33,195
2026-09-11,INCY,63.5,Neutral,54,195
2026-09-15,INCY,62.1,Neutral,58,195
2026-09-17,INCY,73.2,Strong,24,195
2026-09-18,INCY,76.1,Strong,17,195
2026-09-22,INCY,65.3,Strong,46,195
2026-09-23,INCY,78.1,Very Strong,17,195
2026-09-24,INCY,74.8,Strong,23,195
2026-08-05,INTA,48,Hold,108,195
2026-08-07,INTA,52.5,Hold,74,195
2026-08-10,INTA,54.3,Hold,72,195
2026-08-11,INTA,57.2,Hold,63,195
2026-08-12,INTA,59.2,Neutral,53,195
2026-08-13,INTA,61.1,Neutral,54,195
2026-08-14,INTA,61.7,Neutral,48,195
2026-08-17,INTA,55.1,Neutral,72,195
2026-08-18,INTA,55.4,Neutral,75,195
2026-08-19,INTA,58.3,Neutral,61,195
2026-08-20,INTA,58.2,Neutral,55,195
2026-08-21,INTA,61,Neutral,49,195
2026-08-24,INTA,61,Neutral,49,195
2026-08-25,INTA,75.5,Strong,21,195
2026-08-27,INTA,75.1,Strong,19,195
2026-08-28,INTA,78,Very Strong,16,195
2026-09-01,INTA,75.9,Strong,21,195
2026-09-02,INTA,71.8,Strong,28,195
2026-09-03,INTA,69.4,Strong,31,195
2026-09-04,INTA,71.6,Strong,26,195
2026-09-07,INTA,69.1,Strong,34,195
2026-09-08,INTA,69.1,Strong,34,195
2026-09-09,INTA,69.3,Strong,36,195
2026-09-10,INTA,68.7,Strong,36,195
2026-09-11,INTA,67.9,Strong,39,195
2026-09-15,INTA,67.2,Strong,39,195
2026-09-17,INTA,64.5,Neutral,49,195
2026-09-18,INTA,61.2,Neutral,57,195
2026-09-22,INTA,61.1,Neutral,60,195
2026-09-23,INTA,64.9,Neutral,53,195
2026-09-24,INTA,69.1,Strong,34,195
2026-05-05,INTU,33.4,Underperform,49,50
2026-06-01,INTU,41.3,Underperform,49,50
2026-06-02,INTU,43.4,Underperform,43,50
2026-06-03,INTU,42,Underperform,45,50
2026-06-04,INTU,41.6,Underperform,47,50
2026-06-08,INTU,40.9,Underperform,47,50
2026-06-09,INTU,42.6,Underperform,43,50
2026-06-11,INTU,41,Underperform,48,50
2026-06-12,INTU,39.9,Underperform,48,50
2026-06-15,INTU,39.6,Underperform,48,50
2026-06-17,INTU,39.5,Underperform,46,50
2026-06-18,INTU,38.3,Underperform,47,50
2026-06-19,INTU,38,Underperform,46,50
2026-06-22,INTU,38,Underperform,46,50
2026-06-23,INTU,37.2,Underperform,47,50
2026-06-24,INTU,37.4,Underperform,47,50
2026-06-25,INTU,38.1,Underperform,44,50
2026-06-26,INTU,36.7,Underperform,47,50
2026-06-29,INTU,38.1,Underperform,44,50
2026-07-01,INTU,37.5,Underperform,46,50
2026-07-02,INTU,38,Underperform,45,50
2026-07-03,INTU,38.2,Underperform,45,50
2026-07-06,INTU,38.2,Underperform,45,50
2026-07-07,INTU,36.2,Underperform,46,50
2026-07-08,INTU,38,Underperform,44,50
2026-07-09,INTU,35.9,Underperform,45,50
2026-07-10,INTU,36,Underperform,45,50
2026-07-13,INTU,37.2,Underperform,43,50
2026-07-14,INTU,42.6,Underperform,37,50
2026-07-16,INTU,39,Underperform,40,50
2026-07-17,INTU,43.8,Underperform,33,50
2026-07-20,INTU,42.7,Underperform,35,50
2026-07-21,INTU,45.8,Hold,32,50
2026-07-22,INTU,44.1,Underperform,35,50
2026-07-23,INTU,40.5,Underperform,36,50
2026-07-24,INTU,41.4,Underperform,35,50
2026-07-27,INTU,47.5,Hold,27,50
2026-07-30,INTU,53.5,Hold,20,50
2026-07-31,INTU,47.7,Hold,27,50
2026-08-03,INTU,48.6,Hold,27,50
2026-08-05,INTU,22.4,Avoid,183,195
2026-08-07,INTU,29.1,Avoid,173,195
2026-08-10,INTU,29.4,Avoid,173,195
2026-08-11,INTU,32.7,Underperform,163,195
2026-08-12,INTU,33.7,Weak,153,195
2026-08-13,INTU,28.8,Very Weak,171,195
2026-08-14,INTU,33.1,Weak,157,195
2026-08-17,INTU,29.5,Very Weak,169,195
2026-08-18,INTU,28.2,Very Weak,172,195
2026-08-19,INTU,34,Weak,152,195
2026-08-20,INTU,37.3,Weak,148,195
2026-08-21,INTU,44.9,Weak,118,195
2026-08-24,INTU,44.6,Weak,119,195
2026-08-25,INTU,51.6,Neutral,89,195
2026-08-27,INTU,38.8,Weak,131,195
2026-08-28,INTU,37.7,Weak,137,195
2026-09-01,INTU,42.2,Weak,121,195
2026-09-02,INTU,35.4,Weak,137,195
2026-09-03,INTU,34.4,Weak,143,195
2026-09-04,INTU,31.7,Weak,150,195
2026-09-07,INTU,27.6,Very Weak,160,195
2026-09-08,INTU,27.6,Very Weak,159,195
2026-09-09,INTU,25.2,Very Weak,164,195
2026-09-10,INTU,25.7,Very Weak,158,195
2026-09-11,INTU,30.6,Weak,150,195
2026-09-15,INTU,40.9,Weak,124,195
2026-09-17,INTU,29.3,Very Weak,158,195
2026-09-18,INTU,27.9,Very Weak,154,195
2026-09-22,INTU,25.3,Very Weak,164,195
2026-09-23,INTU,26.8,Very Weak,162,195
2026-09-24,INTU,33.9,Weak,144,195
2026-08-05,IONQ,48.2,Hold,107,195
2026-08-07,IONQ,50.7,Hold,85,195
2026-08-10,IONQ,56.6,Hold,65,195
2026-08-11,IONQ,52.1,Hold,81,195
2026-08-12,IONQ,55.1,Neutral,69,195
2026-08-13,IONQ,57.4,Neutral,65,195
2026-08-14,IONQ,52.6,Neutral,84,195
2026-08-17,IONQ,59.2,Neutral,56,195
2026-08-18,IONQ,64.2,Neutral,44,195
2026-08-19,IONQ,54.2,Neutral,75,195
2026-08-20,IONQ,51,Neutral,90,195
2026-08-21,IONQ,55.6,Neutral,67,195
2026-08-24,IONQ,55.5,Neutral,67,195
2026-08-25,IONQ,41.6,Weak,119,195
2026-08-27,IONQ,35.6,Weak,143,195
2026-08-28,IONQ,36.4,Weak,140,195
2026-09-01,IONQ,34.5,Weak,139,195
2026-09-02,IONQ,31.4,Weak,151,195
2026-09-03,IONQ,30,Weak,155,195
2026-09-04,IONQ,37.2,Weak,134,195
2026-09-07,IONQ,39.5,Weak,132,195
2026-09-08,IONQ,39.5,Weak,132,195
2026-09-09,IONQ,45.5,Neutral,111,195
2026-09-10,IONQ,36.5,Weak,132,195
2026-09-11,IONQ,35.6,Weak,134,195
2026-09-15,IONQ,39.6,Weak,129,195
2026-09-17,IONQ,38.8,Weak,124,195
2026-09-18,IONQ,51.2,Neutral,94,195
2026-09-22,IONQ,52.6,Neutral,82,195
2026-09-23,IONQ,40.7,Weak,121,195
2026-09-24,IONQ,35,Weak,141,195
2026-08-05,IONS,37.5,Underperform,144,195
2026-08-07,IONS,28,Avoid,176,195
2026-08-10,IONS,29.4,Avoid,173,195
2026-08-11,IONS,30.6,Underperform,166,195
2026-08-12,IONS,24.1,Very Weak,184,195
2026-08-13,IONS,29,Very Weak,168,195
2026-08-14,IONS,24.3,Very Weak,182,195
2026-08-17,IONS,28.6,Very Weak,174,195
2026-08-18,IONS,31.8,Weak,158,195
2026-08-19,IONS,35.2,Weak,148,195
2026-08-20,IONS,35.7,Weak,156,195
2026-08-21,IONS,31.4,Weak,166,195
2026-08-24,IONS,31.3,Weak,166,195
2026-08-25,IONS,20.9,Very Weak,181,195
2026-08-27,IONS,18.5,Very Weak,181,195
2026-08-28,IONS,17.5,Very Weak,183,195
2026-09-01,IONS,15,Very Weak,192,195
2026-09-02,IONS,15.2,Very Weak,193,195
2026-09-03,IONS,20,Very Weak,184,195
2026-09-04,IONS,13.7,Very Weak,194,195
2026-09-07,IONS,16.7,Very Weak,187,195
2026-09-08,IONS,16.7,Very Weak,187,195
2026-09-09,IONS,12.3,Very Weak,193,195
2026-09-10,IONS,11.6,Very Weak,194,195
2026-09-11,IONS,11.5,Very Weak,193,195
2026-09-15,IONS,8.4,Very Weak,194,195
2026-09-17,IONS,6.2,Very Weak,194,195
2026-09-18,IONS,10.3,Very Weak,194,195
2026-09-22,IONS,5.6,Very Weak,195,195
2026-09-23,IONS,8.1,Very Weak,194,195
2026-09-24,IONS,11.6,Very Weak,193,195
2026-05-05,ISRG,41.3,Hold,29,50
2026-06-01,ISRG,39,Underperform,50,50
2026-06-02,ISRG,38.2,Underperform,50,50
2026-06-03,ISRG,37.5,Underperform,50,50
2026-06-04,ISRG,38.1,Underperform,50,50
2026-06-08,ISRG,39,Underperform,49,50
2026-06-09,ISRG,38.1,Underperform,50,50
2026-06-11,ISRG,38.1,Underperform,49,50
2026-06-12,ISRG,37.4,Underperform,50,50
2026-06-15,ISRG,36.6,Underperform,50,50
2026-06-17,ISRG,37,Underperform,50,50
2026-06-18,ISRG,36.1,Underperform,50,50
2026-06-19,ISRG,37.3,Underperform,49,50
2026-06-22,ISRG,37.3,Underperform,49,50
2026-06-23,ISRG,36.2,Underperform,50,50
2026-06-24,ISRG,36.4,Underperform,49,50
2026-06-25,ISRG,36.2,Underperform,49,50
2026-06-26,ISRG,36.2,Underperform,48,50
2026-06-29,ISRG,36.9,Underperform,48,50
2026-07-01,ISRG,34.4,Underperform,49,50
2026-07-02,ISRG,35.4,Underperform,47,50
2026-07-03,ISRG,39.3,Underperform,42,50
2026-07-06,ISRG,39.3,Underperform,42,50
2026-07-07,ISRG,41,Underperform,39,50
2026-07-08,ISRG,35.8,Underperform,48,50
2026-07-09,ISRG,34.5,Underperform,48,50
2026-07-10,ISRG,32.9,Underperform,50,50
2026-07-13,ISRG,31.5,Underperform,49,50
2026-07-14,ISRG,32,Underperform,49,50
2026-07-16,ISRG,32.4,Underperform,48,50
2026-07-17,ISRG,34,Underperform,47,50
2026-07-20,ISRG,28.5,Avoid,50,50
2026-07-21,ISRG,30.1,Underperform,47,50
2026-07-22,ISRG,27.9,Avoid,50,50
2026-07-23,ISRG,27,Avoid,50,50
2026-07-24,ISRG,26.4,Avoid,49,50
2026-07-27,ISRG,28.7,Avoid,48,50
2026-07-30,ISRG,27.3,Avoid,48,50
2026-07-31,ISRG,25.9,Avoid,49,50
2026-08-03,ISRG,25.2,Avoid,50,50
2026-08-05,ISRG,20.1,Avoid,189,195
2026-08-07,ISRG,30.8,Underperform,165,195
2026-08-10,ISRG,32.7,Underperform,159,195
2026-08-11,ISRG,38.6,Underperform,145,195
2026-08-12,ISRG,41.3,Weak,131,195
2026-08-13,ISRG,36,Weak,146,195
2026-08-14,ISRG,35,Weak,153,195
2026-08-17,ISRG,34.4,Weak,152,195
2026-08-18,ISRG,32.6,Weak,153,195
2026-08-19,ISRG,36.4,Weak,145,195
2026-08-20,ISRG,38.5,Weak,144,195
2026-08-21,ISRG,32.6,Weak,160,195
2026-08-24,ISRG,32.5,Weak,160,195
2026-08-25,ISRG,15.4,Very Weak,191,195
2026-08-27,ISRG,14.3,Very Weak,191,195
2026-08-28,ISRG,14.2,Very Weak,190,195
2026-09-01,ISRG,22,Very Weak,177,195
2026-09-02,ISRG,16.2,Very Weak,190,195
2026-09-03,ISRG,19,Very Weak,186,195
2026-09-04,ISRG,14.7,Very Weak,192,195
2026-09-07,ISRG,14.4,Very Weak,190,195
2026-09-08,ISRG,14.4,Very Weak,190,195
2026-09-09,ISRG,11.8,Very Weak,194,195
2026-09-10,ISRG,17.2,Very Weak,184,195
2026-09-11,ISRG,21.4,Very Weak,176,195
2026-09-15,ISRG,29.2,Very Weak,157,195
2026-09-17,ISRG,32.2,Weak,148,195
2026-09-18,ISRG,25.5,Very Weak,159,195
2026-09-22,ISRG,33.2,Weak,142,195
2026-09-23,ISRG,29.5,Very Weak,156,195
2026-09-24,ISRG,35.2,Weak,139,195
2026-08-05,JAZZ,77.6,Buy,7,195
2026-08-07,JAZZ,61.2,Hold,53,195
2026-08-10,JAZZ,58.8,Hold,57,195
2026-08-11,JAZZ,60.8,Hold,51,195
2026-08-12,JAZZ,53,Neutral,78,195
2026-08-13,JAZZ,56.1,Neutral,70,195
2026-08-14,JAZZ,50.7,Neutral,90,195
2026-08-17,JAZZ,51.2,Neutral,89,195
2026-08-18,JAZZ,57.4,Neutral,64,195
2026-08-19,JAZZ,63,Neutral,42,195
2026-08-20,JAZZ,55.6,Neutral,62,195
2026-08-21,JAZZ,58.7,Neutral,59,195
2026-08-24,JAZZ,58.8,Neutral,59,195
2026-08-25,JAZZ,71.5,Strong,29,195
2026-08-27,JAZZ,61.6,Neutral,59,195
2026-08-28,JAZZ,68.8,Strong,36,195
2026-09-01,JAZZ,70,Strong,32,195
2026-09-02,JAZZ,63.8,Neutral,47,195
2026-09-03,JAZZ,66.4,Strong,39,195
2026-09-04,JAZZ,63.5,Neutral,54,195
2026-09-07,JAZZ,65.7,Strong,45,195
2026-09-08,JAZZ,65.8,Strong,45,195
2026-09-09,JAZZ,59.7,Neutral,67,195
2026-09-10,JAZZ,66.2,Strong,47,195
2026-09-11,JAZZ,68,Strong,38,195
2026-09-15,JAZZ,73.4,Strong,21,195
2026-09-17,JAZZ,72.7,Strong,26,195
2026-09-18,JAZZ,67.3,Strong,40,195
2026-09-22,JAZZ,60.9,Neutral,61,195
2026-09-23,JAZZ,59.4,Neutral,64,195
2026-09-24,JAZZ,62.3,Neutral,60,195
2026-08-05,JBSS,50.6,Hold,94,195
2026-08-07,JBSS,34.4,Underperform,153,195
2026-08-10,JBSS,31.1,Underperform,169,195
2026-08-11,JBSS,29.7,Avoid,173,195
2026-08-12,JBSS,34.4,Weak,150,195
2026-08-13,JBSS,38.5,Weak,141,195
2026-08-14,JBSS,41,Weak,132,195
2026-08-17,JBSS,42,Weak,127,195
2026-08-18,JBSS,32.2,Weak,155,195
2026-08-19,JBSS,35.2,Weak,148,195
2026-08-20,JBSS,26.5,Very Weak,182,195
2026-08-21,JBSS,21.7,Very Weak,190,195
2026-08-24,JBSS,21.6,Very Weak,191,195
2026-08-25,JBSS,35,Weak,141,195
2026-08-27,JBSS,37.1,Weak,136,195
2026-08-28,JBSS,33.2,Weak,144,195
2026-09-01,JBSS,33.2,Weak,144,195
2026-09-02,JBSS,40.2,Weak,123,195
2026-09-03,JBSS,36,Weak,139,195
2026-09-04,JBSS,34.3,Weak,141,195
2026-09-07,JBSS,32.7,Weak,147,195
2026-09-08,JBSS,32.7,Weak,147,195
2026-09-09,JBSS,31.7,Weak,147,195
2026-09-10,JBSS,36.7,Weak,131,195
2026-09-11,JBSS,38.6,Weak,124,195
2026-09-15,JBSS,29,Very Weak,158,195
2026-09-17,JBSS,34.4,Weak,139,195
2026-09-18,JBSS,28.6,Very Weak,152,195
2026-09-22,JBSS,26.2,Very Weak,160,195
2026-09-23,JBSS,32.8,Weak,147,195
2026-09-24,JBSS,27.9,Very Weak,159,195
2026-05-05,JNJ,57,Buy,4,50
2026-06-01,JNJ,47.7,Hold,32,50
2026-06-02,JNJ,47.6,Hold,32,50
2026-06-03,JNJ,47,Hold,33,50
2026-06-04,JNJ,48,Hold,31,50
2026-06-08,JNJ,55.3,Hold,13,50
2026-06-09,JNJ,53.9,Hold,18,50
2026-06-11,JNJ,56.9,Hold,9,50
2026-06-12,JNJ,55.5,Hold,16,50
2026-06-15,JNJ,56.3,Hold,13,50
2026-06-17,JNJ,54,Hold,16,50
2026-06-18,JNJ,56.2,Hold,11,50
2026-06-19,JNJ,49.5,Hold,26,50
2026-06-22,JNJ,49.5,Hold,26,50
2026-06-23,JNJ,54.8,Hold,16,50
2026-06-24,JNJ,60.4,Hold,5,50
2026-06-25,JNJ,60.7,Hold,6,50
2026-06-26,JNJ,61.5,Hold,6,50
2026-06-29,JNJ,62.9,Hold,2,50
2026-07-01,JNJ,61.8,Hold,4,50
2026-07-02,JNJ,62.6,Hold,4,50
2026-07-03,JNJ,63.2,Hold,2,50
2026-07-06,JNJ,63.2,Hold,2,50
2026-07-07,JNJ,63,Hold,4,50
2026-07-08,JNJ,64.7,Hold,2,50
2026-07-09,JNJ,65.3,Buy,1,50
2026-07-10,JNJ,64.5,Hold,4,50
2026-07-13,JNJ,63.4,Hold,3,50
2026-07-14,JNJ,64.4,Hold,5,50
2026-07-16,JNJ,56.1,Hold,12,50
2026-07-17,JNJ,57.8,Hold,13,50
2026-07-20,JNJ,64,Hold,8,50
2026-07-21,JNJ,60,Hold,10,50
2026-07-22,JNJ,60.9,Hold,10,50
2026-07-23,JNJ,64.6,Hold,7,50
2026-07-24,JNJ,66.1,Buy,7,50
2026-07-27,JNJ,67.4,Buy,5,50
2026-07-30,JNJ,69.3,Buy,2,50
2026-07-31,JNJ,60.2,Hold,12,50
2026-08-03,JNJ,61.6,Hold,11,50
2026-08-05,JNJ,54.9,Hold,73,195
2026-08-07,JNJ,44.2,Underperform,122,195
2026-08-10,JNJ,45.7,Hold,113,195
2026-08-11,JNJ,48.4,Hold,97,195
2026-08-12,JNJ,42.5,Weak,130,195
2026-08-13,JNJ,46.2,Neutral,104,195
2026-08-14,JNJ,42.1,Weak,123,195
2026-08-17,JNJ,41.5,Weak,128,195
2026-08-18,JNJ,47.1,Neutral,105,195
2026-08-19,JNJ,52.1,Neutral,85,195
2026-08-20,JNJ,53.2,Neutral,81,195
2026-08-21,JNJ,49.4,Neutral,100,195
2026-08-24,JNJ,49.3,Neutral,101,195
2026-08-25,JNJ,49.6,Neutral,98,195
2026-08-27,JNJ,45.3,Neutral,111,195
2026-08-28,JNJ,43.6,Weak,113,195
2026-09-01,JNJ,44.3,Weak,112,195
2026-09-02,JNJ,53.9,Neutral,82,195
2026-09-03,JNJ,56.5,Neutral,81,195
2026-09-04,JNJ,60.7,Neutral,63,195
2026-09-07,JNJ,51.3,Neutral,93,195
2026-09-08,JNJ,51.2,Neutral,93,195
2026-09-09,JNJ,47.3,Neutral,105,195
2026-09-10,JNJ,46.8,Neutral,107,195
2026-09-11,JNJ,48.8,Neutral,103,195
2026-09-15,JNJ,45.3,Neutral,112,195
2026-09-17,JNJ,55.5,Neutral,78,195
2026-09-18,JNJ,47.7,Neutral,107,195
2026-09-22,JNJ,45.7,Neutral,115,195
2026-09-23,JNJ,67.3,Strong,45,195
2026-09-24,JNJ,71.9,Strong,26,195
2026-05-05,JPM,36.5,Underperform,38,50
2026-06-01,JPM,47.3,Hold,34,50
2026-06-02,JPM,48.4,Hold,31,50
2026-06-03,JPM,50.4,Hold,25,50
2026-06-04,JPM,50.5,Hold,24,50
2026-06-08,JPM,56,Hold,9,50
2026-06-09,JPM,57.1,Hold,9,50
2026-06-11,JPM,56.5,Hold,10,50
2026-06-12,JPM,56.7,Hold,12,50
2026-06-15,JPM,59.6,Hold,3,50
2026-06-17,JPM,60,Hold,3,50
2026-06-18,JPM,62.1,Hold,3,50
2026-06-19,JPM,60.6,Hold,6,50
2026-06-22,JPM,60.6,Hold,6,50
2026-06-23,JPM,61.5,Hold,5,50
2026-06-24,JPM,61.8,Hold,4,50
2026-06-25,JPM,61.2,Hold,4,50
2026-06-26,JPM,62.4,Hold,4,50
2026-06-29,JPM,61,Hold,9,50
2026-07-01,JPM,59.3,Hold,11,50
2026-07-02,JPM,61.8,Hold,6,50
2026-07-03,JPM,61.6,Hold,7,50
2026-07-06,JPM,61.6,Hold,7,50
2026-07-07,JPM,63.4,Hold,3,50
2026-07-08,JPM,63.6,Hold,4,50
2026-07-09,JPM,60.5,Hold,11,50
2026-07-10,JPM,63.3,Hold,7,50
2026-07-13,JPM,62.8,Hold,5,50
2026-07-14,JPM,64.8,Hold,4,50
2026-07-16,JPM,68.3,Buy,3,50
2026-07-17,JPM,65.8,Buy,4,50
2026-07-20,JPM,66.8,Buy,4,50
2026-07-21,JPM,66.1,Buy,6,50
2026-07-22,JPM,69.4,Buy,3,50
2026-07-23,JPM,71.9,Buy,2,50
2026-07-24,JPM,71.7,Buy,2,50
2026-07-27,JPM,71.6,Buy,2,50
2026-07-30,JPM,64.5,Hold,10,50
2026-07-31,JPM,70.6,Buy,2,50
2026-08-03,JPM,70.4,Buy,2,50
2026-08-05,JPM,59.5,Hold,56,195
2026-08-07,JPM,68.6,Buy,27,195
2026-08-10,JPM,67.5,Buy,29,195
2026-08-11,JPM,71.2,Buy,22,195
2026-08-12,JPM,73.3,Strong,17,195
2026-08-13,JPM,75.1,Strong,14,195
2026-08-14,JPM,68.8,Strong,23,195
2026-08-17,JPM,71.2,Strong,23,195
2026-08-18,JPM,69.1,Strong,27,195
2026-08-19,JPM,72.2,Strong,19,195
2026-08-20,JPM,67.2,Strong,31,195
2026-08-21,JPM,65.4,Strong,35,195
2026-08-24,JPM,65.3,Strong,36,195
2026-08-25,JPM,61.5,Neutral,61,195
2026-08-27,JPM,60.1,Neutral,64,195
2026-08-28,JPM,55.4,Neutral,74,195
2026-09-01,JPM,62.1,Neutral,55,195
2026-09-02,JPM,66.4,Strong,41,195
2026-09-03,JPM,62.1,Neutral,58,195
2026-09-04,JPM,68.7,Strong,34,195
2026-09-07,JPM,64,Neutral,52,195
2026-09-08,JPM,63.9,Neutral,52,195
2026-09-09,JPM,62.8,Neutral,54,195
2026-09-10,JPM,70.6,Strong,32,195
2026-09-11,JPM,71.6,Strong,30,195
2026-09-15,JPM,59.4,Neutral,66,195
2026-09-17,JPM,62.1,Neutral,56,195
2026-09-18,JPM,58.3,Neutral,67,195
2026-09-22,JPM,55.1,Neutral,74,195
2026-09-23,JPM,54.5,Neutral,81,195
2026-09-24,JPM,55.1,Neutral,75,195
2026-08-05,KEYS,68.6,Buy,28,195
2026-08-07,KEYS,64.1,Hold,43,195
2026-08-10,KEYS,64.4,Hold,37,195
2026-08-11,KEYS,58,Hold,61,195
2026-08-12,KEYS,62.5,Neutral,47,195
2026-08-13,KEYS,66.5,Strong,33,195
2026-08-14,KEYS,62,Neutral,44,195
2026-08-17,KEYS,65.6,Strong,39,195
2026-08-18,KEYS,68.9,Strong,30,195
2026-08-19,KEYS,60.9,Neutral,50,195
2026-08-20,KEYS,53.7,Neutral,77,195
2026-08-21,KEYS,52.6,Neutral,83,195
2026-08-24,KEYS,52.7,Neutral,83,195
2026-08-25,KEYS,48.7,Neutral,101,195
2026-08-27,KEYS,47.9,Neutral,102,195
2026-08-28,KEYS,50.3,Neutral,93,195
2026-09-01,KEYS,46.5,Neutral,105,195
2026-09-02,KEYS,46.8,Neutral,105,195
2026-09-03,KEYS,48,Neutral,103,195
2026-09-04,KEYS,48.7,Neutral,101,195
2026-09-07,KEYS,59.5,Neutral,63,195
2026-09-08,KEYS,59.5,Neutral,64,195
2026-09-09,KEYS,64,Neutral,48,195
2026-09-10,KEYS,58.5,Neutral,75,195
2026-09-11,KEYS,56.5,Neutral,79,195
2026-09-15,KEYS,46.3,Neutral,110,195
2026-09-17,KEYS,53.7,Neutral,86,195
2026-09-18,KEYS,60.3,Neutral,62,195
2026-09-22,KEYS,63.2,Neutral,55,195
2026-09-23,KEYS,57.3,Neutral,72,195
2026-09-24,KEYS,50.2,Neutral,91,195
2026-05-05,KO,52.4,Hold,13,50
2026-06-01,KO,52.4,Hold,20,50
2026-06-02,KO,53,Hold,18,50
2026-06-03,KO,52.7,Hold,18,50
2026-06-04,KO,53.1,Hold,19,50
2026-06-08,KO,55.7,Hold,11,50
2026-06-09,KO,56.4,Hold,10,50
2026-06-11,KO,61.2,Hold,1,50
2026-06-12,KO,59.7,Hold,2,50
2026-06-15,KO,59.3,Hold,6,50
2026-06-17,KO,55.2,Hold,14,50
2026-06-18,KO,56.5,Hold,10,50
2026-06-19,KO,55.4,Hold,15,50
2026-06-22,KO,55.4,Hold,15,50
2026-06-23,KO,57.3,Hold,11,50
2026-06-24,KO,59.6,Hold,8,50
2026-06-25,KO,60.1,Hold,7,50
2026-06-26,KO,56.4,Hold,16,50
2026-06-29,KO,60.6,Hold,10,50
2026-07-01,KO,59,Hold,12,50
2026-07-02,KO,59.8,Hold,9,50
2026-07-03,KO,61.7,Hold,6,50
2026-07-06,KO,61.7,Hold,6,50
2026-07-07,KO,59.4,Hold,9,50
2026-07-08,KO,61.9,Hold,7,50
2026-07-09,KO,61.2,Hold,7,50
2026-07-10,KO,59.8,Hold,10,50
2026-07-13,KO,62.2,Hold,7,50
2026-07-14,KO,65.5,Buy,2,50
2026-07-16,KO,60.6,Hold,6,50
2026-07-17,KO,65.3,Buy,5,50
2026-07-20,KO,55.9,Hold,15,50
2026-07-21,KO,60.8,Hold,9,50
2026-07-22,KO,56.5,Hold,17,50
2026-07-23,KO,58.9,Hold,14,50
2026-07-24,KO,52.3,Hold,24,50
2026-07-27,KO,58.1,Hold,14,50
2026-07-30,KO,64.4,Hold,11,50
2026-07-31,KO,62.4,Hold,10,50
2026-08-03,KO,62.8,Hold,9,50
2026-08-05,KO,45.9,Hold,115,195
2026-08-07,KO,45.9,Hold,114,195
2026-08-10,KO,40.3,Underperform,132,195
2026-08-11,KO,38.9,Underperform,143,195
2026-08-12,KO,36.7,Weak,144,195
2026-08-13,KO,39.3,Weak,136,195
2026-08-14,KO,41.5,Weak,130,195
2026-08-17,KO,42.5,Weak,125,195
2026-08-18,KO,36.5,Weak,139,195
2026-08-19,KO,42.5,Weak,122,195
2026-08-20,KO,44.5,Weak,117,195
2026-08-21,KO,45.4,Neutral,113,195
2026-08-24,KO,45.4,Neutral,113,195
2026-08-25,KO,49.6,Neutral,98,195
2026-08-27,KO,44.4,Weak,115,195
2026-08-28,KO,41.9,Weak,118,195
2026-09-01,KO,43.9,Weak,115,195
2026-09-02,KO,45.2,Neutral,111,195
2026-09-03,KO,46.6,Neutral,107,195
2026-09-04,KO,46.5,Neutral,106,195
2026-09-07,KO,43.4,Weak,119,195
2026-09-08,KO,43.2,Weak,119,195
2026-09-09,KO,48.8,Neutral,101,195
2026-09-10,KO,43.7,Weak,114,195
2026-09-11,KO,47.4,Neutral,106,195
2026-09-15,KO,47.9,Neutral,103,195
2026-09-17,KO,45.9,Neutral,111,195
2026-09-18,KO,44.9,Weak,117,195
2026-09-22,KO,40.9,Weak,128,195
2026-09-23,KO,72.7,Strong,28,195
2026-09-24,KO,67.1,Strong,42,195
2026-08-05,KRYS,65.6,Buy,35,195
2026-08-07,KRYS,61.1,Hold,54,195
2026-08-10,KRYS,60.9,Hold,50,195
2026-08-11,KRYS,63.5,Hold,45,195
2026-08-12,KRYS,57.5,Neutral,58,195
2026-08-13,KRYS,61.3,Neutral,53,195
2026-08-14,KRYS,56.7,Neutral,58,195
2026-08-17,KRYS,60.6,Neutral,50,195
2026-08-18,KRYS,64.6,Neutral,41,195
2026-08-19,KRYS,61.7,Neutral,49,195
2026-08-20,KRYS,70.7,Strong,21,195
2026-08-21,KRYS,70.4,Strong,21,195
2026-08-24,KRYS,70.4,Strong,20,195
2026-08-25,KRYS,59.1,Neutral,69,195
2026-08-27,KRYS,73.7,Strong,21,195
2026-08-28,KRYS,66.9,Strong,43,195
2026-09-01,KRYS,76.2,Strong,19,195
2026-09-02,KRYS,79.6,Very Strong,9,195
2026-09-03,KRYS,81.8,Very Strong,4,195
2026-09-04,KRYS,76.6,Strong,16,195
2026-09-07,KRYS,74.3,Strong,18,195
2026-09-08,KRYS,74.3,Strong,18,195
2026-09-09,KRYS,73,Strong,24,195
2026-09-10,KRYS,68.3,Strong,39,195
2026-09-11,KRYS,68.2,Strong,37,195
2026-09-15,KRYS,64.1,Neutral,50,195
2026-09-17,KRYS,66.3,Strong,44,195
2026-09-18,KRYS,61.4,Neutral,55,195
2026-09-22,KRYS,57.4,Neutral,70,195
2026-09-23,KRYS,67.6,Strong,43,195
2026-09-24,KRYS,60,Neutral,66,195
2026-08-05,KYMR,69.8,Buy,25,195
2026-08-07,KYMR,73.3,Buy,18,195
2026-08-10,KYMR,73,Buy,19,195
2026-08-11,KYMR,72.6,Buy,18,195
2026-08-12,KYMR,72.2,Strong,21,195
2026-08-13,KYMR,75.6,Strong,12,195
2026-08-14,KYMR,69.5,Strong,22,195
2026-08-17,KYMR,73.7,Strong,17,195
2026-08-18,KYMR,76.9,Strong,10,195
2026-08-19,KYMR,78.2,Very Strong,5,195
2026-08-20,KYMR,78.6,Very Strong,4,195
2026-08-21,KYMR,71.4,Strong,15,195
2026-08-24,KYMR,71.4,Strong,15,195
2026-08-25,KYMR,67.9,Strong,41,195
2026-08-27,KYMR,67.6,Strong,36,195
2026-08-28,KYMR,62.3,Neutral,57,195
2026-09-01,KYMR,68.4,Strong,38,195
2026-09-02,KYMR,73.6,Strong,21,195
2026-09-03,KYMR,68,Strong,35,195
2026-09-04,KYMR,67,Strong,42,195
2026-09-07,KYMR,70.1,Strong,31,195
2026-09-08,KYMR,70.1,Strong,31,195
2026-09-09,KYMR,66.7,Strong,40,195
2026-09-10,KYMR,66.2,Strong,47,195
2026-09-11,KYMR,73.5,Strong,25,195
2026-09-15,KYMR,67.2,Strong,39,195
2026-09-17,KYMR,71.1,Strong,30,195
2026-09-18,KYMR,74.7,Strong,23,195
2026-09-22,KYMR,66.2,Strong,42,195
2026-09-23,KYMR,64,Neutral,56,195
2026-09-24,KYMR,66.8,Strong,44,195
2026-05-05,LIN,54.1,Hold,10,50
2026-06-01,LIN,50.1,Hold,25,50
2026-06-02,LIN,51.1,Hold,23,50
2026-06-03,LIN,50.2,Hold,26,50
2026-06-04,LIN,56.4,Hold,9,50
2026-06-08,LIN,57.1,Hold,6,50
2026-06-09,LIN,52.5,Hold,24,50
2026-06-11,LIN,57.8,Hold,7,50
2026-06-12,LIN,57.7,Hold,10,50
2026-06-15,LIN,59.5,Hold,4,50
2026-06-17,LIN,57.1,Hold,9,50
2026-06-18,LIN,58.9,Hold,6,50
2026-06-19,LIN,57.6,Hold,10,50
2026-06-22,LIN,57.6,Hold,10,50
2026-06-23,LIN,59.3,Hold,9,50
2026-06-24,LIN,58.6,Hold,9,50
2026-06-25,LIN,59.8,Hold,8,50
2026-06-26,LIN,60.7,Hold,7,50
2026-06-29,LIN,60,Hold,11,50
2026-07-01,LIN,60.1,Hold,8,50
2026-07-02,LIN,63.6,Hold,2,50
2026-07-03,LIN,64.3,Hold,1,50
2026-07-06,LIN,64.1,Hold,1,50
2026-07-07,LIN,61.8,Hold,5,50
2026-07-08,LIN,62.3,Hold,6,50
2026-07-09,LIN,61.1,Hold,8,50
2026-07-10,LIN,59.5,Hold,11,50
2026-07-13,LIN,62.2,Hold,7,50
2026-07-14,LIN,58.6,Hold,11,50
2026-07-16,LIN,54.2,Hold,17,50
2026-07-17,LIN,55.9,Hold,17,50
2026-07-20,LIN,51.2,Hold,21,50
2026-07-21,LIN,51.3,Hold,20,50
2026-07-22,LIN,48.3,Hold,24,50
2026-07-23,LIN,50.1,Hold,24,50
2026-07-24,LIN,51.1,Hold,25,50
2026-07-27,LIN,52.8,Hold,21,50
2026-07-30,LIN,54.6,Hold,18,50
2026-07-31,LIN,50.7,Hold,24,50
2026-08-03,LIN,40.9,Underperform,36,50
2026-08-05,LIN,33.7,Underperform,156,195
2026-08-07,LIN,32.1,Underperform,160,195
2026-08-10,LIN,29.7,Avoid,172,195
2026-08-11,LIN,32.9,Underperform,160,195
2026-08-12,LIN,28.9,Very Weak,174,195
2026-08-13,LIN,26.6,Very Weak,179,195
2026-08-14,LIN,25.5,Very Weak,178,195
2026-08-17,LIN,29,Very Weak,172,195
2026-08-18,LIN,25.6,Very Weak,179,195
2026-08-19,LIN,30.1,Weak,169,195
2026-08-20,LIN,30,Weak,176,195
2026-08-21,LIN,35.4,Weak,153,195
2026-08-24,LIN,35.4,Weak,153,195
2026-08-25,LIN,36,Weak,137,195
2026-08-27,LIN,33.6,Weak,147,195
2026-08-28,LIN,30.2,Weak,154,195
2026-09-01,LIN,37.2,Weak,132,195
2026-09-02,LIN,39.5,Weak,125,195
2026-09-03,LIN,33.2,Weak,148,195
2026-09-04,LIN,30.4,Weak,154,195
2026-09-07,LIN,27.9,Very Weak,157,195
2026-09-08,LIN,27.8,Very Weak,157,195
2026-09-09,LIN,26.1,Very Weak,163,195
2026-09-10,LIN,32.1,Weak,144,195
2026-09-11,LIN,26.3,Very Weak,165,195
2026-09-15,LIN,28.4,Very Weak,162,195
2026-09-17,LIN,32.7,Weak,146,195
2026-09-18,LIN,25.1,Very Weak,162,195
2026-09-22,LIN,23.6,Very Weak,170,195
2026-09-23,LIN,38.4,Weak,131,195
2026-09-24,LIN,28,Very Weak,158,195
2026-05-05,LLY,45.1,Hold,24,50
2026-06-01,LLY,54.8,Hold,15,50
2026-06-02,LLY,55,Hold,14,50
2026-06-03,LLY,54.2,Hold,14,50
2026-06-04,LLY,54.8,Hold,15,50
2026-06-08,LLY,56.3,Hold,8,50
2026-06-09,LLY,58.3,Hold,5,50
2026-06-11,LLY,59.3,Hold,4,50
2026-06-12,LLY,58.7,Hold,4,50
2026-06-15,LLY,55.9,Hold,15,50
2026-06-17,LLY,53.6,Hold,18,50
2026-06-18,LLY,55,Hold,16,50
2026-06-19,LLY,52.6,Hold,20,50
2026-06-22,LLY,52.6,Hold,20,50
2026-06-23,LLY,54.7,Hold,17,50
2026-06-24,LLY,55.3,Hold,15,50
2026-06-25,LLY,55.4,Hold,16,50
2026-06-26,LLY,56.4,Hold,16,50
2026-06-29,LLY,61.6,Hold,5,50
2026-07-01,LLY,60.8,Hold,6,50
2026-07-02,LLY,59.7,Hold,10,50
2026-07-03,LLY,59.4,Hold,8,50
2026-07-06,LLY,59.6,Hold,9,50
2026-07-07,LLY,57.4,Hold,13,50
2026-07-08,LLY,61.7,Hold,8,50
2026-07-09,LLY,61.1,Hold,8,50
2026-07-10,LLY,60.9,Hold,8,50
2026-07-13,LLY,55,Hold,16,50
2026-07-14,LLY,56,Hold,16,50
2026-07-16,LLY,53.2,Hold,19,50
2026-07-17,LLY,56.4,Hold,14,50
2026-07-20,LLY,60.1,Hold,12,50
2026-07-21,LLY,52.1,Hold,19,50
2026-07-22,LLY,59,Hold,13,50
2026-07-23,LLY,54.3,Hold,19,50
2026-07-24,LLY,60.4,Hold,12,50
2026-07-27,LLY,60.7,Hold,11,50
2026-07-30,LLY,62.3,Hold,12,50
2026-07-31,LLY,51.8,Hold,22,50
2026-08-03,LLY,51.7,Hold,20,50
2026-08-05,LLY,51.4,Hold,88,195
2026-08-07,LLY,70.4,Buy,22,195
2026-08-10,LLY,63.3,Hold,42,195
2026-08-11,LLY,70.1,Buy,24,195
2026-08-12,LLY,64.3,Neutral,42,195
2026-08-13,LLY,67.7,Strong,31,195
2026-08-14,LLY,61.7,Neutral,48,195
2026-08-17,LLY,60.1,Neutral,52,195
2026-08-18,LLY,64.5,Neutral,42,195
2026-08-19,LLY,70.6,Strong,22,195
2026-08-20,LLY,73.4,Strong,12,195
2026-08-21,LLY,67.2,Strong,28,195
2026-08-24,LLY,67.1,Strong,28,195
2026-08-25,LLY,52.6,Neutral,87,195
2026-08-27,LLY,46.7,Neutral,105,195
2026-08-28,LLY,41.8,Weak,119,195
2026-09-01,LLY,44.2,Weak,113,195
2026-09-02,LLY,52.5,Neutral,87,195
2026-09-03,LLY,46.8,Neutral,106,195
2026-09-04,LLY,45.2,Neutral,110,195
2026-09-07,LLY,41.2,Weak,126,195
2026-09-08,LLY,41.2,Weak,126,195
2026-09-09,LLY,37.6,Weak,133,195
2026-09-10,LLY,43.9,Weak,113,195
2026-09-11,LLY,46.8,Neutral,107,195
2026-09-15,LLY,47.2,Neutral,105,195
2026-09-17,LLY,60.3,Neutral,61,195
2026-09-18,LLY,61.2,Neutral,57,195
2026-09-22,LLY,55.3,Neutral,73,195
2026-09-23,LLY,57.9,Neutral,69,195
2026-09-24,LLY,65.9,Strong,46,195
2026-08-05,LMB,30,Underperform,167,195
2026-08-07,LMB,42.2,Underperform,129,195
2026-08-10,LMB,43.7,Underperform,124,195
2026-08-11,LMB,40.7,Underperform,137,195
2026-08-12,LMB,43.4,Weak,126,195
2026-08-13,LMB,40.5,Weak,131,195
2026-08-14,LMB,40.5,Weak,136,195
2026-08-17,LMB,43.6,Weak,121,195
2026-08-18,LMB,40.5,Weak,127,195
2026-08-19,LMB,40.2,Weak,132,195
2026-08-20,LMB,43.8,Weak,123,195
2026-08-21,LMB,42,Weak,130,195
2026-08-24,LMB,41.9,Weak,130,195
2026-08-25,LMB,12.8,Very Weak,193,195
2026-08-27,LMB,18.3,Very Weak,182,195
2026-08-28,LMB,13.2,Very Weak,191,195
2026-09-01,LMB,17.1,Very Weak,190,195
2026-09-02,LMB,21.3,Very Weak,175,195
2026-09-03,LMB,25,Very Weak,169,195
2026-09-04,LMB,26.7,Very Weak,163,195
2026-09-07,LMB,26.6,Very Weak,165,195
2026-09-08,LMB,26.6,Very Weak,165,195
2026-09-09,LMB,20.1,Very Weak,178,195
2026-09-10,LMB,21.1,Very Weak,174,195
2026-09-11,LMB,21.2,Very Weak,177,195
2026-09-15,LMB,28.7,Very Weak,159,195
2026-09-17,LMB,31.2,Weak,154,195
2026-09-18,LMB,23.8,Very Weak,168,195
2026-09-22,LMB,28.4,Very Weak,155,195
2026-09-23,LMB,25.3,Very Weak,170,195
2026-09-24,LMB,29.7,Very Weak,154,195
2026-08-05,LOVE,52.7,Hold,82,195
2026-08-07,LOVE,38.7,Underperform,136,195
2026-08-10,LOVE,41.5,Underperform,129,195
2026-08-11,LOVE,36.5,Underperform,148,195
2026-08-12,LOVE,39.3,Weak,136,195
2026-08-13,LOVE,37.3,Weak,143,195
2026-08-14,LOVE,41.8,Weak,125,195
2026-08-17,LOVE,36.1,Weak,145,195
2026-08-18,LOVE,34.2,Weak,149,195
2026-08-19,LOVE,37.6,Weak,141,195
2026-08-20,LOVE,33.4,Weak,162,195
2026-08-21,LOVE,27.8,Very Weak,174,195
2026-08-24,LOVE,27.9,Very Weak,173,195
2026-08-25,LOVE,48.5,Neutral,102,195
2026-08-27,LOVE,57.2,Neutral,76,195
2026-08-28,LOVE,49.8,Neutral,97,195
2026-09-01,LOVE,51.3,Neutral,91,195
2026-09-02,LOVE,50.5,Neutral,94,195
2026-09-03,LOVE,59.7,Neutral,62,195
2026-09-04,LOVE,53.3,Neutral,82,195
2026-09-07,LOVE,65.2,Strong,49,195
2026-09-08,LOVE,65.1,Strong,49,195
2026-09-09,LOVE,59.8,Neutral,66,195
2026-09-10,LOVE,68,Strong,40,195
2026-09-11,LOVE,51.8,Neutral,96,195
2026-09-15,LOVE,60.2,Neutral,63,195
2026-09-17,LOVE,61.8,Neutral,57,195
2026-09-18,LOVE,59.4,Neutral,63,195
2026-09-22,LOVE,51.2,Neutral,87,195
2026-09-23,LOVE,54.3,Neutral,83,195
2026-09-24,LOVE,47.7,Neutral,99,195
2026-08-05,LSCC,69.7,Buy,26,195
2026-08-07,LSCC,51.9,Hold,76,195
2026-08-10,LSCC,52.1,Hold,80,195
2026-08-11,LSCC,43.8,Underperform,114,195
2026-08-12,LSCC,43.1,Weak,127,195
2026-08-13,LSCC,48.4,Neutral,95,195
2026-08-14,LSCC,44,Weak,116,195
2026-08-17,LSCC,49.1,Neutral,97,195
2026-08-18,LSCC,53,Neutral,81,195
2026-08-19,LSCC,43.2,Weak,120,195
2026-08-20,LSCC,38.5,Weak,144,195
2026-08-21,LSCC,37.8,Weak,146,195
2026-08-24,LSCC,37.8,Weak,146,195
2026-08-25,LSCC,39.4,Weak,125,195
2026-08-27,LSCC,50.2,Neutral,95,195
2026-08-28,LSCC,53.7,Neutral,82,195
2026-09-01,LSCC,47.9,Neutral,101,195
2026-09-02,LSCC,46.2,Neutral,108,195
2026-09-03,LSCC,52.9,Neutral,91,195
2026-09-04,LSCC,49.3,Neutral,99,195
2026-09-07,LSCC,55.9,Neutral,83,195
2026-09-08,LSCC,56,Neutral,82,195
2026-09-09,LSCC,60,Neutral,65,195
2026-09-10,LSCC,52.8,Neutral,91,195
2026-09-11,LSCC,53.6,Neutral,89,195
2026-09-15,LSCC,44.8,Weak,116,195
2026-09-17,LSCC,50.5,Neutral,95,195
2026-09-18,LSCC,51.1,Neutral,95,195
2026-09-22,LSCC,60.7,Neutral,64,195
2026-09-23,LSCC,44.6,Weak,109,195
2026-09-24,LSCC,40.1,Weak,126,195
2026-05-05,MA,37.1,Underperform,35,50
2026-06-01,MA,45.5,Hold,40,50
2026-06-02,MA,46.4,Hold,34,50
2026-06-03,MA,43.6,Underperform,42,50
2026-06-04,MA,42.1,Underperform,45,50
2026-06-08,MA,46.5,Hold,31,50
2026-06-09,MA,46.1,Hold,33,50
2026-06-11,MA,46.5,Hold,34,50
2026-06-12,MA,44.7,Underperform,35,50
2026-06-15,MA,44.8,Underperform,35,50
2026-06-17,MA,49.5,Hold,26,50
2026-06-18,MA,47.4,Hold,33,50
2026-06-19,MA,46.7,Hold,31,50
2026-06-22,MA,46.7,Hold,31,50
2026-06-23,MA,44.8,Underperform,35,50
2026-06-24,MA,46.4,Hold,33,50
2026-06-25,MA,47.9,Hold,28,50
2026-06-26,MA,46.2,Hold,31,50
2026-06-29,MA,48,Hold,28,50
2026-07-01,MA,50.5,Hold,25,50
2026-07-02,MA,50.9,Hold,22,50
2026-07-03,MA,53.5,Hold,21,50
2026-07-06,MA,53.7,Hold,21,50
2026-07-07,MA,50.7,Hold,24,50
2026-07-08,MA,50.4,Hold,24,50
2026-07-09,MA,48.6,Hold,26,50
2026-07-10,MA,49,Hold,26,50
2026-07-13,MA,50.7,Hold,28,50
2026-07-14,MA,55.3,Hold,18,50
2026-07-16,MA,51.2,Hold,25,50
2026-07-17,MA,55.3,Hold,19,50
2026-07-20,MA,54.4,Hold,18,50
2026-07-21,MA,57.4,Hold,13,50
2026-07-22,MA,55,Hold,18,50
2026-07-23,MA,52.9,Hold,21,50
2026-07-24,MA,53.3,Hold,23,50
2026-07-27,MA,54.3,Hold,20,50
2026-07-30,MA,58.4,Hold,15,50
2026-07-31,MA,62.1,Hold,11,50
2026-08-03,MA,58.7,Hold,12,50
2026-08-05,MA,43.9,Underperform,120,195
2026-08-07,MA,56.1,Hold,65,195
2026-08-10,MA,46.7,Hold,110,195
2026-08-11,MA,49.5,Hold,90,195
2026-08-12,MA,50.5,Neutral,94,195
2026-08-13,MA,45.8,Neutral,106,195
2026-08-14,MA,50,Neutral,94,195
2026-08-17,MA,53.3,Neutral,80,195
2026-08-18,MA,46.9,Neutral,106,195
2026-08-19,MA,52.8,Neutral,81,195
2026-08-20,MA,49.3,Neutral,95,195
2026-08-21,MA,56.4,Neutral,64,195
2026-08-24,MA,56.3,Neutral,64,195
2026-08-25,MA,64.3,Neutral,53,195
2026-08-27,MA,58,Neutral,73,195
2026-08-28,MA,53.6,Neutral,84,195
2026-09-01,MA,53.8,Neutral,83,195
2026-09-02,MA,50.8,Neutral,93,195
2026-09-03,MA,56,Neutral,84,195
2026-09-04,MA,49.3,Neutral,99,195
2026-09-07,MA,47.2,Neutral,111,195
2026-09-08,MA,47,Neutral,111,195
2026-09-09,MA,47,Neutral,108,195
2026-09-10,MA,47.5,Neutral,104,195
2026-09-11,MA,52.9,Neutral,93,195
2026-09-15,MA,52.3,Neutral,85,195
2026-09-17,MA,48.6,Neutral,104,195
2026-09-18,MA,48.1,Neutral,106,195
2026-09-22,MA,44.7,Weak,118,195
2026-09-23,MA,54.6,Neutral,80,195
2026-09-24,MA,62.4,Neutral,59,195
2026-05-05,MCD,50.1,Hold,17,50
2026-06-01,MCD,42.3,Underperform,44,50
2026-06-02,MCD,41.3,Underperform,48,50
2026-06-03,MCD,41.4,Underperform,47,50
2026-06-04,MCD,40.7,Underperform,48,50
2026-06-08,MCD,43.7,Underperform,40,50
2026-06-09,MCD,42.8,Underperform,41,50
2026-06-11,MCD,47.3,Hold,32,50
2026-06-12,MCD,45.9,Hold,32,50
2026-06-15,MCD,45.3,Hold,34,50
2026-06-17,MCD,46.6,Hold,34,50
2026-06-18,MCD,46.7,Hold,35,50
2026-06-19,MCD,44,Underperform,37,50
2026-06-22,MCD,44,Underperform,37,50
2026-06-23,MCD,40.7,Underperform,41,50
2026-06-24,MCD,41,Underperform,38,50
2026-06-25,MCD,42.7,Underperform,38,50
2026-06-26,MCD,39.3,Underperform,40,50
2026-06-29,MCD,39.5,Underperform,41,50
2026-07-01,MCD,42,Underperform,38,50
2026-07-02,MCD,38.9,Underperform,44,50
2026-07-03,MCD,43.9,Underperform,33,50
2026-07-06,MCD,44,Underperform,33,50
2026-07-07,MCD,42,Underperform,37,50
2026-07-08,MCD,43.5,Underperform,35,50
2026-07-09,MCD,42,Underperform,37,50
2026-07-10,MCD,39.8,Underperform,39,50
2026-07-13,MCD,37.8,Underperform,40,50
2026-07-14,MCD,37.7,Underperform,43,50
2026-07-16,MCD,34.9,Underperform,46,50
2026-07-17,MCD,38.9,Underperform,42,50
2026-07-20,MCD,36.7,Underperform,45,50
2026-07-21,MCD,38.7,Underperform,44,50
2026-07-22,MCD,35.2,Underperform,46,50
2026-07-23,MCD,35.5,Underperform,43,50
2026-07-24,MCD,37.4,Underperform,41,50
2026-07-27,MCD,37.8,Underperform,40,50
2026-07-30,MCD,38.4,Underperform,41,50
2026-07-31,MCD,36.1,Underperform,41,50
2026-08-03,MCD,38.9,Underperform,42,50
2026-08-05,MCD,22.3,Avoid,184,195
2026-08-07,MCD,29.2,Avoid,172,195
2026-08-10,MCD,21.9,Avoid,186,195
2026-08-11,MCD,20.3,Avoid,189,195
2026-08-12,MCD,24.5,Very Weak,183,195
2026-08-13,MCD,26.9,Very Weak,177,195
2026-08-14,MCD,18.9,Very Weak,192,195
2026-08-17,MCD,22.6,Very Weak,186,195
2026-08-18,MCD,17.1,Very Weak,191,195
2026-08-19,MCD,19.7,Very Weak,191,195
2026-08-20,MCD,16.5,Very Weak,195,195
2026-08-21,MCD,23.5,Very Weak,186,195
2026-08-24,MCD,23.4,Very Weak,186,195
2026-08-25,MCD,26.9,Very Weak,163,195
2026-08-27,MCD,17.6,Very Weak,186,195
2026-08-28,MCD,15.2,Very Weak,189,195
2026-09-01,MCD,17.8,Very Weak,186,195
2026-09-02,MCD,16.8,Very Weak,188,195
2026-09-03,MCD,16.4,Very Weak,192,195
2026-09-04,MCD,15.4,Very Weak,190,195
2026-09-07,MCD,13.9,Very Weak,191,195
2026-09-08,MCD,13.9,Very Weak,191,195
2026-09-09,MCD,18.3,Very Weak,187,195
2026-09-10,MCD,15,Very Weak,188,195
2026-09-11,MCD,18.4,Very Weak,185,195
2026-09-15,MCD,19.6,Very Weak,182,195
2026-09-17,MCD,15.3,Very Weak,190,195
2026-09-18,MCD,15.3,Very Weak,191,195
2026-09-22,MCD,16.1,Very Weak,189,195
2026-09-23,MCD,18,Very Weak,180,195
2026-09-24,MCD,24.6,Very Weak,168,195
2026-08-05,MCHP,38,Underperform,142,195
2026-08-07,MCHP,22.5,Avoid,184,195
2026-08-10,MCHP,32.7,Underperform,159,195
2026-08-11,MCHP,25.5,Avoid,181,195
2026-08-12,MCHP,25.5,Very Weak,182,195
2026-08-13,MCHP,24.6,Very Weak,183,195
2026-08-14,MCHP,22.7,Very Weak,188,195
2026-08-17,MCHP,26.1,Very Weak,180,195
2026-08-18,MCHP,30.1,Weak,163,195
2026-08-19,MCHP,24.4,Very Weak,181,195
2026-08-20,MCHP,22.7,Very Weak,190,195
2026-08-21,MCHP,21.4,Very Weak,191,195
2026-08-24,MCHP,21.4,Very Weak,192,195
2026-08-25,MCHP,21.7,Very Weak,180,195
2026-08-27,MCHP,27.2,Very Weak,163,195
2026-08-28,MCHP,31.6,Weak,149,195
2026-09-01,MCHP,30.3,Weak,154,195
2026-09-02,MCHP,27.1,Very Weak,163,195
2026-09-03,MCHP,34,Weak,145,195
2026-09-04,MCHP,33.6,Weak,143,195
2026-09-07,MCHP,41.3,Weak,125,195
2026-09-08,MCHP,41.3,Weak,125,195
2026-09-09,MCHP,38,Weak,132,195
2026-09-10,MCHP,38.1,Weak,126,195
2026-09-11,MCHP,35.8,Weak,131,195
2026-09-15,MCHP,36.7,Weak,136,195
2026-09-17,MCHP,32.1,Weak,150,195
2026-09-18,MCHP,36.7,Weak,134,195
2026-09-22,MCHP,45.8,Neutral,114,195
2026-09-23,MCHP,33.7,Weak,144,195
2026-09-24,MCHP,27.7,Very Weak,160,195
2026-08-05,MDB,68.4,Buy,29,195
2026-08-07,MDB,47.3,Hold,106,195
2026-08-10,MDB,50.6,Hold,93,195
2026-08-11,MDB,52.2,Hold,80,195
2026-08-12,MDB,55.7,Neutral,68,195
2026-08-13,MDB,49.2,Neutral,94,195
2026-08-14,MDB,55.6,Neutral,67,195
2026-08-17,MDB,51.5,Neutral,87,195
2026-08-18,MDB,50.1,Neutral,91,195
2026-08-19,MDB,50.3,Neutral,92,195
2026-08-20,MDB,53.8,Neutral,74,195
2026-08-21,MDB,54.4,Neutral,69,195
2026-08-24,MDB,54.3,Neutral,70,195
2026-08-25,MDB,59.3,Neutral,67,195
2026-08-27,MDB,65.7,Strong,43,195
2026-08-28,MDB,69.6,Strong,34,195
2026-09-01,MDB,72.5,Strong,27,195
2026-09-02,MDB,69.3,Strong,32,195
2026-09-03,MDB,61.5,Neutral,59,195
2026-09-04,MDB,63.6,Neutral,52,195
2026-09-07,MDB,55.4,Neutral,84,195
2026-09-08,MDB,55.4,Neutral,84,195
2026-09-09,MDB,54.1,Neutral,84,195
2026-09-10,MDB,62.3,Neutral,61,195
2026-09-11,MDB,67.3,Strong,45,195
2026-09-15,MDB,66.3,Strong,43,195
2026-09-17,MDB,65.4,Strong,48,195
2026-09-18,MDB,71,Strong,31,195
2026-09-22,MDB,74.2,Strong,22,195
2026-09-23,MDB,72.7,Strong,28,195
2026-09-24,MDB,69.6,Strong,32,195
2026-08-05,MEDP,59.4,Hold,57,195
2026-08-07,MEDP,66.6,Buy,30,195
2026-08-10,MEDP,69.3,Buy,26,195
2026-08-11,MEDP,74.9,Buy,14,195
2026-08-12,MEDP,75.8,Strong,12,195
2026-08-13,MEDP,70.9,Strong,24,195
2026-08-14,MEDP,68.1,Strong,26,195
2026-08-17,MEDP,67.8,Strong,33,195
2026-08-18,MEDP,73.6,Strong,19,195
2026-08-19,MEDP,69.5,Strong,28,195
2026-08-20,MEDP,73.7,Strong,10,195
2026-08-21,MEDP,75.8,Strong,11,195
2026-08-24,MEDP,75.8,Strong,11,195
2026-08-25,MEDP,79.1,Very Strong,8,195
2026-08-27,MEDP,79.4,Very Strong,11,195
2026-08-28,MEDP,73.6,Strong,26,195
2026-09-01,MEDP,69.1,Strong,35,195
2026-09-02,MEDP,65.4,Strong,45,195
2026-09-03,MEDP,71.2,Strong,28,195
2026-09-04,MEDP,65.9,Strong,46,195
2026-09-07,MEDP,67.6,Strong,37,195
2026-09-08,MEDP,67.6,Strong,37,195
2026-09-09,MEDP,71.5,Strong,28,195
2026-09-10,MEDP,65.8,Strong,49,195
2026-09-11,MEDP,67.6,Strong,40,195
2026-09-15,MEDP,70,Strong,31,195
2026-09-17,MEDP,73.1,Strong,25,195
2026-09-18,MEDP,71,Strong,31,195
2026-09-22,MEDP,74.2,Strong,22,195
2026-09-23,MEDP,71.8,Strong,33,195
2026-09-24,MEDP,77.3,Strong,18,195
2026-05-05,META,40.6,Hold,31,50
2026-06-01,META,51.4,Hold,22,50
2026-06-02,META,46,Hold,36,50
2026-06-03,META,44.6,Underperform,38,50
2026-06-04,META,50,Hold,25,50
2026-06-08,META,43,Underperform,45,50
2026-06-09,META,41.9,Underperform,47,50
2026-06-11,META,41.6,Underperform,46,50
2026-06-12,META,40.7,Underperform,45,50
2026-06-15,META,40.2,Underperform,47,50
2026-06-17,META,42.7,Underperform,41,50
2026-06-18,META,40.8,Underperform,41,50
2026-06-19,META,42.8,Underperform,39,50
2026-06-22,META,42.8,Underperform,39,50
2026-06-23,META,41.3,Underperform,40,50
2026-06-24,META,40.5,Underperform,40,50
2026-06-25,META,40.4,Underperform,40,50
2026-06-26,META,39.2,Underperform,41,50
2026-06-29,META,39.4,Underperform,42,50
2026-07-01,META,39.8,Underperform,40,50
2026-07-02,META,45.6,Hold,34,50
2026-07-03,META,38.9,Underperform,44,50
2026-07-06,META,39,Underperform,43,50
2026-07-07,META,42,Underperform,37,50
2026-07-08,META,44.7,Underperform,32,50
2026-07-09,META,42.7,Underperform,35,50
2026-07-10,META,45.8,Hold,30,50
2026-07-13,META,53.1,Hold,20,50
2026-07-14,META,48.3,Hold,27,50
2026-07-16,META,51.3,Hold,24,50
2026-07-17,META,48.5,Hold,26,50
2026-07-20,META,44.3,Underperform,32,50
2026-07-21,META,46.9,Hold,27,50
2026-07-22,META,44.9,Underperform,32,50
2026-07-23,META,40,Underperform,37,50
2026-07-24,META,37.1,Underperform,42,50
2026-07-27,META,34.6,Underperform,45,50
2026-07-30,META,34,Underperform,44,50
2026-07-31,META,29.1,Avoid,48,50
2026-08-03,META,31.6,Underperform,45,50
2026-08-05,META,24.7,Avoid,177,195
2026-08-07,META,51.8,Hold,77,195
2026-08-10,META,45.2,Hold,115,195
2026-08-11,META,48.4,Hold,97,195
2026-08-12,META,52.4,Neutral,84,195
2026-08-13,META,44,Weak,116,195
2026-08-14,META,48.2,Neutral,105,195
2026-08-17,META,44.7,Weak,115,195
2026-08-18,META,42.5,Weak,121,195
2026-08-19,META,39.7,Weak,134,195
2026-08-20,META,42,Weak,129,195
2026-08-21,META,47,Neutral,110,195
2026-08-24,META,46.9,Neutral,110,195
2026-08-25,META,32.6,Weak,149,195
2026-08-27,META,36.2,Weak,140,195
2026-08-28,META,28.6,Very Weak,157,195
2026-09-01,META,30.8,Weak,152,195
2026-09-02,META,36.9,Weak,133,195
2026-09-03,META,39.3,Weak,131,195
2026-09-04,META,44.7,Weak,114,195
2026-09-07,META,47.9,Neutral,108,195
2026-09-08,META,47.8,Neutral,108,195
2026-09-09,META,50,Neutral,97,195
2026-09-10,META,56.6,Neutral,80,195
2026-09-11,META,50.5,Neutral,100,195
2026-09-15,META,55.3,Neutral,79,195
2026-09-17,META,60.5,Neutral,59,195
2026-09-18,META,61.2,Neutral,57,195
2026-09-22,META,69.5,Strong,30,195
2026-09-23,META,64.9,Neutral,53,195
2026-09-24,META,57.6,Neutral,69,195
2026-08-05,MITK,72.3,Buy,18,195
2026-08-07,MITK,49.1,Hold,96,195
2026-08-10,MITK,61.8,Hold,47,195
2026-08-11,MITK,63.8,Hold,43,195
2026-08-12,MITK,64.9,Neutral,41,195
2026-08-13,MITK,65.3,Strong,36,195
2026-08-14,MITK,66.2,Strong,36,195
2026-08-17,MITK,68.7,Strong,29,195
2026-08-18,MITK,59.6,Neutral,60,195
2026-08-19,MITK,58.7,Neutral,58,195
2026-08-20,MITK,64.7,Neutral,39,195
2026-08-21,MITK,60.4,Neutral,50,195
2026-08-24,MITK,60.5,Neutral,50,195
2026-08-25,MITK,64.1,Neutral,55,195
2026-08-27,MITK,56.4,Neutral,77,195
2026-08-28,MITK,72.5,Strong,28,195
2026-09-01,MITK,63.7,Neutral,49,195
2026-09-02,MITK,58.5,Neutral,68,195
2026-09-03,MITK,62.7,Neutral,52,195
2026-09-04,MITK,71.6,Strong,26,195
2026-09-07,MITK,66.9,Strong,40,195
2026-09-08,MITK,66.9,Strong,40,195
2026-09-09,MITK,60.5,Neutral,61,195
2026-09-10,MITK,59.2,Neutral,68,195
2026-09-11,MITK,57.1,Neutral,75,195
2026-09-15,MITK,64.3,Neutral,49,195
2026-09-17,MITK,62.3,Neutral,55,195
2026-09-18,MITK,57.2,Neutral,69,195
2026-09-22,MITK,57.8,Neutral,67,195
2026-09-23,MITK,53.3,Neutral,88,195
2026-09-24,MITK,47.7,Neutral,99,195
2026-08-05,MLI,65.2,Buy,38,195
2026-08-07,MLI,74.8,Buy,12,195
2026-08-10,MLI,67.3,Buy,30,195
2026-08-11,MLI,68.7,Buy,29,195
2026-08-12,MLI,65.5,Strong,37,195
2026-08-13,MLI,65,Strong,38,195
2026-08-14,MLI,62,Neutral,44,195
2026-08-17,MLI,60.2,Neutral,51,195
2026-08-18,MLI,66.9,Strong,34,195
2026-08-19,MLI,59.9,Neutral,55,195
2026-08-20,MLI,56.7,Neutral,57,195
2026-08-21,MLI,61.6,Neutral,46,195
2026-08-24,MLI,61.6,Neutral,46,195
2026-08-25,MLI,40.2,Weak,123,195
2026-08-27,MLI,44.9,Weak,113,195
2026-08-28,MLI,41.5,Weak,122,195
2026-09-01,MLI,36.7,Weak,134,195
2026-09-02,MLI,33.4,Weak,143,195
2026-09-03,MLI,40.2,Weak,125,195
2026-09-04,MLI,46.4,Neutral,107,195
2026-09-07,MLI,49.9,Neutral,98,195
2026-09-08,MLI,49.7,Neutral,100,195
2026-09-09,MLI,52.7,Neutral,88,195
2026-09-10,MLI,56.1,Neutral,81,195
2026-09-11,MLI,38.4,Weak,125,195
2026-09-15,MLI,37.9,Weak,131,195
2026-09-17,MLI,47.6,Neutral,105,195
2026-09-18,MLI,39.9,Weak,128,195
2026-09-22,MLI,38.1,Weak,133,195
2026-09-23,MLI,47.6,Neutral,101,195
2026-09-24,MLI,41.8,Weak,119,195
2026-08-05,MPWR,51.5,Hold,86,195
2026-08-07,MPWR,58.4,Hold,56,195
2026-08-10,MPWR,60.2,Hold,52,195
2026-08-11,MPWR,53.6,Hold,72,195
2026-08-12,MPWR,56.7,Neutral,62,195
2026-08-13,MPWR,61,Neutral,56,195
2026-08-14,MPWR,50.3,Neutral,93,195
2026-08-17,MPWR,58.4,Neutral,59,195
2026-08-18,MPWR,62.6,Neutral,49,195
2026-08-19,MPWR,51.8,Neutral,86,195
2026-08-20,MPWR,49.8,Neutral,94,195
2026-08-21,MPWR,54.7,Neutral,68,195
2026-08-24,MPWR,54.6,Neutral,68,195
2026-08-25,MPWR,38.4,Weak,129,195
2026-08-27,MPWR,40.8,Weak,125,195
2026-08-28,MPWR,43.3,Weak,115,195
2026-09-01,MPWR,48.2,Neutral,100,195
2026-09-02,MPWR,45.1,Neutral,112,195
2026-09-03,MPWR,42.8,Weak,116,195
2026-09-04,MPWR,43.1,Weak,122,195
2026-09-07,MPWR,48.9,Neutral,103,195
2026-09-08,MPWR,48.9,Neutral,104,195
2026-09-09,MPWR,50,Neutral,97,195
2026-09-10,MPWR,44.6,Weak,111,195
2026-09-11,MPWR,42,Weak,117,195
2026-09-15,MPWR,37.8,Weak,132,195
2026-09-17,MPWR,46,Neutral,110,195
2026-09-18,MPWR,45.9,Neutral,114,195
2026-09-22,MPWR,57.5,Neutral,69,195
2026-09-23,MPWR,54.3,Neutral,83,195
2026-09-24,MPWR,45.7,Neutral,109,195
2026-05-05,MRK,55.6,Buy,8,50
2026-06-01,MRK,53.9,Hold,17,50
2026-06-02,MRK,48.6,Hold,29,50
2026-06-03,MRK,49.8,Hold,27,50
2026-06-04,MRK,49.1,Hold,27,50
2026-06-08,MRK,55.6,Hold,12,50
2026-06-09,MRK,54.9,Hold,12,50
2026-06-11,MRK,55.2,Hold,12,50
2026-06-12,MRK,55.6,Hold,15,50
2026-06-15,MRK,52.4,Hold,19,50
2026-06-17,MRK,45.4,Hold,38,50
2026-06-18,MRK,48.6,Hold,30,50
2026-06-19,MRK,46.1,Hold,32,50
2026-06-22,MRK,46.1,Hold,32,50
2026-06-23,MRK,48.5,Hold,29,50
2026-06-24,MRK,54.8,Hold,17,50
2026-06-25,MRK,55.2,Hold,17,50
2026-06-26,MRK,59.2,Hold,10,50
2026-06-29,MRK,61.2,Hold,8,50
2026-07-01,MRK,60,Hold,9,50
2026-07-02,MRK,57.2,Hold,14,50
2026-07-03,MRK,58.1,Hold,14,50
2026-07-06,MRK,58.1,Hold,14,50
2026-07-07,MRK,55,Hold,19,50
2026-07-08,MRK,57.5,Hold,16,50
2026-07-09,MRK,55.4,Hold,16,50
2026-07-10,MRK,53.1,Hold,20,50
2026-07-13,MRK,50.4,Hold,29,50
2026-07-14,MRK,52.4,Hold,22,50
2026-07-16,MRK,56.7,Hold,10,50
2026-07-17,MRK,60.7,Hold,9,50
2026-07-20,MRK,62.9,Hold,9,50
2026-07-21,MRK,55.8,Hold,14,50
2026-07-22,MRK,62.7,Hold,9,50
2026-07-23,MRK,63.7,Hold,8,50
2026-07-24,MRK,67.9,Buy,4,50
2026-07-27,MRK,67.7,Buy,4,50
2026-07-30,MRK,67.1,Buy,5,50
2026-07-31,MRK,65.1,Buy,5,50
2026-08-03,MRK,65,Buy,5,50
2026-08-05,MRK,55.5,Hold,71,195
2026-08-07,MRK,45.3,Hold,119,195
2026-08-10,MRK,39,Underperform,136,195
2026-08-11,MRK,43.3,Underperform,121,195
2026-08-12,MRK,40,Weak,133,195
2026-08-13,MRK,45.2,Neutral,109,195
2026-08-14,MRK,45.4,Neutral,115,195
2026-08-17,MRK,46.3,Neutral,107,195
2026-08-18,MRK,48.5,Neutral,97,195
2026-08-19,MRK,47.4,Neutral,108,195
2026-08-20,MRK,54.1,Neutral,71,195
2026-08-21,MRK,49.9,Neutral,97,195
2026-08-24,MRK,49.8,Neutral,97,195
2026-08-25,MRK,54,Neutral,83,195
2026-08-27,MRK,58.5,Neutral,71,195
2026-08-28,MRK,58,Neutral,68,195
2026-09-01,MRK,58,Neutral,70,195
2026-09-02,MRK,66.4,Strong,41,195
2026-09-03,MRK,67.5,Strong,36,195
2026-09-04,MRK,62.6,Neutral,56,195
2026-09-07,MRK,59.9,Neutral,62,195
2026-09-08,MRK,59.9,Neutral,62,195
2026-09-09,MRK,59.6,Neutral,68,195
2026-09-10,MRK,58.8,Neutral,71,195
2026-09-11,MRK,57.8,Neutral,70,195
2026-09-15,MRK,56.5,Neutral,77,195
2026-09-17,MRK,60.2,Neutral,62,195
2026-09-18,MRK,62.7,Neutral,48,195
2026-09-22,MRK,60.4,Neutral,65,195
2026-09-23,MRK,63.8,Neutral,57,195
2026-09-24,MRK,70.1,Strong,30,195
2026-05-05,MS,38.7,Underperform,33,50
2026-06-01,MS,59.7,Hold,2,50
2026-06-02,MS,60.4,Hold,1,50
2026-06-03,MS,61.1,Hold,1,50
2026-06-04,MS,61.4,Hold,2,50
2026-06-08,MS,60.8,Hold,1,50
2026-06-09,MS,61.5,Hold,1,50
2026-06-11,MS,60.3,Hold,3,50
2026-06-12,MS,62.2,Hold,1,50
2026-06-15,MS,62.5,Hold,1,50
2026-06-17,MS,64.3,Hold,1,50
2026-06-18,MS,64.8,Hold,1,50
2026-06-19,MS,64,Hold,1,50
2026-06-22,MS,64,Hold,1,50
2026-06-23,MS,64.4,Hold,1,50
2026-06-24,MS,65.4,Buy,1,50
2026-06-25,MS,63.3,Hold,2,50
2026-06-26,MS,64,Hold,2,50
2026-06-29,MS,59.2,Hold,12,50
2026-07-01,MS,57.4,Hold,14,50
2026-07-02,MS,59.5,Hold,11,50
2026-07-03,MS,59.1,Hold,10,50
2026-07-06,MS,59.1,Hold,10,50
2026-07-07,MS,64.2,Hold,2,50
2026-07-08,MS,64.6,Hold,3,50
2026-07-09,MS,61.5,Hold,6,50
2026-07-10,MS,65.5,Buy,2,50
2026-07-13,MS,64.7,Hold,2,50
2026-07-14,MS,65,Buy,3,50
2026-07-16,MS,65.5,Buy,4,50
2026-07-17,MS,55.9,Hold,17,50
2026-07-20,MS,54.4,Hold,18,50
2026-07-21,MS,51.2,Hold,21,50
2026-07-22,MS,56.8,Hold,16,50
2026-07-23,MS,61.6,Hold,11,50
2026-07-24,MS,54.8,Hold,20,50
2026-07-27,MS,51.7,Hold,22,50
2026-07-30,MS,42.9,Underperform,34,50
2026-07-31,MS,51,Hold,23,50
2026-08-03,MS,50.2,Hold,25,50
2026-08-05,MS,68.3,Buy,30,195
2026-08-07,MS,62.7,Hold,46,195
2026-08-10,MS,68.2,Buy,27,195
2026-08-11,MS,62.4,Hold,47,195
2026-08-12,MS,65.3,Strong,39,195
2026-08-13,MS,70.8,Strong,25,195
2026-08-14,MS,65.6,Strong,37,195
2026-08-17,MS,65.9,Strong,38,195
2026-08-18,MS,70.6,Strong,25,195
2026-08-19,MS,72,Strong,20,195
2026-08-20,MS,61.5,Neutral,46,195
2026-08-21,MS,63.3,Neutral,39,195
2026-08-24,MS,63.3,Neutral,39,195
2026-08-25,MS,64.2,Neutral,54,195
2026-08-27,MS,58.9,Neutral,69,195
2026-08-28,MS,55.9,Neutral,72,195
2026-09-01,MS,60.3,Neutral,62,195
2026-09-02,MS,59.8,Neutral,58,195
2026-09-03,MS,58.8,Neutral,63,195
2026-09-04,MS,69.1,Strong,32,195
2026-09-07,MS,73.4,Strong,20,195
2026-09-08,MS,73.4,Strong,20,195
2026-09-09,MS,69.4,Strong,34,195
2026-09-10,MS,71.9,Strong,27,195
2026-09-11,MS,65.5,Strong,50,195
2026-09-15,MS,57.4,Neutral,74,195
2026-09-17,MS,56.2,Neutral,75,195
2026-09-18,MS,53.6,Neutral,82,195
2026-09-22,MS,55.1,Neutral,74,195
2026-09-23,MS,41.8,Weak,119,195
2026-09-24,MS,48.2,Neutral,97,195
2026-05-05,MSFT,35,Underperform,45,50
2026-06-01,MSFT,52.8,Hold,19,50
2026-06-02,MSFT,55.3,Hold,13,50
2026-06-03,MSFT,53.1,Hold,17,50
2026-06-04,MSFT,51.5,Hold,22,50
2026-06-08,MSFT,47.1,Hold,30,50
2026-06-09,MSFT,46.2,Hold,32,50
2026-06-11,MSFT,43.2,Underperform,41,50
2026-06-12,MSFT,41.4,Underperform,43,50
2026-06-15,MSFT,40.8,Underperform,43,50
2026-06-17,MSFT,40.2,Underperform,45,50
2026-06-18,MSFT,39.4,Underperform,42,50
2026-06-19,MSFT,39.8,Underperform,43,50
2026-06-22,MSFT,39.8,Underperform,43,50
2026-06-23,MSFT,38.7,Underperform,45,50
2026-06-24,MSFT,40.3,Underperform,42,50
2026-06-25,MSFT,38.1,Underperform,44,50
2026-06-26,MSFT,37.9,Underperform,43,50
2026-06-29,MSFT,41,Underperform,37,50
2026-07-01,MSFT,42.5,Underperform,37,50
2026-07-02,MSFT,41.9,Underperform,38,50
2026-07-03,MSFT,41.9,Underperform,36,50
2026-07-06,MSFT,42,Underperform,36,50
2026-07-07,MSFT,38.5,Underperform,45,50
2026-07-08,MSFT,39.3,Underperform,41,50
2026-07-09,MSFT,38.7,Underperform,41,50
2026-07-10,MSFT,38.1,Underperform,43,50
2026-07-13,MSFT,37.4,Underperform,42,50
2026-07-14,MSFT,39.6,Underperform,39,50
2026-07-16,MSFT,42.6,Underperform,38,50
2026-07-17,MSFT,42.8,Underperform,34,50
2026-07-20,MSFT,39.5,Underperform,42,50
2026-07-21,MSFT,45.9,Hold,29,50
2026-07-22,MSFT,42.6,Underperform,37,50
2026-07-23,MSFT,39.3,Underperform,40,50
2026-07-24,MSFT,38,Underperform,39,50
2026-07-27,MSFT,36.4,Underperform,41,50
2026-07-30,MSFT,40,Underperform,37,50
2026-07-31,MSFT,58.8,Hold,13,50
2026-08-03,MSFT,62.1,Hold,10,50
2026-08-05,MSFT,42.4,Underperform,126,195
2026-08-07,MSFT,56.1,Hold,65,195
2026-08-10,MSFT,49.9,Hold,99,195
2026-08-11,MSFT,53.5,Hold,73,195
2026-08-12,MSFT,50.3,Neutral,95,195
2026-08-13,MSFT,48.1,Neutral,98,195
2026-08-14,MSFT,51.3,Neutral,89,195
2026-08-17,MSFT,47.9,Neutral,102,195
2026-08-18,MSFT,47.4,Neutral,102,195
2026-08-19,MSFT,49.5,Neutral,98,195
2026-08-20,MSFT,50.7,Neutral,91,195
2026-08-21,MSFT,54.4,Neutral,69,195
2026-08-24,MSFT,54.4,Neutral,69,195
2026-08-25,MSFT,62.2,Neutral,59,195
2026-08-27,MSFT,63.8,Neutral,50,195
2026-08-28,MSFT,62.9,Neutral,55,195
2026-09-01,MSFT,59.7,Neutral,65,195
2026-09-02,MSFT,59.3,Neutral,61,195
2026-09-03,MSFT,58.6,Neutral,66,195
2026-09-04,MSFT,62.3,Neutral,60,195
2026-09-07,MSFT,57.1,Neutral,75,195
2026-09-08,MSFT,57,Neutral,76,195
2026-09-09,MSFT,57.9,Neutral,77,195
2026-09-10,MSFT,58.7,Neutral,73,195
2026-09-11,MSFT,63.3,Neutral,55,195
2026-09-15,MSFT,62.8,Neutral,55,195
2026-09-17,MSFT,59.7,Neutral,65,195
2026-09-18,MSFT,65,Strong,46,195
2026-09-22,MSFT,65.6,Strong,45,195
2026-09-23,MSFT,65.8,Strong,48,195
2026-09-24,MSFT,60.9,Neutral,64,195
2026-08-05,MTZ,49.6,Hold,98,195
2026-08-07,MTZ,47.7,Hold,104,195
2026-08-10,MTZ,50.1,Hold,97,195
2026-08-11,MTZ,47.5,Hold,103,195
2026-08-12,MTZ,50.2,Neutral,96,195
2026-08-13,MTZ,53.3,Neutral,84,195
2026-08-14,MTZ,55.3,Neutral,70,195
2026-08-17,MTZ,56.8,Neutral,67,195
2026-08-18,MTZ,59.9,Neutral,57,195
2026-08-19,MTZ,50.3,Neutral,92,195
2026-08-20,MTZ,48,Neutral,103,195
2026-08-21,MTZ,47.6,Neutral,108,195
2026-08-24,MTZ,47.5,Neutral,108,195
2026-08-25,MTZ,26.5,Very Weak,165,195
2026-08-27,MTZ,28.8,Very Weak,158,195
2026-08-28,MTZ,30.7,Weak,153,195
2026-09-01,MTZ,22.7,Very Weak,172,195
2026-09-02,MTZ,23.2,Very Weak,171,195
2026-09-03,MTZ,21.5,Very Weak,181,195
2026-09-04,MTZ,21.3,Very Weak,178,195
2026-09-07,MTZ,26.1,Very Weak,168,195
2026-09-08,MTZ,25.9,Very Weak,168,195
2026-09-09,MTZ,29.6,Very Weak,153,195
2026-09-10,MTZ,23.3,Very Weak,166,195
2026-09-11,MTZ,20.9,Very Weak,179,195
2026-09-15,MTZ,21,Very Weak,178,195
2026-09-17,MTZ,23.4,Very Weak,172,195
2026-09-18,MTZ,16.3,Very Weak,190,195
2026-09-22,MTZ,24.3,Very Weak,166,195
2026-09-23,MTZ,15.1,Very Weak,187,195
2026-09-24,MTZ,20.3,Very Weak,181,195
2026-08-05,MYRG,52.8,Hold,81,195
2026-08-07,MYRG,51.1,Hold,80,195
2026-08-10,MYRG,52,Hold,82,195
2026-08-11,MYRG,49.3,Hold,92,195
2026-08-12,MYRG,51.5,Neutral,89,195
2026-08-13,MYRG,53.2,Neutral,86,195
2026-08-14,MYRG,48.4,Neutral,103,195
2026-08-17,MYRG,52,Neutral,83,195
2026-08-18,MYRG,55.5,Neutral,73,195
2026-08-19,MYRG,49,Neutral,102,195
2026-08-20,MYRG,51.3,Neutral,87,195
2026-08-21,MYRG,47.7,Neutral,107,195
2026-08-24,MYRG,47.6,Neutral,107,195
2026-08-25,MYRG,37.4,Weak,132,195
2026-08-27,MYRG,46.8,Neutral,104,195
2026-08-28,MYRG,41.6,Weak,120,195
2026-09-01,MYRG,36.1,Weak,136,195
2026-09-02,MYRG,36.9,Weak,133,195
2026-09-03,MYRG,32.7,Weak,149,195
2026-09-04,MYRG,34.2,Weak,142,195
2026-09-07,MYRG,39.7,Weak,131,195
2026-09-08,MYRG,39.7,Weak,131,195
2026-09-09,MYRG,41.7,Weak,118,195
2026-09-10,MYRG,43.2,Weak,116,195
2026-09-11,MYRG,36.5,Weak,129,195
2026-09-15,MYRG,31.8,Weak,153,195
2026-09-17,MYRG,40.8,Weak,119,195
2026-09-18,MYRG,33.8,Weak,143,195
2026-09-22,MYRG,43.5,Weak,124,195
2026-09-23,MYRG,37.9,Weak,134,195
2026-09-24,MYRG,35.8,Weak,137,195
2026-08-05,NBIX,51.4,Hold,88,195
2026-08-07,NBIX,46.8,Hold,108,195
2026-08-10,NBIX,48.8,Hold,106,195
2026-08-11,NBIX,51.3,Hold,85,195
2026-08-12,NBIX,47.1,Neutral,106,195
2026-08-13,NBIX,43.4,Weak,119,195
2026-08-14,NBIX,38.5,Weak,145,195
2026-08-17,NBIX,42.7,Weak,124,195
2026-08-18,NBIX,46.7,Neutral,107,195
2026-08-19,NBIX,48.1,Neutral,107,195
2026-08-20,NBIX,48.8,Neutral,97,195
2026-08-21,NBIX,41.9,Weak,131,195
2026-08-24,NBIX,41.9,Weak,130,195
2026-08-25,NBIX,49.9,Neutral,95,195
2026-08-27,NBIX,54,Neutral,83,195
2026-08-28,NBIX,49.9,Neutral,95,195
2026-09-01,NBIX,50.6,Neutral,96,195
2026-09-02,NBIX,59,Neutral,64,195
2026-09-03,NBIX,57.2,Neutral,72,195
2026-09-04,NBIX,51.6,Neutral,89,195
2026-09-07,NBIX,48.3,Neutral,107,195
2026-09-08,NBIX,48.3,Neutral,107,195
2026-09-09,NBIX,52.6,Neutral,89,195
2026-09-10,NBIX,56,Neutral,83,195
2026-09-11,NBIX,60.3,Neutral,60,195
2026-09-15,NBIX,54.1,Neutral,82,195
2026-09-17,NBIX,50.2,Neutral,98,195
2026-09-18,NBIX,51.7,Neutral,90,195
2026-09-22,NBIX,36.8,Weak,137,195
2026-09-23,NBIX,45.8,Neutral,106,195
2026-09-24,NBIX,47.5,Neutral,101,195
2026-08-05,NDSN,64.5,Hold,39,195
2026-08-07,NDSN,41.4,Underperform,132,195
2026-08-10,NDSN,38.9,Underperform,138,195
2026-08-11,NDSN,39.6,Underperform,142,195
2026-08-12,NDSN,42.8,Weak,128,195
2026-08-13,NDSN,39.2,Weak,137,195
2026-08-14,NDSN,38.7,Weak,143,195
2026-08-17,NDSN,38.4,Weak,139,195
2026-08-18,NDSN,43.5,Weak,117,195
2026-08-19,NDSN,37.4,Weak,143,195
2026-08-20,NDSN,41.3,Weak,132,195
2026-08-21,NDSN,44.2,Weak,122,195
2026-08-24,NDSN,44.1,Weak,122,195
2026-08-25,NDSN,55.2,Neutral,79,195
2026-08-27,NDSN,57.8,Neutral,74,195
2026-08-28,NDSN,51.4,Neutral,90,195
2026-09-01,NDSN,49.3,Neutral,97,195
2026-09-02,NDSN,46.5,Neutral,107,195
2026-09-03,NDSN,50.8,Neutral,95,195
2026-09-04,NDSN,49.6,Neutral,98,195
2026-09-07,NDSN,56.4,Neutral,80,195
2026-09-08,NDSN,56.3,Neutral,80,195
2026-09-09,NDSN,61.4,Neutral,60,195
2026-09-10,NDSN,53.3,Neutral,87,195
2026-09-11,NDSN,49.4,Neutral,102,195
2026-09-15,NDSN,48,Neutral,102,195
2026-09-17,NDSN,57.6,Neutral,70,195
2026-09-18,NDSN,50.9,Neutral,96,195
2026-09-22,NDSN,49.9,Neutral,94,195
2026-09-23,NDSN,56.7,Neutral,74,195
2026-09-24,NDSN,50.1,Neutral,92,195
2026-05-05,NEE,55.7,Buy,7,50
2026-06-01,NEE,45.6,Hold,39,50
2026-06-02,NEE,44.1,Underperform,40,50
2026-06-03,NEE,47.4,Hold,32,50
2026-06-04,NEE,45.7,Hold,34,50
2026-06-08,NEE,46.3,Hold,32,50
2026-06-09,NEE,43.5,Underperform,40,50
2026-06-11,NEE,45.3,Hold,37,50
2026-06-12,NEE,43.4,Underperform,38,50
2026-06-15,NEE,46.6,Hold,31,50
2026-06-17,NEE,46.4,Hold,35,50
2026-06-18,NEE,48.5,Hold,31,50
2026-06-19,NEE,51.8,Hold,21,50
2026-06-22,NEE,51.8,Hold,21,50
2026-06-23,NEE,50,Hold,25,50
2026-06-24,NEE,50.7,Hold,27,50
2026-06-25,NEE,52.6,Hold,23,50
2026-06-26,NEE,51.9,Hold,22,50
2026-06-29,NEE,53.4,Hold,20,50
2026-07-01,NEE,51.1,Hold,24,50
2026-07-02,NEE,46.3,Hold,31,50
2026-07-03,NEE,48.9,Hold,26,50
2026-07-06,NEE,49.2,Hold,25,50
2026-07-07,NEE,46.3,Hold,28,50
2026-07-08,NEE,48.9,Hold,26,50
2026-07-09,NEE,45.6,Hold,30,50
2026-07-10,NEE,45.2,Hold,32,50
2026-07-13,NEE,48.5,Hold,31,50
2026-07-14,NEE,49.5,Hold,26,50
2026-07-16,NEE,48.9,Hold,31,50
2026-07-17,NEE,51,Hold,23,50
2026-07-20,NEE,51.4,Hold,20,50
2026-07-21,NEE,45.9,Hold,29,50
2026-07-22,NEE,44.8,Underperform,33,50
2026-07-23,NEE,50.9,Hold,23,50
2026-07-24,NEE,54.1,Hold,22,50
2026-07-27,NEE,50.2,Hold,24,50
2026-07-30,NEE,50.6,Hold,22,50
2026-07-31,NEE,46.1,Hold,30,50
2026-08-03,NEE,41.4,Underperform,34,50
2026-08-05,NEE,39.1,Underperform,138,195
2026-08-07,NEE,31.6,Underperform,162,195
2026-08-10,NEE,30.2,Underperform,171,195
2026-08-11,NEE,32.8,Underperform,162,195
2026-08-12,NEE,35.6,Weak,147,195
2026-08-13,NEE,30.7,Weak,162,195
2026-08-14,NEE,30,Weak,166,195
2026-08-17,NEE,33.3,Weak,159,195
2026-08-18,NEE,36.9,Weak,136,195
2026-08-19,NEE,38.3,Weak,138,195
2026-08-20,NEE,32.3,Weak,171,195
2026-08-21,NEE,28.5,Very Weak,172,195
2026-08-24,NEE,28.4,Very Weak,172,195
2026-08-25,NEE,22,Very Weak,178,195
2026-08-27,NEE,19.6,Very Weak,178,195
2026-08-28,NEE,20.6,Very Weak,176,195
2026-09-01,NEE,23.8,Very Weak,169,195
2026-09-02,NEE,27.4,Very Weak,162,195
2026-09-03,NEE,21.7,Very Weak,179,195
2026-09-04,NEE,27.4,Very Weak,162,195
2026-09-07,NEE,22.5,Very Weak,172,195
2026-09-08,NEE,22.5,Very Weak,172,195
2026-09-09,NEE,28.3,Very Weak,159,195
2026-09-10,NEE,23.6,Very Weak,163,195
2026-09-11,NEE,26.4,Very Weak,164,195
2026-09-15,NEE,19.5,Very Weak,184,195
2026-09-17,NEE,19.4,Very Weak,185,195
2026-09-18,NEE,20.1,Very Weak,181,195
2026-09-22,NEE,18,Very Weak,184,195
2026-09-23,NEE,26.6,Very Weak,165,195
2026-09-24,NEE,30.2,Weak,151,195
2026-08-05,NET,68,Buy,31,195
2026-08-07,NET,73.4,Buy,17,195
2026-08-10,NET,76.5,Buy,12,195
2026-08-11,NET,80.9,Strong Buy,5,195
2026-08-12,NET,76.6,Strong,9,195
2026-08-13,NET,80.2,Very Strong,4,195
2026-08-14,NET,81.8,Very Strong,5,195
2026-08-17,NET,76.5,Strong,10,195
2026-08-18,NET,75.9,Strong,14,195
2026-08-19,NET,75.2,Strong,15,195
2026-08-20,NET,73.6,Strong,11,195
2026-08-21,NET,76.1,Strong,9,195
2026-08-24,NET,76.1,Strong,9,195
2026-08-25,NET,72.1,Strong,25,195
2026-08-27,NET,75.1,Strong,19,195
2026-08-28,NET,80,Very Strong,13,195
2026-09-01,NET,75.1,Strong,22,195
2026-09-02,NET,68.4,Strong,36,195
2026-09-03,NET,63.2,Neutral,50,195
2026-09-04,NET,69.9,Strong,30,195
2026-09-07,NET,63.3,Neutral,55,195
2026-09-08,NET,63.3,Neutral,55,195
2026-09-09,NET,71.2,Strong,30,195
2026-09-10,NET,81.3,Very Strong,7,195
2026-09-11,NET,74.8,Strong,21,195
2026-09-15,NET,76.5,Strong,17,195
2026-09-17,NET,73.7,Strong,20,195
2026-09-18,NET,76.4,Strong,16,195
2026-09-22,NET,78.9,Very Strong,13,195
2026-09-23,NET,74.2,Strong,23,195
2026-09-24,NET,73.3,Strong,25,195
2026-05-05,NFLX,45.4,Hold,22,50
2026-06-01,NFLX,41.6,Underperform,48,50
2026-06-02,NFLX,41.8,Underperform,46,50
2026-06-03,NFLX,40.5,Underperform,49,50
2026-06-04,NFLX,39.8,Underperform,49,50
2026-06-08,NFLX,40.2,Underperform,48,50
2026-06-09,NFLX,40.7,Underperform,49,50
2026-06-11,NFLX,42.1,Underperform,44,50
2026-06-12,NFLX,40.7,Underperform,45,50
2026-06-15,NFLX,39.4,Underperform,49,50
2026-06-17,NFLX,38.4,Underperform,49,50
2026-06-18,NFLX,38.2,Underperform,48,50
2026-06-19,NFLX,38.1,Underperform,45,50
2026-06-22,NFLX,38.1,Underperform,45,50
2026-06-23,NFLX,37.2,Underperform,47,50
2026-06-24,NFLX,37.4,Underperform,47,50
2026-06-25,NFLX,36.5,Underperform,48,50
2026-06-26,NFLX,35.9,Underperform,49,50
2026-06-29,NFLX,37,Underperform,47,50
2026-07-01,NFLX,35.5,Underperform,47,50
2026-07-02,NFLX,36.1,Underperform,46,50
2026-07-03,NFLX,38.1,Underperform,46,50
2026-07-06,NFLX,38.1,Underperform,46,50
2026-07-07,NFLX,35.9,Underperform,47,50
2026-07-08,NFLX,36.3,Underperform,45,50
2026-07-09,NFLX,34.8,Underperform,47,50
2026-07-10,NFLX,33.9,Underperform,48,50
2026-07-13,NFLX,32.4,Underperform,47,50
2026-07-14,NFLX,32.8,Underperform,48,50
2026-07-16,NFLX,32.5,Underperform,47,50
2026-07-17,NFLX,33.6,Underperform,48,50
2026-07-20,NFLX,31.2,Underperform,47,50
2026-07-21,NFLX,30,Underperform,48,50
2026-07-22,NFLX,32.3,Underperform,47,50
2026-07-23,NFLX,29.7,Avoid,47,50
2026-07-24,NFLX,32,Underperform,46,50
2026-07-27,NFLX,33.4,Underperform,46,50
2026-07-30,NFLX,36.3,Underperform,42,50
2026-07-31,NFLX,33.4,Underperform,44,50
2026-08-03,NFLX,30.9,Underperform,46,50
2026-08-05,NFLX,22.9,Avoid,181,195
2026-08-07,NFLX,46.3,Hold,111,195
2026-08-10,NFLX,44.6,Underperform,116,195
2026-08-11,NFLX,51,Hold,86,195
2026-08-12,NFLX,45.3,Neutral,117,195
2026-08-13,NFLX,44.1,Weak,115,195
2026-08-14,NFLX,51.9,Neutral,88,195
2026-08-17,NFLX,53.7,Neutral,77,195
2026-08-18,NFLX,47.2,Neutral,103,195
2026-08-19,NFLX,52.3,Neutral,84,195
2026-08-20,NFLX,54.8,Neutral,67,195
2026-08-21,NFLX,51.5,Neutral,91,195
2026-08-24,NFLX,51.6,Neutral,90,195
2026-08-25,NFLX,37.2,Weak,133,195
2026-08-27,NFLX,31.7,Weak,150,195
2026-08-28,NFLX,29.9,Very Weak,155,195
2026-09-01,NFLX,27.4,Very Weak,161,195
2026-09-02,NFLX,32.8,Weak,147,195
2026-09-03,NFLX,34.8,Weak,142,195
2026-09-04,NFLX,28.5,Very Weak,159,195
2026-09-07,NFLX,21.8,Very Weak,179,195
2026-09-08,NFLX,21.8,Very Weak,178,195
2026-09-09,NFLX,21.2,Very Weak,176,195
2026-09-10,NFLX,22.9,Very Weak,167,195
2026-09-11,NFLX,26.5,Very Weak,163,195
2026-09-15,NFLX,34.1,Weak,146,195
2026-09-17,NFLX,26.7,Very Weak,166,195
2026-09-18,NFLX,22.8,Very Weak,170,195
2026-09-22,NFLX,25.9,Very Weak,161,195
2026-09-23,NFLX,25.2,Very Weak,171,195
2026-09-24,NFLX,24.8,Very Weak,166,195
2026-08-05,NPWR,28,Avoid,172,195
2026-08-07,NPWR,11.6,Avoid,195,195
2026-08-10,NPWR,13.2,Avoid,194,195
2026-08-11,NPWR,17.3,Avoid,190,195
2026-08-12,NPWR,18.8,Very Weak,192,195
2026-08-13,NPWR,20.5,Very Weak,188,195
2026-08-14,NPWR,14.1,Very Weak,195,195
2026-08-17,NPWR,21.9,Very Weak,188,195
2026-08-18,NPWR,17.2,Very Weak,190,195
2026-08-19,NPWR,16.5,Very Weak,194,195
2026-08-20,NPWR,20.1,Very Weak,193,195
2026-08-21,NPWR,24.4,Very Weak,183,195
2026-08-24,NPWR,24.2,Very Weak,184,195
2026-08-25,NPWR,51.9,Neutral,88,195
2026-08-27,NPWR,36.7,Weak,139,195
2026-08-28,NPWR,43.5,Weak,114,195
2026-09-01,NPWR,30.3,Weak,154,195
2026-09-02,NPWR,32.8,Weak,147,195
2026-09-03,NPWR,36.7,Weak,136,195
2026-09-04,NPWR,41.7,Weak,127,195
2026-09-07,NPWR,51.4,Neutral,92,195
2026-09-08,NPWR,51.2,Neutral,93,195
2026-09-09,NPWR,46.5,Neutral,110,195
2026-09-10,NPWR,47.1,Neutral,105,195
2026-09-11,NPWR,45.7,Neutral,110,195
2026-09-15,NPWR,47.1,Neutral,107,195
2026-09-17,NPWR,44.1,Weak,114,195
2026-09-18,NPWR,55,Neutral,79,195
2026-09-22,NPWR,47.7,Neutral,108,195
2026-09-23,NPWR,28.9,Very Weak,158,195
2026-09-24,NPWR,33.1,Weak,146,195
2026-08-05,NTRA,70.5,Buy,22,195
2026-08-07,NTRA,73,Buy,19,195
2026-08-10,NTRA,79.1,Strong Buy,5,195
2026-08-11,NTRA,76.3,Buy,11,195
2026-08-12,NTRA,76.5,Strong,10,195
2026-08-13,NTRA,76.2,Strong,10,195
2026-08-14,NTRA,75.8,Strong,11,195
2026-08-17,NTRA,76,Strong,12,195
2026-08-18,NTRA,80.2,Very Strong,7,195
2026-08-19,NTRA,76.6,Strong,12,195
2026-08-20,NTRA,79.4,Very Strong,2,195
2026-08-21,NTRA,82.5,Very Strong,3,195
2026-08-24,NTRA,82.5,Very Strong,3,195
2026-08-25,NTRA,71.9,Strong,26,195
2026-08-27,NTRA,78.5,Very Strong,12,195
2026-08-28,NTRA,72,Strong,30,195
2026-09-01,NTRA,72.7,Strong,26,195
2026-09-02,NTRA,77,Strong,13,195
2026-09-03,NTRA,81.6,Very Strong,5,195
2026-09-04,NTRA,76.2,Strong,17,195
2026-09-07,NTRA,80,Very Strong,5,195
2026-09-08,NTRA,80,Very Strong,5,195
2026-09-09,NTRA,75.4,Strong,19,195
2026-09-10,NTRA,81.1,Very Strong,8,195
2026-09-11,NTRA,76.8,Strong,19,195
2026-09-15,NTRA,82.6,Very Strong,6,195
2026-09-17,NTRA,77,Strong,15,195
2026-09-18,NTRA,80.7,Very Strong,12,195
2026-09-22,NTRA,77.6,Strong,17,195
2026-09-23,NTRA,79.4,Very Strong,14,195
2026-09-24,NTRA,75.9,Strong,21,195
2026-08-05,NTRS,59.8,Hold,53,195
2026-08-07,NTRS,72.4,Buy,20,195
2026-08-10,NTRS,72.2,Buy,22,195
2026-08-11,NTRS,74.6,Buy,15,195
2026-08-12,NTRS,73.8,Strong,16,195
2026-08-13,NTRS,74.5,Strong,16,195
2026-08-14,NTRS,67.3,Strong,31,195
2026-08-17,NTRS,71.4,Strong,22,195
2026-08-18,NTRS,73.5,Strong,21,195
2026-08-19,NTRS,74.9,Strong,16,195
2026-08-20,NTRS,65.1,Strong,35,195
2026-08-21,NTRS,66.6,Strong,31,195
2026-08-24,NTRS,66.5,Strong,31,195
2026-08-25,NTRS,71.5,Strong,29,195
2026-08-27,NTRS,71.1,Strong,29,195
2026-08-28,NTRS,64.4,Neutral,52,195
2026-09-01,NTRS,66.1,Strong,46,195
2026-09-02,NTRS,63.7,Neutral,48,195
2026-09-03,NTRS,69.1,Strong,33,195
2026-09-04,NTRS,74,Strong,21,195
2026-09-07,NTRS,69.4,Strong,33,195
2026-09-08,NTRS,69.4,Strong,33,195
2026-09-09,NTRS,69.4,Strong,34,195
2026-09-10,NTRS,75.1,Strong,21,195
2026-09-11,NTRS,78.5,Very Strong,14,195
2026-09-15,NTRS,64.4,Neutral,48,195
2026-09-17,NTRS,63.9,Neutral,51,195
2026-09-18,NTRS,62.6,Neutral,49,195
2026-09-22,NTRS,61.8,Neutral,58,195
2026-09-23,NTRS,60.8,Neutral,59,195
2026-09-24,NTRS,64.2,Neutral,54,195
2026-05-05,NVDA,51.8,Hold,14,50
2026-06-01,NVDA,56.1,Hold,9,50
2026-06-02,NVDA,60.4,Hold,1,50
2026-06-03,NVDA,59.2,Hold,4,50
2026-06-04,NVDA,57.5,Hold,8,50
2026-06-08,NVDA,51.4,Hold,26,50
2026-06-09,NVDA,54.5,Hold,15,50
2026-06-11,NVDA,50.4,Hold,25,50
2026-06-12,NVDA,51.8,Hold,24,50
2026-06-15,NVDA,50.4,Hold,25,50
2026-06-17,NVDA,49.3,Hold,28,50
2026-06-18,NVDA,48.5,Hold,31,50
2026-06-19,NVDA,56.2,Hold,12,50
2026-06-22,NVDA,56.2,Hold,12,50
2026-06-23,NVDA,50.4,Hold,24,50
2026-06-24,NVDA,46.6,Hold,32,50
2026-06-25,NVDA,45.8,Hold,35,50
2026-06-26,NVDA,45,Hold,33,50
2026-06-29,NVDA,42.4,Underperform,36,50
2026-07-01,NVDA,45.8,Hold,32,50
2026-07-02,NVDA,41.8,Underperform,39,50
2026-07-03,NVDA,40.7,Underperform,40,50
2026-07-06,NVDA,40.9,Underperform,40,50
2026-07-07,NVDA,39.7,Underperform,43,50
2026-07-08,NVDA,40.4,Underperform,40,50
2026-07-09,NVDA,47.5,Hold,29,50
2026-07-10,NVDA,43.1,Underperform,34,50
2026-07-13,NVDA,52.4,Hold,21,50
2026-07-14,NVDA,43,Underperform,35,50
2026-07-16,NVDA,49.3,Hold,30,50
2026-07-17,NVDA,42.6,Underperform,35,50
2026-07-20,NVDA,39.6,Underperform,40,50
2026-07-21,NVDA,41.9,Underperform,38,50
2026-07-22,NVDA,45.2,Hold,31,50
2026-07-23,NVDA,48.3,Hold,27,50
2026-07-24,NVDA,42.2,Underperform,33,50
2026-07-27,NVDA,41.1,Underperform,37,50
2026-07-30,NVDA,33.2,Underperform,45,50
2026-07-31,NVDA,39,Underperform,38,50
2026-08-03,NVDA,41.3,Underperform,35,50
2026-08-05,NVDA,58.9,Hold,58,195
2026-08-07,NVDA,79.8,Strong Buy,4,195
2026-08-10,NVDA,78.7,Strong Buy,9,195
2026-08-11,NVDA,69.1,Buy,26,195
2026-08-12,NVDA,71,Strong,23,195
2026-08-13,NVDA,75.3,Strong,13,195
2026-08-14,NVDA,70.4,Strong,19,195
2026-08-17,NVDA,72.7,Strong,19,195
2026-08-18,NVDA,75.4,Strong,15,195
2026-08-19,NVDA,69.8,Strong,27,195
2026-08-20,NVDA,68.5,Strong,27,195
2026-08-21,NVDA,68.5,Strong,27,195
2026-08-24,NVDA,68.5,Strong,26,195
2026-08-25,NVDA,41.9,Weak,116,195
2026-08-27,NVDA,43.9,Weak,117,195
2026-08-28,NVDA,64.8,Neutral,49,195
2026-09-01,NVDA,60.8,Neutral,59,195
2026-09-02,NVDA,58.5,Neutral,68,195
2026-09-03,NVDA,64.8,Neutral,44,195
2026-09-04,NVDA,68.5,Strong,35,195
2026-09-07,NVDA,72.8,Strong,22,195
2026-09-08,NVDA,72.7,Strong,22,195
2026-09-09,NVDA,64.2,Neutral,45,195
2026-09-10,NVDA,62.6,Neutral,59,195
2026-09-11,NVDA,57.5,Neutral,72,195
2026-09-15,NVDA,48.9,Neutral,99,195
2026-09-17,NVDA,62.7,Neutral,54,195
2026-09-18,NVDA,65.7,Strong,44,195
2026-09-22,NVDA,71.8,Strong,26,195
2026-09-23,NVDA,50.9,Neutral,91,195
2026-09-24,NVDA,55.1,Neutral,75,195
2026-08-05,OKTA,67.4,Buy,32,195
2026-08-07,OKTA,62,Hold,48,195
2026-08-10,OKTA,64.2,Hold,39,195
2026-08-11,OKTA,66.8,Buy,37,195
2026-08-12,OKTA,68.1,Strong,29,195
2026-08-13,OKTA,61.9,Neutral,49,195
2026-08-14,OKTA,66.7,Strong,33,195
2026-08-17,OKTA,61,Neutral,48,195
2026-08-18,OKTA,60.2,Neutral,54,195
2026-08-19,OKTA,63.6,Neutral,39,195
2026-08-20,OKTA,58.7,Neutral,54,195
2026-08-21,OKTA,56.6,Neutral,62,195
2026-08-24,OKTA,56.5,Neutral,62,195
2026-08-25,OKTA,68.4,Strong,38,195
2026-08-27,OKTA,72.7,Strong,24,195
2026-08-28,OKTA,85,Very Strong,5,195
2026-09-01,OKTA,82.6,Very Strong,7,195
2026-09-02,OKTA,79.8,Very Strong,6,195
2026-09-03,OKTA,80.5,Very Strong,8,195
2026-09-04,OKTA,83.9,Very Strong,2,195
2026-09-07,OKTA,86.4,Very Strong,1,195
2026-09-08,OKTA,86.4,Very Strong,1,195
2026-09-09,OKTA,81.4,Very Strong,5,195
2026-09-10,OKTA,85.8,Very Strong,2,195
2026-09-11,OKTA,80.6,Very Strong,8,195
2026-09-15,OKTA,83.4,Very Strong,3,195
2026-09-17,OKTA,81.4,Very Strong,8,195
2026-09-18,OKTA,80.9,Very Strong,10,195
2026-09-22,OKTA,84.4,Very Strong,6,195
2026-09-23,OKTA,83.7,Very Strong,7,195
2026-09-24,OKTA,82.4,Very Strong,7,195
2026-08-05,OLLI,28.6,Avoid,170,195
2026-08-07,OLLI,33,Underperform,157,195
2026-08-10,OLLI,35.3,Underperform,150,195
2026-08-11,OLLI,33.3,Underperform,158,195
2026-08-12,OLLI,33.4,Weak,157,195
2026-08-13,OLLI,32.9,Weak,154,195
2026-08-14,OLLI,31.5,Weak,161,195
2026-08-17,OLLI,29.1,Very Weak,171,195
2026-08-18,OLLI,28.3,Very Weak,171,195
2026-08-19,OLLI,32.9,Weak,157,195
2026-08-20,OLLI,36,Weak,153,195
2026-08-21,OLLI,32.2,Weak,163,195
2026-08-24,OLLI,32.2,Weak,163,195
2026-08-25,OLLI,29.5,Very Weak,157,195
2026-08-27,OLLI,23.7,Very Weak,170,195
2026-08-28,OLLI,20,Very Weak,178,195
2026-09-01,OLLI,32.8,Weak,147,195
2026-09-02,OLLI,24.2,Very Weak,170,195
2026-09-03,OLLI,27.8,Very Weak,160,195
2026-09-04,OLLI,24,Very Weak,171,195
2026-09-07,OLLI,30.6,Weak,151,195
2026-09-08,OLLI,30.6,Weak,150,195
2026-09-09,OLLI,33.7,Weak,144,195
2026-09-10,OLLI,21.8,Very Weak,172,195
2026-09-11,OLLI,21.6,Very Weak,175,195
2026-09-15,OLLI,32.1,Weak,152,195
2026-09-17,OLLI,31.5,Weak,152,195
2026-09-18,OLLI,38.8,Weak,130,195
2026-09-22,OLLI,41.5,Weak,127,195
2026-09-23,OLLI,46.1,Neutral,105,195
2026-09-24,OLLI,41.1,Weak,122,195
2026-08-05,OLMA,47.3,Hold,112,195
2026-08-07,OLMA,47.9,Hold,103,195
2026-08-10,OLMA,47.8,Hold,107,195
2026-08-11,OLMA,42.6,Underperform,126,195
2026-08-12,OLMA,36.3,Weak,145,195
2026-08-13,OLMA,35.3,Weak,148,195
2026-08-14,OLMA,35.5,Weak,151,195
2026-08-17,OLMA,38.5,Weak,138,195
2026-08-18,OLMA,40.9,Weak,125,195
2026-08-19,OLMA,36.4,Weak,145,195
2026-08-20,OLMA,41.3,Weak,132,195
2026-08-21,OLMA,36.3,Weak,150,195
2026-08-24,OLMA,36.2,Weak,150,195
2026-08-25,OLMA,8.4,Very Weak,195,195
2026-08-27,OLMA,10.1,Very Weak,194,195
2026-08-28,OLMA,9.7,Very Weak,194,195
2026-09-01,OLMA,14.2,Very Weak,193,195
2026-09-02,OLMA,18.7,Very Weak,182,195
2026-09-03,OLMA,22.6,Very Weak,175,195
2026-09-04,OLMA,16,Very Weak,188,195
2026-09-07,OLMA,21.2,Very Weak,180,195
2026-09-08,OLMA,21.2,Very Weak,180,195
2026-09-09,OLMA,29.7,Very Weak,152,195
2026-09-10,OLMA,20.5,Very Weak,176,195
2026-09-11,OLMA,27.9,Very Weak,158,195
2026-09-15,OLMA,24.9,Very Weak,170,195
2026-09-17,OLMA,20.3,Very Weak,180,195
2026-09-18,OLMA,24.7,Very Weak,164,195
2026-09-22,OLMA,16.3,Very Weak,188,195
2026-09-23,OLMA,12.7,Very Weak,191,195
2026-09-24,OLMA,14.4,Very Weak,188,195
2026-08-05,ON,47.9,Hold,109,195
2026-08-07,ON,30.6,Underperform,166,195
2026-08-10,ON,31.6,Underperform,164,195
2026-08-11,ON,24,Avoid,186,195
2026-08-12,ON,27.3,Very Weak,180,195
2026-08-13,ON,30.3,Weak,164,195
2026-08-14,ON,23.9,Very Weak,184,195
2026-08-17,ON,27.6,Very Weak,177,195
2026-08-18,ON,32,Weak,156,195
2026-08-19,ON,25.6,Very Weak,179,195
2026-08-20,ON,21,Very Weak,192,195
2026-08-21,ON,18.7,Very Weak,193,195
2026-08-24,ON,18.6,Very Weak,194,195
2026-08-25,ON,29,Very Weak,159,195
2026-08-27,ON,39.6,Weak,129,195
2026-08-28,ON,42.7,Weak,117,195
2026-09-01,ON,44.8,Weak,111,195
2026-09-02,ON,43.4,Weak,117,195
2026-09-03,ON,44.2,Weak,114,195
2026-09-04,ON,50.6,Neutral,94,195
2026-09-07,ON,55.2,Neutral,86,195
2026-09-08,ON,55.2,Neutral,86,195
2026-09-09,ON,45.2,Neutral,113,195
2026-09-10,ON,49.5,Neutral,100,195
2026-09-11,ON,45.4,Neutral,111,195
2026-09-15,ON,46.1,Neutral,111,195
2026-09-17,ON,40.1,Weak,122,195
2026-09-18,ON,45.2,Neutral,115,195
2026-09-22,ON,51,Neutral,88,195
2026-09-23,ON,33.1,Weak,146,195
2026-09-24,ON,24.5,Very Weak,169,195
2026-08-05,ONON,30.7,Underperform,164,195
2026-08-07,ONON,34.7,Underperform,152,195
2026-08-10,ONON,34.4,Underperform,154,195
2026-08-11,ONON,39.8,Underperform,141,195
2026-08-12,ONON,22.8,Very Weak,186,195
2026-08-13,ONON,26.2,Very Weak,180,195
2026-08-14,ONON,28,Very Weak,173,195
2026-08-17,ONON,28.7,Very Weak,173,195
2026-08-18,ONON,22.3,Very Weak,185,195
2026-08-19,ONON,21.4,Very Weak,190,195
2026-08-20,ONON,23.9,Very Weak,187,195
2026-08-21,ONON,22.6,Very Weak,187,195
2026-08-24,ONON,22.5,Very Weak,188,195
2026-08-25,ONON,12.5,Very Weak,194,195
2026-08-27,ONON,16.4,Very Weak,188,195
2026-08-28,ONON,12.8,Very Weak,193,195
2026-09-01,ONON,12.6,Very Weak,194,195
2026-09-02,ONON,12.7,Very Weak,195,195
2026-09-03,ONON,12.7,Very Weak,195,195
2026-09-04,ONON,16.7,Very Weak,187,195
2026-09-07,ONON,13.3,Very Weak,192,195
2026-09-08,ONON,13.3,Very Weak,192,195
2026-09-09,ONON,12.6,Very Weak,192,195
2026-09-10,ONON,13,Very Weak,191,195
2026-09-11,ONON,16.3,Very Weak,187,195
2026-09-15,ONON,21,Very Weak,178,195
2026-09-17,ONON,18.8,Very Weak,186,195
2026-09-18,ONON,14.9,Very Weak,192,195
2026-09-22,ONON,16.7,Very Weak,187,195
2026-09-23,ONON,27.5,Very Weak,160,195
2026-09-24,ONON,24.7,Very Weak,167,195
2026-05-05,ORCL,36.4,Underperform,39,50
2026-06-01,ORCL,57,Hold,5,50
2026-06-02,ORCL,58.7,Hold,4,50
2026-06-03,ORCL,58.2,Hold,7,50
2026-06-04,ORCL,56.4,Hold,9,50
2026-06-08,ORCL,53.1,Hold,21,50
2026-06-09,ORCL,53.7,Hold,19,50
2026-06-11,ORCL,52.5,Hold,19,50
2026-06-12,ORCL,44.9,Underperform,34,50
2026-06-15,ORCL,44,Underperform,39,50
2026-06-17,ORCL,45.5,Hold,37,50
2026-06-18,ORCL,43.4,Underperform,38,50
2026-06-19,ORCL,44.4,Underperform,36,50
2026-06-22,ORCL,44.4,Underperform,36,50
2026-06-23,ORCL,41.6,Underperform,39,50
2026-06-24,ORCL,39.8,Underperform,43,50
2026-06-25,ORCL,38.4,Underperform,43,50
2026-06-26,ORCL,37.9,Underperform,43,50
2026-06-29,ORCL,35.8,Underperform,49,50
2026-07-01,ORCL,34.4,Underperform,49,50
2026-07-02,ORCL,33.8,Underperform,50,50
2026-07-03,ORCL,32.7,Underperform,50,50
2026-07-06,ORCL,32.7,Underperform,50,50
2026-07-07,ORCL,33.9,Underperform,50,50
2026-07-08,ORCL,32.1,Underperform,50,50
2026-07-09,ORCL,32,Underperform,50,50
2026-07-10,ORCL,33.8,Underperform,49,50
2026-07-13,ORCL,31,Underperform,50,50
2026-07-14,ORCL,29.8,Avoid,50,50
2026-07-16,ORCL,30.9,Underperform,50,50
2026-07-17,ORCL,28.9,Avoid,50,50
2026-07-20,ORCL,30.3,Underperform,48,50
2026-07-21,ORCL,28.4,Avoid,49,50
2026-07-22,ORCL,30.1,Underperform,49,50
2026-07-23,ORCL,28.3,Avoid,49,50
2026-07-24,ORCL,27.7,Avoid,48,50
2026-07-27,ORCL,26.7,Avoid,49,50
2026-07-30,ORCL,27.2,Avoid,49,50
2026-07-31,ORCL,30.2,Underperform,47,50
2026-08-03,ORCL,30.4,Underperform,47,50
2026-08-05,ORCL,31,Underperform,163,195
2026-08-07,ORCL,37.3,Underperform,141,195
2026-08-10,ORCL,37.1,Underperform,144,195
2026-08-11,ORCL,40.9,Underperform,135,195
2026-08-12,ORCL,34.2,Weak,151,195
2026-08-13,ORCL,41.1,Weak,129,195
2026-08-14,ORCL,43.9,Weak,117,195
2026-08-17,ORCL,35.5,Weak,148,195
2026-08-18,ORCL,35,Weak,144,195
2026-08-19,ORCL,32.5,Weak,158,195
2026-08-20,ORCL,36.1,Weak,152,195
2026-08-21,ORCL,38.4,Weak,144,195
2026-08-24,ORCL,38.4,Weak,143,195
2026-08-25,ORCL,26.6,Very Weak,164,195
2026-08-27,ORCL,36.1,Weak,141,195
2026-08-28,ORCL,38.2,Weak,135,195
2026-09-01,ORCL,31.2,Weak,150,195
2026-09-02,ORCL,27.8,Very Weak,160,195
2026-09-03,ORCL,32.2,Weak,152,195
2026-09-04,ORCL,37,Weak,135,195
2026-09-07,ORCL,40.8,Weak,127,195
2026-09-08,ORCL,40.6,Weak,127,195
2026-09-09,ORCL,44,Weak,115,195
2026-09-10,ORCL,39.9,Weak,123,195
2026-09-11,ORCL,33.2,Weak,139,195
2026-09-15,ORCL,25.5,Very Weak,166,195
2026-09-17,ORCL,32.2,Weak,148,195
2026-09-18,ORCL,38,Weak,131,195
2026-09-22,ORCL,33.1,Weak,143,195
2026-09-23,ORCL,29.2,Very Weak,157,195
2026-09-24,ORCL,33.2,Weak,145,195
2026-08-05,ORN,42.4,Underperform,126,195
2026-08-07,ORN,42.9,Underperform,125,195
2026-08-10,ORN,44.5,Underperform,119,195
2026-08-11,ORN,41.8,Underperform,129,195
2026-08-12,ORN,44.4,Weak,122,195
2026-08-13,ORN,46.8,Neutral,100,195
2026-08-14,ORN,41.7,Weak,128,195
2026-08-17,ORN,45.1,Neutral,113,195
2026-08-18,ORN,42.7,Weak,120,195
2026-08-19,ORN,42.1,Weak,124,195
2026-08-20,ORN,44.4,Weak,118,195
2026-08-21,ORN,44.1,Weak,123,195
2026-08-24,ORN,44,Weak,123,195
2026-08-25,ORN,14.1,Very Weak,192,195
2026-08-27,ORN,14.1,Very Weak,192,195
2026-08-28,ORN,21,Very Weak,175,195
2026-09-01,ORN,19.1,Very Weak,184,195
2026-09-02,ORN,15.7,Very Weak,192,195
2026-09-03,ORN,15.8,Very Weak,194,195
2026-09-04,ORN,18,Very Weak,184,195
2026-09-07,ORN,22.3,Very Weak,174,195
2026-09-08,ORN,22.3,Very Weak,174,195
2026-09-09,ORN,24.3,Very Weak,166,195
2026-09-10,ORN,19.7,Very Weak,179,195
2026-09-11,ORN,25.8,Very Weak,167,195
2026-09-15,ORN,23.2,Very Weak,174,195
2026-09-17,ORN,31.5,Weak,152,195
2026-09-18,ORN,25.7,Very Weak,158,195
2026-09-22,ORN,24.8,Very Weak,165,195
2026-09-23,ORN,14.4,Very Weak,188,195
2026-09-24,ORN,16,Very Weak,187,195
2026-08-05,PANW,81.3,Strong Buy,1,195
2026-08-07,PANW,77.8,Buy,7,195
2026-08-10,PANW,79.1,Strong Buy,5,195
2026-08-11,PANW,81.7,Strong Buy,4,195
2026-08-12,PANW,77.8,Strong,7,195
2026-08-13,PANW,80.9,Very Strong,3,195
2026-08-14,PANW,82.5,Very Strong,3,195
2026-08-17,PANW,76.8,Strong,8,195
2026-08-18,PANW,76.7,Strong,12,195
2026-08-19,PANW,79.4,Very Strong,3,195
2026-08-20,PANW,74.7,Strong,9,195
2026-08-21,PANW,76.4,Strong,8,195
2026-08-24,PANW,76.4,Strong,8,195
2026-08-25,PANW,78.3,Very Strong,11,195
2026-08-27,PANW,73.4,Strong,22,195
2026-08-28,PANW,85.8,Very Strong,3,195
2026-09-01,PANW,84.4,Very Strong,3,195
2026-09-02,PANW,79.8,Very Strong,6,195
2026-09-03,PANW,72.4,Strong,22,195
2026-09-04,PANW,75.4,Strong,19,195
2026-09-07,PANW,77.6,Strong,9,195
2026-09-08,PANW,77.1,Strong,10,195
2026-09-09,PANW,80.1,Very Strong,6,195
2026-09-10,PANW,74.9,Strong,22,195
2026-09-11,PANW,78.8,Very Strong,13,195
2026-09-15,PANW,82.8,Very Strong,5,195
2026-09-17,PANW,87.3,Very Strong,3,195
2026-09-18,PANW,80.9,Very Strong,10,195
2026-09-22,PANW,84,Very Strong,7,195
2026-09-23,PANW,85.8,Very Strong,4,195
2026-09-24,PANW,83.3,Very Strong,4,195
2026-08-05,PD,49.6,Hold,98,195
2026-08-07,PD,45.7,Hold,115,195
2026-08-10,PD,47.1,Hold,109,195
2026-08-11,PD,50.2,Hold,88,195
2026-08-12,PD,51.3,Neutral,91,195
2026-08-13,PD,45.8,Neutral,106,195
2026-08-14,PD,50,Neutral,94,195
2026-08-17,PD,46.9,Neutral,105,195
2026-08-18,PD,46.6,Neutral,108,195
2026-08-19,PD,50,Neutral,96,195
2026-08-20,PD,51.1,Neutral,88,195
2026-08-21,PD,52.3,Neutral,86,195
2026-08-24,PD,52.3,Neutral,86,195
2026-08-25,PD,88.2,Very Strong,1,195
2026-08-27,PD,80.9,Very Strong,7,195
2026-08-28,PD,82.7,Very Strong,8,195
2026-09-01,PD,86.4,Very Strong,1,195
2026-09-02,PD,79.9,Very Strong,5,195
2026-09-03,PD,79.7,Very Strong,9,195
2026-09-04,PD,83.2,Very Strong,3,195
2026-09-07,PD,79.1,Very Strong,7,195
2026-09-08,PD,79.1,Very Strong,7,195
2026-09-09,PD,79.2,Very Strong,10,195
2026-09-10,PD,84.9,Very Strong,3,195
2026-09-11,PD,87.3,Very Strong,1,195
2026-09-15,PD,88.8,Very Strong,1,195
2026-09-17,PD,87.8,Very Strong,1,195
2026-09-18,PD,82.9,Very Strong,6,195
2026-09-22,PD,87,Very Strong,1,195
2026-09-23,PD,87.8,Very Strong,1,195
2026-09-24,PD,87.2,Very Strong,1,195
2026-05-05,PEP,51.1,Hold,16,50
2026-06-01,PEP,41.9,Underperform,46,50
2026-06-02,PEP,42.6,Underperform,45,50
2026-06-03,PEP,43,Underperform,44,50
2026-06-04,PEP,44,Underperform,42,50
2026-06-08,PEP,43.3,Underperform,43,50
2026-06-09,PEP,42.3,Underperform,46,50
2026-06-11,PEP,45.9,Hold,36,50
2026-06-12,PEP,44.5,Underperform,36,50
2026-06-15,PEP,44.5,Underperform,36,50
2026-06-17,PEP,44.4,Underperform,39,50
2026-06-18,PEP,42.3,Underperform,39,50
2026-06-19,PEP,42.5,Underperform,40,50
2026-06-22,PEP,42.5,Underperform,40,50
2026-06-23,PEP,42.6,Underperform,37,50
2026-06-24,PEP,44.5,Underperform,35,50
2026-06-25,PEP,44.5,Underperform,37,50
2026-06-26,PEP,42.6,Underperform,37,50
2026-06-29,PEP,44.5,Underperform,34,50
2026-07-01,PEP,39,Underperform,44,50
2026-07-02,PEP,43,Underperform,37,50
2026-07-03,PEP,44.8,Underperform,31,50
2026-07-06,PEP,44.9,Underperform,31,50
2026-07-07,PEP,43.6,Underperform,33,50
2026-07-08,PEP,44.9,Underperform,31,50
2026-07-09,PEP,41.7,Underperform,39,50
2026-07-10,PEP,39.1,Underperform,40,50
2026-07-13,PEP,37.9,Underperform,39,50
2026-07-14,PEP,37.3,Underperform,44,50
2026-07-16,PEP,36.5,Underperform,44,50
2026-07-17,PEP,39.4,Underperform,41,50
2026-07-20,PEP,38.4,Underperform,43,50
2026-07-21,PEP,36.4,Underperform,46,50
2026-07-22,PEP,35.9,Underperform,43,50
2026-07-23,PEP,39.7,Underperform,38,50
2026-07-24,PEP,40.5,Underperform,36,50
2026-07-27,PEP,41.3,Underperform,36,50
2026-07-30,PEP,46.6,Hold,29,50
2026-07-31,PEP,38.9,Underperform,39,50
2026-08-03,PEP,36.9,Underperform,43,50
2026-08-05,PEP,26.9,Avoid,174,195
2026-08-07,PEP,18.3,Avoid,191,195
2026-08-10,PEP,17.1,Avoid,193,195
2026-08-11,PEP,16.5,Avoid,192,195
2026-08-12,PEP,19.7,Very Weak,190,195
2026-08-13,PEP,16.9,Very Weak,194,195
2026-08-14,PEP,22.8,Very Weak,187,195
2026-08-17,PEP,25,Very Weak,182,195
2026-08-18,PEP,17.1,Very Weak,191,195
2026-08-19,PEP,23.9,Very Weak,184,195
2026-08-20,PEP,25.9,Very Weak,183,195
2026-08-21,PEP,27.8,Very Weak,174,195
2026-08-24,PEP,27.8,Very Weak,174,195
2026-08-25,PEP,29.7,Very Weak,156,195
2026-08-27,PEP,23,Very Weak,172,195
2026-08-28,PEP,19.3,Very Weak,181,195
2026-09-01,PEP,22.6,Very Weak,173,195
2026-09-02,PEP,27.9,Very Weak,159,195
2026-09-03,PEP,29.3,Very Weak,158,195
2026-09-04,PEP,23.4,Very Weak,172,195
2026-09-07,PEP,19.4,Very Weak,184,195
2026-09-08,PEP,19.4,Very Weak,184,195
2026-09-09,PEP,24,Very Weak,167,195
2026-09-10,PEP,20.5,Very Weak,176,195
2026-09-11,PEP,24.1,Very Weak,171,195
2026-09-15,PEP,21,Very Weak,178,195
2026-09-17,PEP,20,Very Weak,183,195
2026-09-18,PEP,19,Very Weak,183,195
2026-09-22,PEP,17.1,Very Weak,186,195
2026-09-23,PEP,30.7,Weak,153,195
2026-09-24,PEP,28.8,Very Weak,155,195
2026-05-05,PG,45.2,Hold,23,50
2026-06-01,PG,45.2,Hold,41,50
2026-06-02,PG,45.5,Hold,38,50
2026-06-03,PG,46.1,Hold,36,50
2026-06-04,PG,45.9,Hold,33,50
2026-06-08,PG,53.6,Hold,19,50
2026-06-09,PG,52.3,Hold,25,50
2026-06-11,PG,55.6,Hold,11,50
2026-06-12,PG,52.8,Hold,19,50
2026-06-15,PG,54.7,Hold,17,50
2026-06-17,PG,55.5,Hold,13,50
2026-06-18,PG,55.4,Hold,14,50
2026-06-19,PG,55.9,Hold,14,50
2026-06-22,PG,55.9,Hold,14,50
2026-06-23,PG,53,Hold,20,50
2026-06-24,PG,55.7,Hold,14,50
2026-06-25,PG,56.9,Hold,12,50
2026-06-26,PG,51.4,Hold,24,50
2026-06-29,PG,52.5,Hold,22,50
2026-07-01,PG,47.5,Hold,28,50
2026-07-02,PG,48,Hold,27,50
2026-07-03,PG,52.5,Hold,23,50
2026-07-06,PG,52.7,Hold,23,50
2026-07-07,PG,49.8,Hold,25,50
2026-07-08,PG,53.1,Hold,20,50
2026-07-09,PG,48.3,Hold,27,50
2026-07-10,PG,45.7,Hold,31,50
2026-07-13,PG,42.9,Underperform,36,50
2026-07-14,PG,47.9,Hold,29,50
2026-07-16,PG,48.5,Hold,32,50
2026-07-17,PG,53.1,Hold,21,50
2026-07-20,PG,50,Hold,23,50
2026-07-21,PG,50.3,Hold,22,50
2026-07-22,PG,47.9,Hold,25,50
2026-07-23,PG,51.3,Hold,22,50
2026-07-24,PG,46.8,Hold,28,50
2026-07-27,PG,46.6,Hold,29,50
2026-07-30,PG,42.9,Underperform,34,50
2026-07-31,PG,38.3,Underperform,40,50
2026-08-03,PG,39.3,Underperform,40,50
2026-08-05,PG,34,Underperform,155,195
2026-08-07,PG,27.6,Avoid,177,195
2026-08-10,PG,21,Avoid,188,195
2026-08-11,PG,24.3,Avoid,185,195
2026-08-12,PG,21,Very Weak,189,195
2026-08-13,PG,20,Very Weak,190,195
2026-08-14,PG,19.7,Very Weak,191,195
2026-08-17,PG,22.7,Very Weak,184,195
2026-08-18,PG,20.4,Very Weak,187,195
2026-08-19,PG,23.3,Very Weak,186,195
2026-08-20,PG,24.4,Very Weak,185,195
2026-08-21,PG,24,Very Weak,185,195
2026-08-24,PG,24,Very Weak,185,195
2026-08-25,PG,28.6,Very Weak,160,195
2026-08-27,PG,22.2,Very Weak,174,195
2026-08-28,PG,21.3,Very Weak,172,195
2026-09-01,PG,30.9,Weak,151,195
2026-09-02,PG,35.8,Weak,136,195
2026-09-03,PG,39.5,Weak,129,195
2026-09-04,PG,31.3,Weak,151,195
2026-09-07,PG,31.4,Weak,149,195
2026-09-08,PG,31.4,Weak,149,195
2026-09-09,PG,27.1,Very Weak,162,195
2026-09-10,PG,25.3,Very Weak,160,195
2026-09-11,PG,29.1,Very Weak,155,195
2026-09-15,PG,35.4,Weak,140,195
2026-09-17,PG,42,Weak,116,195
2026-09-18,PG,36.4,Weak,136,195
2026-09-22,PG,32.5,Weak,144,195
2026-09-23,PG,58.8,Neutral,66,195
2026-09-24,PG,51.5,Neutral,87,195
2026-08-05,PINS,46,Hold,114,195
2026-08-07,PINS,40,Underperform,135,195
2026-08-10,PINS,39,Underperform,136,195
2026-08-11,PINS,43.4,Underperform,119,195
2026-08-12,PINS,37.5,Weak,141,195
2026-08-13,PINS,34.2,Weak,150,195
2026-08-14,PINS,40.1,Weak,139,195
2026-08-17,PINS,43.9,Weak,120,195
2026-08-18,PINS,36.1,Weak,140,195
2026-08-19,PINS,38.1,Weak,140,195
2026-08-20,PINS,41.9,Weak,130,195
2026-08-21,PINS,44.4,Weak,121,195
2026-08-24,PINS,44.3,Weak,121,195
2026-08-25,PINS,67.8,Strong,43,195
2026-08-27,PINS,59.1,Neutral,68,195
2026-08-28,PINS,54,Neutral,80,195
2026-09-01,PINS,44.1,Weak,114,195
2026-09-02,PINS,38.1,Weak,130,195
2026-09-03,PINS,36,Weak,139,195
2026-09-04,PINS,30.9,Weak,153,195
2026-09-07,PINS,27.7,Very Weak,159,195
2026-09-08,PINS,27.7,Very Weak,158,195
2026-09-09,PINS,28.8,Very Weak,155,195
2026-09-10,PINS,23.4,Very Weak,164,195
2026-09-11,PINS,29.8,Very Weak,152,195
2026-09-15,PINS,38.6,Weak,130,195
2026-09-17,PINS,28.6,Very Weak,159,195
2026-09-18,PINS,25,Very Weak,163,195
2026-09-22,PINS,38.1,Weak,133,195
2026-09-23,PINS,31.5,Weak,151,195
2026-09-24,PINS,42.3,Weak,117,195
2026-08-05,PLNT,21.9,Avoid,186,195
2026-08-07,PLNT,21.5,Avoid,185,195
2026-08-10,PLNT,23.4,Avoid,183,195
2026-08-11,PLNT,20.8,Avoid,188,195
2026-08-12,PLNT,19.2,Very Weak,191,195
2026-08-13,PLNT,22.6,Very Weak,186,195
2026-08-14,PLNT,24.3,Very Weak,182,195
2026-08-17,PLNT,25.3,Very Weak,181,195
2026-08-18,PLNT,26.7,Very Weak,177,195
2026-08-19,PLNT,33.3,Weak,155,195
2026-08-20,PLNT,34.6,Weak,159,195
2026-08-21,PLNT,32.5,Weak,161,195
2026-08-24,PLNT,32.4,Weak,161,195
2026-08-25,PLNT,25.7,Very Weak,167,195
2026-08-27,PLNT,30.6,Weak,153,195
2026-08-28,PLNT,21.2,Very Weak,173,195
2026-09-01,PLNT,22.6,Very Weak,173,195
2026-09-02,PLNT,20.8,Very Weak,176,195
2026-09-03,PLNT,26.2,Very Weak,164,195
2026-09-04,PLNT,22.9,Very Weak,173,195
2026-09-07,PLNT,22.3,Very Weak,174,195
2026-09-08,PLNT,22.3,Very Weak,174,195
2026-09-09,PLNT,21.7,Very Weak,174,195
2026-09-10,PLNT,28.4,Very Weak,151,195
2026-09-11,PLNT,29.3,Very Weak,154,195
2026-09-15,PLNT,33.9,Weak,148,195
2026-09-17,PLNT,27.4,Very Weak,164,195
2026-09-18,PLNT,25.2,Very Weak,161,195
2026-09-22,PLNT,19.4,Very Weak,182,195
2026-09-23,PLNT,18.2,Very Weak,179,195
2026-09-24,PLNT,22,Very Weak,177,195
2026-05-05,PM,41.3,Hold,29,50
2026-06-01,PM,51,Hold,24,50
2026-06-02,PM,50.7,Hold,25,50
2026-06-03,PM,51.6,Hold,22,50
2026-06-04,PM,53.7,Hold,16,50
2026-06-08,PM,55.3,Hold,13,50
2026-06-09,PM,52.8,Hold,21,50
2026-06-11,PM,58.5,Hold,5,50
2026-06-12,PM,55.7,Hold,14,50
2026-06-15,PM,56.4,Hold,11,50
2026-06-17,PM,58.6,Hold,5,50
2026-06-18,PM,56.1,Hold,12,50
2026-06-19,PM,54.8,Hold,16,50
2026-06-22,PM,54.8,Hold,16,50
2026-06-23,PM,48.5,Hold,29,50
2026-06-24,PM,55.2,Hold,16,50
2026-06-25,PM,56.2,Hold,15,50
2026-06-26,PM,55,Hold,19,50
2026-06-29,PM,55.7,Hold,17,50
2026-07-01,PM,55.6,Hold,17,50
2026-07-02,PM,50.1,Hold,23,50
2026-07-03,PM,53.6,Hold,20,50
2026-07-06,PM,54,Hold,20,50
2026-07-07,PM,57.4,Hold,13,50
2026-07-08,PM,59.8,Hold,11,50
2026-07-09,PM,60,Hold,12,50
2026-07-10,PM,52.4,Hold,22,50
2026-07-13,PM,51.3,Hold,26,50
2026-07-14,PM,47.5,Hold,31,50
2026-07-16,PM,51.5,Hold,23,50
2026-07-17,PM,59.9,Hold,11,50
2026-07-20,PM,64.8,Hold,6,50
2026-07-21,PM,67.1,Buy,4,50
2026-07-22,PM,60.2,Hold,11,50
2026-07-23,PM,63.7,Hold,8,50
2026-07-24,PM,59.6,Hold,13,50
2026-07-27,PM,60.4,Hold,12,50
2026-07-30,PM,61.8,Hold,13,50
2026-07-31,PM,56.3,Hold,17,50
2026-08-03,PM,57.1,Hold,16,50
2026-08-05,PM,41.4,Underperform,132,195
2026-08-07,PM,50.4,Hold,89,195
2026-08-10,PM,52.4,Hold,77,195
2026-08-11,PM,47.2,Hold,104,195
2026-08-12,PM,47.6,Neutral,104,195
2026-08-13,PM,44.5,Weak,111,195
2026-08-14,PM,49.5,Neutral,97,195
2026-08-17,PM,51.3,Neutral,88,195
2026-08-18,PM,42.1,Weak,123,195
2026-08-19,PM,49.6,Neutral,97,195
2026-08-20,PM,52.6,Neutral,82,195
2026-08-21,PM,47.9,Neutral,106,195
2026-08-24,PM,47.9,Neutral,105,195
2026-08-25,PM,38.9,Weak,127,195
2026-08-27,PM,45.5,Neutral,110,195
2026-08-28,PM,38.3,Weak,133,195
2026-09-01,PM,38.7,Weak,128,195
2026-09-02,PM,45.4,Neutral,109,195
2026-09-03,PM,43.2,Weak,115,195
2026-09-04,PM,40.7,Weak,129,195
2026-09-07,PM,35.6,Weak,140,195
2026-09-08,PM,35.4,Weak,140,195
2026-09-09,PM,41.6,Weak,119,195
2026-09-10,PM,46.2,Neutral,108,195
2026-09-11,PM,56.7,Neutral,78,195
2026-09-15,PM,50.4,Neutral,92,195
2026-09-17,PM,50.2,Neutral,98,195
2026-09-18,PM,50.3,Neutral,98,195
2026-09-22,PM,44.4,Weak,119,195
2026-09-23,PM,69.9,Strong,37,195
2026-09-24,PM,62.6,Neutral,58,195
2026-08-05,PRIM,42.7,Underperform,125,195
2026-08-07,PRIM,45.6,Hold,116,195
2026-08-10,PRIM,46.5,Hold,111,195
2026-08-11,PRIM,43.8,Underperform,114,195
2026-08-12,PRIM,46.8,Neutral,107,195
2026-08-13,PRIM,43.9,Weak,117,195
2026-08-14,PRIM,43.5,Weak,119,195
2026-08-17,PRIM,46.6,Neutral,106,195
2026-08-18,PRIM,48.9,Neutral,96,195
2026-08-19,PRIM,43.9,Weak,118,195
2026-08-20,PRIM,43.7,Weak,125,195
2026-08-21,PRIM,42.5,Weak,128,195
2026-08-24,PRIM,42.4,Weak,129,195
2026-08-25,PRIM,15.8,Very Weak,190,195
2026-08-27,PRIM,21.8,Very Weak,175,195
2026-08-28,PRIM,19,Very Weak,182,195
2026-09-01,PRIM,16.4,Very Weak,191,195
2026-09-02,PRIM,22.3,Very Weak,174,195
2026-09-03,PRIM,24.5,Very Weak,171,195
2026-09-04,PRIM,19.2,Very Weak,182,195
2026-09-07,PRIM,24.3,Very Weak,171,195
2026-09-08,PRIM,24.1,Very Weak,171,195
2026-09-09,PRIM,27.3,Very Weak,160,195
2026-09-10,PRIM,23.4,Very Weak,164,195
2026-09-11,PRIM,22.6,Very Weak,173,195
2026-09-15,PRIM,22,Very Weak,176,195
2026-09-17,PRIM,30.9,Weak,156,195
2026-09-18,PRIM,24.6,Very Weak,165,195
2026-09-22,PRIM,25.4,Very Weak,162,195
2026-09-23,PRIM,21.8,Very Weak,175,195
2026-09-24,PRIM,22.8,Very Weak,173,195
2026-08-05,PRPL,74.5,Buy,15,195
2026-08-07,PRPL,67.5,Buy,28,195
2026-08-10,PRPL,69.4,Buy,25,195
2026-08-11,PRPL,67,Buy,36,195
2026-08-12,PRPL,66.6,Strong,34,195
2026-08-13,PRPL,65.7,Strong,35,195
2026-08-14,PRPL,68.8,Strong,23,195
2026-08-17,PRPL,70.8,Strong,24,195
2026-08-18,PRPL,65.9,Strong,38,195
2026-08-19,PRPL,64.5,Neutral,38,195
2026-08-20,PRPL,64.9,Neutral,37,195
2026-08-21,PRPL,66.1,Strong,32,195
2026-08-24,PRPL,66.2,Strong,32,195
2026-08-25,PRPL,68.8,Strong,37,195
2026-08-27,PRPL,67.1,Strong,38,195
2026-08-28,PRPL,66.9,Strong,43,195
2026-09-01,PRPL,63.2,Neutral,52,195
2026-09-02,PRPL,63.6,Neutral,49,195
2026-09-03,PRPL,24.5,Very Weak,171,195
2026-09-04,PRPL,20.9,Very Weak,179,195
2026-09-07,PRPL,9.1,Very Weak,195,195
2026-09-08,PRPL,9.1,Very Weak,195,195
2026-09-09,PRPL,10.9,Very Weak,195,195
2026-09-10,PRPL,6,Very Weak,195,195
2026-09-11,PRPL,6,Very Weak,195,195
2026-09-15,PRPL,5.8,Very Weak,195,195
2026-09-17,PRPL,5.7,Very Weak,195,195
2026-09-18,PRPL,5.7,Very Weak,195,195
2026-09-22,PRPL,6,Very Weak,194,195
2026-09-23,PRPL,6.1,Very Weak,195,195
2026-09-24,PRPL,6.1,Very Weak,195,195
2026-08-05,PTGX,77,Buy,9,195
2026-08-07,PTGX,82.3,Strong Buy,2,195
2026-08-10,PTGX,76.2,Buy,14,195
2026-08-11,PTGX,79.8,Strong Buy,8,195
2026-08-12,PTGX,75.6,Strong,13,195
2026-08-13,PTGX,79.9,Very Strong,5,195
2026-08-14,PTGX,76.2,Strong,10,195
2026-08-17,PTGX,78.8,Very Strong,4,195
2026-08-18,PTGX,81.5,Very Strong,5,195
2026-08-19,PTGX,76.8,Strong,11,195
2026-08-20,PTGX,76.9,Strong,6,195
2026-08-21,PTGX,81.3,Very Strong,4,195
2026-08-24,PTGX,81.2,Very Strong,4,195
2026-08-25,PTGX,81,Very Strong,5,195
2026-08-27,PTGX,79.8,Very Strong,10,195
2026-08-28,PTGX,75.1,Strong,19,195
2026-09-01,PTGX,77.4,Strong,16,195
2026-09-02,PTGX,75.3,Strong,17,195
2026-09-03,PTGX,74,Strong,18,195
2026-09-04,PTGX,79,Very Strong,12,195
2026-09-07,PTGX,72.9,Strong,21,195
2026-09-08,PTGX,72.8,Strong,21,195
2026-09-09,PTGX,76.1,Strong,14,195
2026-09-10,PTGX,71.8,Strong,28,195
2026-09-11,PTGX,75.8,Strong,20,195
2026-09-15,PTGX,79.8,Very Strong,12,195
2026-09-17,PTGX,71,Strong,32,195
2026-09-18,PTGX,67.7,Strong,39,195
2026-09-22,PTGX,65.3,Strong,46,195
2026-09-23,PTGX,59.7,Neutral,63,195
2026-09-24,PTGX,67.6,Strong,40,195
2026-08-05,QBTS,58.9,Hold,58,195
2026-08-07,QBTS,46.4,Hold,110,195
2026-08-10,QBTS,50.4,Hold,95,195
2026-08-11,QBTS,47.6,Hold,102,195
2026-08-12,QBTS,50,Neutral,97,195
2026-08-13,QBTS,52.8,Neutral,87,195
2026-08-14,QBTS,54.4,Neutral,74,195
2026-08-17,QBTS,56.3,Neutral,68,195
2026-08-18,QBTS,52.2,Neutral,83,195
2026-08-19,QBTS,49.3,Neutral,99,195
2026-08-20,QBTS,48.2,Neutral,101,195
2026-08-21,QBTS,51.7,Neutral,90,195
2026-08-24,QBTS,51.6,Neutral,90,195
2026-08-25,QBTS,33.8,Weak,144,195
2026-08-27,QBTS,28.8,Very Weak,158,195
2026-08-28,QBTS,32.9,Weak,146,195
2026-09-01,QBTS,33.5,Weak,142,195
2026-09-02,QBTS,30.3,Weak,153,195
2026-09-03,QBTS,27.7,Very Weak,161,195
2026-09-04,QBTS,32.4,Weak,147,195
2026-09-07,QBTS,26.6,Very Weak,165,195
2026-09-08,QBTS,26.6,Very Weak,165,195
2026-09-09,QBTS,36.4,Weak,136,195
2026-09-10,QBTS,32.5,Weak,143,195
2026-09-11,QBTS,30.1,Weak,151,195
2026-09-15,QBTS,35.3,Weak,141,195
2026-09-17,QBTS,32.6,Weak,147,195
2026-09-18,QBTS,45.2,Neutral,115,195
2026-09-22,QBTS,45.4,Neutral,116,195
2026-09-23,QBTS,22,Very Weak,174,195
2026-09-24,QBTS,22.5,Very Weak,174,195
2026-05-05,QCOM,31.8,Underperform,50,50
2026-06-01,QCOM,61,Hold,1,50
2026-06-02,QCOM,59.7,Hold,3,50
2026-06-03,QCOM,61,Hold,2,50
2026-06-04,QCOM,61.5,Hold,1,50
2026-06-08,QCOM,57.8,Hold,3,50
2026-06-09,QCOM,58.5,Hold,4,50
2026-06-11,QCOM,53,Hold,17,50
2026-06-12,QCOM,55.8,Hold,13,50
2026-06-15,QCOM,58.7,Hold,10,50
2026-06-17,QCOM,56.4,Hold,10,50
2026-06-18,QCOM,58.5,Hold,7,50
2026-06-19,QCOM,62.7,Hold,3,50
2026-06-22,QCOM,62.7,Hold,3,50
2026-06-23,QCOM,60.7,Hold,7,50
2026-06-24,QCOM,54.8,Hold,17,50
2026-06-25,QCOM,52.7,Hold,22,50
2026-06-26,QCOM,55.3,Hold,18,50
2026-06-29,QCOM,48,Hold,28,50
2026-07-01,QCOM,45.3,Hold,33,50
2026-07-02,QCOM,44.1,Underperform,35,50
2026-07-03,QCOM,40.6,Underperform,41,50
2026-07-06,QCOM,40.8,Underperform,41,50
2026-07-07,QCOM,43,Underperform,34,50
2026-07-08,QCOM,40.7,Underperform,38,50
2026-07-09,QCOM,44.2,Underperform,33,50
2026-07-10,QCOM,46,Hold,29,50
2026-07-13,QCOM,43.8,Underperform,34,50
2026-07-14,QCOM,43.2,Underperform,34,50
2026-07-16,QCOM,41.5,Underperform,39,50
2026-07-17,QCOM,37.6,Underperform,44,50
2026-07-20,QCOM,40.7,Underperform,39,50
2026-07-21,QCOM,39.5,Underperform,41,50
2026-07-22,QCOM,42,Underperform,38,50
2026-07-23,QCOM,43.2,Underperform,34,50
2026-07-24,QCOM,38.9,Underperform,38,50
2026-07-27,QCOM,36.4,Underperform,41,50
2026-07-30,QCOM,32.6,Underperform,46,50
2026-07-31,QCOM,31.1,Underperform,46,50
2026-08-03,QCOM,29.1,Avoid,48,50
2026-08-05,QCOM,49.4,Hold,100,195
2026-08-07,QCOM,50.6,Hold,86,195
2026-08-10,QCOM,51.9,Hold,84,195
2026-08-11,QCOM,43.4,Underperform,119,195
2026-08-12,QCOM,45.8,Neutral,114,195
2026-08-13,QCOM,43.5,Weak,118,195
2026-08-14,QCOM,46.4,Neutral,109,195
2026-08-17,QCOM,48.8,Neutral,100,195
2026-08-18,QCOM,42.8,Weak,119,195
2026-08-19,QCOM,42.5,Weak,122,195
2026-08-20,QCOM,45.5,Neutral,112,195
2026-08-21,QCOM,42.5,Weak,128,195
2026-08-24,QCOM,42.5,Weak,128,195
2026-08-25,QCOM,41.4,Weak,120,195
2026-08-27,QCOM,51.4,Neutral,89,195
2026-08-28,QCOM,45.6,Neutral,108,195
2026-09-01,QCOM,57.7,Neutral,73,195
2026-09-02,QCOM,54.5,Neutral,81,195
2026-09-03,QCOM,58.7,Neutral,65,195
2026-09-04,QCOM,54.5,Neutral,77,195
2026-09-07,QCOM,57.5,Neutral,72,195
2026-09-08,QCOM,57.4,Neutral,74,195
2026-09-09,QCOM,65.7,Strong,44,195
2026-09-10,QCOM,70.8,Strong,30,195
2026-09-11,QCOM,73.1,Strong,27,195
2026-09-15,QCOM,66,Strong,44,195
2026-09-17,QCOM,69.1,Strong,35,195
2026-09-18,QCOM,72.2,Strong,29,195
2026-09-22,QCOM,72,Strong,25,195
2026-09-23,QCOM,68.9,Strong,39,195
2026-09-24,QCOM,67.9,Strong,39,195
2026-08-05,QRVO,49.7,Hold,97,195
2026-08-07,QRVO,48,Hold,102,195
2026-08-10,QRVO,49.1,Hold,104,195
2026-08-11,QRVO,40.3,Underperform,139,195
2026-08-12,QRVO,39.5,Weak,135,195
2026-08-13,QRVO,44.5,Weak,111,195
2026-08-14,QRVO,39.6,Weak,141,195
2026-08-17,QRVO,39.1,Weak,135,195
2026-08-18,QRVO,36.8,Weak,137,195
2026-08-19,QRVO,40.5,Weak,130,195
2026-08-20,QRVO,41.6,Weak,131,195
2026-08-21,QRVO,35.8,Weak,152,195
2026-08-24,QRVO,35.7,Weak,152,195
2026-08-25,QRVO,48.1,Neutral,104,195
2026-08-27,QRVO,51.3,Neutral,90,195
2026-08-28,QRVO,53.4,Neutral,86,195
2026-09-01,QRVO,54.5,Neutral,80,195
2026-09-02,QRVO,58.6,Neutral,66,195
2026-09-03,QRVO,65.9,Strong,42,195
2026-09-04,QRVO,58.3,Neutral,67,195
2026-09-07,QRVO,65.7,Strong,45,195
2026-09-08,QRVO,65.5,Strong,46,195
2026-09-09,QRVO,69.7,Strong,33,195
2026-09-10,QRVO,72.7,Strong,25,195
2026-09-11,QRVO,78.5,Very Strong,14,195
2026-09-15,QRVO,68.2,Strong,37,195
2026-09-17,QRVO,73.6,Strong,22,195
2026-09-18,QRVO,78.8,Very Strong,13,195
2026-09-22,QRVO,69.5,Strong,30,195
2026-09-23,QRVO,74.6,Strong,22,195
2026-09-24,QRVO,68.2,Strong,38,195
2026-08-05,RARE,40.2,Underperform,137,195
2026-08-07,RARE,29.6,Avoid,168,195
2026-08-10,RARE,23.9,Avoid,179,195
2026-08-11,RARE,29.6,Avoid,174,195
2026-08-12,RARE,31.5,Weak,168,195
2026-08-13,RARE,29.5,Very Weak,166,195
2026-08-14,RARE,27.9,Very Weak,174,195
2026-08-17,RARE,31.8,Weak,162,195
2026-08-18,RARE,29.9,Very Weak,164,195
2026-08-19,RARE,28.6,Very Weak,173,195
2026-08-20,RARE,33.1,Weak,163,195
2026-08-21,RARE,30.4,Weak,168,195
2026-08-24,RARE,30.4,Weak,167,195
2026-08-25,RARE,38.9,Weak,127,195
2026-08-27,RARE,44.7,Weak,114,195
2026-08-28,RARE,41.3,Weak,123,195
2026-09-01,RARE,40.4,Weak,124,195
2026-09-02,RARE,52.6,Neutral,86,195
2026-09-03,RARE,57.1,Neutral,73,195
2026-09-04,RARE,15,Very Weak,191,195
2026-09-07,RARE,18.6,Very Weak,186,195
2026-09-08,RARE,18.5,Very Weak,186,195
2026-09-09,RARE,13.7,Very Weak,190,195
2026-09-10,RARE,12,Very Weak,193,195
2026-09-11,RARE,15.9,Very Weak,189,195
2026-09-15,RARE,12.1,Very Weak,192,195
2026-09-17,RARE,10.9,Very Weak,192,195
2026-09-18,RARE,18,Very Weak,184,195
2026-09-22,RARE,14.9,Very Weak,191,195
2026-09-23,RARE,17.9,Very Weak,181,195
2026-09-24,RARE,20.8,Very Weak,180,195
2026-08-05,RBLX,13.3,Avoid,194,195
2026-08-07,RBLX,29.6,Avoid,168,195
2026-08-10,RBLX,31.8,Underperform,163,195
2026-08-11,RBLX,29.9,Avoid,170,195
2026-08-12,RBLX,29.3,Very Weak,171,195
2026-08-13,RBLX,28.3,Very Weak,173,195
2026-08-14,RBLX,33.1,Weak,157,195
2026-08-17,RBLX,34.3,Weak,153,195
2026-08-18,RBLX,29.7,Very Weak,165,195
2026-08-19,RBLX,29,Very Weak,172,195
2026-08-20,RBLX,33,Weak,164,195
2026-08-21,RBLX,29.5,Very Weak,171,195
2026-08-24,RBLX,29.4,Very Weak,171,195
2026-08-25,RBLX,16,Very Weak,189,195
2026-08-27,RBLX,11.1,Very Weak,193,195
2026-08-28,RBLX,15.8,Very Weak,187,195
2026-09-01,RBLX,24,Very Weak,168,195
2026-09-02,RBLX,19,Very Weak,181,195
2026-09-03,RBLX,22.4,Very Weak,177,195
2026-09-04,RBLX,19.9,Very Weak,180,195
2026-09-07,RBLX,28.2,Very Weak,155,195
2026-09-08,RBLX,28.1,Very Weak,154,195
2026-09-09,RBLX,34.6,Weak,141,195
2026-09-10,RBLX,30.5,Weak,148,195
2026-09-11,RBLX,36.4,Weak,130,195
2026-09-15,RBLX,43.1,Weak,120,195
2026-09-17,RBLX,33.3,Weak,144,195
2026-09-18,RBLX,31.8,Weak,146,195
2026-09-22,RBLX,43.8,Weak,122,195
2026-09-23,RBLX,39.4,Weak,124,195
2026-09-24,RBLX,39.3,Weak,128,195
2026-08-05,RGTI,51.5,Hold,86,195
2026-08-07,RGTI,47.5,Hold,105,195
2026-08-10,RGTI,51.5,Hold,89,195
2026-08-11,RGTI,49.4,Hold,91,195
2026-08-12,RGTI,53.6,Neutral,75,195
2026-08-13,RGTI,56.5,Neutral,68,195
2026-08-14,RGTI,58.8,Neutral,56,195
2026-08-17,RGTI,58.8,Neutral,58,195
2026-08-18,RGTI,55.9,Neutral,71,195
2026-08-19,RGTI,53.8,Neutral,78,195
2026-08-20,RGTI,48.3,Neutral,100,195
2026-08-21,RGTI,51.8,Neutral,88,195
2026-08-24,RGTI,51.8,Neutral,88,195
2026-08-25,RGTI,30.2,Weak,155,195
2026-08-27,RGTI,26,Very Weak,167,195
2026-08-28,RGTI,29.7,Very Weak,156,195
2026-09-01,RGTI,29.4,Very Weak,158,195
2026-09-02,RGTI,26.3,Very Weak,164,195
2026-09-03,RGTI,22.9,Very Weak,174,195
2026-09-04,RGTI,29.8,Very Weak,156,195
2026-09-07,RGTI,30.7,Weak,150,195
2026-09-08,RGTI,30.5,Weak,151,195
2026-09-09,RGTI,34.6,Weak,141,195
2026-09-10,RGTI,29.1,Very Weak,150,195
2026-09-11,RGTI,32.7,Weak,142,195
2026-09-15,RGTI,32.6,Weak,151,195
2026-09-17,RGTI,30.1,Weak,157,195
2026-09-18,RGTI,44.4,Weak,118,195
2026-09-22,RGTI,48.3,Neutral,102,195
2026-09-23,RGTI,24.2,Very Weak,173,195
2026-09-24,RGTI,26.9,Very Weak,163,195
2026-08-05,RJF,51,Hold,91,195
2026-08-07,RJF,58.2,Hold,57,195
2026-08-10,RJF,55.3,Hold,68,195
2026-08-11,RJF,59.2,Hold,56,195
2026-08-12,RJF,61.5,Neutral,48,195
2026-08-13,RJF,62.7,Neutral,45,195
2026-08-14,RJF,56.1,Neutral,63,195
2026-08-17,RJF,59,Neutral,57,195
2026-08-18,RJF,57.4,Neutral,64,195
2026-08-19,RJF,60.9,Neutral,50,195
2026-08-20,RJF,56.3,Neutral,60,195
2026-08-21,RJF,58.7,Neutral,59,195
2026-08-24,RJF,58.6,Neutral,60,195
2026-08-25,RJF,61.1,Neutral,63,195
2026-08-27,RJF,61.9,Neutral,56,195
2026-08-28,RJF,55.6,Neutral,73,195
2026-09-01,RJF,62,Neutral,56,195
2026-09-02,RJF,57.9,Neutral,72,195
2026-09-03,RJF,62.4,Neutral,55,195
2026-09-04,RJF,67,Strong,42,195
2026-09-07,RJF,61.1,Neutral,59,195
2026-09-08,RJF,61.1,Neutral,59,195
2026-09-09,RJF,62.9,Neutral,53,195
2026-09-10,RJF,63.8,Neutral,54,195
2026-09-11,RJF,60.2,Neutral,62,195
2026-09-15,RJF,54.2,Neutral,81,195
2026-09-17,RJF,50.7,Neutral,92,195
2026-09-18,RJF,47.4,Neutral,108,195
2026-09-22,RJF,45.9,Neutral,113,195
2026-09-23,RJF,47.6,Neutral,101,195
2026-09-24,RJF,51.6,Neutral,86,195
2026-08-05,ROAD,33.2,Underperform,157,195
2026-08-07,ROAD,46.3,Hold,111,195
2026-08-10,ROAD,58.4,Hold,61,195
2026-08-11,ROAD,54.4,Hold,69,195
2026-08-12,ROAD,57.5,Neutral,58,195
2026-08-13,ROAD,61.5,Neutral,52,195
2026-08-14,ROAD,55.4,Neutral,69,195
2026-08-17,ROAD,59.7,Neutral,55,195
2026-08-18,ROAD,58.8,Neutral,63,195
2026-08-19,ROAD,55.2,Neutral,70,195
2026-08-20,ROAD,60,Neutral,50,195
2026-08-21,ROAD,53.4,Neutral,77,195
2026-08-24,ROAD,53.5,Neutral,76,195
2026-08-25,ROAD,19.6,Very Weak,183,195
2026-08-27,ROAD,29.5,Very Weak,157,195
2026-08-28,ROAD,25.2,Very Weak,161,195
2026-09-01,ROAD,18.9,Very Weak,185,195
2026-09-02,ROAD,16.2,Very Weak,190,195
2026-09-03,ROAD,18.8,Very Weak,187,195
2026-09-04,ROAD,24.1,Very Weak,170,195
2026-09-07,ROAD,27.4,Very Weak,161,195
2026-09-08,ROAD,27.3,Very Weak,161,195
2026-09-09,ROAD,22.4,Very Weak,170,195
2026-09-10,ROAD,19,Very Weak,180,195
2026-09-11,ROAD,17.9,Very Weak,186,195
2026-09-15,ROAD,18.2,Very Weak,187,195
2026-09-17,ROAD,21.9,Very Weak,175,195
2026-09-18,ROAD,16.7,Very Weak,188,195
2026-09-22,ROAD,18.1,Very Weak,183,195
2026-09-23,ROAD,16.9,Very Weak,184,195
2026-09-24,ROAD,14.1,Very Weak,189,195
2026-08-05,ROKU,65.6,Buy,35,195
2026-08-07,ROKU,64.6,Hold,38,195
2026-08-10,ROKU,65.3,Buy,33,195
2026-08-11,ROKU,58.6,Hold,60,195
2026-08-12,ROKU,60.2,Neutral,51,195
2026-08-13,ROKU,61.8,Neutral,51,195
2026-08-14,ROKU,64.7,Neutral,40,195
2026-08-17,ROKU,67.4,Strong,35,195
2026-08-18,ROKU,68.4,Strong,33,195
2026-08-19,ROKU,68.9,Strong,29,195
2026-08-20,ROKU,62.5,Neutral,44,195
2026-08-21,ROKU,62.8,Neutral,41,195
2026-08-24,ROKU,62.8,Neutral,42,195
2026-08-25,ROKU,77.1,Strong,17,195
2026-08-27,ROKU,71,Strong,30,195
2026-08-28,ROKU,70.1,Strong,33,195
2026-09-01,ROKU,72.3,Strong,28,195
2026-09-02,ROKU,72.5,Strong,24,195
2026-09-03,ROKU,76.4,Strong,11,195
2026-09-04,ROKU,72.1,Strong,24,195
2026-09-07,ROKU,70.2,Strong,30,195
2026-09-08,ROKU,70.2,Strong,30,195
2026-09-09,ROKU,76.1,Strong,14,195
2026-09-10,ROKU,69.6,Strong,34,195
2026-09-11,ROKU,73.2,Strong,26,195
2026-09-15,ROKU,72.7,Strong,24,195
2026-09-17,ROKU,68,Strong,39,195
2026-09-18,ROKU,65.1,Strong,45,195
2026-09-22,ROKU,64.6,Neutral,50,195
2026-09-23,ROKU,65.5,Strong,51,195
2026-09-24,ROKU,64.6,Neutral,50,195
2026-05-05,RTX,58.3,Buy,1,50
2026-06-01,RTX,46.2,Hold,38,50
2026-06-02,RTX,44,Underperform,41,50
2026-06-03,RTX,43.8,Underperform,41,50
2026-06-04,RTX,42.2,Underperform,44,50
2026-06-08,RTX,46.2,Hold,34,50
2026-06-09,RTX,44.7,Underperform,35,50
2026-06-11,RTX,42.9,Underperform,42,50
2026-06-12,RTX,49.5,Hold,27,50
2026-06-15,RTX,48.3,Hold,29,50
2026-06-17,RTX,48.5,Hold,31,50
2026-06-18,RTX,52.9,Hold,20,50
2026-06-19,RTX,49.3,Hold,27,50
2026-06-22,RTX,49.3,Hold,27,50
2026-06-23,RTX,46.7,Hold,33,50
2026-06-24,RTX,48.7,Hold,30,50
2026-06-25,RTX,46.8,Hold,32,50
2026-06-26,RTX,49.2,Hold,29,50
2026-06-29,RTX,50,Hold,25,50
2026-07-01,RTX,52.2,Hold,21,50
2026-07-02,RTX,52,Hold,21,50
2026-07-03,RTX,54,Hold,19,50
2026-07-06,RTX,54.2,Hold,19,50
2026-07-07,RTX,57.5,Hold,12,50
2026-07-08,RTX,57.8,Hold,14,50
2026-07-09,RTX,53.3,Hold,20,50
2026-07-10,RTX,53.2,Hold,19,50
2026-07-13,RTX,51.7,Hold,25,50
2026-07-14,RTX,52.4,Hold,22,50
2026-07-16,RTX,54.4,Hold,15,50
2026-07-17,RTX,47.6,Hold,28,50
2026-07-20,RTX,50.5,Hold,22,50
2026-07-21,RTX,55.3,Hold,15,50
2026-07-22,RTX,52.8,Hold,19,50
2026-07-23,RTX,55.2,Hold,18,50
2026-07-24,RTX,62.8,Hold,9,50
2026-07-27,RTX,64.8,Hold,8,50
2026-07-30,RTX,65.8,Buy,7,50
2026-07-31,RTX,63.5,Hold,9,50
2026-08-03,RTX,63.6,Hold,8,50
2026-08-05,RTX,55.9,Hold,69,195
2026-08-07,RTX,69.4,Buy,25,195
2026-08-10,RTX,63.3,Hold,42,195
2026-08-11,RTX,64.8,Hold,41,195
2026-08-12,RTX,65.5,Strong,37,195
2026-08-13,RTX,60.6,Neutral,57,195
2026-08-14,RTX,59,Neutral,54,195
2026-08-17,RTX,62.2,Neutral,46,195
2026-08-18,RTX,60,Neutral,56,195
2026-08-19,RTX,62.6,Neutral,44,195
2026-08-20,RTX,59.8,Neutral,51,195
2026-08-21,RTX,54.3,Neutral,71,195
2026-08-24,RTX,54.3,Neutral,70,195
2026-08-25,RTX,34.9,Weak,142,195
2026-08-27,RTX,44.1,Weak,116,195
2026-08-28,RTX,38.2,Weak,135,195
2026-09-01,RTX,35.2,Weak,137,195
2026-09-02,RTX,33.1,Weak,145,195
2026-09-03,RTX,29.6,Very Weak,156,195
2026-09-04,RTX,29,Very Weak,158,195
2026-09-07,RTX,26.8,Very Weak,164,195
2026-09-08,RTX,26.7,Very Weak,164,195
2026-09-09,RTX,27.3,Very Weak,160,195
2026-09-10,RTX,28.1,Very Weak,152,195
2026-09-11,RTX,32.2,Weak,144,195
2026-09-15,RTX,25.1,Very Weak,168,195
2026-09-17,RTX,34.8,Weak,137,195
2026-09-18,RTX,25.3,Very Weak,160,195
2026-09-22,RTX,27.8,Very Weak,156,195
2026-09-23,RTX,34.1,Weak,143,195
2026-09-24,RTX,34.9,Weak,142,195
2026-08-05,RXRX,30.3,Underperform,166,195
2026-08-07,RXRX,22.8,Avoid,182,195
2026-08-10,RXRX,23.8,Avoid,180,195
2026-08-11,RXRX,26,Avoid,180,195
2026-08-12,RXRX,29.2,Very Weak,173,195
2026-08-13,RXRX,22,Very Weak,187,195
2026-08-14,RXRX,23.8,Very Weak,185,195
2026-08-17,RXRX,19.5,Very Weak,193,195
2026-08-18,RXRX,19.7,Very Weak,188,195
2026-08-19,RXRX,21.9,Very Weak,189,195
2026-08-20,RXRX,32.9,Weak,167,195
2026-08-21,RXRX,31.8,Weak,165,195
2026-08-24,RXRX,31.8,Weak,164,195
2026-08-25,RXRX,30.5,Weak,154,195
2026-08-27,RXRX,34.2,Weak,145,195
2026-08-28,RXRX,31.4,Weak,150,195
2026-09-01,RXRX,34.8,Weak,138,195
2026-09-02,RXRX,33.8,Weak,142,195
2026-09-03,RXRX,37.2,Weak,134,195
2026-09-04,RXRX,40.3,Weak,131,195
2026-09-07,RXRX,49.4,Neutral,101,195
2026-09-08,RXRX,49.3,Neutral,102,195
2026-09-09,RXRX,40.3,Weak,126,195
2026-09-10,RXRX,32.9,Weak,141,195
2026-09-11,RXRX,32.5,Weak,143,195
2026-09-15,RXRX,44.9,Weak,115,195
2026-09-17,RXRX,34.2,Weak,141,195
2026-09-18,RXRX,49.7,Neutral,99,195
2026-09-22,RXRX,63,Neutral,56,195
2026-09-23,RXRX,37.1,Weak,137,195
2026-09-24,RXRX,46.7,Neutral,106,195
2026-08-05,SANA,39.1,Underperform,138,195
2026-08-07,SANA,41.3,Underperform,133,195
2026-08-10,SANA,44,Underperform,123,195
2026-08-11,SANA,47.8,Hold,101,195
2026-08-12,SANA,52,Neutral,87,195
2026-08-13,SANA,48.4,Neutral,95,195
2026-08-14,SANA,45.9,Neutral,112,195
2026-08-17,SANA,44.2,Weak,117,195
2026-08-18,SANA,50.7,Neutral,89,195
2026-08-19,SANA,46.8,Neutral,110,195
2026-08-20,SANA,55,Neutral,65,195
2026-08-21,SANA,53,Neutral,82,195
2026-08-24,SANA,52.9,Neutral,82,195
2026-08-25,SANA,33.9,Weak,143,195
2026-08-27,SANA,45.8,Neutral,108,195
2026-08-28,SANA,37.1,Weak,138,195
2026-09-01,SANA,37.5,Weak,130,195
2026-09-02,SANA,41.7,Weak,119,195
2026-09-03,SANA,49.7,Neutral,97,195
2026-09-04,SANA,52.3,Neutral,86,195
2026-09-07,SANA,52.7,Neutral,89,195
2026-09-08,SANA,52.7,Neutral,90,195
2026-09-09,SANA,39.2,Weak,129,195
2026-09-10,SANA,32.6,Weak,142,195
2026-09-11,SANA,31.8,Weak,147,195
2026-09-15,SANA,36,Weak,139,195
2026-09-17,SANA,26.6,Very Weak,168,195
2026-09-18,SANA,34.6,Weak,142,195
2026-09-22,SANA,29.2,Very Weak,151,195
2026-09-23,SANA,26.7,Very Weak,163,195
2026-09-24,SANA,23,Very Weak,172,195
2026-08-05,SENEA,75,Buy,14,195
2026-08-07,SENEA,74,Buy,16,195
2026-08-10,SENEA,81.1,Strong Buy,4,195
2026-08-11,SENEA,82.9,Strong Buy,3,195
2026-08-12,SENEA,84.7,Very Strong,1,195
2026-08-13,SENEA,86,Very Strong,1,195
2026-08-14,SENEA,85.7,Very Strong,1,195
2026-08-17,SENEA,80.6,Very Strong,1,195
2026-08-18,SENEA,80.8,Very Strong,6,195
2026-08-19,SENEA,83.9,Very Strong,1,195
2026-08-20,SENEA,80.6,Very Strong,1,195
2026-08-21,SENEA,85.6,Very Strong,2,195
2026-08-24,SENEA,85.6,Very Strong,2,195
2026-08-25,SENEA,76.4,Strong,18,195
2026-08-27,SENEA,82.3,Very Strong,6,195
2026-08-28,SENEA,76.8,Strong,17,195
2026-09-01,SENEA,80.3,Very Strong,10,195
2026-09-02,SENEA,84.5,Very Strong,3,195
2026-09-03,SENEA,86.6,Very Strong,1,195
2026-09-04,SENEA,80.1,Very Strong,8,195
2026-09-07,SENEA,77.6,Strong,9,195
2026-09-08,SENEA,77.6,Strong,9,195
2026-09-09,SENEA,81.6,Very Strong,4,195
2026-09-10,SENEA,75.8,Strong,17,195
2026-09-11,SENEA,71.1,Strong,31,195
2026-09-15,SENEA,64.9,Neutral,47,195
2026-09-17,SENEA,74.1,Strong,19,195
2026-09-18,SENEA,68.2,Strong,38,195
2026-09-22,SENEA,62.4,Neutral,57,195
2026-09-23,SENEA,65.8,Strong,48,195
2026-09-24,SENEA,68.5,Strong,37,195
2026-08-05,SG,20.8,Avoid,187,195
2026-08-07,SG,24.4,Avoid,181,195
2026-08-10,SG,21.1,Avoid,187,195
2026-08-11,SG,24.8,Avoid,184,195
2026-08-12,SG,22.1,Very Weak,187,195
2026-08-13,SG,28.5,Very Weak,172,195
2026-08-14,SG,32.2,Weak,159,195
2026-08-17,SG,34.2,Weak,156,195
2026-08-18,SG,23.3,Very Weak,184,195
2026-08-19,SG,22.5,Very Weak,188,195
2026-08-20,SG,30.1,Weak,175,195
2026-08-21,SG,38.7,Weak,141,195
2026-08-24,SG,38.8,Weak,141,195
2026-08-25,SG,57.2,Neutral,75,195
2026-08-27,SG,49.9,Neutral,96,195
2026-08-28,SG,46.8,Neutral,106,195
2026-09-01,SG,60.5,Neutral,60,195
2026-09-02,SG,51.1,Neutral,92,195
2026-09-03,SG,56.6,Neutral,78,195
2026-09-04,SG,50.3,Neutral,95,195
2026-09-07,SG,58.5,Neutral,68,195
2026-09-08,SG,58.6,Neutral,68,195
2026-09-09,SG,60.3,Neutral,62,195
2026-09-10,SG,53,Neutral,89,195
2026-09-11,SG,60.2,Neutral,62,195
2026-09-15,SG,66.8,Strong,41,195
2026-09-17,SG,54.5,Neutral,81,195
2026-09-18,SG,61.8,Neutral,51,195
2026-09-22,SG,70.2,Strong,28,195
2026-09-23,SG,73.4,Strong,26,195
2026-09-24,SG,70.7,Strong,29,195
2026-08-05,SMPL,15.5,Avoid,193,195
2026-08-07,SMPL,16.5,Avoid,193,195
2026-08-10,SMPL,11,Avoid,195,195
2026-08-11,SMPL,11.1,Avoid,195,195
2026-08-12,SMPL,14.2,Very Weak,195,195
2026-08-13,SMPL,16.4,Very Weak,195,195
2026-08-14,SMPL,18.2,Very Weak,193,195
2026-08-17,SMPL,19.4,Very Weak,194,195
2026-08-18,SMPL,11.6,Very Weak,195,195
2026-08-19,SMPL,14.8,Very Weak,195,195
2026-08-20,SMPL,18.8,Very Weak,194,195
2026-08-21,SMPL,13.1,Very Weak,194,195
2026-08-24,SMPL,13.1,Very Weak,195,195
2026-08-25,SMPL,20.7,Very Weak,182,195
2026-08-27,SMPL,15.2,Very Weak,190,195
2026-08-28,SMPL,13.2,Very Weak,191,195
2026-09-01,SMPL,28.1,Very Weak,159,195
2026-09-02,SMPL,29.1,Very Weak,157,195
2026-09-03,SMPL,21.8,Very Weak,178,195
2026-09-04,SMPL,25.1,Very Weak,167,195
2026-09-07,SMPL,27.3,Very Weak,162,195
2026-09-08,SMPL,27.3,Very Weak,161,195
2026-09-09,SMPL,18.6,Very Weak,185,195
2026-09-10,SMPL,17.1,Very Weak,185,195
2026-09-11,SMPL,15.9,Very Weak,189,195
2026-09-15,SMPL,17.1,Very Weak,189,195
2026-09-17,SMPL,21.1,Very Weak,176,195
2026-09-18,SMPL,16.6,Very Weak,189,195
2026-09-22,SMPL,16,Very Weak,190,195
2026-09-23,SMPL,16.2,Very Weak,186,195
2026-09-24,SMPL,17.5,Very Weak,185,195
2026-08-05,SNAP,31.2,Underperform,162,195
2026-08-07,SNAP,26,Avoid,178,195
2026-08-10,SNAP,27.4,Avoid,177,195
2026-08-11,SNAP,30.6,Underperform,166,195
2026-08-12,SNAP,33.5,Weak,156,195
2026-08-13,SNAP,25.2,Very Weak,182,195
2026-08-14,SNAP,28.5,Very Weak,170,195
2026-08-17,SNAP,32.1,Weak,161,195
2026-08-18,SNAP,25,Very Weak,181,195
2026-08-19,SNAP,24.2,Very Weak,182,195
2026-08-20,SNAP,27.5,Very Weak,180,195
2026-08-21,SNAP,29.7,Very Weak,169,195
2026-08-24,SNAP,29.8,Very Weak,169,195
2026-08-25,SNAP,44.6,Weak,112,195
2026-08-27,SNAP,36.9,Weak,138,195
2026-08-28,SNAP,32.6,Weak,147,195
2026-09-01,SNAP,43.5,Weak,117,195
2026-09-02,SNAP,34.7,Weak,138,195
2026-09-03,SNAP,40.7,Weak,123,195
2026-09-04,SNAP,44.3,Weak,115,195
2026-09-07,SNAP,36.7,Weak,136,195
2026-09-08,SNAP,36.7,Weak,136,195
2026-09-09,SNAP,40.1,Weak,128,195
2026-09-10,SNAP,41.1,Weak,121,195
2026-09-11,SNAP,51.6,Neutral,97,195
2026-09-15,SNAP,62.7,Neutral,56,195
2026-09-17,SNAP,57.4,Neutral,71,195
2026-09-18,SNAP,55.3,Neutral,77,195
2026-09-22,SNAP,60.9,Neutral,61,195
2026-09-23,SNAP,40,Weak,123,195
2026-09-24,SNAP,42.9,Weak,115,195
2026-08-05,SOFI,43.1,Underperform,123,195
2026-08-07,SOFI,53.3,Hold,71,195
2026-08-10,SOFI,54.8,Hold,70,195
2026-08-11,SOFI,51.9,Hold,82,195
2026-08-12,SOFI,51.5,Neutral,89,195
2026-08-13,SOFI,51,Neutral,91,195
2026-08-14,SOFI,56.3,Neutral,61,195
2026-08-17,SOFI,52.1,Neutral,82,195
2026-08-18,SOFI,56.7,Neutral,69,195
2026-08-19,SOFI,50.7,Neutral,90,195
2026-08-20,SOFI,57.1,Neutral,56,195
2026-08-21,SOFI,59.2,Neutral,57,195
2026-08-24,SOFI,59.2,Neutral,57,195
2026-08-25,SOFI,39.4,Weak,125,195
2026-08-27,SOFI,39.7,Weak,128,195
2026-08-28,SOFI,45,Neutral,111,195
2026-09-01,SOFI,33.6,Weak,140,195
2026-09-02,SOFI,30.1,Weak,154,195
2026-09-03,SOFI,39.8,Weak,128,195
2026-09-04,SOFI,43.7,Weak,119,195
2026-09-07,SOFI,39.1,Weak,133,195
2026-09-08,SOFI,38.9,Weak,133,195
2026-09-09,SOFI,38.8,Weak,130,195
2026-09-10,SOFI,35.8,Weak,133,195
2026-09-11,SOFI,34.7,Weak,135,195
2026-09-15,SOFI,37.2,Weak,134,195
2026-09-17,SOFI,34,Weak,143,195
2026-09-18,SOFI,31.6,Weak,147,195
2026-09-22,SOFI,33.7,Weak,140,195
2026-09-23,SOFI,26.3,Very Weak,168,195
2026-09-24,SOFI,30.2,Weak,151,195
2026-08-05,SOUN,24.3,Avoid,178,195
2026-08-07,SOUN,49.4,Hold,95,195
2026-08-10,SOUN,51.3,Hold,91,195
2026-08-11,SOUN,46.4,Hold,108,195
2026-08-12,SOUN,46.3,Neutral,110,195
2026-08-13,SOUN,46.7,Neutral,102,195
2026-08-14,SOUN,49.5,Neutral,97,195
2026-08-17,SOUN,45.9,Neutral,109,195
2026-08-18,SOUN,44,Weak,116,195
2026-08-19,SOUN,44.1,Weak,116,195
2026-08-20,SOUN,47.4,Neutral,104,195
2026-08-21,SOUN,48.8,Neutral,103,195
2026-08-24,SOUN,48.8,Neutral,103,195
2026-08-25,SOUN,22.6,Very Weak,174,195
2026-08-27,SOUN,20.7,Very Weak,176,195
2026-08-28,SOUN,24.6,Very Weak,164,195
2026-09-01,SOUN,25.8,Very Weak,163,195
2026-09-02,SOUN,20.6,Very Weak,178,195
2026-09-03,SOUN,20.6,Very Weak,182,195
2026-09-04,SOUN,19.3,Very Weak,181,195
2026-09-07,SOUN,21.9,Very Weak,178,195
2026-09-08,SOUN,21.8,Very Weak,178,195
2026-09-09,SOUN,18.7,Very Weak,183,195
2026-09-10,SOUN,20.9,Very Weak,175,195
2026-09-11,SOUN,18.9,Very Weak,183,195
2026-09-15,SOUN,23.9,Very Weak,172,195
2026-09-17,SOUN,15.5,Very Weak,188,195
2026-09-18,SOUN,20.8,Very Weak,177,195
2026-09-22,SOUN,28.9,Very Weak,152,195
2026-09-23,SOUN,20.6,Very Weak,176,195
2026-09-24,SOUN,16.3,Very Weak,186,195
2026-05-05,SPGI,35.9,Underperform,41,50
2026-06-01,SPGI,46.8,Hold,36,50
2026-06-02,SPGI,48.9,Hold,27,50
2026-06-03,SPGI,46.3,Hold,35,50
2026-06-04,SPGI,44.1,Underperform,40,50
2026-06-08,SPGI,46.3,Hold,32,50
2026-06-09,SPGI,44.7,Underperform,35,50
2026-06-11,SPGI,50.1,Hold,27,50
2026-06-12,SPGI,43.2,Underperform,39,50
2026-06-15,SPGI,44.2,Underperform,38,50
2026-06-17,SPGI,48.8,Hold,30,50
2026-06-18,SPGI,44,Underperform,37,50
2026-06-19,SPGI,41.1,Underperform,42,50
2026-06-22,SPGI,41.1,Underperform,42,50
2026-06-23,SPGI,41.7,Underperform,38,50
2026-06-24,SPGI,39.6,Underperform,44,50
2026-06-25,SPGI,40.4,Underperform,40,50
2026-06-26,SPGI,39.7,Underperform,39,50
2026-06-29,SPGI,40.9,Underperform,38,50
2026-07-01,SPGI,40.2,Underperform,39,50
2026-07-02,SPGI,47.9,Hold,28,50
2026-07-03,SPGI,52.3,Hold,24,50
2026-07-06,SPGI,52.5,Hold,24,50
2026-07-07,SPGI,54.1,Hold,21,50
2026-07-08,SPGI,53.3,Hold,19,50
2026-07-09,SPGI,51.5,Hold,24,50
2026-07-10,SPGI,51.8,Hold,23,50
2026-07-13,SPGI,50.4,Hold,29,50
2026-07-14,SPGI,53.1,Hold,19,50
2026-07-16,SPGI,54.7,Hold,14,50
2026-07-17,SPGI,56.4,Hold,14,50
2026-07-20,SPGI,54.5,Hold,17,50
2026-07-21,SPGI,54.9,Hold,17,50
2026-07-22,SPGI,49.5,Hold,21,50
2026-07-23,SPGI,47.7,Hold,28,50
2026-07-24,SPGI,45,Hold,30,50
2026-07-27,SPGI,47.4,Hold,28,50
2026-07-30,SPGI,45.4,Hold,31,50
2026-07-31,SPGI,42.9,Underperform,33,50
2026-08-03,SPGI,42.3,Underperform,32,50
2026-08-05,SPGI,25.7,Avoid,176,195
2026-08-07,SPGI,32.9,Underperform,158,195
2026-08-10,SPGI,33.1,Underperform,157,195
2026-08-11,SPGI,37.5,Underperform,146,195
2026-08-12,SPGI,32.9,Weak,159,195
2026-08-13,SPGI,35.8,Weak,147,195
2026-08-14,SPGI,42.3,Weak,121,195
2026-08-17,SPGI,36.9,Weak,140,195
2026-08-18,SPGI,33.4,Weak,150,195
2026-08-19,SPGI,40.4,Weak,131,195
2026-08-20,SPGI,44.1,Weak,120,195
2026-08-21,SPGI,41.8,Weak,132,195
2026-08-24,SPGI,41.8,Weak,132,195
2026-08-25,SPGI,47,Neutral,109,195
2026-08-27,SPGI,45,Neutral,112,195
2026-08-28,SPGI,38.9,Weak,128,195
2026-09-01,SPGI,39.2,Weak,125,195
2026-09-02,SPGI,46.7,Neutral,106,195
2026-09-03,SPGI,40.1,Weak,127,195
2026-09-04,SPGI,45.1,Neutral,111,195
2026-09-07,SPGI,40,Weak,130,195
2026-09-08,SPGI,39.8,Weak,130,195
2026-09-09,SPGI,37.3,Weak,134,195
2026-09-10,SPGI,33.9,Weak,137,195
2026-09-11,SPGI,33.1,Weak,140,195
2026-09-15,SPGI,34.6,Weak,144,195
2026-09-17,SPGI,32.1,Weak,150,195
2026-09-18,SPGI,30.3,Weak,150,195
2026-09-22,SPGI,30.8,Weak,148,195
2026-09-23,SPGI,48.9,Neutral,97,195
2026-09-24,SPGI,42.3,Weak,117,195
2026-08-05,SRPT,42.2,Underperform,129,195
2026-08-07,SRPT,22.6,Avoid,183,195
2026-08-10,SRPT,17.6,Avoid,192,195
2026-08-11,SRPT,23,Avoid,187,195
2026-08-12,SRPT,27.7,Very Weak,178,195
2026-08-13,SRPT,29.2,Very Weak,167,195
2026-08-14,SRPT,23.8,Very Weak,185,195
2026-08-17,SRPT,22.6,Very Weak,186,195
2026-08-18,SRPT,29.1,Very Weak,168,195
2026-08-19,SRPT,25.7,Very Weak,178,195
2026-08-20,SRPT,33,Weak,164,195
2026-08-21,SRPT,26.5,Very Weak,180,195
2026-08-24,SRPT,26.3,Very Weak,180,195
2026-08-25,SRPT,37.5,Weak,131,195
2026-08-27,SRPT,53.2,Neutral,86,195
2026-08-28,SRPT,64.8,Neutral,49,195
2026-09-01,SRPT,66.8,Strong,43,195
2026-09-02,SRPT,72.4,Strong,26,195
2026-09-03,SRPT,75.9,Strong,14,195
2026-09-04,SRPT,67.5,Strong,38,195
2026-09-07,SRPT,65.3,Strong,47,195
2026-09-08,SRPT,65.3,Strong,47,195
2026-09-09,SRPT,60.2,Neutral,63,195
2026-09-10,SRPT,68.7,Strong,36,195
2026-09-11,SRPT,59.7,Neutral,64,195
2026-09-15,SRPT,63.1,Neutral,54,195
2026-09-17,SRPT,55.3,Neutral,79,195
2026-09-18,SRPT,60.4,Neutral,61,195
2026-09-22,SRPT,47.9,Neutral,104,195
2026-09-23,SRPT,38.9,Weak,128,195
2026-09-24,SRPT,44.8,Weak,111,195
2026-08-05,STRL,57.3,Hold,64,195
2026-08-07,STRL,64.5,Hold,40,195
2026-08-10,STRL,64.4,Hold,37,195
2026-08-11,STRL,58.7,Hold,58,195
2026-08-12,STRL,61,Neutral,50,195
2026-08-13,STRL,63.7,Neutral,42,195
2026-08-14,STRL,65.1,Strong,39,195
2026-08-17,STRL,66.5,Strong,37,195
2026-08-18,STRL,69.4,Strong,26,195
2026-08-19,STRL,61.8,Neutral,47,195
2026-08-20,STRL,60.6,Neutral,49,195
2026-08-21,STRL,59.4,Neutral,55,195
2026-08-24,STRL,59.3,Neutral,56,195
2026-08-25,STRL,45.8,Neutral,110,195
2026-08-27,STRL,49.9,Neutral,96,195
2026-08-28,STRL,53.7,Neutral,82,195
2026-09-01,STRL,48.8,Neutral,99,195
2026-09-02,STRL,47.9,Neutral,99,195
2026-09-03,STRL,46.2,Neutral,109,195
2026-09-04,STRL,47.9,Neutral,102,195
2026-09-07,STRL,54.6,Neutral,88,195
2026-09-08,STRL,54.6,Neutral,88,195
2026-09-09,STRL,59,Neutral,73,195
2026-09-10,STRL,53,Neutral,89,195
2026-09-11,STRL,51.2,Neutral,98,195
2026-09-15,STRL,48.7,Neutral,100,195
2026-09-17,STRL,54.4,Neutral,84,195
2026-09-18,STRL,57.6,Neutral,68,195
2026-09-22,STRL,52.7,Neutral,81,195
2026-09-23,STRL,38.9,Weak,128,195
2026-09-24,STRL,36.2,Weak,134,195
2026-08-05,SWKS,42.3,Underperform,128,195
2026-08-07,SWKS,29.6,Avoid,168,195
2026-08-10,SWKS,36,Underperform,149,195
2026-08-11,SWKS,30.1,Underperform,168,195
2026-08-12,SWKS,28.6,Very Weak,176,195
2026-08-13,SWKS,34,Weak,151,195
2026-08-14,SWKS,29.1,Very Weak,167,195
2026-08-17,SWKS,29.3,Very Weak,170,195
2026-08-18,SWKS,27.7,Very Weak,175,195
2026-08-19,SWKS,31.2,Weak,162,195
2026-08-20,SWKS,32.7,Weak,169,195
2026-08-21,SWKS,28,Very Weak,173,195
2026-08-24,SWKS,27.8,Very Weak,174,195
2026-08-25,SWKS,41.8,Weak,117,195
2026-08-27,SWKS,48.5,Neutral,101,195
2026-08-28,SWKS,50.8,Neutral,91,195
2026-09-01,SWKS,52,Neutral,88,195
2026-09-02,SWKS,57,Neutral,75,195
2026-09-03,SWKS,66.1,Strong,41,195
2026-09-04,SWKS,57.8,Neutral,70,195
2026-09-07,SWKS,66.5,Strong,43,195
2026-09-08,SWKS,66.4,Strong,43,195
2026-09-09,SWKS,71.1,Strong,31,195
2026-09-10,SWKS,75.6,Strong,18,195
2026-09-11,SWKS,81.8,Very Strong,6,195
2026-09-15,SWKS,71.2,Strong,29,195
2026-09-17,SWKS,78.2,Very Strong,12,195
2026-09-18,SWKS,82.6,Very Strong,7,195
2026-09-22,SWKS,75.3,Strong,20,195
2026-09-23,SWKS,75.4,Strong,21,195
2026-09-24,SWKS,69.1,Strong,34,195
2026-08-05,TDUP,42.2,Underperform,129,195
2026-08-07,TDUP,36.7,Underperform,144,195
2026-08-10,TDUP,38.3,Underperform,140,195
2026-08-11,TDUP,41.2,Underperform,133,195
2026-08-12,TDUP,36.8,Weak,143,195
2026-08-13,TDUP,36.2,Weak,145,195
2026-08-14,TDUP,40.1,Weak,139,195
2026-08-17,TDUP,36.3,Weak,144,195
2026-08-18,TDUP,35.2,Weak,141,195
2026-08-19,TDUP,35.1,Weak,150,195
2026-08-20,TDUP,38,Weak,146,195
2026-08-21,TDUP,38.6,Weak,143,195
2026-08-24,TDUP,38.4,Weak,143,195
2026-08-25,TDUP,24.6,Very Weak,171,195
2026-08-27,TDUP,17.9,Very Weak,184,195
2026-08-28,TDUP,17.1,Very Weak,184,195
2026-09-01,TDUP,17.4,Very Weak,189,195
2026-09-02,TDUP,20.1,Very Weak,180,195
2026-09-03,TDUP,23.9,Very Weak,173,195
2026-09-04,TDUP,21.6,Very Weak,176,195
2026-09-07,TDUP,27.1,Very Weak,163,195
2026-09-08,TDUP,26.9,Very Weak,163,195
2026-09-09,TDUP,21.9,Very Weak,172,195
2026-09-10,TDUP,27.3,Very Weak,156,195
2026-09-11,TDUP,20.2,Very Weak,181,195
2026-09-15,TDUP,25.5,Very Weak,166,195
2026-09-17,TDUP,20.2,Very Weak,181,195
2026-09-18,TDUP,20.5,Very Weak,179,195
2026-09-22,TDUP,21.6,Very Weak,176,195
2026-09-23,TDUP,17.3,Very Weak,183,195
2026-09-24,TDUP,19.8,Very Weak,183,195
2026-08-05,TEAM,41.4,Underperform,132,195
2026-08-07,TEAM,37.3,Underperform,141,195
2026-08-10,TEAM,49,Hold,105,195
2026-08-11,TEAM,51.8,Hold,83,195
2026-08-12,TEAM,53,Neutral,78,195
2026-08-13,TEAM,54.3,Neutral,77,195
2026-08-14,TEAM,56.1,Neutral,63,195
2026-08-17,TEAM,50,Neutral,95,195
2026-08-18,TEAM,49.3,Neutral,94,195
2026-08-19,TEAM,52.8,Neutral,81,195
2026-08-20,TEAM,55.1,Neutral,64,195
2026-08-21,TEAM,51.1,Neutral,92,195
2026-08-24,TEAM,51.1,Neutral,92,195
2026-08-25,TEAM,79.2,Very Strong,7,195
2026-08-27,TEAM,78.1,Very Strong,14,195
2026-08-28,TEAM,80.3,Very Strong,10,195
2026-09-01,TEAM,83.4,Very Strong,4,195
2026-09-02,TEAM,75.9,Strong,15,195
2026-09-03,TEAM,76.6,Strong,10,195
2026-09-04,TEAM,79.9,Very Strong,9,195
2026-09-07,TEAM,75.8,Strong,13,195
2026-09-08,TEAM,75.8,Strong,13,195
2026-09-09,TEAM,76.6,Strong,13,195
2026-09-10,TEAM,81.7,Very Strong,6,195
2026-09-11,TEAM,83.8,Very Strong,3,195
2026-09-15,TEAM,80.7,Very Strong,10,195
2026-09-17,TEAM,81.9,Very Strong,7,195
2026-09-18,TEAM,84.7,Very Strong,2,195
2026-09-22,TEAM,82.6,Very Strong,9,195
2026-09-23,TEAM,83.1,Very Strong,9,195
2026-09-24,TEAM,81.7,Very Strong,9,195
2026-08-05,TER,76.9,Buy,10,195
2026-08-07,TER,69.9,Buy,24,195
2026-08-10,TER,64.8,Hold,35,195
2026-08-11,TER,60.4,Hold,52,195
2026-08-12,TER,66.2,Strong,36,195
2026-08-13,TER,75,Strong,15,195
2026-08-14,TER,77,Strong,9,195
2026-08-17,TER,79,Very Strong,3,195
2026-08-18,TER,83.3,Very Strong,2,195
2026-08-19,TER,73.5,Strong,17,195
2026-08-20,TER,65.1,Strong,35,195
2026-08-21,TER,62.8,Neutral,41,195
2026-08-24,TER,62.9,Neutral,40,195
2026-08-25,TER,52.7,Neutral,86,195
2026-08-27,TER,51.1,Neutral,92,195
2026-08-28,TER,58.5,Neutral,67,195
2026-09-01,TER,51.9,Neutral,89,195
2026-09-02,TER,50.5,Neutral,94,195
2026-09-03,TER,56.4,Neutral,82,195
2026-09-04,TER,51.4,Neutral,90,195
2026-09-07,TER,63.7,Neutral,54,195
2026-09-08,TER,63.7,Neutral,54,195
2026-09-09,TER,71.5,Strong,28,195
2026-09-10,TER,75.6,Strong,18,195
2026-09-11,TER,67.4,Strong,43,195
2026-09-15,TER,50.6,Neutral,91,195
2026-09-17,TER,60.4,Neutral,60,195
2026-09-18,TER,61.8,Neutral,51,195
2026-09-22,TER,68.6,Strong,33,195
2026-09-23,TER,42.2,Weak,117,195
2026-09-24,TER,37.1,Weak,132,195
2026-05-05,TMO,37.8,Underperform,34,50
2026-06-01,TMO,47.9,Hold,30,50
2026-06-02,TMO,48.8,Hold,28,50
2026-06-03,TMO,47.5,Hold,31,50
2026-06-04,TMO,45.4,Hold,36,50
2026-06-08,TMO,43.4,Underperform,41,50
2026-06-09,TMO,42.5,Underperform,45,50
2026-06-11,TMO,46,Hold,35,50
2026-06-12,TMO,43.1,Underperform,41,50
2026-06-15,TMO,40.4,Underperform,45,50
2026-06-17,TMO,40.5,Underperform,43,50
2026-06-18,TMO,39.2,Underperform,43,50
2026-06-19,TMO,39.2,Underperform,44,50
2026-06-22,TMO,39.2,Underperform,44,50
2026-06-23,TMO,40.4,Underperform,43,50
2026-06-24,TMO,40.9,Underperform,39,50
2026-06-25,TMO,46.8,Hold,32,50
2026-06-26,TMO,49.4,Hold,28,50
2026-06-29,TMO,50.3,Hold,23,50
2026-07-01,TMO,46.4,Hold,30,50
2026-07-02,TMO,48.2,Hold,26,50
2026-07-03,TMO,48.2,Hold,28,50
2026-07-06,TMO,48.4,Hold,27,50
2026-07-07,TMO,45.8,Hold,30,50
2026-07-08,TMO,46.3,Hold,29,50
2026-07-09,TMO,45.4,Hold,31,50
2026-07-10,TMO,51,Hold,24,50
2026-07-13,TMO,51.8,Hold,24,50
2026-07-14,TMO,52.7,Hold,21,50
2026-07-16,TMO,50.1,Hold,27,50
2026-07-17,TMO,50.1,Hold,24,50
2026-07-20,TMO,48.5,Hold,25,50
2026-07-21,TMO,46.9,Hold,27,50
2026-07-22,TMO,45.8,Hold,28,50
2026-07-23,TMO,49.9,Hold,25,50
2026-07-24,TMO,58.5,Hold,15,50
2026-07-27,TMO,54.5,Hold,19,50
2026-07-30,TMO,58.3,Hold,16,50
2026-07-31,TMO,58,Hold,15,50
2026-08-03,TMO,58.5,Hold,14,50
2026-08-05,TMO,47.8,Hold,110,195
2026-08-07,TMO,41.6,Underperform,131,195
2026-08-10,TMO,41.5,Underperform,129,195
2026-08-11,TMO,43.2,Underperform,122,195
2026-08-12,TMO,45.1,Neutral,119,195
2026-08-13,TMO,38.8,Weak,139,195
2026-08-14,TMO,38.6,Weak,144,195
2026-08-17,TMO,36.9,Weak,140,195
2026-08-18,TMO,40.9,Weak,125,195
2026-08-19,TMO,44.4,Weak,115,195
2026-08-20,TMO,45.4,Neutral,113,195
2026-08-21,TMO,41.7,Weak,133,195
2026-08-24,TMO,41.7,Weak,133,195
2026-08-25,TMO,63.6,Neutral,57,195
2026-08-27,TMO,65.8,Strong,42,195
2026-08-28,TMO,58.7,Neutral,66,195
2026-09-01,TMO,59.9,Neutral,64,195
2026-09-02,TMO,56,Neutral,79,195
2026-09-03,TMO,61.1,Neutral,60,195
2026-09-04,TMO,62.5,Neutral,57,195
2026-09-07,TMO,58.1,Neutral,69,195
2026-09-08,TMO,58,Neutral,69,195
2026-09-09,TMO,56.5,Neutral,80,195
2026-09-10,TMO,63.9,Neutral,52,195
2026-09-11,TMO,66.5,Strong,47,195
2026-09-15,TMO,70.8,Strong,30,195
2026-09-17,TMO,77.5,Strong,13,195
2026-09-18,TMO,77.7,Strong,14,195
2026-09-22,TMO,68.8,Strong,32,195
2026-09-23,TMO,78.4,Very Strong,16,195
2026-09-24,TMO,77.5,Strong,17,195
2026-08-05,TOST,47.5,Hold,111,195
2026-08-07,TOST,64.3,Hold,42,195
2026-08-10,TOST,61.3,Hold,49,195
2026-08-11,TOST,67.6,Buy,35,195
2026-08-12,TOST,65.3,Strong,39,195
2026-08-13,TOST,64.2,Neutral,41,195
2026-08-14,TOST,68,Strong,27,195
2026-08-17,TOST,64.2,Neutral,42,195
2026-08-18,TOST,63.5,Neutral,47,195
2026-08-19,TOST,67.3,Strong,32,195
2026-08-20,TOST,69,Strong,24,195
2026-08-21,TOST,72.8,Strong,13,195
2026-08-24,TOST,72.8,Strong,13,195
2026-08-25,TOST,79.6,Very Strong,6,195
2026-08-27,TOST,75.7,Strong,17,195
2026-08-28,TOST,67.2,Strong,41,195
2026-09-01,TOST,62.5,Neutral,53,195
2026-09-02,TOST,58.1,Neutral,71,195
2026-09-03,TOST,62.5,Neutral,54,195
2026-09-04,TOST,54.8,Neutral,76,195
2026-09-07,TOST,58.7,Neutral,67,195
2026-09-08,TOST,58.7,Neutral,67,195
2026-09-09,TOST,57.5,Neutral,78,195
2026-09-10,TOST,54.7,Neutral,85,195
2026-09-11,TOST,54.1,Neutral,87,195
2026-09-15,TOST,62.1,Neutral,58,195
2026-09-17,TOST,49.9,Neutral,101,195
2026-09-18,TOST,46.8,Neutral,110,195
2026-09-22,TOST,43.7,Weak,123,195
2026-09-23,TOST,53.5,Neutral,86,195
2026-09-24,TOST,47.4,Neutral,102,195
2026-08-05,TROW,54.4,Hold,77,195
2026-08-07,TROW,37.9,Underperform,138,195
2026-08-10,TROW,36.2,Underperform,148,195
2026-08-11,TROW,36,Underperform,149,195
2026-08-12,TROW,38.4,Weak,140,195
2026-08-13,TROW,32.4,Weak,157,195
2026-08-14,TROW,31.3,Weak,163,195
2026-08-17,TROW,31,Weak,165,195
2026-08-18,TROW,35.1,Weak,142,195
2026-08-19,TROW,37.3,Weak,144,195
2026-08-20,TROW,38.9,Weak,143,195
2026-08-21,TROW,33.8,Weak,157,195
2026-08-24,TROW,33.9,Weak,156,195
2026-08-25,TROW,58.7,Neutral,70,195
2026-08-27,TROW,57.4,Neutral,75,195
2026-08-28,TROW,55.3,Neutral,75,195
2026-09-01,TROW,59.4,Neutral,66,195
2026-09-02,TROW,54.6,Neutral,80,195
2026-09-03,TROW,56.2,Neutral,83,195
2026-09-04,TROW,60.5,Neutral,64,195
2026-09-07,TROW,56.1,Neutral,82,195
2026-09-08,TROW,56,Neutral,82,195
2026-09-09,TROW,61.8,Neutral,58,195
2026-09-10,TROW,57,Neutral,79,195
2026-09-11,TROW,59.7,Neutral,64,195
2026-09-15,TROW,51.5,Neutral,87,195
2026-09-17,TROW,50.7,Neutral,92,195
2026-09-18,TROW,48.6,Neutral,105,195
2026-09-22,TROW,50.4,Neutral,92,195
2026-09-23,TROW,57.6,Neutral,70,195
2026-09-24,TROW,53.5,Neutral,82,195
2026-05-05,TSLA,42.6,Hold,28,50
2026-06-01,TSLA,49.4,Hold,26,50
2026-06-02,TSLA,46,Hold,36,50
2026-06-03,TSLA,46.7,Hold,34,50
2026-06-04,TSLA,46.9,Hold,32,50
2026-06-08,TSLA,38.5,Underperform,50,50
2026-06-09,TSLA,43.6,Underperform,39,50
2026-06-11,TSLA,36.7,Underperform,50,50
2026-06-12,TSLA,42.4,Underperform,42,50
2026-06-15,TSLA,42.9,Underperform,41,50
2026-06-17,TSLA,39.3,Underperform,48,50
2026-06-18,TSLA,39,Underperform,44,50
2026-06-19,TSLA,42.5,Underperform,40,50
2026-06-22,TSLA,42.5,Underperform,40,50
2026-06-23,TSLA,44.6,Underperform,36,50
2026-06-24,TSLA,38.2,Underperform,46,50
2026-06-25,TSLA,36.1,Underperform,50,50
2026-06-26,TSLA,36.9,Underperform,46,50
2026-06-29,TSLA,37.8,Underperform,45,50
2026-07-01,TSLA,45.1,Hold,34,50
2026-07-02,TSLA,45.8,Hold,32,50
2026-07-03,TSLA,35.5,Underperform,49,50
2026-07-06,TSLA,35.5,Underperform,49,50
2026-07-07,TSLA,43,Underperform,34,50
2026-07-08,TSLA,36.2,Underperform,46,50
2026-07-09,TSLA,34.9,Underperform,46,50
2026-07-10,TSLA,38.9,Underperform,41,50
2026-07-13,TSLA,36.3,Underperform,45,50
2026-07-14,TSLA,33.4,Underperform,47,50
2026-07-16,TSLA,32.1,Underperform,49,50
2026-07-17,TSLA,30.2,Underperform,49,50
2026-07-20,TSLA,29.5,Avoid,49,50
2026-07-21,TSLA,27.7,Avoid,50,50
2026-07-22,TSLA,31.4,Underperform,48,50
2026-07-23,TSLA,29.2,Avoid,48,50
2026-07-24,TSLA,25,Avoid,50,50
2026-07-27,TSLA,24,Avoid,50,50
2026-07-30,TSLA,22.7,Avoid,50,50
2026-07-31,TSLA,24.9,Avoid,50,50
2026-08-03,TSLA,25.7,Avoid,49,50
2026-08-05,TSLA,28.8,Avoid,169,195
2026-08-07,TSLA,29,Avoid,175,195
2026-08-10,TSLA,31.5,Underperform,167,195
2026-08-11,TSLA,33.5,Underperform,157,195
2026-08-12,TSLA,34.5,Weak,149,195
2026-08-13,TSLA,28.9,Very Weak,169,195
2026-08-14,TSLA,33.6,Weak,155,195
2026-08-17,TSLA,35.6,Weak,147,195
2026-08-18,TSLA,31,Weak,159,195
2026-08-19,TSLA,31.1,Weak,165,195
2026-08-20,TSLA,37,Weak,150,195
2026-08-21,TSLA,40.1,Weak,138,195
2026-08-24,TSLA,40.1,Weak,137,195
2026-08-25,TSLA,22.1,Very Weak,177,195
2026-08-27,TSLA,19.2,Very Weak,179,195
2026-08-28,TSLA,27.7,Very Weak,159,195
2026-09-01,TSLA,32.5,Weak,149,195
2026-09-02,TSLA,27.7,Very Weak,161,195
2026-09-03,TSLA,25.5,Very Weak,166,195
2026-09-04,TSLA,33.6,Weak,143,195
2026-09-07,TSLA,24.6,Very Weak,170,195
2026-09-08,TSLA,24.6,Very Weak,170,195
2026-09-09,TSLA,35,Weak,137,195
2026-09-10,TSLA,38.2,Weak,125,195
2026-09-11,TSLA,31.9,Weak,145,195
2026-09-15,TSLA,28.7,Very Weak,159,195
2026-09-17,TSLA,33.2,Weak,145,195
2026-09-18,TSLA,36.6,Weak,135,195
2026-09-22,TSLA,39.7,Weak,131,195
2026-09-23,TSLA,35.8,Weak,139,195
2026-09-24,TSLA,32.8,Weak,148,195
2026-08-05,TWLO,56,Hold,68,195
2026-08-07,TWLO,65,Buy,37,195
2026-08-10,TWLO,78.8,Strong Buy,8,195
2026-08-11,TWLO,80.4,Strong Buy,7,195
2026-08-12,TWLO,81.7,Very Strong,4,195
2026-08-13,TWLO,74.3,Strong,17,195
2026-08-14,TWLO,77.1,Strong,8,195
2026-08-17,TWLO,75.5,Strong,14,195
2026-08-18,TWLO,73.6,Strong,19,195
2026-08-19,TWLO,77.8,Strong,8,195
2026-08-20,TWLO,72.9,Strong,15,195
2026-08-21,TWLO,77.5,Strong,7,195
2026-08-24,TWLO,77.4,Strong,7,195
2026-08-25,TWLO,77.8,Strong,12,195
2026-08-27,TWLO,84.7,Very Strong,3,195
2026-08-28,TWLO,87,Very Strong,2,195
2026-09-01,TWLO,74.9,Strong,23,195
2026-09-02,TWLO,73.8,Strong,20,195
2026-09-03,TWLO,73.6,Strong,19,195
2026-09-04,TWLO,79.3,Very Strong,11,195
2026-09-07,TWLO,74.1,Strong,19,195
2026-09-08,TWLO,74.1,Strong,19,195
2026-09-09,TWLO,75.4,Strong,19,195
2026-09-10,TWLO,82.6,Very Strong,4,195
2026-09-11,TWLO,84.3,Very Strong,2,195
2026-09-15,TWLO,80.7,Very Strong,10,195
2026-09-17,TWLO,80.1,Very Strong,11,195
2026-09-18,TWLO,85,Very Strong,1,195
2026-09-22,TWLO,86.6,Very Strong,2,195
2026-09-23,TWLO,86.8,Very Strong,3,195
2026-09-24,TWLO,85.6,Very Strong,3,195
2026-05-05,TXN,44.1,Hold,25,50
2026-06-01,TXN,58.1,Hold,3,50
2026-06-02,TXN,57.1,Hold,6,50
2026-06-03,TXN,58.6,Hold,5,50
2026-06-04,TXN,59.1,Hold,5,50
2026-06-08,TXN,54.4,Hold,17,50
2026-06-09,TXN,55.8,Hold,11,50
2026-06-11,TXN,54.6,Hold,14,50
2026-06-12,TXN,57.9,Hold,9,50
2026-06-15,TXN,58.9,Hold,9,50
2026-06-17,TXN,56,Hold,11,50
2026-06-18,TXN,56,Hold,13,50
2026-06-19,TXN,61.7,Hold,4,50
2026-06-22,TXN,61.7,Hold,4,50
2026-06-23,TXN,63,Hold,3,50
2026-06-24,TXN,57.3,Hold,11,50
2026-06-25,TXN,55,Hold,18,50
2026-06-26,TXN,57.5,Hold,15,50
2026-06-29,TXN,49.2,Hold,26,50
2026-07-01,TXN,55,Hold,18,50
2026-07-02,TXN,54.6,Hold,19,50
2026-07-03,TXN,47.7,Hold,29,50
2026-07-06,TXN,48,Hold,28,50
2026-07-07,TXN,54.1,Hold,21,50
2026-07-08,TXN,46.9,Hold,28,50
2026-07-09,TXN,55.1,Hold,17,50
2026-07-10,TXN,57,Hold,15,50
2026-07-13,TXN,57.5,Hold,13,50
2026-07-14,TXN,48.1,Hold,28,50
2026-07-16,TXN,50.8,Hold,26,50
2026-07-17,TXN,44.3,Underperform,32,50
2026-07-20,TXN,44,Underperform,33,50
2026-07-21,TXN,45.7,Hold,33,50
2026-07-22,TXN,47.7,Hold,26,50
2026-07-23,TXN,46,Hold,30,50
2026-07-24,TXN,43.2,Underperform,31,50
2026-07-27,TXN,41.6,Underperform,35,50
2026-07-30,TXN,39.8,Underperform,39,50
2026-07-31,TXN,44.1,Underperform,32,50
2026-08-03,TXN,40.1,Underperform,38,50
2026-08-05,TXN,51,Hold,91,195
2026-08-07,TXN,48.6,Hold,98,195
2026-08-10,TXN,50.9,Hold,92,195
2026-08-11,TXN,43.6,Underperform,118,195
2026-08-12,TXN,45.4,Neutral,116,195
2026-08-13,TXN,41.5,Weak,127,195
2026-08-14,TXN,39.5,Weak,142,195
2026-08-17,TXN,44.2,Weak,117,195
2026-08-18,TXN,47.9,Neutral,101,195
2026-08-19,TXN,41.6,Weak,126,195
2026-08-20,TXN,39,Weak,142,195
2026-08-21,TXN,38.1,Weak,145,195
2026-08-24,TXN,38.1,Weak,145,195
2026-08-25,TXN,39.7,Weak,124,195
2026-08-27,TXN,50.9,Neutral,93,195
2026-08-28,TXN,54.4,Neutral,78,195
2026-09-01,TXN,53.4,Neutral,85,195
2026-09-02,TXN,49,Neutral,98,195
2026-09-03,TXN,52.6,Neutral,92,195
2026-09-04,TXN,49.8,Neutral,96,195
2026-09-07,TXN,56.3,Neutral,81,195
2026-09-08,TXN,56.3,Neutral,80,195
2026-09-09,TXN,59.6,Neutral,68,195
2026-09-10,TXN,63.9,Neutral,52,195
2026-09-11,TXN,56.3,Neutral,82,195
2026-09-15,TXN,57.3,Neutral,75,195
2026-09-17,TXN,58,Neutral,68,195
2026-09-18,TXN,56.1,Neutral,74,195
2026-09-22,TXN,66.2,Strong,42,195
2026-09-23,TXN,58.2,Neutral,68,195
2026-09-24,TXN,51.5,Neutral,87,195
2026-08-05,TXRH,52.2,Hold,85,195
2026-08-07,TXRH,65.9,Buy,34,195
2026-08-10,TXRH,59.2,Hold,54,195
2026-08-11,TXRH,55.4,Hold,67,195
2026-08-12,TXRH,58.1,Neutral,56,195
2026-08-13,TXRH,62.1,Neutral,47,195
2026-08-14,TXRH,53.5,Neutral,80,195
2026-08-17,TXRH,57.3,Neutral,63,195
2026-08-18,TXRH,52.9,Neutral,82,195
2026-08-19,TXRH,55.8,Neutral,69,195
2026-08-20,TXRH,53.5,Neutral,79,195
2026-08-21,TXRH,58.4,Neutral,61,195
2026-08-24,TXRH,58.3,Neutral,61,195
2026-08-25,TXRH,49.7,Neutral,97,195
2026-08-27,TXRH,48.8,Neutral,100,195
2026-08-28,TXRH,40,Weak,127,195
2026-09-01,TXRH,38.8,Weak,126,195
2026-09-02,TXRH,37.5,Weak,131,195
2026-09-03,TXRH,38.2,Weak,133,195
2026-09-04,TXRH,36.8,Weak,136,195
2026-09-07,TXRH,40.8,Weak,127,195
2026-09-08,TXRH,40.6,Weak,127,195
2026-09-09,TXRH,35,Weak,137,195
2026-09-10,TXRH,34.9,Weak,134,195
2026-09-11,TXRH,39.9,Weak,120,195
2026-09-15,TXRH,37.1,Weak,135,195
2026-09-17,TXRH,34.7,Weak,138,195
2026-09-18,TXRH,27.6,Very Weak,155,195
2026-09-22,TXRH,25.4,Very Weak,162,195
2026-09-23,TXRH,34.2,Weak,142,195
2026-09-24,TXRH,33,Weak,147,195
2026-08-05,U,64.4,Hold,40,195
2026-08-07,U,61.4,Hold,52,195
2026-08-10,U,61.8,Hold,47,195
2026-08-11,U,62.9,Hold,46,195
2026-08-12,U,63.3,Neutral,45,195
2026-08-13,U,64.6,Neutral,39,195
2026-08-14,U,64.5,Neutral,41,195
2026-08-17,U,64.6,Neutral,41,195
2026-08-18,U,59.3,Neutral,62,195
2026-08-19,U,63.2,Neutral,41,195
2026-08-20,U,64.8,Neutral,38,195
2026-08-21,U,62.8,Neutral,41,195
2026-08-24,U,62.7,Neutral,43,195
2026-08-25,U,81.7,Very Strong,3,195
2026-08-27,U,80.5,Very Strong,8,195
2026-08-28,U,79,Very Strong,15,195
2026-09-01,U,77.6,Strong,15,195
2026-09-02,U,75.1,Strong,18,195
2026-09-03,U,75.2,Strong,15,195
2026-09-04,U,80.9,Very Strong,7,195
2026-09-07,U,77,Strong,11,195
2026-09-08,U,77,Strong,11,195
2026-09-09,U,82.8,Very Strong,3,195
2026-09-10,U,79.4,Very Strong,10,195
2026-09-11,U,79.4,Very Strong,11,195
2026-09-15,U,79,Very Strong,13,195
2026-09-17,U,76,Strong,17,195
2026-09-18,U,74.3,Strong,26,195
2026-09-22,U,81.6,Very Strong,11,195
2026-09-23,U,80,Very Strong,12,195
2026-09-24,U,79.2,Very Strong,12,195
2026-05-05,UNH,36,Underperform,40,50
2026-06-01,UNH,56,Hold,10,50
2026-06-02,UNH,54.5,Hold,16,50
2026-06-03,UNH,53.9,Hold,15,50
2026-06-04,UNH,54.9,Hold,14,50
2026-06-08,UNH,57.7,Hold,5,50
2026-06-09,UNH,58.8,Hold,3,50
2026-06-11,UNH,60.4,Hold,2,50
2026-06-12,UNH,58.3,Hold,6,50
2026-06-15,UNH,59.3,Hold,6,50
2026-06-17,UNH,57.5,Hold,7,50
2026-06-18,UNH,57.1,Hold,9,50
2026-06-19,UNH,56.7,Hold,11,50
2026-06-22,UNH,56.7,Hold,11,50
2026-06-23,UNH,58.7,Hold,10,50
2026-06-24,UNH,59.7,Hold,7,50
2026-06-25,UNH,57.7,Hold,10,50
2026-06-26,UNH,60,Hold,9,50
2026-06-29,UNH,61.4,Hold,7,50
2026-07-01,UNH,59.6,Hold,10,50
2026-07-02,UNH,62.1,Hold,5,50
2026-07-03,UNH,59.1,Hold,10,50
2026-07-06,UNH,59.1,Hold,10,50
2026-07-07,UNH,57.2,Hold,16,50
2026-07-08,UNH,60.9,Hold,10,50
2026-07-09,UNH,60.7,Hold,10,50
2026-07-10,UNH,64.5,Hold,4,50
2026-07-13,UNH,60.5,Hold,10,50
2026-07-14,UNH,63,Hold,8,50
2026-07-16,UNH,58.5,Hold,7,50
2026-07-17,UNH,59.5,Hold,12,50
2026-07-20,UNH,62.6,Hold,10,50
2026-07-21,UNH,59.6,Hold,11,50
2026-07-22,UNH,65.5,Buy,5,50
2026-07-23,UNH,62.4,Hold,10,50
2026-07-24,UNH,59.2,Hold,14,50
2026-07-27,UNH,57.9,Hold,16,50
2026-07-30,UNH,56.2,Hold,17,50
2026-07-31,UNH,56.8,Hold,16,50
2026-08-03,UNH,53.5,Hold,19,50
2026-08-05,UNH,54.1,Hold,78,195
2026-08-07,UNH,33.3,Underperform,156,195
2026-08-10,UNH,33.6,Underperform,155,195
2026-08-11,UNH,35.6,Underperform,150,195
2026-08-12,UNH,29.5,Very Weak,170,195
2026-08-13,UNH,33,Weak,153,195
2026-08-14,UNH,27.4,Very Weak,175,195
2026-08-17,UNH,31.7,Weak,163,195
2026-08-18,UNH,28.2,Very Weak,172,195
2026-08-19,UNH,31.2,Weak,162,195
2026-08-20,UNH,27.3,Very Weak,181,195
2026-08-21,UNH,30.6,Weak,167,195
2026-08-24,UNH,30.4,Weak,167,195
2026-08-25,UNH,61.3,Neutral,62,195
2026-08-27,UNH,62.3,Neutral,55,195
2026-08-28,UNH,57.3,Neutral,70,195
2026-09-01,UNH,53.4,Neutral,85,195
2026-09-02,UNH,64.3,Neutral,46,195
2026-09-03,UNH,64.7,Neutral,45,195
2026-09-04,UNH,58.3,Neutral,67,195
2026-09-07,UNH,55.4,Neutral,84,195
2026-09-08,UNH,55.4,Neutral,84,195
2026-09-09,UNH,63.7,Neutral,50,195
2026-09-10,UNH,58.7,Neutral,73,195
2026-09-11,UNH,56.5,Neutral,79,195
2026-09-15,UNH,53.7,Neutral,83,195
2026-09-17,UNH,54.2,Neutral,85,195
2026-09-18,UNH,48.9,Neutral,102,195
2026-09-22,UNH,50.8,Neutral,89,195
2026-09-23,UNH,56,Neutral,77,195
2026-09-24,UNH,57.1,Neutral,71,195
2026-05-05,UPS,43.1,Hold,26,50
2026-06-01,UPS,55,Hold,14,50
2026-06-02,UPS,55.8,Hold,10,50
2026-06-03,UPS,58.1,Hold,8,50
2026-06-04,UPS,58.8,Hold,6,50
2026-06-08,UPS,59.3,Hold,2,50
2026-06-09,UPS,57.6,Hold,6,50
2026-06-11,UPS,51.2,Hold,23,50
2026-06-12,UPS,58,Hold,7,50
2026-06-15,UPS,56.2,Hold,14,50
2026-06-17,UPS,57.2,Hold,8,50
2026-06-18,UPS,51.5,Hold,23,50
2026-06-19,UPS,51.6,Hold,22,50
2026-06-22,UPS,51.6,Hold,22,50
2026-06-23,UPS,56.8,Hold,12,50
2026-06-24,UPS,54.4,Hold,19,50
2026-06-25,UPS,54.9,Hold,19,50
2026-06-26,UPS,59,Hold,11,50
2026-06-29,UPS,55.6,Hold,18,50
2026-07-01,UPS,54.1,Hold,20,50
2026-07-02,UPS,56.7,Hold,16,50
2026-07-03,UPS,57.9,Hold,15,50
2026-07-06,UPS,57.9,Hold,16,50
2026-07-07,UPS,53.5,Hold,23,50
2026-07-08,UPS,56.8,Hold,17,50
2026-07-09,UPS,53.8,Hold,18,50
2026-07-10,UPS,54.8,Hold,17,50
2026-07-13,UPS,59,Hold,11,50
2026-07-14,UPS,59.7,Hold,9,50
2026-07-16,UPS,56.4,Hold,11,50
2026-07-17,UPS,61.2,Hold,7,50
2026-07-20,UPS,64.7,Hold,7,50
2026-07-21,UPS,55.2,Hold,16,50
2026-07-22,UPS,63,Hold,8,50
2026-07-23,UPS,58.9,Hold,14,50
2026-07-24,UPS,56.5,Hold,18,50
2026-07-27,UPS,57.2,Hold,17,50
2026-07-30,UPS,50.1,Hold,23,50
2026-07-31,UPS,48.4,Hold,26,50
2026-08-03,UPS,47.8,Hold,28,50
2026-08-05,UPS,53.5,Hold,79,195
2026-08-07,UPS,20.7,Avoid,187,195
2026-08-10,UPS,23.2,Avoid,184,195
2026-08-11,UPS,25,Avoid,182,195
2026-08-12,UPS,26,Very Weak,181,195
2026-08-13,UPS,20.3,Very Weak,189,195
2026-08-14,UPS,24.5,Very Weak,181,195
2026-08-17,UPS,20.9,Very Weak,190,195
2026-08-18,UPS,19.3,Very Weak,189,195
2026-08-19,UPS,22.9,Very Weak,187,195
2026-08-20,UPS,24.4,Very Weak,185,195
2026-08-21,UPS,19.4,Very Weak,192,195
2026-08-24,UPS,19.3,Very Weak,193,195
2026-08-25,UPS,32.4,Weak,151,195
2026-08-27,UPS,41.3,Weak,122,195
2026-08-28,UPS,34.6,Weak,143,195
2026-09-01,UPS,33.3,Weak,143,195
2026-09-02,UPS,33.9,Weak,141,195
2026-09-03,UPS,33.9,Weak,146,195
2026-09-04,UPS,35.1,Weak,139,195
2026-09-07,UPS,34.8,Weak,142,195
2026-09-08,UPS,34.7,Weak,142,195
2026-09-09,UPS,34.8,Weak,140,195
2026-09-10,UPS,33.2,Weak,140,195
2026-09-11,UPS,37.8,Weak,127,195
2026-09-15,UPS,40.4,Weak,128,195
2026-09-17,UPS,36.8,Weak,129,195
2026-09-18,UPS,42.5,Weak,122,195
2026-09-22,UPS,30.5,Weak,149,195
2026-09-23,UPS,37.9,Weak,134,195
2026-09-24,UPS,36.2,Weak,134,195
2026-08-05,UPST,28.4,Avoid,171,195
2026-08-07,UPST,35.5,Underperform,149,195
2026-08-10,UPST,38,Underperform,142,195
2026-08-11,UPST,34.8,Underperform,155,195
2026-08-12,UPST,34.1,Weak,152,195
2026-08-13,UPST,31.8,Weak,161,195
2026-08-14,UPST,41.9,Weak,124,195
2026-08-17,UPST,34.3,Weak,153,195
2026-08-18,UPST,33.1,Weak,151,195
2026-08-19,UPST,33.1,Weak,156,195
2026-08-20,UPST,39.9,Weak,139,195
2026-08-21,UPST,39.6,Weak,139,195
2026-08-24,UPST,39.6,Weak,139,195
2026-08-25,UPST,35.7,Weak,139,195
2026-08-27,UPST,37.1,Weak,136,195
2026-08-28,UPST,33.2,Weak,144,195
2026-09-01,UPST,28,Very Weak,160,195
2026-09-02,UPST,24.9,Very Weak,166,195
2026-09-03,UPST,30.7,Weak,154,195
2026-09-04,UPST,32.5,Weak,146,195
2026-09-07,UPST,27.8,Very Weak,158,195
2026-09-08,UPST,27.6,Very Weak,159,195
2026-09-09,UPST,24.9,Very Weak,165,195
2026-09-10,UPST,22.4,Very Weak,170,195
2026-09-11,UPST,21.8,Very Weak,174,195
2026-09-15,UPST,28.6,Very Weak,161,195
2026-09-17,UPST,19.9,Very Weak,184,195
2026-09-18,UPST,22,Very Weak,174,195
2026-09-22,UPST,28.7,Very Weak,153,195
2026-09-23,UPST,11.7,Very Weak,192,195
2026-09-24,UPST,13.9,Very Weak,190,195
2026-08-05,UTZ,58.3,Hold,62,195
2026-08-07,UTZ,57.2,Hold,62,195
2026-08-10,UTZ,52.8,Hold,75,195
2026-08-11,UTZ,55.4,Hold,67,195
2026-08-12,UTZ,58.9,Neutral,55,195
2026-08-13,UTZ,54.7,Neutral,74,195
2026-08-14,UTZ,54.4,Neutral,74,195
2026-08-17,UTZ,57.2,Neutral,65,195
2026-08-18,UTZ,59.7,Neutral,59,195
2026-08-19,UTZ,60.9,Neutral,50,195
2026-08-20,UTZ,54,Neutral,73,195
2026-08-21,UTZ,53.2,Neutral,80,195
2026-08-24,UTZ,53.2,Neutral,80,195
2026-08-25,UTZ,66.8,Strong,47,195
2026-08-27,UTZ,64.2,Neutral,49,195
2026-08-28,UTZ,64,Neutral,53,195
2026-09-01,UTZ,71.3,Strong,30,195
2026-09-02,UTZ,72.9,Strong,22,195
2026-09-03,UTZ,68.4,Strong,34,195
2026-09-04,UTZ,67.7,Strong,36,195
2026-09-07,UTZ,71.3,Strong,26,195
2026-09-08,UTZ,71.3,Strong,26,195
2026-09-09,UTZ,74.7,Strong,22,195
2026-09-10,UTZ,77,Strong,14,195
2026-09-11,UTZ,77.9,Strong,17,195
2026-09-15,UTZ,73.4,Strong,21,195
2026-09-17,UTZ,77.4,Strong,14,195
2026-09-18,UTZ,71,Strong,31,195
2026-09-22,UTZ,70.1,Strong,29,195
2026-09-23,UTZ,75.7,Strong,19,195
2026-09-24,UTZ,71.9,Strong,26,195
2026-05-05,V,35.6,Underperform,43,50
2026-06-01,V,51.7,Hold,21,50
2026-06-02,V,51.3,Hold,22,50
2026-06-03,V,49.7,Hold,28,50
2026-06-04,V,45.7,Hold,34,50
2026-06-08,V,50.3,Hold,27,50
2026-06-09,V,48,Hold,28,50
2026-06-11,V,50.5,Hold,24,50
2026-06-12,V,47,Hold,29,50
2026-06-15,V,48.9,Hold,28,50
2026-06-17,V,53.3,Hold,20,50
2026-06-18,V,54.4,Hold,18,50
2026-06-19,V,51.1,Hold,23,50
2026-06-22,V,51.1,Hold,23,50
2026-06-23,V,52.1,Hold,22,50
2026-06-24,V,53,Hold,20,50
2026-06-25,V,53.8,Hold,20,50
2026-06-26,V,52.2,Hold,21,50
2026-06-29,V,53.9,Hold,19,50
2026-07-01,V,54.9,Hold,19,50
2026-07-02,V,56.8,Hold,15,50
2026-07-03,V,58.2,Hold,12,50
2026-07-06,V,58.4,Hold,12,50
2026-07-07,V,55.3,Hold,18,50
2026-07-08,V,53.6,Hold,18,50
2026-07-09,V,53.1,Hold,21,50
2026-07-10,V,53.9,Hold,18,50
2026-07-13,V,53.7,Hold,18,50
2026-07-14,V,59.7,Hold,9,50
2026-07-16,V,57.1,Hold,9,50
2026-07-17,V,61.2,Hold,7,50
2026-07-20,V,58.6,Hold,14,50
2026-07-21,V,62,Hold,8,50
2026-07-22,V,57.9,Hold,15,50
2026-07-23,V,56.4,Hold,17,50
2026-07-24,V,57.3,Hold,16,50
2026-07-27,V,58.1,Hold,14,50
2026-07-30,V,61.6,Hold,14,50
2026-07-31,V,58.6,Hold,14,50
2026-08-03,V,58.6,Hold,13,50
2026-08-05,V,43.2,Underperform,122,195
2026-08-07,V,52.3,Hold,75,195
2026-08-10,V,44.3,Underperform,121,195
2026-08-11,V,42.4,Underperform,127,195
2026-08-12,V,46,Neutral,112,195
2026-08-13,V,42.1,Weak,124,195
2026-08-14,V,46.9,Neutral,108,195
2026-08-17,V,43.1,Weak,123,195
2026-08-18,V,40,Weak,129,195
2026-08-19,V,46.7,Neutral,111,195
2026-08-20,V,48.1,Neutral,102,195
2026-08-21,V,52.5,Neutral,84,195
2026-08-24,V,52.5,Neutral,84,195
2026-08-25,V,62,Neutral,60,195
2026-08-27,V,55.5,Neutral,79,195
2026-08-28,V,53.6,Neutral,84,195
2026-09-01,V,53.7,Neutral,84,195
2026-09-02,V,51.8,Neutral,89,195
2026-09-03,V,57.1,Neutral,73,195
2026-09-04,V,51.9,Neutral,88,195
2026-09-07,V,49.9,Neutral,98,195
2026-09-08,V,49.9,Neutral,99,195
2026-09-09,V,48.3,Neutral,102,195
2026-09-10,V,54.5,Neutral,86,195
2026-09-11,V,57.7,Neutral,71,195
2026-09-15,V,59.3,Neutral,67,195
2026-09-17,V,54.5,Neutral,81,195
2026-09-18,V,53.3,Neutral,84,195
2026-09-22,V,48.6,Neutral,100,195
2026-09-23,V,60.8,Neutral,59,195
2026-09-24,V,70.1,Strong,30,195
2026-08-05,VEEV,41.8,Underperform,131,195
2026-08-07,VEEV,50,Hold,91,195
2026-08-10,VEEV,52,Hold,82,195
2026-08-11,VEEV,52.7,Hold,77,195
2026-08-12,VEEV,53.7,Neutral,74,195
2026-08-13,VEEV,54.4,Neutral,76,195
2026-08-14,VEEV,55.3,Neutral,70,195
2026-08-17,VEEV,47.8,Neutral,103,195
2026-08-18,VEEV,48,Neutral,100,195
2026-08-19,VEEV,50.8,Neutral,88,195
2026-08-20,VEEV,52.4,Neutral,83,195
2026-08-21,VEEV,49.5,Neutral,98,195
2026-08-24,VEEV,49.5,Neutral,98,195
2026-08-25,VEEV,70,Strong,33,195
2026-08-27,VEEV,65.6,Strong,44,195
2026-08-28,VEEV,74,Strong,22,195
2026-09-01,VEEV,73.4,Strong,25,195
2026-09-02,VEEV,67.9,Strong,38,195
2026-09-03,VEEV,72.5,Strong,21,195
2026-09-04,VEEV,73.6,Strong,22,195
2026-09-07,VEEV,67,Strong,39,195
2026-09-08,VEEV,67,Strong,38,195
2026-09-09,VEEV,66.4,Strong,42,195
2026-09-10,VEEV,67.2,Strong,43,195
2026-09-11,VEEV,71,Strong,32,195
2026-09-15,VEEV,71.4,Strong,27,195
2026-09-17,VEEV,67.6,Strong,41,195
2026-09-18,VEEV,66.8,Strong,41,195
2026-09-22,VEEV,64.1,Neutral,51,195
2026-09-23,VEEV,79.5,Very Strong,13,195
2026-09-24,VEEV,75,Strong,22,195
2026-08-05,VERA,35.1,Underperform,152,195
2026-08-07,VERA,40.8,Underperform,134,195
2026-08-10,VERA,41.5,Underperform,129,195
2026-08-11,VERA,34.1,Underperform,156,195
2026-08-12,VERA,32.5,Weak,164,195
2026-08-13,VERA,32.1,Weak,160,195
2026-08-14,VERA,31.3,Weak,163,195
2026-08-17,VERA,35.8,Weak,146,195
2026-08-18,VERA,38.2,Weak,135,195
2026-08-19,VERA,41.7,Weak,125,195
2026-08-20,VERA,35.9,Weak,154,195
2026-08-21,VERA,40.4,Weak,135,195
2026-08-24,VERA,40.4,Weak,135,195
2026-08-25,VERA,23.2,Very Weak,173,195
2026-08-27,VERA,33.1,Weak,148,195
2026-08-28,VERA,20.4,Very Weak,177,195
2026-09-01,VERA,23.4,Very Weak,170,195
2026-09-02,VERA,32,Weak,149,195
2026-09-03,VERA,36.3,Weak,138,195
2026-09-04,VERA,27.8,Very Weak,161,195
2026-09-07,VERA,34.7,Weak,143,195
2026-09-08,VERA,34.6,Weak,143,195
2026-09-09,VERA,30,Weak,151,195
2026-09-10,VERA,25.4,Very Weak,159,195
2026-09-11,VERA,26.9,Very Weak,162,195
2026-09-15,VERA,23.4,Very Weak,173,195
2026-09-17,VERA,20.2,Very Weak,181,195
2026-09-18,VERA,29.1,Very Weak,151,195
2026-09-22,VERA,22.1,Very Weak,174,195
2026-09-23,VERA,18.4,Very Weak,177,195
2026-09-24,VERA,23.2,Very Weak,171,195
2026-08-05,VERX,19.6,Avoid,191,195
2026-08-07,VERX,25.4,Avoid,179,195
2026-08-10,VERX,25.7,Avoid,178,195
2026-08-11,VERX,29.9,Avoid,170,195
2026-08-12,VERX,32.1,Weak,167,195
2026-08-13,VERX,33.7,Weak,152,195
2026-08-14,VERX,40.6,Weak,135,195
2026-08-17,VERX,32.2,Weak,160,195
2026-08-18,VERX,32,Weak,156,195
2026-08-19,VERX,36.3,Weak,147,195
2026-08-20,VERX,40.3,Weak,137,195
2026-08-21,VERX,36.7,Weak,149,195
2026-08-24,VERX,36.7,Weak,149,195
2026-08-25,VERX,48,Neutral,105,195
2026-08-27,VERX,42.6,Weak,120,195
2026-08-28,VERX,43.9,Weak,112,195
2026-09-01,VERX,37,Weak,133,195
2026-09-02,VERX,37.2,Weak,132,195
2026-09-03,VERX,33.4,Weak,147,195
2026-09-04,VERX,36.3,Weak,137,195
2026-09-07,VERX,38.8,Weak,134,195
2026-09-08,VERX,38.7,Weak,134,195
2026-09-09,VERX,29,Very Weak,154,195
2026-09-10,VERX,28,Very Weak,153,195
2026-09-11,VERX,28.4,Very Weak,156,195
2026-09-15,VERX,40.8,Weak,125,195
2026-09-17,VERX,37.4,Weak,126,195
2026-09-18,VERX,35.2,Weak,140,195
2026-09-22,VERX,33.3,Weak,141,195
2026-09-23,VERX,43.8,Weak,110,195
2026-09-24,VERX,50.9,Neutral,89,195
2026-08-05,VITL,22.6,Avoid,182,195
2026-08-07,VITL,49.9,Hold,92,195
2026-08-10,VITL,45.3,Hold,114,195
2026-08-11,VITL,40.6,Underperform,138,195
2026-08-12,VITL,45.3,Neutral,117,195
2026-08-13,VITL,42.7,Weak,123,195
2026-08-14,VITL,42.2,Weak,122,195
2026-08-17,VITL,40,Weak,132,195
2026-08-18,VITL,44.8,Weak,112,195
2026-08-19,VITL,40.6,Weak,129,195
2026-08-20,VITL,38,Weak,146,195
2026-08-21,VITL,35.1,Weak,154,195
2026-08-24,VITL,35,Weak,154,195
2026-08-25,VITL,22.2,Very Weak,176,195
2026-08-27,VITL,17.8,Very Weak,185,195
2026-08-28,VITL,16.5,Very Weak,185,195
2026-09-01,VITL,20.6,Very Weak,182,195
2026-09-02,VITL,18.3,Very Weak,183,195
2026-09-03,VITL,17.5,Very Weak,189,195
2026-09-04,VITL,17.5,Very Weak,186,195
2026-09-07,VITL,14.8,Very Weak,189,195
2026-09-08,VITL,14.8,Very Weak,189,195
2026-09-09,VITL,19.8,Very Weak,179,195
2026-09-10,VITL,15.9,Very Weak,187,195
2026-09-11,VITL,15.5,Very Weak,191,195
2026-09-15,VITL,19.1,Very Weak,186,195
2026-09-17,VITL,28.5,Very Weak,160,195
2026-09-18,VITL,41.6,Weak,126,195
2026-09-22,VITL,47,Neutral,110,195
2026-09-23,VITL,38.1,Weak,132,195
2026-09-24,VITL,59.1,Neutral,68,195
2026-08-05,WAL,51.2,Hold,90,195
2026-08-07,WAL,45.5,Hold,117,195
2026-08-10,WAL,44.4,Underperform,120,195
2026-08-11,WAL,40.9,Underperform,135,195
2026-08-12,WAL,48.2,Neutral,102,195
2026-08-13,WAL,52.2,Neutral,89,195
2026-08-14,WAL,46.2,Neutral,110,195
2026-08-17,WAL,50.4,Neutral,92,195
2026-08-18,WAL,46.6,Neutral,108,195
2026-08-19,WAL,42.8,Weak,121,195
2026-08-20,WAL,41.2,Weak,135,195
2026-08-21,WAL,45.2,Neutral,116,195
2026-08-24,WAL,45.2,Neutral,115,195
2026-08-25,WAL,29.3,Very Weak,158,195
2026-08-27,WAL,32.9,Weak,149,195
2026-08-28,WAL,31.3,Weak,151,195
2026-09-01,WAL,32.8,Weak,147,195
2026-09-02,WAL,33.3,Weak,144,195
2026-09-03,WAL,39.2,Weak,132,195
2026-09-04,WAL,44.9,Weak,112,195
2026-09-07,WAL,50.7,Neutral,95,195
2026-09-08,WAL,50.5,Neutral,96,195
2026-09-09,WAL,44.5,Weak,114,195
2026-09-10,WAL,51.5,Neutral,92,195
2026-09-11,WAL,56.8,Neutral,77,195
2026-09-15,WAL,52.3,Neutral,85,195
2026-09-17,WAL,50.5,Neutral,95,195
2026-09-18,WAL,59,Neutral,64,195
2026-09-22,WAL,47.5,Neutral,109,195
2026-09-23,WAL,42.1,Weak,118,195
2026-09-24,WAL,48.5,Neutral,95,195
2026-08-05,WBS,57,Hold,66,195
2026-08-07,WBS,54.5,Hold,68,195
2026-08-10,WBS,52.4,Hold,77,195
2026-08-11,WBS,52.6,Hold,78,195
2026-08-12,WBS,55.8,Neutral,67,195
2026-08-13,WBS,57.8,Neutral,64,195
2026-08-14,WBS,52.5,Neutral,85,195
2026-08-17,WBS,55.3,Neutral,71,195
2026-08-18,WBS,57,Neutral,66,195
2026-08-19,WBS,50.2,Neutral,94,195
2026-08-20,WBS,48.5,Neutral,98,195
2026-08-21,WBS,53.4,Neutral,77,195
2026-08-24,WBS,53.4,Neutral,78,195
2026-08-25,WBS,47.9,Neutral,106,195
2026-08-27,WBS,49.3,Neutral,98,195
2026-08-28,WBS,49.8,Neutral,97,195
2026-09-01,WBS,49,Neutral,98,195
2026-09-02,WBS,50.4,Neutral,96,195
2026-09-03,WBS,49,Neutral,100,195
2026-09-04,WBS,47.5,Neutral,104,195
2026-09-07,WBS,48.6,Neutral,105,195
2026-09-08,WBS,53.3,Neutral,89,195
2026-09-09,WBS,58.1,Neutral,75,195
2026-09-10,WBS,59.2,Neutral,68,195
2026-09-11,WBS,59.2,Neutral,66,195
2026-09-15,WBS,57.8,Neutral,72,195
2026-09-17,WBS,59.2,Neutral,66,195
2026-09-18,WBS,58.8,Neutral,66,195
2026-09-22,WBS,53,Neutral,80,195
2026-09-23,WBS,53.5,Neutral,86,195
2026-09-24,WBS,53,Neutral,84,195
2026-08-05,WDAY,45.5,Hold,117,195
2026-08-07,WDAY,36.1,Underperform,145,195
2026-08-10,WDAY,39.6,Underperform,134,195
2026-08-11,WDAY,43.8,Underperform,114,195
2026-08-12,WDAY,39.9,Weak,134,195
2026-08-13,WDAY,39.1,Weak,138,195
2026-08-14,WDAY,46.1,Neutral,111,195
2026-08-17,WDAY,42.5,Weak,125,195
2026-08-18,WDAY,41.8,Weak,124,195
2026-08-19,WDAY,44.5,Weak,114,195
2026-08-20,WDAY,46.6,Neutral,107,195
2026-08-21,WDAY,49.5,Neutral,98,195
2026-08-24,WDAY,49.5,Neutral,98,195
2026-08-25,WDAY,69.2,Strong,36,195
2026-08-27,WDAY,64.4,Neutral,48,195
2026-08-28,WDAY,67.5,Strong,39,195
2026-09-01,WDAY,64,Neutral,48,195
2026-09-02,WDAY,69,Strong,34,195
2026-09-03,WDAY,71.6,Strong,25,195
2026-09-04,WDAY,71.8,Strong,25,195
2026-09-07,WDAY,61.1,Neutral,59,195
2026-09-08,WDAY,61.1,Neutral,59,195
2026-09-09,WDAY,60.2,Neutral,63,195
2026-09-10,WDAY,69.1,Strong,35,195
2026-09-11,WDAY,71.8,Strong,29,195
2026-09-15,WDAY,72.2,Strong,26,195
2026-09-17,WDAY,67.8,Strong,40,195
2026-09-18,WDAY,76,Strong,18,195
2026-09-22,WDAY,67.4,Strong,38,195
2026-09-23,WDAY,73.1,Strong,27,195
2026-09-24,WDAY,69.4,Strong,33,195
2026-08-05,WING,13.1,Avoid,195,195
2026-08-07,WING,24.7,Avoid,180,195
2026-08-10,WING,23.8,Avoid,180,195
2026-08-11,WING,27.1,Avoid,178,195
2026-08-12,WING,23.3,Very Weak,185,195
2026-08-13,WING,26.9,Very Weak,177,195
2026-08-14,WING,29,Very Weak,168,195
2026-08-17,WING,34,Weak,158,195
2026-08-18,WING,23.6,Very Weak,183,195
2026-08-19,WING,23.4,Very Weak,185,195
2026-08-20,WING,28.2,Very Weak,179,195
2026-08-21,WING,26.9,Very Weak,178,195
2026-08-24,WING,26.8,Very Weak,178,195
2026-08-25,WING,16.1,Very Weak,188,195
2026-08-27,WING,9.7,Very Weak,195,195
2026-08-28,WING,9.2,Very Weak,195,195
2026-09-01,WING,10,Very Weak,195,195
2026-09-02,WING,15,Very Weak,194,195
2026-09-03,WING,17.5,Very Weak,189,195
2026-09-04,WING,11.6,Very Weak,195,195
2026-09-07,WING,11,Very Weak,194,195
2026-09-08,WING,11,Very Weak,194,195
2026-09-09,WING,15.1,Very Weak,189,195
2026-09-10,WING,18.4,Very Weak,181,195
2026-09-11,WING,19.4,Very Weak,182,195
2026-09-15,WING,13.9,Very Weak,191,195
2026-09-17,WING,15.5,Very Weak,188,195
2026-09-18,WING,17.9,Very Weak,185,195
2026-09-22,WING,21.3,Very Weak,178,195
2026-09-23,WING,13.4,Very Weak,189,195
2026-09-24,WING,21.5,Very Weak,179,195
2026-08-05,WLDN,37.9,Underperform,143,195
2026-08-07,WLDN,46.5,Hold,109,195
2026-08-10,WLDN,56.7,Hold,64,195
2026-08-11,WLDN,49.3,Hold,92,195
2026-08-12,WLDN,52.1,Neutral,86,195
2026-08-13,WLDN,54.6,Neutral,75,195
2026-08-14,WLDN,49.3,Neutral,99,195
2026-08-17,WLDN,53.4,Neutral,78,195
2026-08-18,WLDN,49.7,Neutral,93,195
2026-08-19,WLDN,54.2,Neutral,75,195
2026-08-20,WLDN,54.9,Neutral,66,195
2026-08-21,WLDN,52.5,Neutral,84,195
2026-08-24,WLDN,52.5,Neutral,84,195
2026-08-25,WLDN,25.6,Very Weak,169,195
2026-08-27,WLDN,33.7,Weak,146,195
2026-08-28,WLDN,36.2,Weak,141,195
2026-09-01,WLDN,45.1,Neutral,109,195
2026-09-02,WLDN,40.4,Weak,122,195
2026-09-03,WLDN,40.7,Weak,123,195
2026-09-04,WLDN,40.3,Weak,131,195
2026-09-07,WLDN,36.5,Weak,137,195
2026-09-08,WLDN,36.3,Weak,137,195
2026-09-09,WLDN,43.4,Weak,116,195
2026-09-10,WLDN,34.8,Weak,135,195
2026-09-11,WLDN,38,Weak,126,195
2026-09-15,WLDN,34,Weak,147,195
2026-09-17,WLDN,36.2,Weak,132,195
2026-09-18,WLDN,41.7,Weak,125,195
2026-09-22,WLDN,37.4,Weak,135,195
2026-09-23,WLDN,43,Weak,115,195
2026-09-24,WLDN,37.7,Weak,131,195
2026-05-05,WMT,51.3,Hold,15,50
2026-06-01,WMT,41.7,Underperform,47,50
2026-06-02,WMT,40.9,Underperform,49,50
2026-06-03,WMT,40.6,Underperform,48,50
2026-06-04,WMT,44.1,Underperform,40,50
2026-06-08,WMT,44.6,Underperform,38,50
2026-06-09,WMT,46.5,Hold,30,50
2026-06-11,WMT,47.3,Hold,32,50
2026-06-12,WMT,46.3,Hold,30,50
2026-06-15,WMT,46.3,Hold,32,50
2026-06-17,WMT,46.1,Hold,36,50
2026-06-18,WMT,45,Hold,36,50
2026-06-19,WMT,45,Hold,33,50
2026-06-22,WMT,45,Hold,33,50
2026-06-23,WMT,46.8,Hold,32,50
2026-06-24,WMT,49.2,Hold,28,50
2026-06-25,WMT,47.3,Hold,30,50
2026-06-26,WMT,43.7,Underperform,34,50
2026-06-29,WMT,40.9,Underperform,38,50
2026-07-01,WMT,39.2,Underperform,43,50
2026-07-02,WMT,35,Underperform,49,50
2026-07-03,WMT,36.1,Underperform,47,50
2026-07-06,WMT,36.1,Underperform,47,50
2026-07-07,WMT,34.2,Underperform,48,50
2026-07-08,WMT,34.8,Underperform,49,50
2026-07-09,WMT,37.8,Underperform,42,50
2026-07-10,WMT,35,Underperform,47,50
2026-07-13,WMT,37.7,Underperform,41,50
2026-07-14,WMT,39.9,Underperform,38,50
2026-07-16,WMT,37.4,Underperform,42,50
2026-07-17,WMT,39.7,Underperform,38,50
2026-07-20,WMT,41.4,Underperform,38,50
2026-07-21,WMT,36.8,Underperform,45,50
2026-07-22,WMT,35.8,Underperform,44,50
2026-07-23,WMT,32.8,Underperform,46,50
2026-07-24,WMT,35,Underperform,44,50
2026-07-27,WMT,35.2,Underperform,43,50
2026-07-30,WMT,40,Underperform,37,50
2026-07-31,WMT,33.5,Underperform,43,50
2026-08-03,WMT,32.2,Underperform,44,50
2026-08-05,WMT,32.5,Underperform,159,195
2026-08-07,WMT,44.2,Underperform,122,195
2026-08-10,WMT,42.2,Underperform,127,195
2026-08-11,WMT,45.5,Hold,110,195
2026-08-12,WMT,48.6,Neutral,101,195
2026-08-13,WMT,52.1,Neutral,90,195
2026-08-14,WMT,45.6,Neutral,114,195
2026-08-17,WMT,45.3,Neutral,112,195
2026-08-18,WMT,44.6,Weak,113,195
2026-08-19,WMT,50.6,Neutral,91,195
2026-08-20,WMT,46.9,Neutral,106,195
2026-08-21,WMT,37.7,Weak,147,195
2026-08-24,WMT,37.6,Weak,147,195
2026-08-25,WMT,19.3,Very Weak,184,195
2026-08-27,WMT,15.3,Very Weak,189,195
2026-08-28,WMT,15.5,Very Weak,188,195
2026-09-01,WMT,22.5,Very Weak,176,195
2026-09-02,WMT,25.6,Very Weak,165,195
2026-09-03,WMT,19.3,Very Weak,185,195
2026-09-04,WMT,25.2,Very Weak,166,195
2026-09-07,WMT,20.2,Very Weak,182,195
2026-09-08,WMT,20.2,Very Weak,182,195
2026-09-09,WMT,19.5,Very Weak,180,195
2026-09-10,WMT,25,Very Weak,161,195
2026-09-11,WMT,27.3,Very Weak,161,195
2026-09-15,WMT,29.9,Very Weak,156,195
2026-09-17,WMT,24.3,Very Weak,170,195
2026-09-18,WMT,23.3,Very Weak,169,195
2026-09-22,WMT,24.3,Very Weak,166,195
2026-09-23,WMT,47.9,Neutral,99,195
2026-09-24,WMT,47.2,Neutral,104,195
2026-08-05,WTS,59.7,Hold,54,195
2026-08-07,WTS,66,Buy,33,195
2026-08-10,WTS,66.2,Buy,32,195
2026-08-11,WTS,58.8,Hold,57,195
2026-08-12,WTS,59,Neutral,54,195
2026-08-13,WTS,61.9,Neutral,49,195
2026-08-14,WTS,56.2,Neutral,62,195
2026-08-17,WTS,60,Neutral,53,195
2026-08-18,WTS,63.7,Neutral,45,195
2026-08-19,WTS,56.4,Neutral,66,195
2026-08-20,WTS,56.5,Neutral,58,195
2026-08-21,WTS,59.4,Neutral,55,195
2026-08-24,WTS,59.4,Neutral,55,195
2026-08-25,WTS,48.8,Neutral,100,195
2026-08-27,WTS,55.5,Neutral,79,195
2026-08-28,WTS,47.6,Neutral,104,195
2026-09-01,WTS,51,Neutral,95,195
2026-09-02,WTS,44.6,Weak,115,195
2026-09-03,WTS,41.1,Weak,121,195
2026-09-04,WTS,47.6,Neutral,103,195
2026-09-07,WTS,56.5,Neutral,78,195
2026-09-08,WTS,56.5,Neutral,78,195
2026-09-09,WTS,50.3,Neutral,96,195
2026-09-10,WTS,50.5,Neutral,99,195
2026-09-11,WTS,46.1,Neutral,109,195
2026-09-15,WTS,46.8,Neutral,109,195
2026-09-17,WTS,50.4,Neutral,97,195
2026-09-18,WTS,48.7,Neutral,104,195
2026-09-22,WTS,47,Neutral,110,195
2026-09-23,WTS,56.3,Neutral,76,195
2026-09-24,WTS,48.7,Neutral,94,195
2026-08-05,XENE,61.5,Hold,50,195
2026-08-07,XENE,61.9,Hold,49,195
2026-08-10,XENE,51.9,Hold,84,195
2026-08-11,XENE,57,Hold,64,195
2026-08-12,XENE,52.4,Neutral,84,195
2026-08-13,XENE,59.7,Neutral,58,195
2026-08-14,XENE,53.8,Neutral,79,195
2026-08-17,XENE,50.6,Neutral,91,195
2026-08-18,XENE,55.5,Neutral,73,195
2026-08-19,XENE,58.2,Neutral,62,195
2026-08-20,XENE,52,Neutral,85,195
2026-08-21,XENE,50.4,Neutral,94,195
2026-08-24,XENE,50.4,Neutral,94,195
2026-08-25,XENE,49.9,Neutral,95,195
2026-08-27,XENE,61,Neutral,62,195
2026-08-28,XENE,51.5,Neutral,89,195
2026-09-01,XENE,56.3,Neutral,77,195
2026-09-02,XENE,59.6,Neutral,60,195
2026-09-03,XENE,54.5,Neutral,88,195
2026-09-04,XENE,53.5,Neutral,81,195
2026-09-07,XENE,47.7,Neutral,109,195
2026-09-08,XENE,47.7,Neutral,109,195
2026-09-09,XENE,33.4,Weak,146,195
2026-09-10,XENE,30.7,Weak,147,195
2026-09-11,XENE,35.7,Weak,133,195
2026-09-15,XENE,30.9,Weak,154,195
2026-09-17,XENE,35.4,Weak,135,195
2026-09-18,XENE,31,Weak,148,195
2026-09-22,XENE,10.4,Very Weak,192,195
2026-09-23,XENE,10.5,Very Weak,193,195
2026-09-24,XENE,12.1,Very Weak,192,195
2026-05-05,XOM,58.1,Buy,2,50
2026-06-01,XOM,48.6,Hold,28,50
2026-06-02,XOM,52.3,Hold,20,50
2026-06-03,XOM,52.3,Hold,19,50
2026-06-04,XOM,53.6,Hold,17,50
2026-06-08,XOM,52.7,Hold,23,50
2026-06-09,XOM,54.5,Hold,15,50
2026-06-11,XOM,54.1,Hold,16,50
2026-06-12,XOM,51.5,Hold,26,50
2026-06-15,XOM,51,Hold,24,50
2026-06-17,XOM,48.9,Hold,29,50
2026-06-18,XOM,51.5,Hold,23,50
2026-06-19,XOM,49.8,Hold,25,50
2026-06-22,XOM,49.8,Hold,25,50
2026-06-23,XOM,50,Hold,25,50
2026-06-24,XOM,51.4,Hold,25,50
2026-06-25,XOM,48.8,Hold,27,50
2026-06-26,XOM,50.8,Hold,25,50
2026-06-29,XOM,48,Hold,28,50
2026-07-01,XOM,49,Hold,26,50
2026-07-02,XOM,46.8,Hold,30,50
2026-07-03,XOM,44.7,Underperform,32,50
2026-07-06,XOM,44.7,Underperform,32,50
2026-07-07,XOM,44.4,Underperform,31,50
2026-07-08,XOM,49.4,Hold,25,50
2026-07-09,XOM,49.5,Hold,25,50
2026-07-10,XOM,44.6,Underperform,33,50
2026-07-13,XOM,48.3,Hold,32,50
2026-07-14,XOM,55.5,Hold,17,50
2026-07-16,XOM,52,Hold,21,50
2026-07-17,XOM,53.7,Hold,20,50
2026-07-20,XOM,60.3,Hold,11,50
2026-07-21,XOM,62.7,Hold,7,50
2026-07-22,XOM,65.5,Buy,5,50
2026-07-23,XOM,66.8,Buy,3,50
2026-07-24,XOM,67.5,Buy,5,50
2026-07-27,XOM,63.5,Hold,9,50
2026-07-30,XOM,64.6,Hold,9,50
2026-07-31,XOM,64.5,Hold,7,50
2026-08-03,XOM,65.6,Buy,4,50
2026-08-05,XOM,53.5,Hold,79,195
2026-08-07,XOM,45.4,Hold,118,195
2026-08-10,XOM,38.3,Underperform,140,195
2026-08-11,XOM,45.1,Hold,112,195
2026-08-12,XOM,46.2,Neutral,111,195
2026-08-13,XOM,41.9,Weak,126,195
2026-08-14,XOM,40.2,Weak,137,195
2026-08-17,XOM,44.3,Weak,116,195
2026-08-18,XOM,46.5,Neutral,110,195
2026-08-19,XOM,49.1,Neutral,100,195
2026-08-20,XOM,43.4,Weak,126,195
2026-08-21,XOM,45,Neutral,117,195
2026-08-24,XOM,45,Neutral,117,195
2026-08-25,XOM,44.3,Weak,113,195
2026-08-27,XOM,41.1,Weak,124,195
2026-08-28,XOM,38.4,Weak,132,195
2026-09-01,XOM,47.4,Neutral,103,195
2026-09-02,XOM,53.9,Neutral,82,195
2026-09-03,XOM,47.6,Neutral,104,195
2026-09-04,XOM,43.5,Weak,120,195
2026-09-07,XOM,41.6,Weak,123,195
2026-09-08,XOM,41.4,Weak,123,195
2026-09-09,XOM,48.1,Neutral,103,195
2026-09-10,XOM,56,Neutral,83,195
2026-09-11,XOM,55.3,Neutral,85,195
2026-09-15,XOM,43.3,Weak,118,195
2026-09-17,XOM,45.4,Neutral,113,195
2026-09-18,XOM,42.9,Weak,121,195
2026-09-22,XOM,36.9,Weak,136,195
2026-09-23,XOM,69.2,Strong,38,195
2026-09-24,XOM,65.1,Strong,47,195
2026-08-05,YETI,63.6,Hold,44,195
2026-08-07,YETI,50.3,Hold,90,195
2026-08-10,YETI,51.8,Hold,86,195
2026-08-11,YETI,52.8,Hold,76,195
2026-08-12,YETI,44.8,Weak,120,195
2026-08-13,YETI,43.4,Weak,119,195
2026-08-14,YETI,31.4,Weak,162,195
2026-08-17,YETI,29.7,Very Weak,167,195
2026-08-18,YETI,26.7,Very Weak,177,195
2026-08-19,YETI,30.4,Weak,168,195
2026-08-20,YETI,32.3,Weak,171,195
2026-08-21,YETI,29.7,Very Weak,169,195
2026-08-24,YETI,29.5,Very Weak,170,195
2026-08-25,YETI,25.3,Very Weak,170,195
2026-08-27,YETI,25.4,Very Weak,168,195
2026-08-28,YETI,24.9,Very Weak,163,195
2026-09-01,YETI,25.8,Very Weak,163,195
2026-09-02,YETI,24.7,Very Weak,167,195
2026-09-03,YETI,32,Weak,153,195
2026-09-04,YETI,28.1,Very Weak,160,195
2026-09-07,YETI,28.3,Very Weak,153,195
2026-09-08,YETI,28.1,Very Weak,154,195
2026-09-09,YETI,35,Weak,137,195
2026-09-10,YETI,33.9,Weak,137,195
2026-09-11,YETI,31.9,Weak,145,195
2026-09-15,YETI,41.9,Weak,122,195
2026-09-17,YETI,40.8,Weak,119,195
2026-09-18,YETI,46.7,Neutral,111,195
2026-09-22,YETI,46,Neutral,112,195
2026-09-23,YETI,39.2,Weak,125,195
2026-09-24,YETI,44.3,Weak,113,195
2026-08-05,YEXT,40.3,Underperform,136,195
2026-08-07,YEXT,35.5,Underperform,149,195
2026-08-10,YEXT,36.9,Underperform,145,195
2026-08-11,YEXT,36.6,Underperform,147,195
2026-08-12,YEXT,32.9,Weak,159,195
2026-08-13,YEXT,32.2,Weak,159,195
2026-08-14,YEXT,37.3,Weak,146,195
2026-08-17,YEXT,34.5,Weak,150,195
2026-08-18,YEXT,35.1,Weak,142,195
2026-08-19,YEXT,39.1,Weak,135,195
2026-08-20,YEXT,41.3,Weak,132,195
2026-08-21,YEXT,42.8,Weak,126,195
2026-08-24,YEXT,42.7,Weak,126,195
2026-08-25,YEXT,66.8,Strong,47,195
2026-08-27,YEXT,62.7,Neutral,54,195
2026-08-28,YEXT,66.7,Strong,46,195
2026-09-01,YEXT,63.4,Neutral,50,195
2026-09-02,YEXT,62.6,Neutral,52,195
2026-09-03,YEXT,63.7,Neutral,48,195
2026-09-04,YEXT,62.5,Neutral,57,195
2026-09-07,YEXT,66.7,Strong,42,195
2026-09-08,YEXT,66.8,Strong,41,195
2026-09-09,YEXT,62.4,Neutral,56,195
2026-09-10,YEXT,59.5,Neutral,67,195
2026-09-11,YEXT,67.6,Strong,40,195
2026-09-15,YEXT,69.7,Strong,32,195
2026-09-17,YEXT,69.3,Strong,33,195
2026-09-18,YEXT,61.5,Neutral,54,195
2026-09-22,YEXT,73.8,Strong,24,195
2026-09-23,YEXT,75.6,Strong,20,195
2026-09-24,YEXT,74,Strong,24,195
2026-08-05,ZION,58.5,Hold,60,195
2026-08-07,ZION,57.3,Hold,61,195
2026-08-10,ZION,55.1,Hold,69,195
2026-08-11,ZION,59.7,Hold,55,195
2026-08-12,ZION,63.8,Neutral,44,195
2026-08-13,ZION,65.2,Strong,37,195
2026-08-14,ZION,59.4,Neutral,52,195
2026-08-17,ZION,63.8,Neutral,43,195
2026-08-18,ZION,59.5,Neutral,61,195
2026-08-19,ZION,58.4,Neutral,59,195
2026-08-20,ZION,50.1,Neutral,92,195
2026-08-21,ZION,51.8,Neutral,88,195
2026-08-24,ZION,51.8,Neutral,88,195
2026-08-25,ZION,47.5,Neutral,108,195
2026-08-27,ZION,55,Neutral,81,195
2026-08-28,ZION,48.6,Neutral,101,195
2026-09-01,ZION,51.5,Neutral,90,195
2026-09-02,ZION,57.2,Neutral,74,195
2026-09-03,ZION,63,Neutral,51,195
2026-09-04,ZION,66.6,Strong,44,195
2026-09-07,ZION,69.6,Strong,32,195
2026-09-08,ZION,69.6,Strong,32,195
2026-09-09,ZION,62.6,Neutral,55,195
2026-09-10,ZION,68.4,Strong,38,195
2026-09-11,ZION,70.8,Strong,34,195
2026-09-15,ZION,69.2,Strong,35,195
2026-09-17,ZION,59.1,Neutral,67,195
2026-09-18,ZION,57,Neutral,71,195
2026-09-22,ZION,49.3,Neutral,96,195
2026-09-23,ZION,49.5,Neutral,95,195
2026-09-24,ZION,54.9,Neutral,77,195
2026-08-05,ZM,60.6,Hold,52,195
2026-08-07,ZM,50.6,Hold,86,195
2026-08-10,ZM,50,Hold,98,195
2026-08-11,ZM,53.4,Hold,74,195
2026-08-12,ZM,47.6,Neutral,104,195
2026-08-13,ZM,46.8,Neutral,100,195
2026-08-14,ZM,52.4,Neutral,86,195
2026-08-17,ZM,48,Neutral,101,195
2026-08-18,ZM,53.4,Neutral,79,195
2026-08-19,ZM,48.9,Neutral,104,195
2026-08-20,ZM,53.8,Neutral,74,195
2026-08-21,ZM,54,Neutral,73,195
2026-08-24,ZM,54,Neutral,73,195
2026-08-25,ZM,54.4,Neutral,81,195
2026-08-27,ZM,41.3,Weak,122,195
2026-08-28,ZM,62.4,Neutral,56,195
2026-09-01,ZM,56.4,Neutral,75,195
2026-09-02,ZM,53,Neutral,85,195
2026-09-03,ZM,56.8,Neutral,76,195
2026-09-04,ZM,61,Neutral,61,195
2026-09-07,ZM,65.3,Strong,47,195
2026-09-08,ZM,65.3,Strong,47,195
2026-09-09,ZM,57.4,Neutral,79,195
2026-09-10,ZM,63,Neutral,57,195
2026-09-11,ZM,58.3,Neutral,67,195
2026-09-15,ZM,59.2,Neutral,68,195
2026-09-17,ZM,54.5,Neutral,81,195
2026-09-18,ZM,51.8,Neutral,89,195
2026-09-22,ZM,50.8,Neutral,89,195
2026-09-23,ZM,54.8,Neutral,79,195
2026-09-24,ZM,53.8,Neutral,81,195
2026-08-05,ZNTL,74.4,Buy,16,195
2026-08-07,ZNTL,49.8,Hold,93,195
2026-08-10,ZNTL,29,Avoid,175,195
2026-08-11,ZNTL,27.7,Avoid,176,195
2026-08-12,ZNTL,28.1,Very Weak,177,195
2026-08-13,ZNTL,32.4,Weak,157,195
2026-08-14,ZNTL,27.1,Very Weak,176,195
2026-08-17,ZNTL,22.7,Very Weak,184,195
2026-08-18,ZNTL,29.3,Very Weak,166,195
2026-08-19,ZNTL,31.2,Weak,162,195
2026-08-20,ZNTL,33.6,Weak,161,195
2026-08-21,ZNTL,27,Very Weak,177,195
2026-08-24,ZNTL,27.1,Very Weak,177,195
2026-08-25,ZNTL,57.1,Neutral,76,195
2026-08-27,ZNTL,65.2,Strong,46,195
2026-08-28,ZNTL,59.9,Neutral,62,195
2026-09-01,ZNTL,57.8,Neutral,72,195
2026-09-02,ZNTL,60.3,Neutral,57,195
2026-09-03,ZNTL,65.5,Strong,43,195
2026-09-04,ZNTL,74.8,Strong,20,195
2026-09-07,ZNTL,66.8,Strong,41,195
2026-09-08,ZNTL,66.8,Strong,41,195
2026-09-09,ZNTL,72.6,Strong,26,195
2026-09-10,ZNTL,62.6,Neutral,59,195
2026-09-11,ZNTL,57.5,Neutral,72,195
2026-09-15,ZNTL,59.5,Neutral,65,195
2026-09-17,ZNTL,50.8,Neutral,90,195
2026-09-18,ZNTL,50.5,Neutral,97,195
2026-09-22,ZNTL,48.5,Neutral,101,195
2026-09-23,ZNTL,43.1,Weak,113,195
2026-09-24,ZNTL,40.8,Weak,125,195
2026-08-05,ZS,36.5,Underperform,146,195
2026-08-07,ZS,50.6,Hold,86,195
2026-08-10,ZS,50.2,Hold,96,195
2026-08-11,ZS,53.1,Hold,75,195
2026-08-12,ZS,54.2,Neutral,73,195
2026-08-13,ZS,47.7,Neutral,99,195
2026-08-14,ZS,54,Neutral,78,195
2026-08-17,ZS,49.1,Neutral,97,195
2026-08-18,ZS,53.1,Neutral,80,195
2026-08-19,ZS,54.4,Neutral,72,195
2026-08-20,ZS,49.2,Neutral,96,195
2026-08-21,ZS,53.4,Neutral,77,195
2026-08-24,ZS,53.4,Neutral,78,195
2026-08-25,ZS,52.9,Neutral,85,195
2026-08-27,ZS,59.6,Neutral,65,195
2026-08-28,ZS,66.7,Strong,46,195
2026-09-01,ZS,68.5,Strong,37,195
2026-09-02,ZS,60.7,Neutral,56,195
2026-09-03,ZS,55.2,Neutral,87,195
2026-09-04,ZS,59,Neutral,66,195
2026-09-07,ZS,49.3,Neutral,102,195
2026-09-08,ZS,49.3,Neutral,102,195
2026-09-09,ZS,47.2,Neutral,107,195
2026-09-10,ZS,58.8,Neutral,71,195
2026-09-11,ZS,54.5,Neutral,86,195
2026-09-15,ZS,66.4,Strong,42,195
2026-09-17,ZS,66.4,Strong,42,195
2026-09-18,ZS,70.9,Strong,34,195
2026-09-22,ZS,78.1,Very Strong,15,195
2026-09-23,ZS,79.1,Very Strong,15,195
2026-09-24,ZS,77.7,Strong,15,195
