symbol,form,filed,description,url,insider_filings_90d,merger_activity_1y,material_events_1y
ZM,10-Q,2026-08-26,10-Q,https://www.sec.gov/Archives/edgar/data/1585521/000158552126000121/zm-20260731.htm,21,FALSE,7
ZM,8-K,2026-08-25,8-K,https://www.sec.gov/Archives/edgar/data/1585521/000158552126000119/zm-20260825.htm,21,FALSE,7
ZM,8-K,2026-07-28,8-K,https://www.sec.gov/Archives/edgar/data/1585521/000162828026050155/zm-20260727.htm,21,FALSE,7
ZM,8-K,2026-06-15,8-K,https://www.sec.gov/Archives/edgar/data/1585521/000162828026043169/zm-20260611.htm,21,FALSE,7
ZM,10-Q,2026-05-22,10-Q,https://www.sec.gov/Archives/edgar/data/1585521/000158552126000071/zm-20260430.htm,21,FALSE,7
ACAD,10-Q,2026-08-05,10-Q,https://www.sec.gov/Archives/edgar/data/1070494/000119312526333243/acad-20260630.htm,10,FALSE,9
ACAD,8-K,2026-08-04,8-K,https://www.sec.gov/Archives/edgar/data/1070494/000119312526332858/acad-20260804.htm,10,FALSE,9
ACAD,8-K,2026-05-29,8-K,https://www.sec.gov/Archives/edgar/data/1070494/000119312526248242/d140910d8k.htm,10,FALSE,9
ACAD,10-Q,2026-05-07,10-Q,https://www.sec.gov/Archives/edgar/data/1070494/000119312526209731/acad-20260331.htm,10,FALSE,9
ACAD,8-K,2026-05-06,8-K,https://www.sec.gov/Archives/edgar/data/1070494/000119312526209253/acad-20260506.htm,10,FALSE,9
PD,10-Q,2026-08-27,10-Q,https://www.sec.gov/Archives/edgar/data/1568100/000156810026000045/pd-20260731.htm,15,FALSE,12
PD,8-K,2026-08-27,8-K,https://www.sec.gov/Archives/edgar/data/1568100/000156810026000044/pd-20260826.htm,15,FALSE,12
PD,8-K,2026-07-14,8-K,https://www.sec.gov/Archives/edgar/data/1568100/000156810026000040/pd-20260711.htm,15,FALSE,12
PD,8-K,2026-06-22,8-K,https://www.sec.gov/Archives/edgar/data/1568100/000156810026000035/pd-20260618.htm,15,FALSE,12
PD,8-K,2026-06-22,8-K,https://www.sec.gov/Archives/edgar/data/1568100/000156810026000033/pd-20260622.htm,15,FALSE,12
WAL,10-Q,2026-07-31,10-Q,https://www.sec.gov/Archives/edgar/data/1212545/000162828026051418/wal-20260630.htm,30,FALSE,19
WAL,8-K,2026-07-30,8-K,https://www.sec.gov/Archives/edgar/data/1212545/000162828026051146/wal-20260730.htm,30,FALSE,19
WAL,8-K,2026-07-21,8-K,https://www.sec.gov/Archives/edgar/data/1212545/000162828026049001/wal-20260721.htm,30,FALSE,19
WAL,8-K,2026-06-11,8-K,https://www.sec.gov/Archives/edgar/data/1212545/000162828026042555/wal-20260610.htm,30,FALSE,19
WAL,8-K,2026-05-12,8-K,https://www.sec.gov/Archives/edgar/data/1212545/000162828026033851/wal-20260508.htm,30,FALSE,19
HON,8-K,2026-08-19,8-K,https://www.sec.gov/Archives/edgar/data/773840/000077384026000130/hon-20260819.htm,37,FALSE,24
HON,10-Q,2026-07-23,10-Q,https://www.sec.gov/Archives/edgar/data/773840/000077384026000124/hon-20260630.htm,37,FALSE,24
HON,8-K,2026-07-23,8-K,https://www.sec.gov/Archives/edgar/data/773840/000077384026000120/hon-20260723.htm,37,FALSE,24
HON,8-K,2026-06-29,8-K,https://www.sec.gov/Archives/edgar/data/773840/000077384026000084/hon-20260625.htm,37,FALSE,24
HON,8-K,2026-06-15,8-K,https://www.sec.gov/Archives/edgar/data/773840/000077384026000080/hon-20260615.htm,37,FALSE,24
FHN,10-Q,2026-08-06,10-Q,https://www.sec.gov/Archives/edgar/data/36966/000003696626000155/fhn-20260630.htm,1,FALSE,8
FHN,8-K,2026-07-28,8-K,https://www.sec.gov/Archives/edgar/data/36966/000003696626000149/fhn-20260727.htm,1,FALSE,8
FHN,8-K,2026-07-15,8-K,https://www.sec.gov/Archives/edgar/data/36966/000003696626000143/fhn-20260715.htm,1,FALSE,8
FHN,10-Q,2026-05-07,10-Q,https://www.sec.gov/Archives/edgar/data/36966/000003696626000112/fhn-20260331.htm,1,FALSE,8
FHN,8-K,2026-04-29,8-K,https://www.sec.gov/Archives/edgar/data/36966/000003696626000070/fhn-20260427.htm,1,FALSE,8
WBS,8-K,2026-08-20,8-K,https://www.sec.gov/Archives/edgar/data/801337/000119312526357758/d919931d8k.htm,44,FALSE,14
WBS,8-K,2026-08-05,8-K,https://www.sec.gov/Archives/edgar/data/801337/000080133726000025/wbs-20260804.htm,44,FALSE,14
WBS,10-Q,2026-07-27,10-Q,https://www.sec.gov/Archives/edgar/data/801337/000080133726000023/wbs-20260630.htm,44,FALSE,14
WBS,8-K,2026-07-21,8-K,https://www.sec.gov/Archives/edgar/data/801337/000080133726000021/wbs-20260721.htm,44,FALSE,14
WBS,8-K,2026-06-16,8-K,https://www.sec.gov/Archives/edgar/data/801337/000080133726000017/wbs-20260612.htm,44,FALSE,14
INCY,10-Q,2026-07-28,10-Q,https://www.sec.gov/Archives/edgar/data/879169/000087916926000056/incy-20260630.htm,39,FALSE,13
INCY,8-K,2026-07-28,8-K,https://www.sec.gov/Archives/edgar/data/879169/000087916926000053/incy-20260728.htm,39,FALSE,13
INCY,8-K,2026-07-06,8-K,https://www.sec.gov/Archives/edgar/data/879169/000087916926000048/incy-20260706.htm,39,FALSE,13
INCY,8-K,2026-06-22,8-K,https://www.sec.gov/Archives/edgar/data/879169/000087916926000046/incy-20260622.htm,39,FALSE,13
INCY,8-K,2026-06-09,8-K,https://www.sec.gov/Archives/edgar/data/879169/000087916926000043/incy-20260608.htm,39,FALSE,13
ZION,10-Q,2026-08-06,10-Q,https://www.sec.gov/Archives/edgar/data/109380/000010938026000111/zions-20260630.htm,12,FALSE,9
ZION,8-K,2026-07-20,8-K,https://www.sec.gov/Archives/edgar/data/109380/000010938026000103/zion-20260720.htm,12,FALSE,9
ZION,8-K,2026-06-02,8-K,https://www.sec.gov/Archives/edgar/data/109380/000010938026000088/zion-20260602.htm,12,FALSE,9
ZION,10-Q,2026-05-07,10-Q,https://www.sec.gov/Archives/edgar/data/109380/000010938026000083/zions-20260331.htm,12,FALSE,9
ZION,8-K,2026-05-04,8-K,https://www.sec.gov/Archives/edgar/data/109380/000010938026000078/zion-20260504.htm,12,FALSE,9
CROX,10-Q,2026-07-30,10-Q,https://www.sec.gov/Archives/edgar/data/1334036/000133403626000052/crox-20260630.htm,11,FALSE,6
CROX,8-K,2026-07-30,8-K,https://www.sec.gov/Archives/edgar/data/1334036/000133403626000050/crox-20260730.htm,11,FALSE,6
CROX,8-K,2026-06-10,8-K,https://www.sec.gov/Archives/edgar/data/1334036/000133403626000046/crox-20260609.htm,11,FALSE,6
CROX,10-Q,2026-04-30,10-Q,https://www.sec.gov/Archives/edgar/data/1334036/000133403626000032/crox-20260331.htm,11,FALSE,6
CROX,8-K,2026-04-30,8-K,https://www.sec.gov/Archives/edgar/data/1334036/000133403626000029/crox-20260430.htm,11,FALSE,6
DUOL,8-K,2026-08-19,8-K,https://www.sec.gov/Archives/edgar/data/1562088/000162828026057818/duol-20260818.htm,16,FALSE,8
DUOL,8-K,2026-08-10,8-K,https://www.sec.gov/Archives/edgar/data/1562088/000162828026055015/duol-20260810.htm,16,FALSE,8
DUOL,10-Q,2026-08-06,10-Q,https://www.sec.gov/Archives/edgar/data/1562088/000162828026053603/duol-20260630.htm,16,FALSE,8
DUOL,8-K,2026-08-05,8-K,https://www.sec.gov/Archives/edgar/data/1562088/000162828026053299/duol-20260805.htm,16,FALSE,8
DUOL,8-K,2026-06-05,8-K,https://www.sec.gov/Archives/edgar/data/1562088/000162828026041280/duol-20260603.htm,16,FALSE,8
BAC,10-Q,2026-07-31,10-Q,https://www.sec.gov/Archives/edgar/data/70858/000007085826000394/bac-20260630.htm,15,FALSE,12
BAC,8-K,2026-07-24,8-K,https://www.sec.gov/Archives/edgar/data/70858/000007085826000364/bac-20260723.htm,15,FALSE,12
BAC,8-K,2026-07-14,8-K,https://www.sec.gov/Archives/edgar/data/70858/000007085826000353/bac-20260714.htm,15,FALSE,12
BAC,8-K,2026-05-06,8-K,https://www.sec.gov/Archives/edgar/data/70858/000007085826000273/bac-20260504.htm,15,FALSE,12
BAC,10-Q,2026-05-01,10-Q,https://www.sec.gov/Archives/edgar/data/70858/000007085826000249/bac-20260331.htm,15,FALSE,12
DECK,10-Q,2026-07-30,10-Q,https://www.sec.gov/Archives/edgar/data/910521/000091052126000022/deck-20260630.htm,23,FALSE,5
DECK,DEF 14A,2026-07-24,DEF 14A,https://www.sec.gov/Archives/edgar/data/910521/000091052126000018/deck-20260724.htm,23,FALSE,5
DECK,8-K,2026-07-23,8-K,https://www.sec.gov/Archives/edgar/data/910521/000091052126000015/deck-20260723.htm,23,FALSE,5
DECK,10-K,2026-05-22,10-K,https://www.sec.gov/Archives/edgar/data/910521/000162828026037664/deck-20260331.htm,23,FALSE,5
DECK,8-K,2026-05-21,8-K,https://www.sec.gov/Archives/edgar/data/910521/000091052126000007/deck-20260521.htm,23,FALSE,5
GOOGL,8-K,2026-08-10,8-K,https://www.sec.gov/Archives/edgar/data/1652044/000119312526342390/d171253d8k.htm,51,FALSE,18
GOOGL,10-Q,2026-07-23,10-Q,https://www.sec.gov/Archives/edgar/data/1652044/000165204426000071/goog-20260630.htm,51,FALSE,18
GOOGL,8-K,2026-07-22,8-K,https://www.sec.gov/Archives/edgar/data/1652044/000165204426000066/goog-20260722.htm,51,FALSE,18
GOOGL,8-K,2026-06-11,8-K,https://www.sec.gov/Archives/edgar/data/1652044/000119312526267578/d57679d8k.htm,51,FALSE,18
GOOGL,8-K,2026-06-05,8-K,https://www.sec.gov/Archives/edgar/data/1652044/000119312526259830/d36818d8k.htm,51,FALSE,18
CALM,DEF 14A,2026-08-18,DEF 14A,https://www.sec.gov/Archives/edgar/data/16160/000114036126033569/ny20077563x1_def14a.htm,2,FALSE,9
CALM,10-K,2026-07-22,FORM 10K,https://www.sec.gov/Archives/edgar/data/16160/000156276226000080/calm2026053010K.htm,2,FALSE,9
CALM,8-K,2026-07-22,FORM 8-K,https://www.sec.gov/Archives/edgar/data/16160/000156276226000078/8k20260722.htm,2,FALSE,9
CALM,8-K,2026-06-30,FORM 8-K,https://www.sec.gov/Archives/edgar/data/16160/000156276226000076/calm-20260629_8K.htm,2,FALSE,9
CALM,8-K,2026-06-23,FORM 8-K,https://www.sec.gov/Archives/edgar/data/16160/000156276226000074/calm-20260623_8K.htm,2,FALSE,9
TROW,10-Q,2026-07-31,10-Q,https://www.sec.gov/Archives/edgar/data/1113169/000162828026051335/trow-20260630.htm,11,FALSE,10
TROW,8-K,2026-07-31,8-K,https://www.sec.gov/Archives/edgar/data/1113169/000162828026051211/trow-20260731.htm,11,FALSE,10
TROW,8-K,2026-05-18,8-K,https://www.sec.gov/Archives/edgar/data/1113169/000162828026035912/trow-20260515.htm,11,FALSE,10
TROW,8-K,2026-05-11,8-K,https://www.sec.gov/Archives/edgar/data/1113169/000162828026033420/trow-20260507.htm,11,FALSE,10
TROW,10-Q,2026-04-30,10-Q,https://www.sec.gov/Archives/edgar/data/1113169/000162828026028712/trow-20260331.htm,11,FALSE,10
ACN,8-K,2026-07-10,8-K,https://www.sec.gov/Archives/edgar/data/1467373/000119312526300813/d181172d8k.htm,43,FALSE,8
ACN,8-K,2026-06-23,8-K,https://www.sec.gov/Archives/edgar/data/1467373/000146737326000035/acn-20260623.htm,43,FALSE,8
ACN,10-Q,2026-06-18,10-Q,https://www.sec.gov/Archives/edgar/data/1467373/000146737326000032/acn-20260531.htm,43,FALSE,8
ACN,8-K,2026-06-18,8-K,https://www.sec.gov/Archives/edgar/data/1467373/000146737326000031/acn-20260618.htm,43,FALSE,8
ACN,8-K,2026-04-24,8-K,https://www.sec.gov/Archives/edgar/data/1467373/000146737326000019/acn-20260422.htm,43,FALSE,8
JAZZ,8-K,2026-08-25,8-K,https://www.sec.gov/Archives/edgar/data/1232524/000162828026058864/jazz-20260825.htm,26,FALSE,13
JAZZ,8-K,2026-08-10,8-K,https://www.sec.gov/Archives/edgar/data/1232524/000119312526342667/d151973d8k.htm,26,FALSE,13
JAZZ,8-K,2026-08-10,8-K,https://www.sec.gov/Archives/edgar/data/1232524/000119312526341270/d106596d8k.htm,26,FALSE,13
JAZZ,10-Q,2026-08-03,10-Q,https://www.sec.gov/Archives/edgar/data/1232524/000123252426000045/jazz-20260630.htm,26,FALSE,13
JAZZ,8-K,2026-08-03,8-K,https://www.sec.gov/Archives/edgar/data/1232524/000123252426000044/jazz-20260803.htm,26,FALSE,13
MLI,8-K,2026-08-10,8-K,https://www.sec.gov/Archives/edgar/data/89439/000008943926000036/mli-20260806.htm,11,FALSE,11
MLI,10-Q,2026-07-22,10-Q,https://www.sec.gov/Archives/edgar/data/89439/000008943926000032/mli-20260627.htm,11,FALSE,11
MLI,8-K,2026-07-21,8-K,https://www.sec.gov/Archives/edgar/data/89439/000008943926000029/mli-20260721.htm,11,FALSE,11
MLI,8-K,2026-07-01,8-K,https://www.sec.gov/Archives/edgar/data/89439/000008943926000027/mli-20260629.htm,11,FALSE,11
MLI,8-K,2026-06-02,8-K,https://www.sec.gov/Archives/edgar/data/89439/000008943926000025/mli-20260602.htm,11,FALSE,11
JPM,10-Q,2026-08-06,10-Q,https://www.sec.gov/Archives/edgar/data/19617/000162828026054343/jpm-20260630.htm,14,FALSE,26
JPM,8-K,2026-07-23,8-K,https://www.sec.gov/Archives/edgar/data/19617/000119312526314128/d103985d8k.htm,14,FALSE,26
JPM,8-K,2026-07-23,8-K,https://www.sec.gov/Archives/edgar/data/19617/000001961726000288/jpm-20260721.htm,14,FALSE,26
JPM,8-K,2026-07-14,8-K,https://www.sec.gov/Archives/edgar/data/19617/000162828026048086/jpm-20260714.htm,14,FALSE,26
JPM,8-K,2026-07-14,8-K,https://www.sec.gov/Archives/edgar/data/19617/000162828026048078/jpm-20260714.htm,14,FALSE,26
JBSS,8-K,2026-08-25,8-K,https://www.sec.gov/Archives/edgar/data/880117/000119312526364284/jbss-20260825.htm,5,FALSE,10
JBSS,10-K,2026-08-19,10-K,https://www.sec.gov/Archives/edgar/data/880117/000119312526356919/jbss-20260625.htm,5,FALSE,10
JBSS,8-K,2026-08-19,8-K,https://www.sec.gov/Archives/edgar/data/880117/000119312526356911/jbss-20260819.htm,5,FALSE,10
JBSS,8-K,2026-07-16,8-K,https://www.sec.gov/Archives/edgar/data/880117/000119312526306138/jbss-20260715.htm,5,FALSE,10
JBSS,8-K,2026-07-15,8-K,https://www.sec.gov/Archives/edgar/data/880117/000119312526304782/jbss-20260715.htm,5,FALSE,10
FIZZ,DEF 14A,2026-08-28,FORM DEF 14A,https://www.sec.gov/Archives/edgar/data/69891/000143774926029176/fizz20260820_def14a.htm,1,FALSE,6
FIZZ,8-K,2026-07-02,FORM 8-K,https://www.sec.gov/Archives/edgar/data/69891/000143774926022532/fizz20260702_8k.htm,1,FALSE,6
FIZZ,10-K,2026-07-01,FORM 10-K,https://www.sec.gov/Archives/edgar/data/69891/000143774926022315/fizz20260502_10k.htm,1,FALSE,6
FIZZ,8-K,2026-03-13,FORM 8-K,https://www.sec.gov/Archives/edgar/data/69891/000143774926008252/fizz20260312_8k.htm,1,FALSE,6
FIZZ,10-Q,2026-03-12,FORM 10-Q,https://www.sec.gov/Archives/edgar/data/69891/000143774926007987/fizz20260125_10q.htm,1,FALSE,6
CFR,8-K,2026-08-17,8-K,https://www.sec.gov/Archives/edgar/data/39263/000003926326000049/cfr-20260817.htm,1,FALSE,9
CFR,10-Q,2026-07-30,10-Q,https://www.sec.gov/Archives/edgar/data/39263/000003926326000046/cfr-20260630.htm,1,FALSE,9
CFR,8-K,2026-07-30,8-K - 2Q26 PRESS RELEASE,https://www.sec.gov/Archives/edgar/data/39263/000003926326000045/cfr-20260730.htm,1,FALSE,9
CFR,10-Q,2026-04-30,10-Q,https://www.sec.gov/Archives/edgar/data/39263/000003926326000035/cfr-20260331.htm,1,FALSE,9
CFR,8-K,2026-04-30,8-K - 1Q26 PRESS RELEASE,https://www.sec.gov/Archives/edgar/data/39263/000003926326000033/cfr-20260430.htm,1,FALSE,9
QCOM,8-K,2026-07-31,FORM 8-K,https://www.sec.gov/Archives/edgar/data/804328/000110465926089234/tm2621612d2_8k.htm,7,FALSE,11
QCOM,10-Q,2026-07-29,10-Q,https://www.sec.gov/Archives/edgar/data/804328/000080432826000086/qcom-20260628.htm,7,FALSE,11
QCOM,8-K,2026-07-29,8-K,https://www.sec.gov/Archives/edgar/data/804328/000080432826000085/qcom-20260729.htm,7,FALSE,11
QCOM,8-K,2026-06-24,FORM 8-K,https://www.sec.gov/Archives/edgar/data/804328/000110465926077071/tm2618522d1_8k.htm,7,FALSE,11
QCOM,10-Q,2026-04-29,10-Q,https://www.sec.gov/Archives/edgar/data/804328/000080432826000061/qcom-20260329.htm,7,FALSE,11
EXP,8-K,2026-07-31,8-K,https://www.sec.gov/Archives/edgar/data/918646/000119312526328712/d149871d8k.htm,20,FALSE,9
EXP,10-Q,2026-07-29,10-Q,https://www.sec.gov/Archives/edgar/data/918646/000119312526323823/exp-20260630.htm,20,FALSE,9
EXP,8-K,2026-07-29,8-K,https://www.sec.gov/Archives/edgar/data/918646/000119312526322090/d127735d8k.htm,20,FALSE,9
EXP,DEF 14A,2026-06-15,DEF 14A,https://www.sec.gov/Archives/edgar/data/918646/000119312526271073/exp-20260615.htm,20,FALSE,9
EXP,8-K,2026-05-28,8-K,https://www.sec.gov/Archives/edgar/data/918646/000119312526245270/d129272d8k.htm,20,FALSE,9
WLDN,10-Q,2026-08-07,10-Q,https://www.sec.gov/Archives/edgar/data/1370450/000110465926092196/wldn-20260703x10q.htm,6,FALSE,5
WLDN,8-K,2026-08-06,8-K,https://www.sec.gov/Archives/edgar/data/1370450/000110465926092028/wldn-20260806x8k.htm,6,FALSE,5
WLDN,8-K,2026-06-18,8-K,https://www.sec.gov/Archives/edgar/data/1370450/000110465926075795/wldn-20260617x8k.htm,6,FALSE,5
WLDN,10-Q,2026-05-08,10-Q,https://www.sec.gov/Archives/edgar/data/1370450/000110465926057350/wldn-20260403x10q.htm,6,FALSE,5
WLDN,8-K,2026-05-07,8-K,https://www.sec.gov/Archives/edgar/data/1370450/000110465926057151/wldn-20260507x8k.htm,6,FALSE,5
AMZN,S-4,2026-07-31,S-4,https://www.sec.gov/Archives/edgar/data/1018724/000110465926089294/tm2617924-1_s4.htm,13,TRUE,14
AMZN,10-Q,2026-07-31,10-Q,https://www.sec.gov/Archives/edgar/data/1018724/000101872426000026/amzn-20260630.htm,13,TRUE,14
AMZN,8-K,2026-07-30,8-K,https://www.sec.gov/Archives/edgar/data/1018724/000101872426000024/amzn-20260730.htm,13,TRUE,14
AMZN,8-K,2026-07-09,FORM 8-K,https://www.sec.gov/Archives/edgar/data/1018724/000110465926082293/tm2619352d4_8k.htm,13,TRUE,14
AMZN,8-K,2026-06-12,FORM 8-K,https://www.sec.gov/Archives/edgar/data/1018724/000110465926073562/tm2613616d5_8k.htm,13,TRUE,14
RJF,8-K,2026-08-19,8-K,https://www.sec.gov/Archives/edgar/data/720005/000072000526000073/rjf-20260819.htm,4,FALSE,20
RJF,10-Q,2026-08-05,10-Q,https://www.sec.gov/Archives/edgar/data/720005/000072000526000070/rjf-20260630.htm,4,FALSE,20
RJF,8-K,2026-07-22,8-K,https://www.sec.gov/Archives/edgar/data/720005/000072000526000066/rjf-20260722.htm,4,FALSE,20
RJF,8-K,2026-06-24,8-K,https://www.sec.gov/Archives/edgar/data/720005/000072000526000063/rjf-20260624.htm,4,FALSE,20
RJF,8-K,2026-05-27,8-K,https://www.sec.gov/Archives/edgar/data/720005/000072000526000060/rjf-20260527.htm,4,FALSE,20
SENEA,8-K,2026-08-11,FORM 8-K,https://www.sec.gov/Archives/edgar/data/88948/000143774926027008/senea20260806_8k.htm,7,FALSE,1
SENEA,10-Q,2026-08-06,FORM 10-Q,https://www.sec.gov/Archives/edgar/data/88948/000143774926026264/senea20260627_10q.htm,7,FALSE,1
SENEA,DEF 14A,2026-07-07,FORM DEF 14A,https://www.sec.gov/Archives/edgar/data/88948/000143774926022933/senea20260618_def14a.htm,7,FALSE,1
SENEA,10-K,2026-06-11,FORM 10-K,https://www.sec.gov/Archives/edgar/data/88948/000143774926020290/senea20260331_10k.htm,7,FALSE,1
SENEA,10-Q,2026-02-05,FORM 10-Q,https://www.sec.gov/Archives/edgar/data/88948/000143774926003202/senea20251227_10q.htm,7,FALSE,1
NEE,8-K,2026-08-25,FORM 8-K,https://www.sec.gov/Archives/edgar/data/753308/000110465926100476/tm2623831d1_8k.htm,5,TRUE,26
NEE,8-K,2026-08-11,8-K,https://www.sec.gov/Archives/edgar/data/753308/000075330826000065/nee-20260810.htm,5,TRUE,26
NEE,10-Q,2026-07-24,10-Q,https://www.sec.gov/Archives/edgar/data/753308/000075330826000060/nee-20260630.htm,5,TRUE,26
NEE,8-K,2026-07-24,8-K,https://www.sec.gov/Archives/edgar/data/753308/000075330826000058/nee-20260724.htm,5,TRUE,26
NEE,S-4,2026-07-09,S-4,https://www.sec.gov/Archives/edgar/data/753308/000110465926082301/tm2614888-13_s4.htm,5,TRUE,26
PEP,8-K,2026-07-09,8-K,https://www.sec.gov/Archives/edgar/data/77476/000007747626000037/pep-20260709.htm,8,FALSE,9
PEP,10-Q,2026-07-09,FORM 10-Q,https://www.sec.gov/Archives/edgar/data/77476/000007747626000035/pep-20260613.htm,8,FALSE,9
PEP,8-K,2026-05-22,FORM 8-K,https://www.sec.gov/Archives/edgar/data/77476/000110465926065758/tm2615167d1_8k.htm,8,FALSE,9
PEP,8-K,2026-05-08,8-K,https://www.sec.gov/Archives/edgar/data/77476/000007747626000024/pep-20260506.htm,8,FALSE,9
PEP,8-K,2026-04-16,8-K,https://www.sec.gov/Archives/edgar/data/77476/000007747626000019/pep-20260416.htm,8,FALSE,9
MS,10-Q,2026-08-04,10-Q,https://www.sec.gov/Archives/edgar/data/895421/000089542126000212/ms-20260630.htm,16,FALSE,9
MS,8-K,2026-07-15,8-K,https://www.sec.gov/Archives/edgar/data/895421/000089542126000207/ms-20260715.htm,16,FALSE,9
MS,8-K,2026-06-24,FORM 8-K,https://www.sec.gov/Archives/edgar/data/895421/000095010326009448/dp248866_8k.htm,16,FALSE,9
MS,8-K,2026-05-15,FORM 8-K,https://www.sec.gov/Archives/edgar/data/895421/000095010326007291/dp246746_8k.htm,16,FALSE,9
MS,10-Q,2026-05-05,10-Q,https://www.sec.gov/Archives/edgar/data/895421/000089542126000121/ms-20260331.htm,16,FALSE,9
PG,DEF 14A,2026-08-28,DEF 14A,https://www.sec.gov/Archives/edgar/data/80424/000119312526372211/pg-20260826.htm,44,FALSE,17
PG,10-K,2026-08-04,FY2526 10-K,https://www.sec.gov/Archives/edgar/data/80424/000008042426000103/pg-20260630.htm,44,FALSE,17
PG,8-K,2026-07-29,8-K,https://www.sec.gov/Archives/edgar/data/80424/000008042426000097/pg-20260729.htm,44,FALSE,17
PG,8-K,2026-07-29,8-K,https://www.sec.gov/Archives/edgar/data/80424/000008042426000094/pg-20260729.htm,44,FALSE,17
PG,8-K,2026-07-29,FY2526 Q4 AMJ 8-K,https://www.sec.gov/Archives/edgar/data/80424/000008042426000093/pg-20260729.htm,44,FALSE,17
CVX,10-Q,2026-08-06,10-Q,https://www.sec.gov/Archives/edgar/data/93410/000009341026000167/cvx-20260630.htm,9,FALSE,14
CVX,8-K,2026-07-31,8-K,https://www.sec.gov/Archives/edgar/data/93410/000009341026000162/cvx-20260731.htm,9,FALSE,14
CVX,8-K,2026-05-29,8-K,https://www.sec.gov/Archives/edgar/data/93410/000009341026000125/cvx-20260527.htm,9,FALSE,14
CVX,8-K,2026-05-29,8-K,https://www.sec.gov/Archives/edgar/data/93410/000009341026000123/cvx-20260527.htm,9,FALSE,14
CVX,10-Q,2026-05-07,10-Q,https://www.sec.gov/Archives/edgar/data/93410/000009341026000113/cvx-20260331.htm,9,FALSE,14
NBIX,10-Q,2026-07-31,10-Q,https://www.sec.gov/Archives/edgar/data/914475/000091447526000037/nbix-20260630.htm,13,FALSE,8
NBIX,8-K,2026-07-30,8-K,https://www.sec.gov/Archives/edgar/data/914475/000091447526000035/nbix-20260730.htm,13,FALSE,8
NBIX,8-K,2026-05-28,8-K,https://www.sec.gov/Archives/edgar/data/914475/000091447526000029/nbix-20260527.htm,13,FALSE,8
NBIX,8-K,2026-05-18,8-K,https://www.sec.gov/Archives/edgar/data/914475/000119312526228013/d94926d8k.htm,13,FALSE,8
NBIX,10-Q,2026-05-05,10-Q,https://www.sec.gov/Archives/edgar/data/914475/000091447526000026/nbix-20260331.htm,13,FALSE,8
OLLI,8-K,2026-06-15,8-K,https://www.sec.gov/Archives/edgar/data/1639300/000114036126025209/ef20076224_8k.htm,2,FALSE,5
OLLI,10-Q,2026-06-03,10-Q,https://www.sec.gov/Archives/edgar/data/1639300/000114036126023882/olli-20260502.htm,2,FALSE,5
OLLI,8-K,2026-06-03,8-K,https://www.sec.gov/Archives/edgar/data/1639300/000114036126023811/ef20075441_8k.htm,2,FALSE,5
OLLI,DEF 14A,2026-04-30,DEF 14A,https://www.sec.gov/Archives/edgar/data/1639300/000114036126018292/ny20064676x2_def14a.htm,2,FALSE,5
OLLI,10-K,2026-03-19,10-K,https://www.sec.gov/Archives/edgar/data/1639300/000114036126010409/ef20060524_10k.htm,2,FALSE,5
MSFT,10-K,2026-07-29,10-K,https://www.sec.gov/Archives/edgar/data/789019/000119312526323660/msft-20260630.htm,34,FALSE,8
MSFT,8-K,2026-07-29,8-K,https://www.sec.gov/Archives/edgar/data/789019/000119312526323632/msft-20260729.htm,34,FALSE,8
MSFT,8-K,2026-06-05,8-K,https://www.sec.gov/Archives/edgar/data/789019/000119312526258667/d26760d8k.htm,34,FALSE,8
MSFT,8-K,2026-05-14,8-K,https://www.sec.gov/Archives/edgar/data/789019/000119312526224155/d125909d8k.htm,34,FALSE,8
MSFT,10-Q,2026-04-29,10-Q,https://www.sec.gov/Archives/edgar/data/789019/000119312526191507/msft-20260331.htm,34,FALSE,8
INTU,8-K,2026-08-25,8-K,https://www.sec.gov/Archives/edgar/data/896878/000089687826000029/intu-20260825.htm,32,FALSE,11
INTU,8-K,2026-06-11,8-K,https://www.sec.gov/Archives/edgar/data/896878/000119312526267866/d159651d8k.htm,32,FALSE,11
INTU,10-Q,2026-05-20,10-Q,https://www.sec.gov/Archives/edgar/data/896878/000089687826000025/intu-20260430.htm,32,FALSE,11
INTU,8-K,2026-05-20,8-K,https://www.sec.gov/Archives/edgar/data/896878/000089687826000024/intu-20260520.htm,32,FALSE,11
INTU,8-K,2026-04-28,8-K,https://www.sec.gov/Archives/edgar/data/896878/000089687826000020/intu-20260428.htm,32,FALSE,11
IBM,8-K,2026-08-14,FORM 8-K,https://www.sec.gov/Archives/edgar/data/51143/000110465926097089/tm2623193d1_8k.htm,16,FALSE,13
IBM,10-Q,2026-07-23,10-Q,https://www.sec.gov/Archives/edgar/data/51143/000005114326000078/ibm-20260630.htm,16,FALSE,13
IBM,8-K,2026-07-22,8-K,https://www.sec.gov/Archives/edgar/data/51143/000005114326000077/ibm-20260722.htm,16,FALSE,13
IBM,8-K,2026-07-14,8-K,https://www.sec.gov/Archives/edgar/data/51143/000005114326000070/ibm-20260714.htm,16,FALSE,13
IBM,8-K,2026-06-23,8-K,https://www.sec.gov/Archives/edgar/data/51143/000005114326000061/ibm-20260622.htm,16,FALSE,13
NTRS,8-K,2026-08-03,8-K,https://www.sec.gov/Archives/edgar/data/73124/000007312426000051/ntrs-20260803.htm,14,FALSE,10
NTRS,10-Q,2026-07-30,10-Q,https://www.sec.gov/Archives/edgar/data/73124/000007312426000047/ntrs-20260630.htm,14,FALSE,10
NTRS,8-K,2026-07-22,8-K,https://www.sec.gov/Archives/edgar/data/73124/000007312426000043/ntrs-20260722.htm,14,FALSE,10
NTRS,10-Q,2026-04-30,10-Q,https://www.sec.gov/Archives/edgar/data/73124/000007312426000035/ntrs-20260331.htm,14,FALSE,10
NTRS,8-K,2026-04-22,8-K,https://www.sec.gov/Archives/edgar/data/73124/000007312426000031/ntrs-20260421.htm,14,FALSE,10
META,10-Q,2026-07-30,10-Q,https://www.sec.gov/Archives/edgar/data/1326801/000162828026050705/meta-20260630.htm,39,FALSE,11
META,8-K,2026-07-29,8-K,https://www.sec.gov/Archives/edgar/data/1326801/000162828026050596/meta-20260729.htm,39,FALSE,11
META,8-K,2026-05-29,8-K,https://www.sec.gov/Archives/edgar/data/1326801/000162828026039193/meta-20260527.htm,39,FALSE,11
META,8-K,2026-05-04,8-K,https://www.sec.gov/Archives/edgar/data/1326801/000119312526204128/d134616d8k.htm,39,FALSE,11
META,10-Q,2026-04-30,10-Q,https://www.sec.gov/Archives/edgar/data/1326801/000162828026028526/meta-20260331.htm,39,FALSE,11
DKS,8-K,2026-08-25,8-K,https://www.sec.gov/Archives/edgar/data/1089063/000108906326000033/dks-20260824.htm,15,TRUE,9
DKS,8-K,2026-06-12,8-K,https://www.sec.gov/Archives/edgar/data/1089063/000108906326000031/dks-20260610.htm,15,TRUE,9
DKS,S-4,2026-06-05,S-4,https://www.sec.gov/Archives/edgar/data/1089063/000114036126024270/ny20075575x1_s4.htm,15,TRUE,9
DKS,10-Q,2026-06-04,10-Q,https://www.sec.gov/Archives/edgar/data/1089063/000108906326000027/dks-20260502.htm,15,TRUE,9
DKS,8-K,2026-05-27,8-K,https://www.sec.gov/Archives/edgar/data/1089063/000108906326000021/dks-20260526.htm,15,TRUE,9
LMB,10-Q,2026-08-04,10-Q,https://www.sec.gov/Archives/edgar/data/1606163/000162828026052622/lmb-20260630.htm,1,FALSE,9
LMB,8-K,2026-08-04,8-K,https://www.sec.gov/Archives/edgar/data/1606163/000162828026052611/lmb-20260804.htm,1,FALSE,9
LMB,8-K,2026-07-24,8-K,https://www.sec.gov/Archives/edgar/data/1606163/000162828026049590/lmb-20260724.htm,1,FALSE,9
LMB,8-K,2026-06-11,8-K,https://www.sec.gov/Archives/edgar/data/1606163/000162828026042515/lmb-20260609.htm,1,FALSE,9
LMB,8-K,2026-05-18,8-K,https://www.sec.gov/Archives/edgar/data/1606163/000162828026035982/lmb-20260518.htm,1,FALSE,9
YETI,10-Q,2026-08-13,10-Q,https://www.sec.gov/Archives/edgar/data/1670592/000167059226000040/yeti-20260704.htm,3,FALSE,7
YETI,8-K,2026-08-13,8-K,https://www.sec.gov/Archives/edgar/data/1670592/000167059226000039/yeti-20260813.htm,3,FALSE,7
YETI,8-K,2026-08-12,FORM 8-K,https://www.sec.gov/Archives/edgar/data/1670592/000110465926095004/tm2623045d1_8k.htm,3,FALSE,7
YETI,10-Q,2026-05-14,10-Q,https://www.sec.gov/Archives/edgar/data/1670592/000167059226000028/yeti-20260404.htm,3,FALSE,7
YETI,8-K,2026-05-14,8-K,https://www.sec.gov/Archives/edgar/data/1670592/000167059226000027/yeti-20260514.htm,3,FALSE,7
V,10-Q,2026-07-29,10-Q,https://www.sec.gov/Archives/edgar/data/1403161/000140316126000104/v-20260630.htm,8,TRUE,18
V,8-K,2026-07-28,8-K,https://www.sec.gov/Archives/edgar/data/1403161/000140316126000103/v-20260728.htm,8,TRUE,18
V,8-K,2026-07-15,8-K,https://www.sec.gov/Archives/edgar/data/1403161/000140316126000096/v-20260714.htm,8,TRUE,18
V,8-K,2026-06-26,8-K,https://www.sec.gov/Archives/edgar/data/1403161/000140316126000086/v-20260624.htm,8,TRUE,18
V,8-K,2026-05-12,8-K,https://www.sec.gov/Archives/edgar/data/1403161/000119312526219432/d64238d8k.htm,8,TRUE,18
MA,10-Q,2026-07-30,10-Q,https://www.sec.gov/Archives/edgar/data/1141391/000114139126000083/ma-20260630.htm,25,FALSE,11
MA,8-K,2026-07-30,8-K,https://www.sec.gov/Archives/edgar/data/1141391/000114139126000081/ma-20260730.htm,25,FALSE,11
MA,8-K,2026-06-17,8-K,https://www.sec.gov/Archives/edgar/data/1141391/000114139126000041/ma-20260616.htm,25,FALSE,11
MA,8-K,2026-06-08,8-K,https://www.sec.gov/Archives/edgar/data/1141391/000119312526261669/d128075d8k.htm,25,FALSE,11
MA,8-K,2026-06-02,8-K,https://www.sec.gov/Archives/edgar/data/1141391/000114139126000037/ma-20260529.htm,25,FALSE,11
NVDA,10-Q,2026-08-26,10-Q,https://www.sec.gov/Archives/edgar/data/1045810/000104581026000075/nvda-20260726.htm,23,FALSE,12
NVDA,8-K,2026-08-26,8-K,https://www.sec.gov/Archives/edgar/data/1045810/000104581026000073/nvda-20260826.htm,23,FALSE,12
NVDA,8-K,2026-08-17,8-K,https://www.sec.gov/Archives/edgar/data/1045810/000104581026000069/nvda-20260817.htm,23,FALSE,12
NVDA,8-K,2026-07-02,8-K,https://www.sec.gov/Archives/edgar/data/1045810/000104581026000060/nvda-20260628.htm,23,FALSE,12
NVDA,8-K,2026-06-30,8-K,https://www.sec.gov/Archives/edgar/data/1045810/000104581026000056/nvda-20260624.htm,23,FALSE,12
ORCL,10-K,2026-06-22,10-K,https://www.sec.gov/Archives/edgar/data/1341439/000119312526277521/orcl-20260531.htm,10,FALSE,12
ORCL,8-K,2026-06-10,8-K,https://www.sec.gov/Archives/edgar/data/1341439/000119312526265848/orcl-20260610.htm,10,FALSE,12
ORCL,8-K,2026-05-12,8-K,https://www.sec.gov/Archives/edgar/data/1341439/000119312526219708/d76569d8k.htm,10,FALSE,12
ORCL,8-K,2026-04-06,8-K,https://www.sec.gov/Archives/edgar/data/1341439/000119312526142939/d132760d8k.htm,10,FALSE,12
ORCL,10-Q,2026-03-11,10-Q,https://www.sec.gov/Archives/edgar/data/1341439/000119312526101045/orcl-20260228.htm,10,FALSE,12
KO,10-Q,2026-07-29,10-Q,https://www.sec.gov/Archives/edgar/data/21344/000162828026050503/ko-20260703.htm,12,FALSE,11
KO,8-K,2026-07-28,8-K,https://www.sec.gov/Archives/edgar/data/21344/000162828026049922/ko-20260728.htm,12,FALSE,11
KO,8-K,2026-07-16,8-K,https://www.sec.gov/Archives/edgar/data/21344/000162828026048466/ko-20260716.htm,12,FALSE,11
KO,8-K,2026-06-25,,https://www.sec.gov/Archives/edgar/data/21344/000155278126000366/e26287_ko-8k.htm,12,FALSE,11
KO,8-K,2026-05-01,8-K,https://www.sec.gov/Archives/edgar/data/21344/000162828026029230/ko-20260429.htm,12,FALSE,11
XOM,8-K,2026-08-28,8-K,https://www.sec.gov/Archives/edgar/data/2115436/000119312526373026/d82162d8k.htm,0,FALSE,3
XOM,10-Q,2026-08-03,FORM 10-Q,https://www.sec.gov/Archives/edgar/data/2115436/000003408826000093/xom-20260630.htm,0,FALSE,3
XOM,8-K,2026-07-31,FORM 8-K,https://www.sec.gov/Archives/edgar/data/2115436/000211543626000006/xom-20260731.htm,0,FALSE,3
XOM,8-K,2026-07-07,FORM 8-K,https://www.sec.gov/Archives/edgar/data/2115436/000211543626000003/xom-20260707.htm,0,FALSE,3
NFLX,8-K,2026-07-30,8-K,https://www.sec.gov/Archives/edgar/data/1065280/000106528026000214/nflx-20260726.htm,42,FALSE,15
NFLX,8-K,2026-07-22,8-K,https://www.sec.gov/Archives/edgar/data/1065280/000119312526312575/d171951d8k.htm,42,FALSE,15
NFLX,10-Q,2026-07-17,10-Q,https://www.sec.gov/Archives/edgar/data/1065280/000106528026000212/nflx-20260630.htm,42,FALSE,15
NFLX,8-K,2026-07-16,8-K,https://www.sec.gov/Archives/edgar/data/1065280/000106528026000211/nflx-20260716.htm,42,FALSE,15
NFLX,8-K,2026-06-05,8-K,https://www.sec.gov/Archives/edgar/data/1065280/000106528026000189/nflx-20260604.htm,42,FALSE,15
SPGI,10-Q,2026-07-28,10-Q,https://www.sec.gov/Archives/edgar/data/64040/000006404026000045/spgi-20260630.htm,2,TRUE,18
SPGI,8-K,2026-07-28,8-K,https://www.sec.gov/Archives/edgar/data/64040/000006404026000040/spgi-20260728.htm,2,TRUE,18
SPGI,S-4,2026-07-09,S-4,https://www.sec.gov/Archives/edgar/data/64040/000110465926082258/tm2618680-1_s4.htm,2,TRUE,18
SPGI,8-K,2026-07-06,FORM 8-K,https://www.sec.gov/Archives/edgar/data/64040/000110465926080751/tm2619719d1_8k.htm,2,TRUE,18
SPGI,8-K,2026-07-02,FORM 8-K,https://www.sec.gov/Archives/edgar/data/64040/000110465926080005/tm2619099d1_8k.htm,2,TRUE,18
QRVO,8-K,2026-08-12,8-K,https://www.sec.gov/Archives/edgar/data/1604778/000162828026056169/rfmd-20260811.htm,27,FALSE,13
QRVO,10-Q,2026-07-28,10-Q,https://www.sec.gov/Archives/edgar/data/1604778/000162828026050166/rfmd-20260627.htm,27,FALSE,13
QRVO,8-K,2026-07-28,8-K,https://www.sec.gov/Archives/edgar/data/1604778/000162828026050149/rfmd-20260728.htm,27,FALSE,13
QRVO,DEF 14A,2026-06-26,DEF 14A,https://www.sec.gov/Archives/edgar/data/1604778/000119312526285512/d22973ddef14a.htm,27,FALSE,13
QRVO,8-K,2026-06-12,FORM 8-K,https://www.sec.gov/Archives/edgar/data/1604778/000095010326008888/dp248325_8k.htm,27,FALSE,13
HD,10-Q,2026-08-25,10-Q,https://www.sec.gov/Archives/edgar/data/354950/000162828026058715/hd-20260802.htm,4,FALSE,11
HD,8-K,2026-08-21,8-K,https://www.sec.gov/Archives/edgar/data/354950/000035495026000148/hd-20260820.htm,4,FALSE,11
HD,8-K,2026-08-18,8-K,https://www.sec.gov/Archives/edgar/data/354950/000035495026000145/hd-20260818.htm,4,FALSE,11
HD,8-K,2026-08-12,8-K,https://www.sec.gov/Archives/edgar/data/354950/000035495026000141/hd-20260811.htm,4,FALSE,11
HD,10-Q,2026-05-27,10-Q,https://www.sec.gov/Archives/edgar/data/354950/000162828026038247/hd-20260503.htm,4,FALSE,11
UPS,8-K,2026-08-18,FORM 8-K,https://www.sec.gov/Archives/edgar/data/1090727/000110465926098351/tm2622353d8_8k.htm,0,FALSE,11
UPS,8-K,2026-08-12,FORM 8-K,https://www.sec.gov/Archives/edgar/data/1090727/000110465926094502/tm2622353d5_8k.htm,0,FALSE,11
UPS,10-Q,2026-08-05,10-Q,https://www.sec.gov/Archives/edgar/data/1090727/000162828026053249/ups-20260630.htm,0,FALSE,11
UPS,8-K,2026-07-28,8-K,https://www.sec.gov/Archives/edgar/data/1090727/000162828026049912/ups-20260728.htm,0,FALSE,11
UPS,8-K,2026-06-15,8-K,https://www.sec.gov/Archives/edgar/data/1090727/000162828026043196/ups-20260613.htm,0,FALSE,11
AMKR,10-Q,2026-07-28,10-Q,https://www.sec.gov/Archives/edgar/data/1047127/000104712726000046/amkr-20260630.htm,27,FALSE,15
AMKR,8-K,2026-07-27,8-K,https://www.sec.gov/Archives/edgar/data/1047127/000104712726000043/amkr-20260727.htm,27,FALSE,15
AMKR,8-K,2026-05-21,8-K,https://www.sec.gov/Archives/edgar/data/1047127/000104712726000036/amkr-20260521.htm,27,FALSE,15
AMKR,8-K,2026-05-19,8-K,https://www.sec.gov/Archives/edgar/data/1047127/000104712726000033/amkr-20260513.htm,27,FALSE,15
AMKR,8-K,2026-05-05,8-K,https://www.sec.gov/Archives/edgar/data/1047127/000104712726000029/amkr-20260430.htm,27,FALSE,15
ARHS,10-Q,2026-08-06,10-Q,https://www.sec.gov/Archives/edgar/data/1875444/000187544426000030/arhs-20260630.htm,2,FALSE,10
ARHS,8-K,2026-08-06,8-K,https://www.sec.gov/Archives/edgar/data/1875444/000187544426000028/arhs-20260806.htm,2,FALSE,10
ARHS,8-K,2026-07-16,8-K,https://www.sec.gov/Archives/edgar/data/1875444/000187544426000025/arhs-20260715.htm,2,FALSE,10
ARHS,8-K,2026-07-13,8-K,https://www.sec.gov/Archives/edgar/data/1875444/000187544426000023/arhs-20260707.htm,2,FALSE,10
ARHS,8-K,2026-05-19,8-K,https://www.sec.gov/Archives/edgar/data/1875444/000187544426000019/arhs-20260514.htm,2,FALSE,10
HALO,8-K,2026-08-18,8-K,https://www.sec.gov/Archives/edgar/data/1159036/000115903626000106/halo-20260814.htm,10,FALSE,21
HALO,10-Q,2026-08-06,10-Q,https://www.sec.gov/Archives/edgar/data/1159036/000115903626000104/halo-20260630.htm,10,FALSE,21
HALO,8-K,2026-08-06,8-K,https://www.sec.gov/Archives/edgar/data/1159036/000115903626000103/halo-20260806.htm,10,FALSE,21
HALO,8-K,2026-07-02,8-K,https://www.sec.gov/Archives/edgar/data/1159036/000115903626000088/halo-20260630.htm,10,FALSE,21
HALO,10-Q,2026-05-11,10-Q,https://www.sec.gov/Archives/edgar/data/1159036/000115903626000068/halo-20260331.htm,10,FALSE,21
BLK,10-Q,2026-08-06,10-Q,https://www.sec.gov/Archives/edgar/data/2012383/000119312526337177/blk-20260630.htm,15,FALSE,9
BLK,8-K,2026-07-15,8-K,https://www.sec.gov/Archives/edgar/data/2012383/000119312526304013/blk-20260715.htm,15,FALSE,9
BLK,8-K,2026-06-30,8-K,https://www.sec.gov/Archives/edgar/data/2012383/000119312526290830/d108689d8k.htm,15,FALSE,9
BLK,8-K,2026-05-22,8-K,https://www.sec.gov/Archives/edgar/data/2012383/000119312526237027/d30456d8k.htm,15,FALSE,9
BLK,10-Q,2026-05-06,10-Q,https://www.sec.gov/Archives/edgar/data/2012383/000119312526208766/blk-20260331.htm,15,FALSE,9
JNJ,8-K,2026-08-04,8-K,https://www.sec.gov/Archives/edgar/data/200406/000020040626000167/jnj-20260804.htm,9,FALSE,9
JNJ,8-K,2026-07-29,8-K,https://www.sec.gov/Archives/edgar/data/200406/000020040626000163/jnj-20260729.htm,9,FALSE,9
JNJ,8-K,2026-07-28,8-K,https://www.sec.gov/Archives/edgar/data/200406/000020040626000155/jnj-20260727.htm,9,FALSE,9
JNJ,10-Q,2026-07-23,10-Q,https://www.sec.gov/Archives/edgar/data/200406/000020040626000153/jnj-20260628.htm,9,FALSE,9
JNJ,8-K,2026-07-15,8-K,https://www.sec.gov/Archives/edgar/data/200406/000020040626000146/jnj-20260715.htm,9,FALSE,9
TWLO,10-Q,2026-08-07,10-Q,https://www.sec.gov/Archives/edgar/data/1447669/000144766926000092/twlo-20260630.htm,18,FALSE,6
TWLO,8-K,2026-08-06,8-K,https://www.sec.gov/Archives/edgar/data/1447669/000144766926000088/twlo-20260806.htm,18,FALSE,6
TWLO,8-K,2026-06-17,8-K,https://www.sec.gov/Archives/edgar/data/1447669/000144766926000055/twlo-20260616.htm,18,FALSE,6
TWLO,10-Q,2026-05-01,10-Q,https://www.sec.gov/Archives/edgar/data/1447669/000144766926000049/twlo-20260331.htm,18,FALSE,6
TWLO,8-K,2026-04-30,8-K,https://www.sec.gov/Archives/edgar/data/1447669/000144766926000046/twlo-20260430.htm,18,FALSE,6
AMGN,10-Q,2026-08-05,10-Q,https://www.sec.gov/Archives/edgar/data/318154/000031815426000126/amgn-20260630.htm,7,FALSE,10
AMGN,8-K,2026-08-04,8-K,https://www.sec.gov/Archives/edgar/data/318154/000031815426000124/amgn-20260804.htm,7,FALSE,10
AMGN,8-K,2026-07-31,8-K,https://www.sec.gov/Archives/edgar/data/318154/000031815426000119/amgn-20260729.htm,7,FALSE,10
AMGN,8-K,2026-05-20,8-K,https://www.sec.gov/Archives/edgar/data/318154/000119312526232786/amgn-20260519.htm,7,FALSE,10
AMGN,8-K,2026-05-19,8-K,https://www.sec.gov/Archives/edgar/data/318154/000031815426000097/amgn-20260519.htm,7,FALSE,10
MEDP,10-Q,2026-07-23,10-Q,https://www.sec.gov/Archives/edgar/data/1668397/000166839726000025/medp-20260630.htm,17,FALSE,6
MEDP,8-K,2026-07-22,8-K,https://www.sec.gov/Archives/edgar/data/1668397/000166839726000023/medp-20260722.htm,17,FALSE,6
MEDP,8-K,2026-06-04,8-K,https://www.sec.gov/Archives/edgar/data/1668397/000119312526257387/d162455d8k.htm,17,FALSE,6
MEDP,8-K,2026-05-19,8-K,https://www.sec.gov/Archives/edgar/data/1668397/000119312526230425/d101911d8k.htm,17,FALSE,6
MEDP,10-Q,2026-04-23,10-Q,https://www.sec.gov/Archives/edgar/data/1668397/000166839726000019/medp-20260331.htm,17,FALSE,6
GGG,10-Q,2026-07-22,10-Q,https://www.sec.gov/Archives/edgar/data/42888/000004288826000123/ggg-20260626.htm,7,FALSE,8
GGG,8-K,2026-06-15,8-K,https://www.sec.gov/Archives/edgar/data/42888/000004288826000114/ggg-20260612.htm,7,FALSE,8
GGG,8-K,2026-05-21,8-K,https://www.sec.gov/Archives/edgar/data/42888/000004288826000110/ggg-20260521.htm,7,FALSE,8
GGG,8-K,2026-05-05,8-K,https://www.sec.gov/Archives/edgar/data/42888/000119312526205255/d864524d8k.htm,7,FALSE,8
GGG,8-K,2026-04-27,8-K,https://www.sec.gov/Archives/edgar/data/42888/000004288826000101/ggg-20260424.htm,7,FALSE,8
CRM,10-Q,2026-08-27,10-Q,https://www.sec.gov/Archives/edgar/data/1108524/000110852426000190/crm-20260731.htm,20,FALSE,14
CRM,8-K,2026-08-26,8-K,https://www.sec.gov/Archives/edgar/data/1108524/000110852426000187/crm-20260826.htm,20,FALSE,14
CRM,8-K,2026-08-05,8-K,https://www.sec.gov/Archives/edgar/data/1108524/000110852426000160/crm-20260805.htm,20,FALSE,14
CRM,8-K,2026-06-02,8-K,https://www.sec.gov/Archives/edgar/data/1108524/000110852426000138/crm-20260527.htm,20,FALSE,14
CRM,8-K,2026-06-01,8-K,https://www.sec.gov/Archives/edgar/data/1108524/000110852426000131/crm-20260528.htm,20,FALSE,14
ANET,10-Q,2026-08-05,10-Q,https://www.sec.gov/Archives/edgar/data/1596532/000159653226000175/anet-20260630.htm,42,FALSE,6
ANET,8-K,2026-08-04,8-K,https://www.sec.gov/Archives/edgar/data/1596532/000159653226000174/anet-20260804.htm,42,FALSE,6
ANET,8-K,2026-06-02,8-K,https://www.sec.gov/Archives/edgar/data/1596532/000159653226000118/anet-20260529.htm,42,FALSE,6
ANET,10-Q,2026-05-06,10-Q,https://www.sec.gov/Archives/edgar/data/1596532/000159653226000078/anet-20260331.htm,42,FALSE,6
ANET,8-K,2026-05-05,8-K,https://www.sec.gov/Archives/edgar/data/1596532/000159653226000074/anet-20260505.htm,42,FALSE,6
AVGO,8-K,2026-07-06,8-K,https://www.sec.gov/Archives/edgar/data/1730168/000119312526295589/d84378d8k.htm,10,TRUE,15
AVGO,8-K,2026-06-18,8-K,https://www.sec.gov/Archives/edgar/data/1730168/000119312526275077/d149683d8k.htm,10,TRUE,15
AVGO,8-K,2026-06-11,8-K,https://www.sec.gov/Archives/edgar/data/1730168/000119312526266777/d152717d8k.htm,10,TRUE,15
AVGO,S-4,2026-06-09,S-4,https://www.sec.gov/Archives/edgar/data/1730168/000119312526263128/d227938ds4.htm,10,TRUE,15
AVGO,S-4,2026-06-09,S-4,https://www.sec.gov/Archives/edgar/data/1730168/000119312526263125/d227941ds4.htm,10,TRUE,15
LLY,10-Q,2026-08-05,10-Q,https://www.sec.gov/Archives/edgar/data/59478/000005947826000081/lly-20260630.htm,17,FALSE,7
LLY,8-K,2026-08-05,8-K,https://www.sec.gov/Archives/edgar/data/59478/000005947826000077/lly-20260805.htm,17,FALSE,7
LLY,8-K,2026-05-20,8-K,https://www.sec.gov/Archives/edgar/data/59478/000119312526232707/d148580d8k.htm,17,FALSE,7
LLY,8-K,2026-05-07,8-K,https://www.sec.gov/Archives/edgar/data/59478/000005947826000048/lly-20260504.htm,17,FALSE,7
LLY,10-Q,2026-04-30,10-Q,https://www.sec.gov/Archives/edgar/data/59478/000005947826000045/lly-20260331.htm,17,FALSE,7
FIVE,8-K,2026-07-22,8-K,https://www.sec.gov/Archives/edgar/data/1177609/000119312526312573/d19155d8k.htm,24,FALSE,8
FIVE,8-K,2026-06-16,8-K,https://www.sec.gov/Archives/edgar/data/1177609/000119312526272704/d97348d8k.htm,24,FALSE,8
FIVE,10-Q,2026-06-04,FORM 10-Q,https://www.sec.gov/Archives/edgar/data/1177609/000117760926000020/five-20260502.htm,24,FALSE,8
FIVE,8-K,2026-06-03,FORM 8-K,https://www.sec.gov/Archives/edgar/data/1177609/000117760926000015/five-20260603.htm,24,FALSE,8
FIVE,DEF 14A,2026-05-01,DEF 14A,https://www.sec.gov/Archives/edgar/data/1177609/000119312526199315/d86361ddef14a.htm,24,FALSE,8
TER,8-K,2026-08-10,8-K,https://www.sec.gov/Archives/edgar/data/97210/000119312526342367/ter-20260807.htm,16,FALSE,8
TER,10-Q,2026-07-31,10-Q,https://www.sec.gov/Archives/edgar/data/97210/000119312526327715/ter-20260628.htm,16,FALSE,8
TER,8-K,2026-07-29,8-K,https://www.sec.gov/Archives/edgar/data/97210/000119312526321933/ter-20260728.htm,16,FALSE,8
TER,8-K,2026-05-11,8-K,https://www.sec.gov/Archives/edgar/data/97210/000119312526215848/ter-20260508.htm,16,FALSE,8
TER,10-Q,2026-05-01,10-Q,https://www.sec.gov/Archives/edgar/data/97210/000119312526201058/ter-20260329.htm,16,FALSE,8
KRYS,8-K,2026-08-03,8-K,https://www.sec.gov/Archives/edgar/data/1711279/000171127926000058/krys-20260803.htm,4,FALSE,10
KRYS,10-Q,2026-08-03,10-Q,https://www.sec.gov/Archives/edgar/data/1711279/000171127926000057/krys-20260630.htm,4,FALSE,10
KRYS,8-K,2026-07-21,8-K,https://www.sec.gov/Archives/edgar/data/1711279/000171127926000050/krys-20260721.htm,4,FALSE,10
KRYS,8-K,2026-05-20,8-K,https://www.sec.gov/Archives/edgar/data/1711279/000171127926000047/krys-20260515.htm,4,FALSE,10
KRYS,8-K,2026-05-04,8-K,https://www.sec.gov/Archives/edgar/data/1711279/000171127926000044/krys-20260504.htm,4,FALSE,10
TMO,10-Q,2026-07-31,10-Q,https://www.sec.gov/Archives/edgar/data/97745/000009774526000144/tmo-20260627.htm,16,FALSE,12
TMO,8-K,2026-07-23,8-K,https://www.sec.gov/Archives/edgar/data/97745/000009774526000138/tmo-20260723.htm,16,FALSE,12
TMO,8-K,2026-05-26,8-K,https://www.sec.gov/Archives/edgar/data/97745/000009774526000117/tmo-20260520.htm,16,FALSE,12
TMO,10-Q,2026-05-01,10-Q,https://www.sec.gov/Archives/edgar/data/97745/000009774526000092/tmo-20260328.htm,16,FALSE,12
TMO,8-K,2026-04-23,8-K,https://www.sec.gov/Archives/edgar/data/97745/000009774526000086/tmo-20260423.htm,16,FALSE,12
GRMN,10-Q,2026-07-29,10-Q,https://www.sec.gov/Archives/edgar/data/1121788/000119312526322114/grmn-20260627.htm,16,FALSE,5
GRMN,8-K,2026-07-29,8-K,https://www.sec.gov/Archives/edgar/data/1121788/000119312526322113/grmn-20260729.htm,16,FALSE,5
GRMN,8-K,2026-06-08,8-K,https://www.sec.gov/Archives/edgar/data/1121788/000119312526261987/grmn-20260605.htm,16,FALSE,5
GRMN,10-Q,2026-04-29,10-Q,https://www.sec.gov/Archives/edgar/data/1121788/000119312526188908/grmn-20260328.htm,16,FALSE,5
GRMN,8-K,2026-04-29,8-K,https://www.sec.gov/Archives/edgar/data/1121788/000119312526188907/grmn-20260429.htm,16,FALSE,5
HOOD,10-Q,2026-07-30,10-Q,https://www.sec.gov/Archives/edgar/data/1783879/000178387926000114/hood-20260630.htm,57,FALSE,13
HOOD,8-K,2026-07-29,8-K,https://www.sec.gov/Archives/edgar/data/1783879/000178387926000113/hood-20260729.htm,57,FALSE,13
HOOD,8-K,2026-06-26,8-K,https://www.sec.gov/Archives/edgar/data/1783879/000178387926000083/hood-20260625.htm,57,FALSE,13
HOOD,8-K,2026-06-25,8-K,https://www.sec.gov/Archives/edgar/data/1783879/000178387926000077/hood-20260622.htm,57,FALSE,13
HOOD,8-K,2026-06-23,8-K,https://www.sec.gov/Archives/edgar/data/1783879/000178387926000074/hood-20260622.htm,57,FALSE,13
AAPL,10-Q,2026-07-31,10-Q,https://www.sec.gov/Archives/edgar/data/320193/000032019326000020/aapl-20260627.htm,5,FALSE,8
AAPL,8-K,2026-07-30,8-K,https://www.sec.gov/Archives/edgar/data/320193/000032019326000018/aapl-20260730.htm,5,FALSE,8
AAPL,10-Q,2026-05-01,10-Q,https://www.sec.gov/Archives/edgar/data/320193/000032019326000013/aapl-20260328.htm,5,FALSE,8
AAPL,8-K,2026-04-30,8-K,https://www.sec.gov/Archives/edgar/data/320193/000032019326000011/aapl-20260430.htm,5,FALSE,8
AAPL,8-K,2026-04-20,8-K,https://www.sec.gov/Archives/edgar/data/320193/000114036126015711/ef20071035_8k.htm,5,FALSE,8
TXN,10-Q,2026-07-24,10-Q,https://www.sec.gov/Archives/edgar/data/97476/000009747626000152/txn-20260630.htm,3,FALSE,11
TXN,8-K,2026-07-22,8-K,https://www.sec.gov/Archives/edgar/data/97476/000009747626000148/txn-20260722.htm,3,FALSE,11
TXN,8-K,2026-06-02,FORM 8K,https://www.sec.gov/Archives/edgar/data/97476/000095010326008325/dp247795_8k.htm,3,FALSE,11
TXN,10-Q,2026-04-24,10-Q,https://www.sec.gov/Archives/edgar/data/97476/000009747626000101/txn-20260331.htm,3,FALSE,11
TXN,8-K,2026-04-22,8-K,https://www.sec.gov/Archives/edgar/data/97476/000009747626000097/txn-20260422.htm,3,FALSE,11
HUBB,10-Q,2026-07-29,10-Q,https://www.sec.gov/Archives/edgar/data/48898/000162828026050405/hubb-20260630.htm,6,FALSE,14
HUBB,8-K,2026-07-28,8-K,https://www.sec.gov/Archives/edgar/data/48898/000162828026049934/hubb-20260728.htm,6,FALSE,14
HUBB,8-K,2026-06-09,8-K,https://www.sec.gov/Archives/edgar/data/48898/000119312526263819/d143835d8k.htm,6,FALSE,14
HUBB,8-K,2026-06-08,8-K,https://www.sec.gov/Archives/edgar/data/48898/000119312526261758/d103727d8k.htm,6,FALSE,14
HUBB,8-K,2026-05-15,8-K,https://www.sec.gov/Archives/edgar/data/48898/000119312526227142/d147999d8k.htm,6,FALSE,14
IESC,8-K,2026-08-11,8-K,https://www.sec.gov/Archives/edgar/data/1048268/000149315226036976/form8-k.htm,8,FALSE,7
IESC,8-K,2026-07-31,8-K,https://www.sec.gov/Archives/edgar/data/1048268/000104826826000131/iesc-20260731.htm,8,FALSE,7
IESC,10-Q,2026-07-31,10-Q,https://www.sec.gov/Archives/edgar/data/1048268/000104826826000130/iesc-20260630.htm,8,FALSE,7
IESC,8-K,2026-05-01,8-K,https://www.sec.gov/Archives/edgar/data/1048268/000104826826000087/iesc-20260501.htm,8,FALSE,7
IESC,10-Q,2026-05-01,10-Q,https://www.sec.gov/Archives/edgar/data/1048268/000104826826000086/iesc-20260331.htm,8,FALSE,7
ALNY,10-Q,2026-07-30,10-Q,https://www.sec.gov/Archives/edgar/data/1178670/000117867026000062/alny-20260630.htm,2,FALSE,12
ALNY,8-K,2026-07-30,8-K,https://www.sec.gov/Archives/edgar/data/1178670/000117867026000060/alny-20260730.htm,2,FALSE,12
ALNY,8-K,2026-05-27,8-K,https://www.sec.gov/Archives/edgar/data/1178670/000162828026038499/alny-20260520.htm,2,FALSE,12
ALNY,10-Q,2026-04-30,10-Q,https://www.sec.gov/Archives/edgar/data/1178670/000162828026028605/alny-20260331.htm,2,FALSE,12
ALNY,8-K,2026-04-30,8-K,https://www.sec.gov/Archives/edgar/data/1178670/000162828026028601/alny-20260430.htm,2,FALSE,12
FTNT,10-Q,2026-07-30,FORM 10-Q,https://www.sec.gov/Archives/edgar/data/1262039/000126203926000021/ftnt-20260630.htm,20,FALSE,5
FTNT,8-K,2026-07-29,FORM 8-K,https://www.sec.gov/Archives/edgar/data/1262039/000126203926000018/ftnt-20260729.htm,20,FALSE,5
FTNT,8-K,2026-06-16,FORM 8-K,https://www.sec.gov/Archives/edgar/data/1262039/000126203926000015/ftnt-20260612.htm,20,FALSE,5
FTNT,10-Q,2026-05-08,FORM 10-Q,https://www.sec.gov/Archives/edgar/data/1262039/000126203926000013/ftnt-20260331.htm,20,FALSE,5
FTNT,8-K,2026-05-06,FORM 8-K,https://www.sec.gov/Archives/edgar/data/1262039/000126203926000010/ftnt-20260506.htm,20,FALSE,5
ALRM,10-Q,2026-08-06,"10-Q ALARM.COM HOLDINGS, INC. JUNE 30, 2026",https://www.sec.gov/Archives/edgar/data/1459200/000145920026000015/alrm-20260630.htm,12,FALSE,6
ALRM,8-K,2026-08-06,"8-K ALARM.COM HOLDINGS, INC. PRESS RELEASE DATED AUGUST 6, 2026",https://www.sec.gov/Archives/edgar/data/1459200/000145920026000014/alrm-20260806.htm,12,FALSE,6
ALRM,8-K,2026-06-08,FORM 8-K,https://www.sec.gov/Archives/edgar/data/1459200/000110465926071412/tm2617184d1_8k.htm,12,FALSE,6
ALRM,10-Q,2026-05-07,"10-Q ALARM.COM HOLDINGS, INC. MARCH 31, 2026",https://www.sec.gov/Archives/edgar/data/1459200/000145920026000009/alrm-20260331.htm,12,FALSE,6
ALRM,8-K,2026-05-07,"8-K ALARM.COM HOLDINGS, INC. PRESS RELEASE DATED MAY 7, 2026",https://www.sec.gov/Archives/edgar/data/1459200/000145920026000008/alrm-20260507.htm,12,FALSE,6
DOCN,10-Q,2026-08-04,10-Q,https://www.sec.gov/Archives/edgar/data/1582961/000162828026052556/docn-20260630.htm,17,FALSE,10
DOCN,8-K,2026-08-04,8-K,https://www.sec.gov/Archives/edgar/data/1582961/000162828026052135/docn-20260804.htm,17,FALSE,10
DOCN,8-K,2026-07-24,FORM 8-K,https://www.sec.gov/Archives/edgar/data/1582961/000110465926086652/tm2621138d1_8k.htm,17,FALSE,10
DOCN,8-K,2026-07-23,FORM 8-K,https://www.sec.gov/Archives/edgar/data/1582961/000110465926086342/tm2621138d2_8k.htm,17,FALSE,10
DOCN,8-K,2026-07-07,8-K,https://www.sec.gov/Archives/edgar/data/1582961/000158296126000055/docn-20260707.htm,17,FALSE,10
GE,10-Q,2026-07-16,10-Q,https://www.sec.gov/Archives/edgar/data/40545/000004054526000049/ge-20260630.htm,6,FALSE,9
GE,8-K,2026-07-16,8-K,https://www.sec.gov/Archives/edgar/data/40545/000004054526000047/ge-20260716.htm,6,FALSE,9
GE,8-K,2026-06-25,8-K,https://www.sec.gov/Archives/edgar/data/40545/000004054526000042/ge-20260625.htm,6,FALSE,9
GE,8-K,2026-06-11,8-K,https://www.sec.gov/Archives/edgar/data/40545/000004054526000039/ge-20260608.htm,6,FALSE,9
GE,8-K,2026-05-07,8-K,https://www.sec.gov/Archives/edgar/data/40545/000004054526000032/ge-20260505.htm,6,FALSE,9
LIN,10-Q,2026-07-31,10-Q,https://www.sec.gov/Archives/edgar/data/1707925/000162828026051289/lin-20260630.htm,4,FALSE,9
LIN,8-K,2026-07-31,FORM 8-K,https://www.sec.gov/Archives/edgar/data/1707925/000165495426007052/lin_8k.htm,4,FALSE,9
LIN,8-K,2026-07-30,8-K,https://www.sec.gov/Archives/edgar/data/1707925/000119312526325127/lin-20260728.htm,4,FALSE,9
LIN,8-K,2026-05-13,8-K,https://www.sec.gov/Archives/edgar/data/1707925/000119312526221558/d108557d8k.htm,4,FALSE,9
LIN,10-Q,2026-05-01,10-Q,https://www.sec.gov/Archives/edgar/data/1707925/000162828026029165/lin-20260331.htm,4,FALSE,9
KEYS,8-K,2026-08-26,8-K,https://www.sec.gov/Archives/edgar/data/1601046/000160104626000032/keys-20260826.htm,8,FALSE,10
KEYS,8-K,2026-08-18,8-K,https://www.sec.gov/Archives/edgar/data/1601046/000160104626000029/keys-20260818.htm,8,FALSE,10
KEYS,10-Q,2026-06-04,10-Q,https://www.sec.gov/Archives/edgar/data/1601046/000160104626000024/keys-20260430.htm,8,FALSE,10
KEYS,8-K,2026-05-19,8-K,https://www.sec.gov/Archives/edgar/data/1601046/000160104626000019/keys-20260519.htm,8,FALSE,10
KEYS,8-K,2026-04-23,8-K,https://www.sec.gov/Archives/edgar/data/1601046/000160104626000017/keys-20260421.htm,8,FALSE,10
IBKR,10-Q,2026-08-06,10-Q,https://www.sec.gov/Archives/edgar/data/1381197/000138119726000147/ibkr-20260630.htm,4,FALSE,7
IBKR,8-K,2026-07-31,8-K,https://www.sec.gov/Archives/edgar/data/1381197/000138119726000135/ibkr-20260731.htm,4,FALSE,7
IBKR,8-K,2026-07-31,8-K,https://www.sec.gov/Archives/edgar/data/1381197/000138119726000130/ibkr-20260731.htm,4,FALSE,7
IBKR,8-K,2026-07-21,8-K,https://www.sec.gov/Archives/edgar/data/1381197/000138119726000118/ibkr-20260721.htm,4,FALSE,7
IBKR,10-Q,2026-05-07,10-Q,https://www.sec.gov/Archives/edgar/data/1381197/000138119726000093/ibkr-20260331.htm,4,FALSE,7
UNH,10-Q,2026-08-10,10-Q,https://www.sec.gov/Archives/edgar/data/731766/000073176626000197/unh-20260630.htm,29,FALSE,14
UNH,8-K,2026-07-16,8-K,https://www.sec.gov/Archives/edgar/data/731766/000073176626000191/unh-20260716.htm,29,FALSE,14
UNH,8-K,2026-06-05,8-K,https://www.sec.gov/Archives/edgar/data/731766/000073176626000138/unh-20260601.htm,29,FALSE,14
UNH,8-K,2026-05-11,8-K,https://www.sec.gov/Archives/edgar/data/731766/000073176626000129/unh-20260511.htm,29,FALSE,14
UNH,10-Q,2026-05-05,10-Q,https://www.sec.gov/Archives/edgar/data/731766/000073176626000127/unh-20260331.htm,29,FALSE,14
NDSN,10-Q,2026-08-20,10-Q,https://www.sec.gov/Archives/edgar/data/72331/000007233126000054/ndsn-20260731.htm,6,FALSE,8
NDSN,8-K,2026-08-19,8-K,https://www.sec.gov/Archives/edgar/data/72331/000007233126000052/ndsn-20260819.htm,6,FALSE,8
NDSN,8-K,2026-06-03,8-K,https://www.sec.gov/Archives/edgar/data/72331/000007233126000034/ndsn-20260602.htm,6,FALSE,8
NDSN,10-Q,2026-05-21,10-Q,https://www.sec.gov/Archives/edgar/data/72331/000007233126000024/ndsn-20260430.htm,6,FALSE,8
NDSN,8-K,2026-05-20,8-K,https://www.sec.gov/Archives/edgar/data/72331/000007233126000022/ndsn-20260520.htm,6,FALSE,8
TXRH,10-Q,2026-08-07,10-Q,https://www.sec.gov/Archives/edgar/data/1289460/000110465926092408/txrh-20260630x10q.htm,10,FALSE,9
TXRH,8-K,2026-08-06,8-K,https://www.sec.gov/Archives/edgar/data/1289460/000110465926091980/txrh-20260805x8k.htm,10,FALSE,9
TXRH,8-K,2026-05-22,8-K,https://www.sec.gov/Archives/edgar/data/1289460/000110465926065479/txrh-20260521x8k.htm,10,FALSE,9
TXRH,10-Q,2026-05-08,10-Q,https://www.sec.gov/Archives/edgar/data/1289460/000110465926057604/txrh-20260331x10q.htm,10,FALSE,9
TXRH,8-K,2026-05-07,8-K,https://www.sec.gov/Archives/edgar/data/1289460/000110465926057105/txrh-20260506x8k.htm,10,FALSE,9
MYRG,8-K,2026-08-07,8-K,https://www.sec.gov/Archives/edgar/data/700923/000070092326000044/myrg-20260807.htm,4,FALSE,11
MYRG,10-Q,2026-07-29,10-Q,https://www.sec.gov/Archives/edgar/data/700923/000070092326000042/myrg-20260630.htm,4,FALSE,11
MYRG,8-K,2026-07-29,8-K,https://www.sec.gov/Archives/edgar/data/700923/000070092326000041/myrg-20260729.htm,4,FALSE,11
MYRG,8-K,2026-05-28,8-K,https://www.sec.gov/Archives/edgar/data/700923/000070092326000035/myrg-20260527.htm,4,FALSE,11
MYRG,8-K,2026-05-27,8-K,https://www.sec.gov/Archives/edgar/data/700923/000070092326000033/myrg-20260527.htm,4,FALSE,11
STRL,10-Q,2026-08-04,FORM 10-Q,https://www.sec.gov/Archives/edgar/data/874238/000087423826000103/strl-20260630.htm,4,FALSE,15
STRL,8-K,2026-08-03,FORM 8-K,https://www.sec.gov/Archives/edgar/data/874238/000087423826000100/strl-20260803.htm,4,FALSE,15
STRL,8-K,2026-07-10,FORM 8-K,https://www.sec.gov/Archives/edgar/data/874238/000087423826000095/strl-20260706.htm,4,FALSE,15
STRL,8-K,2026-07-08,FORM 8-K,https://www.sec.gov/Archives/edgar/data/874238/000087423826000093/strl-20260702.htm,4,FALSE,15
STRL,8-K,2026-06-09,FORM 8-K,https://www.sec.gov/Archives/edgar/data/874238/000087423826000087/strl-20260609.htm,4,FALSE,15
ABBV,8-K,2026-08-18,FORM 8-K,https://www.sec.gov/Archives/edgar/data/1551152/000110465926098367/tm2623337d1_8k.htm,3,FALSE,15
ABBV,8-K,2026-08-05,FORM 8-K,https://www.sec.gov/Archives/edgar/data/1551152/000110465926091269/tm2621452d4_8k.htm,3,FALSE,15
ABBV,10-Q,2026-08-03,10-Q,https://www.sec.gov/Archives/edgar/data/1551152/000155115226000026/abbv-20260630.htm,3,FALSE,15
ABBV,8-K,2026-07-31,8-K,https://www.sec.gov/Archives/edgar/data/1551152/000155115226000023/abbv-20260731.htm,3,FALSE,15
ABBV,8-K,2026-07-06,8-K,https://www.sec.gov/Archives/edgar/data/1551152/000155115226000021/abbv-20260706.htm,3,FALSE,15
VEEV,10-Q,2026-08-27,10-Q,https://www.sec.gov/Archives/edgar/data/1393052/000139305226000036/veev-20260731.htm,23,FALSE,10
VEEV,8-K,2026-08-26,8-K,https://www.sec.gov/Archives/edgar/data/1393052/000139305226000032/veev-20260826.htm,23,FALSE,10
VEEV,8-K,2026-08-20,CURRENT REPORT,https://www.sec.gov/Archives/edgar/data/1393052/000121390026092096/ea0302765-8k_veeva.htm,23,FALSE,10
VEEV,8-K,2026-06-18,8-K,https://www.sec.gov/Archives/edgar/data/1393052/000139305226000029/veev-20260617.htm,23,FALSE,10
VEEV,10-Q,2026-06-05,10-Q,https://www.sec.gov/Archives/edgar/data/1393052/000139305226000026/veev-20260430.htm,23,FALSE,10
ISRG,8-K,2026-07-27,8-K,https://www.sec.gov/Archives/edgar/data/1035267/000103526726000063/isrg-20260723.htm,13,FALSE,10
ISRG,10-Q,2026-07-21,10-Q,https://www.sec.gov/Archives/edgar/data/1035267/000103526726000058/isrg-20260630.htm,13,FALSE,10
ISRG,8-K,2026-07-16,8-K,https://www.sec.gov/Archives/edgar/data/1035267/000103526726000047/isrg-20260716.htm,13,FALSE,10
ISRG,8-K,2026-05-28,8-K,https://www.sec.gov/Archives/edgar/data/1035267/000103526726000042/isrg-20260528.htm,13,FALSE,10
ISRG,8-K,2026-05-04,8-K,https://www.sec.gov/Archives/edgar/data/1035267/000103526726000035/isrg-20260430.htm,13,FALSE,10
RTX,10-Q,2026-07-23,10-Q,https://www.sec.gov/Archives/edgar/data/101829/000010182926000027/rtx-20260630.htm,5,FALSE,8
RTX,8-K,2026-07-23,8-K,https://www.sec.gov/Archives/edgar/data/101829/000010182926000025/rtx-20260723.htm,5,FALSE,8
RTX,8-K,2026-05-04,8-K,https://www.sec.gov/Archives/edgar/data/101829/000114036126018932/ef20072402_8k.htm,5,FALSE,8
RTX,10-Q,2026-04-21,10-Q,https://www.sec.gov/Archives/edgar/data/101829/000010182926000011/rtx-20260331.htm,5,FALSE,8
RTX,8-K,2026-04-21,8-K,https://www.sec.gov/Archives/edgar/data/101829/000010182926000009/rtx-20260421.htm,5,FALSE,8
CAT,10-Q,2026-08-05,10-Q,https://www.sec.gov/Archives/edgar/data/18230/000001823026000046/cat-20260630.htm,18,FALSE,10
CAT,8-K,2026-08-04,8-K,https://www.sec.gov/Archives/edgar/data/18230/000001823026000040/cat-20260804.htm,18,FALSE,10
CAT,8-K,2026-06-11,FORM 8-K,https://www.sec.gov/Archives/edgar/data/18230/000110465926072929/tm2617177d1_8k.htm,18,FALSE,10
CAT,10-Q,2026-05-06,10-Q,https://www.sec.gov/Archives/edgar/data/18230/000001823026000021/cat-20260331.htm,18,FALSE,10
CAT,DEF 14A,2026-04-30,DEFINITIVE PROXY STATEMENT,https://www.sec.gov/Archives/edgar/data/18230/000130817926000358/cat014496-def14a.htm,18,FALSE,10
WTS,10-Q,2026-08-06,10-Q,https://www.sec.gov/Archives/edgar/data/795403/000110465926091726/wts-20260628x10q.htm,10,FALSE,7
WTS,8-K,2026-08-05,8-K,https://www.sec.gov/Archives/edgar/data/795403/000110465926091165/wts-20260805x8k.htm,10,FALSE,7
WTS,8-K,2026-05-20,8-K,https://www.sec.gov/Archives/edgar/data/795403/000110465926064461/wts-20260519x8k.htm,10,FALSE,7
WTS,10-Q,2026-05-07,10-Q,https://www.sec.gov/Archives/edgar/data/795403/000110465926056817/wts-20260329x10q.htm,10,FALSE,7
WTS,8-K,2026-05-06,8-K,https://www.sec.gov/Archives/edgar/data/795403/000110465926056325/wts-20260506x8k.htm,10,FALSE,7
MPWR,10-Q,2026-08-05,10-Q,https://www.sec.gov/Archives/edgar/data/1280452/000162828026053275/mpwr-20260630.htm,12,FALSE,9
MPWR,8-K,2026-07-30,8-K,https://www.sec.gov/Archives/edgar/data/1280452/000162828026051029/mpwr-20260730.htm,12,FALSE,9
MPWR,8-K,2026-06-12,8-K,https://www.sec.gov/Archives/edgar/data/1280452/000162828026042820/mpwr-20260611.htm,12,FALSE,9
MPWR,10-Q,2026-05-04,FORM 10-Q,https://www.sec.gov/Archives/edgar/data/1280452/000143774926014647/mpwr20260331_10q.htm,12,FALSE,9
MPWR,8-K,2026-04-30,FORM 8-K,https://www.sec.gov/Archives/edgar/data/1280452/000143774926014182/mpwr20260305_8k.htm,12,FALSE,9
CRS,8-K,2026-08-25,8-K,https://www.sec.gov/Archives/edgar/data/17843/000001784326000038/crs-20260825.htm,18,FALSE,17
CRS,8-K,2026-08-12,8-K,https://www.sec.gov/Archives/edgar/data/17843/000001784326000036/crs-20260812.htm,18,FALSE,17
CRS,10-K,2026-08-12,10-K,https://www.sec.gov/Archives/edgar/data/17843/000001784326000034/crs-20260630.htm,18,FALSE,17
CRS,8-K,2026-07-30,8-K,https://www.sec.gov/Archives/edgar/data/17843/000001784326000030/crs-20260730.htm,18,FALSE,17
CRS,8-K,2026-07-30,8-K,https://www.sec.gov/Archives/edgar/data/17843/000001784326000028/crs-20260730.htm,18,FALSE,17
YEXT,8-K,2026-07-07,8-K,https://www.sec.gov/Archives/edgar/data/1614178/000162828026047499/yext-20260707.htm,14,FALSE,9
YEXT,8-K,2026-06-11,8-K,https://www.sec.gov/Archives/edgar/data/1614178/000162828026042518/yext-20260610.htm,14,FALSE,9
YEXT,10-Q,2026-06-02,10-Q,https://www.sec.gov/Archives/edgar/data/1614178/000162828026039788/yext-20260430.htm,14,FALSE,9
YEXT,8-K,2026-06-02,8-K,https://www.sec.gov/Archives/edgar/data/1614178/000162828026039786/yext-20260602.htm,14,FALSE,9
YEXT,8-K,2026-04-27,8-K,https://www.sec.gov/Archives/edgar/data/1614178/000162828026027497/yext-20260423.htm,14,FALSE,9
DHR,8-K,2026-08-03,8-K,https://www.sec.gov/Archives/edgar/data/313616/000119312526330652/d161342d8k.htm,20,FALSE,14
DHR,8-K,2026-07-21,8-K,https://www.sec.gov/Archives/edgar/data/313616/000031361626000163/dhr-20260721.htm,20,FALSE,14
DHR,10-Q,2026-07-21,10-Q,https://www.sec.gov/Archives/edgar/data/313616/000031361626000161/dhr-20260626.htm,20,FALSE,14
DHR,8-K,2026-06-03,8-K,https://www.sec.gov/Archives/edgar/data/313616/000119312526255555/d63873d8k.htm,20,FALSE,14
DHR,8-K,2026-05-07,8-K,https://www.sec.gov/Archives/edgar/data/313616/000031361626000127/dhr-20260505.htm,20,FALSE,14
WMT,10-Q,2026-08-28,10-Q,https://www.sec.gov/Archives/edgar/data/104169/000010416926000154/wmt-20260731.htm,43,FALSE,16
WMT,8-K,2026-08-20,8-K,https://www.sec.gov/Archives/edgar/data/104169/000010416926000145/wmt-20260820.htm,43,FALSE,16
WMT,8-K,2026-06-05,8-K,https://www.sec.gov/Archives/edgar/data/104169/000010416926000111/wmt-20260604.htm,43,FALSE,16
WMT,10-Q,2026-05-29,10-Q,https://www.sec.gov/Archives/edgar/data/104169/000010416926000102/wmt-20260430.htm,43,FALSE,16
WMT,8-K,2026-05-21,8-K,https://www.sec.gov/Archives/edgar/data/104169/000010416926000095/wmt-20260521.htm,43,FALSE,16
PRIM,10-Q,2026-08-05,10-Q,https://www.sec.gov/Archives/edgar/data/1361538/000110465926090540/prim-20260630x10q.htm,9,FALSE,7
PRIM,8-K,2026-08-04,8-K,https://www.sec.gov/Archives/edgar/data/1361538/000136153826000021/prim-20260731x8k.htm,9,FALSE,7
PRIM,8-K,2026-06-22,8-K,https://www.sec.gov/Archives/edgar/data/1361538/000136153826000017/prim-20260622x8k.htm,9,FALSE,7
PRIM,10-Q,2026-05-06,10-Q,https://www.sec.gov/Archives/edgar/data/1361538/000110465926055741/prim-20260331x10q.htm,9,FALSE,7
PRIM,8-K,2026-05-05,8-K,https://www.sec.gov/Archives/edgar/data/1361538/000136153826000014/prim-20260430x8k.htm,9,FALSE,7
TOST,10-Q,2026-08-05,10-Q,https://www.sec.gov/Archives/edgar/data/1650164/000165016426000164/tost-20260630.htm,26,FALSE,7
TOST,8-K,2026-08-04,8-K,https://www.sec.gov/Archives/edgar/data/1650164/000165016426000162/tost-20260804.htm,26,FALSE,7
TOST,8-K,2026-06-15,8-K,https://www.sec.gov/Archives/edgar/data/1650164/000165016426000130/tost-20260612.htm,26,FALSE,7
TOST,10-Q,2026-05-08,10-Q,https://www.sec.gov/Archives/edgar/data/1650164/000165016426000114/tost-20260331.htm,26,FALSE,7
TOST,8-K,2026-05-07,8-K,https://www.sec.gov/Archives/edgar/data/1650164/000165016426000113/tost-20260507.htm,26,FALSE,7
VITL,8-K,2026-08-17,8-K,https://www.sec.gov/Archives/edgar/data/1579733/000119312526353246/vitl-20260811.htm,7,FALSE,7
VITL,10-Q,2026-08-06,10-Q,https://www.sec.gov/Archives/edgar/data/1579733/000119312526336753/vitl-20260628.htm,7,FALSE,7
VITL,8-K,2026-08-06,8-K,https://www.sec.gov/Archives/edgar/data/1579733/000119312526336692/vitl-20260803.htm,7,FALSE,7
VITL,8-K,2026-06-16,8-K,https://www.sec.gov/Archives/edgar/data/1579733/000119312526271829/vitl-20260610.htm,7,FALSE,7
VITL,10-Q,2026-05-07,10-Q,https://www.sec.gov/Archives/edgar/data/1579733/000119312526210356/vitl-20260329.htm,7,FALSE,7
PTGX,10-Q,2026-08-05,10-Q,https://www.sec.gov/Archives/edgar/data/1377121/000110465926091123/ptgx-20260630x10q.htm,4,FALSE,6
PTGX,8-K,2026-08-05,FORM 8-K,https://www.sec.gov/Archives/edgar/data/1377121/000110465926091099/tm2622272d1_8k.htm,4,FALSE,6
PTGX,8-K,2026-06-18,FORM 8-K,https://www.sec.gov/Archives/edgar/data/1377121/000110465926075777/tm2618251d1_8k.htm,4,FALSE,6
PTGX,10-Q,2026-05-05,10-Q,https://www.sec.gov/Archives/edgar/data/1377121/000110465926055661/ptgx-20260331x10q.htm,4,FALSE,6
PTGX,8-K,2026-05-05,FORM 8-K,https://www.sec.gov/Archives/edgar/data/1377121/000110465926055629/tm2613550d1_8k.htm,4,FALSE,6
ATI,10-Q,2026-08-06,10-Q,https://www.sec.gov/Archives/edgar/data/1018963/000162828026054233/ati-20260628.htm,7,FALSE,13
ATI,8-K,2026-08-06,8-K,https://www.sec.gov/Archives/edgar/data/1018963/000162828026053856/ati-20260806.htm,7,FALSE,13
ATI,8-K,2026-06-08,8-K,https://www.sec.gov/Archives/edgar/data/1018963/000119312526261769/d163250d8k.htm,7,FALSE,13
ATI,8-K,2026-06-03,8-K,https://www.sec.gov/Archives/edgar/data/1018963/000119312526255755/d74245d8k.htm,7,FALSE,13
ATI,8-K,2026-06-03,8-K,https://www.sec.gov/Archives/edgar/data/1018963/000119312526254681/d100672d8k.htm,7,FALSE,13
LOVE,8-K,2026-06-15,CURRENT REPORT,https://www.sec.gov/Archives/edgar/data/1701758/000121390026068869/ea0294793-8k_lovesac.htm,16,FALSE,8
LOVE,10-Q,2026-06-11,10-Q,https://www.sec.gov/Archives/edgar/data/1701758/000162828026042366/love-20260503.htm,16,FALSE,8
LOVE,8-K,2026-06-11,8-K,https://www.sec.gov/Archives/edgar/data/1701758/000162828026042363/love-20260611.htm,16,FALSE,8
LOVE,8-K,2026-06-09,8-K,https://www.sec.gov/Archives/edgar/data/1701758/000162828026041938/love-20260609.htm,16,FALSE,8
LOVE,DEF 14A,2026-04-23,DEFINITIVE PROXY STATEMENT,https://www.sec.gov/Archives/edgar/data/1701758/000130817926000324/love015445-def14a.htm,16,FALSE,8
AFRM,10-K,2026-08-27,10-K,https://www.sec.gov/Archives/edgar/data/1820953/000162828026059279/afrm-20260630.htm,18,FALSE,8
AFRM,8-K,2026-08-27,8-K,https://www.sec.gov/Archives/edgar/data/1820953/000162828026059271/afrm-20260825.htm,18,FALSE,8
AFRM,8-K,2026-06-25,8-K,https://www.sec.gov/Archives/edgar/data/1820953/000162828026045491/afrm-20260618.htm,18,FALSE,8
AFRM,10-Q,2026-05-07,10-Q,https://www.sec.gov/Archives/edgar/data/1820953/000162828026032294/afrm-20260331.htm,18,FALSE,8
AFRM,8-K,2026-05-07,8-K,https://www.sec.gov/Archives/edgar/data/1820953/000162828026032105/afrm-20260507.htm,18,FALSE,8
FIGS,10-Q,2026-08-06,10-Q,https://www.sec.gov/Archives/edgar/data/1846576/000162828026054342/figs-20260630.htm,12,FALSE,6
FIGS,8-K,2026-08-06,8-K,https://www.sec.gov/Archives/edgar/data/1846576/000162828026054319/figs-20260806.htm,12,FALSE,6
FIGS,8-K,2026-06-08,8-K,https://www.sec.gov/Archives/edgar/data/1846576/000162828026041604/figs-20260603.htm,12,FALSE,6
FIGS,10-Q,2026-05-07,10-Q,https://www.sec.gov/Archives/edgar/data/1846576/000162828026032216/figs-20260331.htm,12,FALSE,6
FIGS,8-K,2026-05-07,8-K,https://www.sec.gov/Archives/edgar/data/1846576/000162828026032106/figs-20260507.htm,12,FALSE,6
WDAY,10-Q,2026-08-27,10-Q,https://www.sec.gov/Archives/edgar/data/1327811/000132781126000044/wday-20260731.htm,30,FALSE,11
WDAY,8-K,2026-08-27,8-K,https://www.sec.gov/Archives/edgar/data/1327811/000132781126000042/wday-20260827.htm,30,FALSE,11
WDAY,8-K,2026-06-22,8-K,https://www.sec.gov/Archives/edgar/data/1327811/000132781126000031/wday-20260616.htm,30,FALSE,11
WDAY,10-Q,2026-05-22,10-Q,https://www.sec.gov/Archives/edgar/data/1327811/000132781126000026/wday-20260430.htm,30,FALSE,11
WDAY,8-K,2026-05-21,8-K,https://www.sec.gov/Archives/edgar/data/1327811/000132781126000024/wday-20260521.htm,30,FALSE,11
SWKS,8-K,2026-08-10,FORM 8-K,https://www.sec.gov/Archives/edgar/data/4127/000110465926093355/tm2622643d1_8k.htm,0,TRUE,19
SWKS,8-K,2026-08-03,FORM 8-K,https://www.sec.gov/Archives/edgar/data/4127/000110465926089397/tm2621905d1_8k.htm,0,TRUE,19
SWKS,8-K,2026-08-03,FORM 8-K,https://www.sec.gov/Archives/edgar/data/4127/000110465926089381/tm2620808d3_8k.htm,0,TRUE,19
SWKS,10-Q,2026-07-28,10-Q,https://www.sec.gov/Archives/edgar/data/4127/000000412726000049/swks-20260703.htm,0,TRUE,19
SWKS,8-K,2026-07-28,8-K,https://www.sec.gov/Archives/edgar/data/4127/000000412726000047/swks-20260727.htm,0,TRUE,19
DOCU,10-Q,2026-06-05,10-Q,https://www.sec.gov/Archives/edgar/data/1261333/000126133326000074/docu-20260430.htm,29,FALSE,7
DOCU,8-K,2026-06-04,8-K,https://www.sec.gov/Archives/edgar/data/1261333/000126133326000072/docu-20260604.htm,29,FALSE,7
DOCU,8-K,2026-06-03,FORM 8-K,https://www.sec.gov/Archives/edgar/data/1261333/000110465926070097/tm2616614d1_8k.htm,29,FALSE,7
DOCU,8-K,2026-05-06,8-K,https://www.sec.gov/Archives/edgar/data/1261333/000126133326000050/docu-20260502.htm,29,FALSE,7
DOCU,DEF 14A,2026-04-16,DEF 14A,https://www.sec.gov/Archives/edgar/data/1261333/000126133326000043/docu-20260416.htm,29,FALSE,7
AMD,8-K,2026-08-19,8-K,https://www.sec.gov/Archives/edgar/data/2488/000000248826000163/amd-20260817.htm,31,FALSE,14
AMD,8-K,2026-08-17,8-K,https://www.sec.gov/Archives/edgar/data/2488/000119312526354029/d142696d8k.htm,31,FALSE,14
AMD,10-Q,2026-08-05,10-Q,https://www.sec.gov/Archives/edgar/data/2488/000000248826000123/amd-20260627.htm,31,FALSE,14
AMD,8-K,2026-08-04,8-K,https://www.sec.gov/Archives/edgar/data/2488/000000248826000121/amd-20260804.htm,31,FALSE,14
AMD,8-K,2026-07-01,8-K,https://www.sec.gov/Archives/edgar/data/2488/000000248826000115/amd-20260626.htm,31,FALSE,14
SG,10-Q,2026-08-07,10-Q,https://www.sec.gov/Archives/edgar/data/1477815/000162828026054522/sg-20260628.htm,9,FALSE,7
SG,8-K,2026-08-06,8-K,https://www.sec.gov/Archives/edgar/data/1477815/000162828026054324/sg-20260806.htm,9,FALSE,7
SG,8-K,2026-06-15,8-K,https://www.sec.gov/Archives/edgar/data/1477815/000162828026043310/sg-20260611.htm,9,FALSE,7
SG,10-Q,2026-05-08,10-Q,https://www.sec.gov/Archives/edgar/data/1477815/000162828026032481/sg-20260329.htm,9,FALSE,7
SG,8-K,2026-05-07,8-K,https://www.sec.gov/Archives/edgar/data/1477815/000162828026032197/sg-20260507.htm,9,FALSE,7
SOFI,10-Q,2026-08-06,10-Q,https://www.sec.gov/Archives/edgar/data/1818874/000181887426000054/sofi-20260630.htm,33,FALSE,12
SOFI,8-K,2026-07-29,8-K,https://www.sec.gov/Archives/edgar/data/1818874/000181887426000050/sofi-20260729.htm,33,FALSE,12
SOFI,8-K,2026-06-18,8-K,https://www.sec.gov/Archives/edgar/data/1818874/000181887426000043/sofi-20260617.htm,33,FALSE,12
SOFI,10-Q,2026-05-07,10-Q,https://www.sec.gov/Archives/edgar/data/1818874/000181887426000037/sofi-20260331.htm,33,FALSE,12
SOFI,DEF 14A,2026-04-30,DEF 14A,https://www.sec.gov/Archives/edgar/data/1818874/000181887426000032/sofi-20260430.htm,33,FALSE,12
MTZ,8-K,2026-08-17,8-K,https://www.sec.gov/Archives/edgar/data/15615/000119312526354111/d299977d8k.htm,11,FALSE,10
MTZ,8-K,2026-08-10,8-K,https://www.sec.gov/Archives/edgar/data/15615/000119312526342507/d165744d8k.htm,11,FALSE,10
MTZ,8-K,2026-07-31,8-K,https://www.sec.gov/Archives/edgar/data/15615/000119312526328848/d118637d8k.htm,11,FALSE,10
MTZ,8-K,2026-07-30,8-K,https://www.sec.gov/Archives/edgar/data/15615/000001561526000095/mtz-20260724.htm,11,FALSE,10
MTZ,10-Q,2026-07-30,10-Q,https://www.sec.gov/Archives/edgar/data/15615/000001561526000093/mtz-20260630.htm,11,FALSE,10
MITK,10-Q,2026-08-06,10-Q,https://www.sec.gov/Archives/edgar/data/807863/000080786326000036/mitk-20260630.htm,2,FALSE,8
MITK,8-K,2026-08-06,8-K,https://www.sec.gov/Archives/edgar/data/807863/000080786326000035/mitk-20260806.htm,2,FALSE,8
MITK,10-Q,2026-05-07,10-Q,https://www.sec.gov/Archives/edgar/data/807863/000080786326000026/mitk-20260331.htm,2,FALSE,8
MITK,8-K,2026-05-07,8-K,https://www.sec.gov/Archives/edgar/data/807863/000080786326000025/mitk-20260507.htm,2,FALSE,8
MITK,8-K,2026-03-04,8-K,https://www.sec.gov/Archives/edgar/data/807863/000080786326000011/mitk-20260303.htm,2,FALSE,8
ORN,10-Q,2026-07-29,10-Q,https://www.sec.gov/Archives/edgar/data/1402829/000140282926000046/orn-20260630x10q.htm,5,FALSE,12
ORN,8-K,2026-07-29,8-K,https://www.sec.gov/Archives/edgar/data/1402829/000140282926000044/orn-20260728x8k.htm,5,FALSE,12
ORN,8-K,2026-05-20,8-K,https://www.sec.gov/Archives/edgar/data/1402829/000140282926000040/orn-20260519x8k.htm,5,FALSE,12
ORN,10-Q,2026-04-29,10-Q,https://www.sec.gov/Archives/edgar/data/1402829/000140282926000036/orn-20260331x10q.htm,5,FALSE,12
ORN,8-K,2026-04-29,8-K,https://www.sec.gov/Archives/edgar/data/1402829/000140282926000034/orn-20260428x8k.htm,5,FALSE,12
ROAD,8-K,2026-08-10,8-K,https://www.sec.gov/Archives/edgar/data/1718227/000162828026055282/road-20260806.htm,6,FALSE,16
ROAD,10-Q,2026-08-07,10-Q,https://www.sec.gov/Archives/edgar/data/1718227/000162828026054661/road-20260630.htm,6,FALSE,16
ROAD,8-K,2026-08-07,8-K,https://www.sec.gov/Archives/edgar/data/1718227/000162828026054592/road-20260807.htm,6,FALSE,16
ROAD,8-K,2026-07-13,8-K,https://www.sec.gov/Archives/edgar/data/1718227/000162828026048026/road-20260713.htm,6,FALSE,16
ROAD,8-K,2026-06-18,8-K,https://www.sec.gov/Archives/edgar/data/1718227/000162828026044342/road-20260618.htm,6,FALSE,16
COST,8-K,2026-07-08,8-K,https://www.sec.gov/Archives/edgar/data/909832/000090983226000060/cost-20260707.htm,2,FALSE,9
COST,10-Q,2026-06-03,10-Q,https://www.sec.gov/Archives/edgar/data/909832/000090983226000051/cost-20260510.htm,2,FALSE,9
COST,8-K,2026-05-28,8-K,https://www.sec.gov/Archives/edgar/data/909832/000090983226000046/cost-20260528.htm,2,FALSE,9
COST,8-K,2026-04-15,8-K,https://www.sec.gov/Archives/edgar/data/909832/000090983226000041/cost-20260415.htm,2,FALSE,9
COST,10-Q,2026-03-11,10-Q,https://www.sec.gov/Archives/edgar/data/909832/000090983226000029/cost-20260215.htm,2,FALSE,9
BMRN,8-K,2026-08-18,8-K,https://www.sec.gov/Archives/edgar/data/1048477/000119312526354780/d172628d8k.htm,9,FALSE,17
BMRN,10-Q,2026-08-06,10-Q,https://www.sec.gov/Archives/edgar/data/1048477/000104847726000016/bmrn-20260630.htm,9,FALSE,17
BMRN,8-K,2026-08-06,8-K,https://www.sec.gov/Archives/edgar/data/1048477/000104847726000015/bmrn-20260806.htm,9,FALSE,17
BMRN,8-K,2026-06-04,8-K,https://www.sec.gov/Archives/edgar/data/1048477/000162828026040812/bmrn-20260602.htm,9,FALSE,17
BMRN,10-Q,2026-05-05,10-Q,https://www.sec.gov/Archives/edgar/data/1048477/000104847726000008/bmrn-20260331.htm,9,FALSE,17
OKTA,10-Q,2026-08-27,10-Q,https://www.sec.gov/Archives/edgar/data/1660134/000166013426000069/okta-20260731.htm,22,FALSE,10
OKTA,8-K,2026-08-26,8-K,https://www.sec.gov/Archives/edgar/data/1660134/000166013426000068/okta-20260826.htm,22,FALSE,10
OKTA,8-K,2026-06-23,8-K,https://www.sec.gov/Archives/edgar/data/1660134/000166013426000054/okta-20260618.htm,22,FALSE,10
OKTA,10-Q,2026-05-29,10-Q,https://www.sec.gov/Archives/edgar/data/1660134/000166013426000051/okta-20260430.htm,22,FALSE,10
OKTA,8-K,2026-05-28,8-K,https://www.sec.gov/Archives/edgar/data/1660134/000166013426000050/okta-20260528.htm,22,FALSE,10
ROKU,10-Q,2026-08-06,10-Q,https://www.sec.gov/Archives/edgar/data/1428439/000162828026054335/roku-20260630.htm,35,FALSE,8
ROKU,8-K,2026-08-06,8-K,https://www.sec.gov/Archives/edgar/data/1428439/000162828026054321/wk-20260806.htm,35,FALSE,8
ROKU,8-K,2026-06-18,8-K,https://www.sec.gov/Archives/edgar/data/1428439/000162828026044373/roku-20260618.htm,35,FALSE,8
ROKU,8-K,2026-06-17,8-K,https://www.sec.gov/Archives/edgar/data/1428439/000162828026043866/wk-20260611.htm,35,FALSE,8
ROKU,8-K,2026-06-15,8-K,https://www.sec.gov/Archives/edgar/data/1428439/000114036126025115/ef20076172_8k.htm,35,FALSE,8
BARK,8-K,2026-08-24,8-K,https://www.sec.gov/Archives/edgar/data/1819574/000181957426000006/bark-20260819.htm,13,FALSE,19
BARK,10-Q,2026-08-06,10-Q,https://www.sec.gov/Archives/edgar/data/1819574/000162828026054441/bark-20260630.htm,13,FALSE,19
BARK,8-K,2026-08-06,8-K,https://www.sec.gov/Archives/edgar/data/1819574/000162828026054350/bark-20260806.htm,13,FALSE,19
BARK,8-K,2026-07-28,8-K,https://www.sec.gov/Archives/edgar/data/1819574/000162828026050218/bark-20260728.htm,13,FALSE,19
BARK,10-K,2026-06-10,10-K,https://www.sec.gov/Archives/edgar/data/1819574/000162828026042242/bark-20260331.htm,13,FALSE,19
PLNT,10-Q,2026-08-06,10-Q,https://www.sec.gov/Archives/edgar/data/1637207/000163720726000044/plnt-20260630.htm,9,FALSE,14
PLNT,8-K,2026-08-06,8-K,https://www.sec.gov/Archives/edgar/data/1637207/000163720726000042/plnt-20260806.htm,9,FALSE,14
PLNT,8-K,2026-06-25,8-K,https://www.sec.gov/Archives/edgar/data/1637207/000163720726000038/plnt-20260619.htm,9,FALSE,14
PLNT,8-K,2026-05-11,8-K,https://www.sec.gov/Archives/edgar/data/1637207/000163720726000033/plnt-20260505.htm,9,FALSE,14
PLNT,10-Q,2026-05-07,10-Q,https://www.sec.gov/Archives/edgar/data/1637207/000163720726000030/plnt-20260331.htm,9,FALSE,14
ON,S-4,2026-08-21,S-4,https://www.sec.gov/Archives/edgar/data/1097864/000114036126033970/ny20076897x1_s4.htm,1,TRUE,14
ON,8-K,2026-08-13,8-K,https://www.sec.gov/Archives/edgar/data/1097864/000114036126032594/ef20080111_8k.htm,1,TRUE,14
ON,10-Q,2026-08-03,10-Q,https://www.sec.gov/Archives/edgar/data/1097864/000109786426000017/on-20260703.htm,1,TRUE,14
ON,8-K,2026-08-03,8-K,https://www.sec.gov/Archives/edgar/data/1097864/000114036126030989/ef20079200_8k.htm,1,TRUE,14
ON,8-K,2026-06-25,8-K,https://www.sec.gov/Archives/edgar/data/1097864/000114036126026395/ef20076747_8k.htm,1,TRUE,14
WING,8-K,2026-08-25,8-K,https://www.sec.gov/Archives/edgar/data/1636222/000162828026058878/wing-20260824.htm,1,FALSE,10
WING,8-K,2026-08-06,8-K,https://www.sec.gov/Archives/edgar/data/1636222/000162828026054376/wing-20260806.htm,1,FALSE,10
WING,10-Q,2026-07-29,10-Q,https://www.sec.gov/Archives/edgar/data/1636222/000162828026050580/wing-20260627.htm,1,FALSE,10
WING,8-K,2026-07-29,8-K,https://www.sec.gov/Archives/edgar/data/1636222/000162828026050401/wing-20260723.htm,1,FALSE,10
WING,8-K,2026-05-22,8-K,https://www.sec.gov/Archives/edgar/data/1636222/000163622226000020/wing-20260521.htm,1,FALSE,10
SMPL,10-Q,2026-07-09,10-Q,https://www.sec.gov/Archives/edgar/data/1702744/000170274426000023/atk-20260530.htm,2,FALSE,8
SMPL,8-K,2026-07-09,8-K,https://www.sec.gov/Archives/edgar/data/1702744/000170274426000021/atk-20260709.htm,2,FALSE,8
SMPL,8-K,2026-04-21,FORM 8-K,https://www.sec.gov/Archives/edgar/data/1702744/000110465926045701/tm2612272d1_8k.htm,2,FALSE,8
SMPL,10-Q,2026-04-09,10-Q,https://www.sec.gov/Archives/edgar/data/1702744/000170274426000012/atk-20260228.htm,2,FALSE,8
SMPL,8-K,2026-04-09,8-K,https://www.sec.gov/Archives/edgar/data/1702744/000170274426000010/atk-20260409.htm,2,FALSE,8
MCD,10-Q,2026-08-07,10-Q,https://www.sec.gov/Archives/edgar/data/63908/000006390826000073/mcd-20260630.htm,6,FALSE,7
MCD,8-K,2026-08-04,8-K,https://www.sec.gov/Archives/edgar/data/63908/000006390826000069/mcd-20260803.htm,6,FALSE,7
MCD,8-K,2026-08-04,8-K,https://www.sec.gov/Archives/edgar/data/63908/000006390826000067/mcd-20260804.htm,6,FALSE,7
MCD,8-K,2026-05-22,8-K,https://www.sec.gov/Archives/edgar/data/63908/000006390826000055/mcd-20260520.htm,6,FALSE,7
MCD,10-Q,2026-05-07,10-Q,https://www.sec.gov/Archives/edgar/data/63908/000006390826000051/mcd-20260331.htm,6,FALSE,7
SRPT,8-K,2026-08-05,8-K,https://www.sec.gov/Archives/edgar/data/873303/000119312526335056/srpt-20260805.htm,9,FALSE,12
SRPT,10-Q,2026-08-05,10-Q,https://www.sec.gov/Archives/edgar/data/873303/000119312526335003/srpt-20260630.htm,9,FALSE,12
SRPT,8-K,2026-07-27,8-K,https://www.sec.gov/Archives/edgar/data/873303/000119312526316995/d101719d8k.htm,9,FALSE,12
SRPT,8-K,2026-06-04,8-K,https://www.sec.gov/Archives/edgar/data/873303/000119312526257501/d88936d8k.htm,9,FALSE,12
SRPT,8-K,2026-05-06,8-K,https://www.sec.gov/Archives/edgar/data/873303/000119312526208966/srpt-20260506.htm,9,FALSE,12
OLMA,8-K,2026-08-13,8-K,https://www.sec.gov/Archives/edgar/data/1750284/000119312526347853/olma-20260813.htm,12,FALSE,16
OLMA,10-Q,2026-08-10,10-Q,https://www.sec.gov/Archives/edgar/data/1750284/000119312526342383/olma-20260630.htm,12,FALSE,16
OLMA,8-K,2026-08-10,8-K,https://www.sec.gov/Archives/edgar/data/1750284/000119312526342334/olma-20260810.htm,12,FALSE,16
OLMA,8-K,2026-06-23,8-K,https://www.sec.gov/Archives/edgar/data/1750284/000119312526279483/olma-20260617.htm,12,FALSE,16
OLMA,8-K,2026-05-26,8-K,https://www.sec.gov/Archives/edgar/data/1750284/000119312526237832/olma-20260526.htm,12,FALSE,16
PINS,8-K,2026-08-28,8-K,https://www.sec.gov/Archives/edgar/data/1506293/000150629326000117/pins-20260826.htm,24,FALSE,14
PINS,8-K,2026-08-07,8-K,https://www.sec.gov/Archives/edgar/data/1506293/000150629326000107/pins-20260805.htm,24,FALSE,14
PINS,10-Q,2026-08-04,10-Q,https://www.sec.gov/Archives/edgar/data/1506293/000150629326000104/pins-20260630.htm,24,FALSE,14
PINS,8-K,2026-08-04,8-K,https://www.sec.gov/Archives/edgar/data/1506293/000150629326000102/pins-20260804.htm,24,FALSE,14
PINS,8-K,2026-05-26,8-K,https://www.sec.gov/Archives/edgar/data/1506293/000150629326000074/pins-20260521.htm,24,FALSE,14
UPST,10-Q,2026-08-04,10-Q,https://www.sec.gov/Archives/edgar/data/1647639/000164763926000063/upst-20260630.htm,14,FALSE,9
UPST,8-K,2026-08-04,8-K,https://www.sec.gov/Archives/edgar/data/1647639/000164763926000062/upst-20260804.htm,14,FALSE,9
UPST,8-K,2026-05-28,8-K,https://www.sec.gov/Archives/edgar/data/1647639/000164763926000050/upst-20260528.htm,14,FALSE,9
UPST,8-K,2026-05-19,8-K,https://www.sec.gov/Archives/edgar/data/1647639/000164763926000048/upst-20260519.htm,14,FALSE,9
UPST,10-Q,2026-05-05,10-Q,https://www.sec.gov/Archives/edgar/data/1647639/000164763926000046/upst-20260331.htm,14,FALSE,9
MCHP,8-K,2026-08-19,8-K,https://www.sec.gov/Archives/edgar/data/827054/000082705426000042/mchp-20260818.htm,25,FALSE,9
MCHP,10-Q,2026-08-06,10-Q,https://www.sec.gov/Archives/edgar/data/827054/000082705426000038/mchp-20260630.htm,25,FALSE,9
MCHP,8-K,2026-08-06,8-K,https://www.sec.gov/Archives/edgar/data/827054/000082705426000037/mchp-20260806.htm,25,FALSE,9
MCHP,8-K,2026-07-24,8-K,https://www.sec.gov/Archives/edgar/data/827054/000082705426000031/mchp-20260723.htm,25,FALSE,9
MCHP,DEF 14A,2026-07-06,DEF 14A,https://www.sec.gov/Archives/edgar/data/827054/000082705426000026/mchp-20260701.htm,25,FALSE,9
NPWR,10-Q,2026-08-13,10-Q,https://www.sec.gov/Archives/edgar/data/1845437/000184543726000033/npwr-20260630.htm,12,FALSE,7
NPWR,8-K,2026-08-13,8-K,https://www.sec.gov/Archives/edgar/data/1845437/000184543726000031/npwr-20260813.htm,12,FALSE,7
NPWR,8-K,2026-06-05,8-K,https://www.sec.gov/Archives/edgar/data/1845437/000184543726000023/npwr-20260603.htm,12,FALSE,7
NPWR,10-Q,2026-05-11,10-Q,https://www.sec.gov/Archives/edgar/data/1845437/000184543726000019/npwr-20260331.htm,12,FALSE,7
NPWR,8-K,2026-05-11,8-K,https://www.sec.gov/Archives/edgar/data/1845437/000184543726000018/npwr-20260511.htm,12,FALSE,7
CXM,8-K,2026-08-13,8-K,https://www.sec.gov/Archives/edgar/data/1569345/000119312526347899/d40248d8k.htm,17,FALSE,13
CXM,8-K,2026-07-01,8-K,https://www.sec.gov/Archives/edgar/data/1569345/000119312526291553/d106582d8k.htm,17,FALSE,13
CXM,8-K,2026-06-15,8-K,https://www.sec.gov/Archives/edgar/data/1569345/000156934526000031/cxm-20260611.htm,17,FALSE,13
CXM,10-Q,2026-06-04,10-Q,https://www.sec.gov/Archives/edgar/data/1569345/000156934526000028/cxm-20260430.htm,17,FALSE,13
CXM,8-K,2026-06-03,8-K,https://www.sec.gov/Archives/edgar/data/1569345/000156934526000024/cxm-20260603.htm,17,FALSE,13
RXRX,10-Q,2026-08-05,10-Q,https://www.sec.gov/Archives/edgar/data/1601830/000160183026000098/rxrx-20260630.htm,19,FALSE,11
RXRX,8-K,2026-08-05,8-K,https://www.sec.gov/Archives/edgar/data/1601830/000160183026000097/rxrx-20260805.htm,19,FALSE,11
RXRX,8-K,2026-06-18,8-K,https://www.sec.gov/Archives/edgar/data/1601830/000160183026000080/rxrx-20260617.htm,19,FALSE,11
RXRX,10-Q,2026-05-06,10-Q,https://www.sec.gov/Archives/edgar/data/1601830/000160183026000078/rxrx-20260331.htm,19,FALSE,11
RXRX,8-K,2026-05-06,8-K,https://www.sec.gov/Archives/edgar/data/1601830/000160183026000077/rxrx-20260506.htm,19,FALSE,11
ENTG,10-Q,2026-08-04,10-Q,https://www.sec.gov/Archives/edgar/data/1101302/000110130226000150/entg-20260627.htm,8,FALSE,14
ENTG,8-K,2026-08-04,8-K,https://www.sec.gov/Archives/edgar/data/1101302/000110130226000146/entg-20260804.htm,8,FALSE,14
ENTG,8-K,2026-07-29,8-K,https://www.sec.gov/Archives/edgar/data/1101302/000110130226000141/entg-20260728.htm,8,FALSE,14
ENTG,8-K,2026-07-15,8-K,https://www.sec.gov/Archives/edgar/data/1101302/000110130226000139/entg-20260715.htm,8,FALSE,14
ENTG,8-K,2026-05-11,8-K,https://www.sec.gov/Archives/edgar/data/1101302/000110130226000116/entg-20260509.htm,8,FALSE,14
ZNTL,8-K,2026-08-14,8-K,https://www.sec.gov/Archives/edgar/data/1725160/000162828026057112/zntl-20260813.htm,6,FALSE,13
ZNTL,10-Q,2026-08-06,10-Q,https://www.sec.gov/Archives/edgar/data/1725160/000172516026000062/zntl-20260630.htm,6,FALSE,13
ZNTL,8-K,2026-08-06,8-K,https://www.sec.gov/Archives/edgar/data/1725160/000172516026000061/zntl-20260806.htm,6,FALSE,13
ZNTL,8-K,2026-06-18,8-K,https://www.sec.gov/Archives/edgar/data/1725160/000172516026000052/zntl-20260616.htm,6,FALSE,13
ZNTL,8-K,2026-05-27,8-K,https://www.sec.gov/Archives/edgar/data/1725160/000172516026000049/zntl-20260522.htm,6,FALSE,13
BBAI,8-K,2026-08-17,FORM 8-K,https://www.sec.gov/Archives/edgar/data/1836981/000143774926028183/bbai20260817c_8k.htm,12,FALSE,11
BBAI,8-K,2026-07-31,8-K,https://www.sec.gov/Archives/edgar/data/1836981/000119312526328866/d104731d8k.htm,12,FALSE,11
BBAI,10-Q,2026-07-30,10-Q,https://www.sec.gov/Archives/edgar/data/1836981/000183698126000064/bbai-20260630.htm,12,FALSE,11
BBAI,8-K,2026-07-30,8-K,https://www.sec.gov/Archives/edgar/data/1836981/000183698126000062/bbai-20260730.htm,12,FALSE,11
BBAI,8-K,2026-06-12,8-K,https://www.sec.gov/Archives/edgar/data/1836981/000119312526269639/d105640d8k.htm,12,FALSE,11
PM,8-K,2026-08-24,8-K,https://www.sec.gov/Archives/edgar/data/1413329/000162828026058513/pm-20260824.htm,0,FALSE,26
PM,10-Q,2026-07-24,10-Q,https://www.sec.gov/Archives/edgar/data/1413329/000162828026049493/pm-20260630.htm,0,FALSE,26
PM,8-K,2026-07-22,8-K,https://www.sec.gov/Archives/edgar/data/1413329/000162828026049107/pm-20260722.htm,0,FALSE,26
PM,8-K,2026-07-09,8-K,https://www.sec.gov/Archives/edgar/data/1413329/000162828026047782/pm-20260706.htm,0,FALSE,26
PM,8-K,2026-06-29,FORM 8-K,https://www.sec.gov/Archives/edgar/data/1413329/000110465926078814/tm2618983d1_8k.htm,0,FALSE,26
PRPL,10-Q,2026-08-11,QUARTERLY REPORT,https://www.sec.gov/Archives/edgar/data/1643953/000121390026087735/ea0298563-10q_purple.htm,0,FALSE,12
PRPL,8-K,2026-08-10,CURRENT REPORT,https://www.sec.gov/Archives/edgar/data/1643953/000121390026087318/ea0301257-8k_purple.htm,0,FALSE,12
PRPL,8-K,2026-07-22,CURRENT REPORT,https://www.sec.gov/Archives/edgar/data/1643953/000121390026080265/ea0298652-8k_purple.htm,0,FALSE,12
PRPL,8-K,2026-07-16,CURRENT REPORT,https://www.sec.gov/Archives/edgar/data/1643953/000121390026078509/ea0297724-8k_purple.htm,0,FALSE,12
PRPL,8-K,2026-07-07,CURRENT REPORT,https://www.sec.gov/Archives/edgar/data/1643953/000121390026075637/ea0297183-8k_purple.htm,0,FALSE,12
UTZ,10-Q,2026-08-05,10-Q,https://www.sec.gov/Archives/edgar/data/1739566/000162828026052899/utz-20260628.htm,0,FALSE,11
UTZ,8-K,2026-08-05,8-K,https://www.sec.gov/Archives/edgar/data/1739566/000162828026052888/utz-20260805.htm,0,FALSE,11
UTZ,8-K,2026-07-22,8-K,https://www.sec.gov/Archives/edgar/data/1739566/000119312526311373/d152441d8k.htm,0,FALSE,11
UTZ,8-K,2026-07-21,8-K,https://www.sec.gov/Archives/edgar/data/1739566/000119312526309592/d157266d8k.htm,0,FALSE,11
UTZ,8-K,2026-05-28,8-K,https://www.sec.gov/Archives/edgar/data/1739566/000162828026038777/utz-20260526.htm,0,FALSE,11
CELH,8-K,2026-08-10,8-K,https://www.sec.gov/Archives/edgar/data/1341766/000119312526342430/d135466d8k.htm,23,FALSE,13
CELH,10-Q,2026-08-06,10-Q,https://www.sec.gov/Archives/edgar/data/1341766/000134176626000050/celh-20260630.htm,23,FALSE,13
CELH,8-K,2026-08-06,8-K,https://www.sec.gov/Archives/edgar/data/1341766/000134176626000047/celh-20260806.htm,23,FALSE,13
CELH,8-K,2026-07-15,8-K,https://www.sec.gov/Archives/edgar/data/1341766/000119312526304791/d64754d8k.htm,23,FALSE,13
CELH,8-K,2026-06-01,8-K,https://www.sec.gov/Archives/edgar/data/1341766/000119312526251506/d354004d8k.htm,23,FALSE,13
ALGM,8-K,2026-08-07,8-K,https://www.sec.gov/Archives/edgar/data/866291/000119312526339226/algm-20260805.htm,11,FALSE,9
ALGM,10-Q,2026-07-31,10-Q,https://www.sec.gov/Archives/edgar/data/866291/000119312526327128/algm-20260626.htm,11,FALSE,9
ALGM,8-K,2026-07-30,8-K,https://www.sec.gov/Archives/edgar/data/866291/000119312526324869/algm-20260730.htm,11,FALSE,9
ALGM,DEF 14A,2026-06-24,DEF 14A,https://www.sec.gov/Archives/edgar/data/866291/000119312526280254/algm-20260624.htm,11,FALSE,9
ALGM,8-K,2026-06-18,8-K,https://www.sec.gov/Archives/edgar/data/866291/000119312526275011/algm-20260617.htm,11,FALSE,9
XENE,10-Q,2026-08-06,10-Q,https://www.sec.gov/Archives/edgar/data/1582313/000119312526338244/xene-20260630.htm,10,FALSE,12
XENE,8-K,2026-08-06,8-K,https://www.sec.gov/Archives/edgar/data/1582313/000119312526338019/xene-20260806.htm,10,FALSE,12
XENE,8-K,2026-06-03,8-K,https://www.sec.gov/Archives/edgar/data/1582313/000119312526255396/xene-20260602.htm,10,FALSE,12
XENE,10-Q,2026-05-07,10-Q,https://www.sec.gov/Archives/edgar/data/1582313/000119312526212153/xene-20260331.htm,10,FALSE,12
XENE,8-K,2026-05-07,8-K,https://www.sec.gov/Archives/edgar/data/1582313/000119312526211843/xene-20260507.htm,10,FALSE,12
IDYA,10-Q,2026-08-04,10-Q,https://www.sec.gov/Archives/edgar/data/1676725/000119312526332774/idya-20260630.htm,7,FALSE,18
IDYA,8-K,2026-08-04,8-K,https://www.sec.gov/Archives/edgar/data/1676725/000119312526331381/idya-20260804.htm,7,FALSE,18
IDYA,8-K,2026-06-23,8-K,https://www.sec.gov/Archives/edgar/data/1676725/000119312526279427/d39019d8k.htm,7,FALSE,18
IDYA,8-K,2026-06-10,8-K,https://www.sec.gov/Archives/edgar/data/1676725/000119312526265833/d110954d8k.htm,7,FALSE,18
IDYA,8-K,2026-06-03,8-K,https://www.sec.gov/Archives/edgar/data/1676725/000119312526254476/d53214d8k.htm,7,FALSE,18
PANW,8-K,2026-08-21,8-K,https://www.sec.gov/Archives/edgar/data/1327567/000119312526361122/d180372d8k.htm,15,TRUE,13
PANW,10-Q,2026-06-03,10-Q,https://www.sec.gov/Archives/edgar/data/1327567/000132756726000015/panw-20260430.htm,15,TRUE,13
PANW,8-K,2026-06-02,8-K,https://www.sec.gov/Archives/edgar/data/1327567/000132756726000012/panw-20260602.htm,15,TRUE,13
PANW,8-K,2026-04-13,8-K,https://www.sec.gov/Archives/edgar/data/1327567/000119312526151637/d49517d8k.htm,15,TRUE,13
PANW,8-K,2026-03-23,8-K,https://www.sec.gov/Archives/edgar/data/1327567/000119312526119729/d84927d8k.htm,15,TRUE,13
CGEM,8-K,2026-08-13,8-K,https://www.sec.gov/Archives/edgar/data/1789972/000119312526347400/cgem-20260812.htm,10,FALSE,14
CGEM,10-Q,2026-08-06,10-Q,https://www.sec.gov/Archives/edgar/data/1789972/000119312526336717/cgem-20260630.htm,10,FALSE,14
CGEM,8-K,2026-08-06,8-K,https://www.sec.gov/Archives/edgar/data/1789972/000119312526336700/cgem-20260806.htm,10,FALSE,14
CGEM,8-K,2026-06-16,8-K,https://www.sec.gov/Archives/edgar/data/1789972/000119312526272890/cgem-20260616.htm,10,FALSE,14
CGEM,8-K,2026-06-10,8-K,https://www.sec.gov/Archives/edgar/data/1789972/000119312526264916/cgem-20260610.htm,10,FALSE,14
BRCC,8-K,2026-08-24,8-K,https://www.sec.gov/Archives/edgar/data/1891101/000189110126000043/brcc-20260821.htm,14,FALSE,11
BRCC,10-Q,2026-08-03,10-Q,https://www.sec.gov/Archives/edgar/data/1891101/000189110126000039/brrc-20260630.htm,14,FALSE,11
BRCC,8-K,2026-08-03,8-K,https://www.sec.gov/Archives/edgar/data/1891101/000189110126000037/brcc-20260803.htm,14,FALSE,11
BRCC,8-K,2026-06-02,8-K,https://www.sec.gov/Archives/edgar/data/1891101/000189110126000032/brcc-20260528.htm,14,FALSE,11
BRCC,10-Q,2026-05-04,10-Q,https://www.sec.gov/Archives/edgar/data/1891101/000189110126000028/brrc-20260331.htm,14,FALSE,11
HUBS,10-Q,2026-08-05,10-Q,https://www.sec.gov/Archives/edgar/data/1404655/000119312526335232/hubs-20260630.htm,24,FALSE,7
HUBS,8-K,2026-08-05,8-K,https://www.sec.gov/Archives/edgar/data/1404655/000119312526335148/hubs-20260803.htm,24,FALSE,7
HUBS,8-K,2026-06-16,8-K,https://www.sec.gov/Archives/edgar/data/1404655/000119312526272643/hubs-20260615.htm,24,FALSE,7
HUBS,10-Q,2026-05-07,10-Q,https://www.sec.gov/Archives/edgar/data/1404655/000119312526212122/hubs-20260331.htm,24,FALSE,7
HUBS,8-K,2026-05-07,8-K,https://www.sec.gov/Archives/edgar/data/1404655/000119312526211923/hubs-20260507.htm,24,FALSE,7
MRK,10-Q,2026-08-07,10-Q,https://www.sec.gov/Archives/edgar/data/310158/000031015826000212/mrk-20260630.htm,22,FALSE,8
MRK,8-K,2026-08-04,FORM 8-K,https://www.sec.gov/Archives/edgar/data/310158/000110465926090045/tm2621496d1_8k.htm,22,FALSE,8
MRK,8-K,2026-05-28,FORM 8-K,https://www.sec.gov/Archives/edgar/data/310158/000110465926067509/tm2615833d1_8k.htm,22,FALSE,8
MRK,8-K,2026-05-22,8-K,https://www.sec.gov/Archives/edgar/data/310158/000162828026037738/mrk-20260522.htm,22,FALSE,8
MRK,10-Q,2026-05-04,1Q26 FORM 10-Q,https://www.sec.gov/Archives/edgar/data/310158/000162828026029802/mrk-20260331.htm,22,FALSE,8
VERX,10-Q,2026-08-04,10-Q,https://www.sec.gov/Archives/edgar/data/1806837/000110465926090420/verx-20260630x10q.htm,9,FALSE,8
VERX,8-K,2026-08-03,8-K,https://www.sec.gov/Archives/edgar/data/1806837/000110465926089802/verx-20260803x8k.htm,9,FALSE,8
VERX,8-K,2026-06-11,8-K,https://www.sec.gov/Archives/edgar/data/1806837/000110465926072971/verx-20260610x8k.htm,9,FALSE,8
VERX,10-Q,2026-05-07,10-Q,https://www.sec.gov/Archives/edgar/data/1806837/000110465926057207/verx-20260331x10q.htm,9,FALSE,8
VERX,8-K,2026-05-07,8-K,https://www.sec.gov/Archives/edgar/data/1806837/000110465926056674/verx-20260507x8k.htm,9,FALSE,8
AI,DEF 14A,2026-08-28,DEF 14A,https://www.sec.gov/Archives/edgar/data/1577526/000157752626000110/ai-20260827.htm,12,FALSE,13
AI,8-K,2026-08-27,8-K,https://www.sec.gov/Archives/edgar/data/1577526/000157752626000103/ai-20260825.htm,12,FALSE,13
AI,8-K,2026-07-17,8-K,https://www.sec.gov/Archives/edgar/data/1577526/000157752626000092/ai-20260714.htm,12,FALSE,13
AI,10-K,2026-06-24,10-K,https://www.sec.gov/Archives/edgar/data/1577526/000157752626000078/ai-20260430.htm,12,FALSE,13
AI,8-K,2026-06-16,8-K,https://www.sec.gov/Archives/edgar/data/1577526/000157752626000063/ai-20260611.htm,12,FALSE,13
COIN,10-Q,2026-07-30,10-Q,https://www.sec.gov/Archives/edgar/data/1679788/000167978826000088/coin-20260630.htm,22,FALSE,10
COIN,8-K,2026-07-30,8-K,https://www.sec.gov/Archives/edgar/data/1679788/000167978826000087/coin-20260730.htm,22,FALSE,10
COIN,8-K,2026-07-23,8-K,https://www.sec.gov/Archives/edgar/data/1679788/000167978826000080/coin-20260722.htm,22,FALSE,10
COIN,8-K,2026-07-09,8-K,https://www.sec.gov/Archives/edgar/data/1679788/000119312526299667/d74758d8k.htm,22,FALSE,10
COIN,8-K,2026-06-18,8-K,https://www.sec.gov/Archives/edgar/data/1679788/000167978826000075/coin-20260616.htm,22,FALSE,10
FSLY,8-K,2026-08-17,8-K,https://www.sec.gov/Archives/edgar/data/1517413/000151741326000238/fsly-20260817.htm,24,FALSE,10
FSLY,10-Q,2026-08-05,10-Q,https://www.sec.gov/Archives/edgar/data/1517413/000151741326000213/fsly-20260630.htm,24,FALSE,10
FSLY,8-K,2026-08-05,8-K,https://www.sec.gov/Archives/edgar/data/1517413/000151741326000212/fsly-20260805.htm,24,FALSE,10
FSLY,8-K,2026-06-09,8-K,https://www.sec.gov/Archives/edgar/data/1517413/000151741326000193/fsly-20260603.htm,24,FALSE,10
FSLY,10-Q,2026-05-06,10-Q,https://www.sec.gov/Archives/edgar/data/1517413/000151741326000132/fsly-20260331.htm,24,FALSE,10
HNST,10-Q,2026-08-05,10-Q,https://www.sec.gov/Archives/edgar/data/1530979/000162828026053323/hnst-20260630.htm,9,FALSE,8
HNST,8-K,2026-08-05,8-K,https://www.sec.gov/Archives/edgar/data/1530979/000162828026053315/hnst-20260805.htm,9,FALSE,8
HNST,8-K,2026-06-18,8-K,https://www.sec.gov/Archives/edgar/data/1530979/000162828026044390/hnst-20260614.htm,9,FALSE,8
HNST,8-K,2026-05-27,8-K,https://www.sec.gov/Archives/edgar/data/1530979/000162828026038504/hnst-20260520.htm,9,FALSE,8
HNST,8-K,2026-05-12,8-K,https://www.sec.gov/Archives/edgar/data/1530979/000162828026033725/hnst-20260511.htm,9,FALSE,8
BRZE,8-K,2026-07-02,8-K,https://www.sec.gov/Archives/edgar/data/1676238/000167623826000033/brz-20260630.htm,24,FALSE,8
BRZE,10-Q,2026-05-28,10-Q,https://www.sec.gov/Archives/edgar/data/1676238/000167623826000027/brze-20260430.htm,24,FALSE,8
BRZE,8-K,2026-05-27,8-K,https://www.sec.gov/Archives/edgar/data/1676238/000167623826000024/brz-20260525.htm,24,FALSE,8
BRZE,DEF 14A,2026-05-18,DEF 14A,https://www.sec.gov/Archives/edgar/data/1676238/000114036126021908/ny20068382x2_def14a.htm,24,FALSE,8
BRZE,8-K,2026-04-28,FORM 8-K,https://www.sec.gov/Archives/edgar/data/1676238/000095010326006243/dp245711_8k.htm,24,FALSE,8
AXON,10-Q,2026-08-06,10-Q,https://www.sec.gov/Archives/edgar/data/1069183/000162828026053646/axon-20260630.htm,38,FALSE,12
AXON,8-K,2026-08-05,8-K,https://www.sec.gov/Archives/edgar/data/1069183/000162828026053363/axon-20260805.htm,38,FALSE,12
AXON,8-K,2026-07-10,8-K,https://www.sec.gov/Archives/edgar/data/1069183/000162828026047888/axon-20260708.htm,38,FALSE,12
AXON,8-K,2026-06-01,8-K,https://www.sec.gov/Archives/edgar/data/1069183/000162828026039483/axon-20260528.htm,38,FALSE,12
AXON,10-Q,2026-05-07,10-Q,https://www.sec.gov/Archives/edgar/data/1069183/000162828026031542/axon-20260331.htm,38,FALSE,12
DDOG,10-Q,2026-08-06,10-Q,https://www.sec.gov/Archives/edgar/data/1561550/000162828026054458/ddog-20260630.htm,50,FALSE,8
DDOG,8-K,2026-08-06,8-K,https://www.sec.gov/Archives/edgar/data/1561550/000162828026053829/ddog-20260806.htm,50,FALSE,8
DDOG,8-K,2026-06-16,8-K,https://www.sec.gov/Archives/edgar/data/1561550/000162828026043590/ddog-20260615.htm,50,FALSE,8
DDOG,10-Q,2026-05-07,10-Q,https://www.sec.gov/Archives/edgar/data/1561550/000162828026032328/ddog-20260331.htm,50,FALSE,8
DDOG,8-K,2026-05-07,8-K,https://www.sec.gov/Archives/edgar/data/1561550/000162828026031677/ddog-20260507.htm,50,FALSE,8
SANA,10-Q,2026-08-10,10-Q,https://www.sec.gov/Archives/edgar/data/1770121/000119312526342395/sana-20260630.htm,10,FALSE,12
SANA,8-K,2026-08-10,8-K,https://www.sec.gov/Archives/edgar/data/1770121/000119312526342371/sana-20260810.htm,10,FALSE,12
SANA,8-K,2026-06-05,8-K,https://www.sec.gov/Archives/edgar/data/1770121/000119312526259532/sana-20260604.htm,10,FALSE,12
SANA,8-K,2026-05-15,8-K,https://www.sec.gov/Archives/edgar/data/1770121/000119312526226674/d135844d8k.htm,10,FALSE,12
SANA,10-Q,2026-05-11,10-Q,https://www.sec.gov/Archives/edgar/data/1770121/000119312526216769/sana-20260331.htm,10,FALSE,12
LSCC,10-Q,2026-08-04,FORM 10-Q,https://www.sec.gov/Archives/edgar/data/855658/000143774926025657/lscc20260704_10q.htm,20,FALSE,9
LSCC,8-K,2026-08-04,FORM 8-K,https://www.sec.gov/Archives/edgar/data/855658/000143774926025650/lscc20260602_8k.htm,20,FALSE,9
LSCC,8-K,2026-07-27,FORM 8-K,https://www.sec.gov/Archives/edgar/data/855658/000143774926024519/lscc20260723_8k.htm,20,FALSE,9
LSCC,8-K,2026-06-30,FORM 8-K,https://www.sec.gov/Archives/edgar/data/855658/000143774926022141/lscc20260629_8k.htm,20,FALSE,9
LSCC,8-K,2026-05-05,FORM 8-K,https://www.sec.gov/Archives/edgar/data/855658/000143774926014958/lscc20260504_8k.htm,20,FALSE,9
KYMR,10-Q,2026-08-05,10-Q,https://www.sec.gov/Archives/edgar/data/1815442/000119312526333849/kymr-20260630.htm,24,FALSE,15
KYMR,8-K,2026-08-05,8-K,https://www.sec.gov/Archives/edgar/data/1815442/000119312526333834/kymr-20260805.htm,24,FALSE,15
KYMR,8-K,2026-07-27,8-K,https://www.sec.gov/Archives/edgar/data/1815442/000119312526318078/d167778d8k.htm,24,FALSE,15
KYMR,8-K,2026-06-25,8-K,https://www.sec.gov/Archives/edgar/data/1815442/000119312526281817/d62555d8k.htm,24,FALSE,15
KYMR,8-K,2026-06-24,8-K,https://www.sec.gov/Archives/edgar/data/1815442/000119312526281051/d131538d8k.htm,24,FALSE,15
QBTS,8-K,2026-08-25,8-K,https://www.sec.gov/Archives/edgar/data/1907982/000190798226000138/qbts-20260819.htm,22,FALSE,45
QBTS,8-K,2026-08-18,8-K,https://www.sec.gov/Archives/edgar/data/1907982/000190798226000135/qbts-20260818.htm,22,FALSE,45
QBTS,8-K,2026-08-17,8-K,https://www.sec.gov/Archives/edgar/data/1907982/000190798226000132/qbts-20260813.htm,22,FALSE,45
QBTS,10-Q,2026-08-06,10-Q,https://www.sec.gov/Archives/edgar/data/1907982/000190798226000129/qbts-20260630.htm,22,FALSE,45
QBTS,8-K,2026-08-06,8-K,https://www.sec.gov/Archives/edgar/data/1907982/000190798226000127/qbts-20260806.htm,22,FALSE,45
VERA,10-Q,2026-08-10,10-Q,https://www.sec.gov/Archives/edgar/data/1831828/000119312526342380/vera-20260630.htm,3,FALSE,13
VERA,8-K,2026-08-10,8-K,https://www.sec.gov/Archives/edgar/data/1831828/000119312526342335/vera-20260810.htm,3,FALSE,13
VERA,8-K,2026-07-09,8-K,https://www.sec.gov/Archives/edgar/data/1831828/000119312526299165/vera-20260709.htm,3,FALSE,13
VERA,8-K,2026-07-07,8-K,https://www.sec.gov/Archives/edgar/data/1831828/000119312526297211/vera-20260707.htm,3,FALSE,13
VERA,8-K,2026-06-02,8-K,https://www.sec.gov/Archives/edgar/data/1831828/000119312526252475/vera-20260602.htm,3,FALSE,13
IONQ,8-K,2026-08-28,8-K,https://www.sec.gov/Archives/edgar/data/1824920/000119312526374694/ionq-20260824.htm,13,TRUE,24
IONQ,10-Q,2026-08-10,10-Q,https://www.sec.gov/Archives/edgar/data/1824920/000119312526341001/ionq-20260630.htm,13,TRUE,24
IONQ,8-K,2026-08-07,8-K,https://www.sec.gov/Archives/edgar/data/1824920/000119312526338998/ionq-20260807.htm,13,TRUE,24
IONQ,8-K,2026-08-05,8-K,https://www.sec.gov/Archives/edgar/data/1824920/000119312526335040/ionq-20260805.htm,13,TRUE,24
IONQ,8-K,2026-07-31,8-K,https://www.sec.gov/Archives/edgar/data/1824920/000119312526327127/ionq-20260731.htm,13,TRUE,24
CAVA,10-Q,2026-08-12,10-Q,https://www.sec.gov/Archives/edgar/data/1639438/000162828026055864/cava-20260712.htm,18,FALSE,10
CAVA,8-K,2026-08-11,8-K,https://www.sec.gov/Archives/edgar/data/1639438/000162828026055709/cava-20260811.htm,18,FALSE,10
CAVA,8-K,2026-08-03,8-K,https://www.sec.gov/Archives/edgar/data/1639438/000162828026051556/cava-20260729.htm,18,FALSE,10
CAVA,8-K,2026-06-24,8-K,https://www.sec.gov/Archives/edgar/data/1639438/000162828026045042/cava-20260622.htm,18,FALSE,10
CAVA,10-Q,2026-05-20,10-Q,https://www.sec.gov/Archives/edgar/data/1639438/000162828026036625/cava-20260419.htm,18,FALSE,10
TDUP,10-Q,2026-08-05,10-Q,https://www.sec.gov/Archives/edgar/data/1484778/000148477826000025/tdup-20260630.htm,8,FALSE,7
TDUP,8-K,2026-08-05,8-K,https://www.sec.gov/Archives/edgar/data/1484778/000148477826000024/tdup-20260805.htm,8,FALSE,7
TDUP,8-K,2026-05-21,8-K,https://www.sec.gov/Archives/edgar/data/1484778/000162828026036985/tdup-20260520.htm,8,FALSE,7
TDUP,10-Q,2026-05-04,10-Q,https://www.sec.gov/Archives/edgar/data/1484778/000148477826000016/tdup-20260331.htm,8,FALSE,7
TDUP,8-K,2026-05-04,8-K,https://www.sec.gov/Archives/edgar/data/1484778/000148477826000015/tdup-20260504.htm,8,FALSE,7
U,8-K,2026-08-19,8-K,https://www.sec.gov/Archives/edgar/data/1810806/000181080626000046/unity-20260817.htm,8,FALSE,12
U,10-Q,2026-08-06,10-Q,https://www.sec.gov/Archives/edgar/data/1810806/000181080626000043/unity-20260630.htm,8,FALSE,12
U,8-K,2026-08-06,8-K,https://www.sec.gov/Archives/edgar/data/1810806/000181080626000041/unity-20260806.htm,8,FALSE,12
U,8-K,2026-07-27,8-K,https://www.sec.gov/Archives/edgar/data/1810806/000181080626000037/unity-20260727.htm,8,FALSE,12
U,8-K,2026-07-16,8-K,https://www.sec.gov/Archives/edgar/data/1810806/000181080626000035/unity-20260713.htm,8,FALSE,12
SOUN,10-Q,2026-08-10,10-Q,https://www.sec.gov/Archives/edgar/data/1840856/000184085626000022/soun-20260630.htm,12,TRUE,11
SOUN,8-K,2026-08-05,8-K,https://www.sec.gov/Archives/edgar/data/1840856/000184085626000019/soun-20260805.htm,12,TRUE,11
SOUN,8-K,2026-07-24,CURRENT REPORT,https://www.sec.gov/Archives/edgar/data/1840856/000121390026081088/ea0299116-8k425_sound.htm,12,TRUE,11
SOUN,8-K,2026-07-13,CURRENT REPORT,https://www.sec.gov/Archives/edgar/data/1840856/000121390026077663/ea0297736-8k_sound.htm,12,TRUE,11
SOUN,8-K,2026-07-02,CURRENT REPORT,https://www.sec.gov/Archives/edgar/data/1840856/000121390026075086/ea0296856-8k425_sound.htm,12,TRUE,11
TSLA,10-Q,2026-07-23,10-Q,https://www.sec.gov/Archives/edgar/data/1318605/000162828026049270/tsla-20260630.htm,2,FALSE,10
TSLA,8-K,2026-07-22,8-K,https://www.sec.gov/Archives/edgar/data/1318605/000162828026049213/tsla-20260722.htm,2,FALSE,10
TSLA,8-K,2026-07-02,8-K,https://www.sec.gov/Archives/edgar/data/1318605/000162828026046717/tsla-20260702.htm,2,FALSE,10
TSLA,10-Q,2026-04-23,10-Q,https://www.sec.gov/Archives/edgar/data/1318605/000162828026026673/tsla-20260331.htm,2,FALSE,10
TSLA,8-K,2026-04-22,8-K,https://www.sec.gov/Archives/edgar/data/1318605/000162828026026551/tsla-20260422.htm,2,FALSE,10
INTA,10-K,2026-08-14,10-K,https://www.sec.gov/Archives/edgar/data/1565687/000156568726000073/inta-20260630.htm,18,FALSE,8
INTA,8-K,2026-08-04,8-K,https://www.sec.gov/Archives/edgar/data/1565687/000156568726000065/inta-20260804.htm,18,FALSE,8
INTA,8-K,2026-07-13,8-K,https://www.sec.gov/Archives/edgar/data/1565687/000114036126028323/ef20077842_8k.htm,18,FALSE,8
INTA,8-K,2026-07-07,8-K,https://www.sec.gov/Archives/edgar/data/1565687/000114036126027768/inta-20260701.htm,18,FALSE,8
INTA,10-Q,2026-05-05,10-Q,https://www.sec.gov/Archives/edgar/data/1565687/000156568726000037/inta-20260331.htm,18,FALSE,8
SNAP,10-Q,2026-08-04,10-Q,https://www.sec.gov/Archives/edgar/data/1564408/000156440826000052/snap-20260630.htm,22,FALSE,10
SNAP,8-K,2026-08-03,8-K,https://www.sec.gov/Archives/edgar/data/1564408/000156440826000047/snap-20260803.htm,22,FALSE,10
SNAP,8-K,2026-07-09,8-K,https://www.sec.gov/Archives/edgar/data/1564408/000156440826000041/snap-20260709.htm,22,FALSE,10
SNAP,8-K,2026-05-20,8-K,https://www.sec.gov/Archives/edgar/data/1564408/000119312526232814/d100806d8k.htm,22,FALSE,10
SNAP,10-Q,2026-05-07,10-Q,https://www.sec.gov/Archives/edgar/data/1564408/000156440826000027/snap-20260331.htm,22,FALSE,10
CRNX,8-K,2026-08-28,8-K,https://www.sec.gov/Archives/edgar/data/1658247/000114036126034857/ef20080970_8k.htm,12,FALSE,19
CRNX,8-K,2026-08-19,8-K,https://www.sec.gov/Archives/edgar/data/1658247/000114036126033738/ef20080494_8k.htm,12,FALSE,19
CRNX,8-K,2026-08-14,8-K,https://www.sec.gov/Archives/edgar/data/1658247/000114036126032951/ef20080199_8k.htm,12,FALSE,19
CRNX,10-Q,2026-08-03,10-Q,https://www.sec.gov/Archives/edgar/data/1658247/000165824726000053/crnx-20260630.htm,12,FALSE,19
CRNX,8-K,2026-08-03,8-K,https://www.sec.gov/Archives/edgar/data/1658247/000165824726000052/crnx-20260803.htm,12,FALSE,19
ARWR,8-K,2026-08-04,8-K,https://www.sec.gov/Archives/edgar/data/879407/000087940726000058/arwr-20260804.htm,3,FALSE,13
ARWR,10-Q,2026-08-04,10-Q,https://www.sec.gov/Archives/edgar/data/879407/000087940726000057/arwr-20260630.htm,3,FALSE,13
ARWR,8-K,2026-06-16,8-K,https://www.sec.gov/Archives/edgar/data/879407/000087940726000050/arwr-20260612.htm,3,FALSE,13
ARWR,10-Q,2026-05-07,10-Q,https://www.sec.gov/Archives/edgar/data/879407/000087940726000047/arwr-20260331.htm,3,FALSE,13
ARWR,8-K,2026-05-07,8-K,https://www.sec.gov/Archives/edgar/data/879407/000087940726000045/arwr-20260507.htm,3,FALSE,13
ANAB,8-K,2026-08-11,8-K,https://www.sec.gov/Archives/edgar/data/1370053/000119312526344583/anab-20260811.htm,5,FALSE,18
ANAB,8-K,2026-07-30,8-K,https://www.sec.gov/Archives/edgar/data/1370053/000119312526326097/anab-20260728.htm,5,FALSE,18
ANAB,DEF 14A,2026-06-29,DEF 14A,https://www.sec.gov/Archives/edgar/data/1370053/000119312526288408/anab-20260629.htm,5,FALSE,18
ANAB,8-K,2026-06-22,8-K,https://www.sec.gov/Archives/edgar/data/1370053/000119312526277505/anab-20260615.htm,5,FALSE,18
ANAB,8-K,2026-05-29,8-K,https://www.sec.gov/Archives/edgar/data/1370053/000119312526248326/anab-20260529.htm,5,FALSE,18
IONS,10-Q,2026-07-29,"IONIS PHARMACEUTICALS, INC. 10-Q 06-30-2026",https://www.sec.gov/Archives/edgar/data/874015/000087401526000251/form10q.htm,25,FALSE,18
IONS,8-K,2026-07-29,8-K,https://www.sec.gov/Archives/edgar/data/874015/000114036126029960/ef20078953_8k.htm,25,FALSE,18
IONS,8-K,2026-07-10,8-K,https://www.sec.gov/Archives/edgar/data/874015/000114036126028154/ef20077783_8k.htm,25,FALSE,18
IONS,8-K,2026-07-09,8-K,https://www.sec.gov/Archives/edgar/data/874015/000114036126028092/ef20077664_8k.htm,25,FALSE,18
IONS,8-K,2026-06-24,8-K,https://www.sec.gov/Archives/edgar/data/874015/000114036126026232/ef20076807_8k.htm,25,FALSE,18
RARE,8-K,2026-08-19,8-K,https://www.sec.gov/Archives/edgar/data/1515673/000119312526357185/rare-20260819.htm,6,FALSE,18
RARE,8-K,2026-08-11,8-K,https://www.sec.gov/Archives/edgar/data/1515673/000119312526343525/rare-20260807.htm,6,FALSE,18
RARE,10-Q,2026-08-05,10-Q,https://www.sec.gov/Archives/edgar/data/1515673/000119312526333233/rare-20260630.htm,6,FALSE,18
RARE,8-K,2026-08-04,8-K,https://www.sec.gov/Archives/edgar/data/1515673/000119312526332802/rare-20260804.htm,6,FALSE,18
RARE,8-K,2026-05-18,8-K,https://www.sec.gov/Archives/edgar/data/1515673/000119312526228639/rare-20260514.htm,6,FALSE,18
NTRA,10-Q,2026-08-07,10-Q,https://www.sec.gov/Archives/edgar/data/1604821/000162828026054525/ntra-20260630.htm,43,FALSE,10
NTRA,8-K,2026-08-06,8-K,https://www.sec.gov/Archives/edgar/data/1604821/000160482126000015/ntra-20260806.htm,43,FALSE,10
NTRA,8-K,2026-07-06,8-K,https://www.sec.gov/Archives/edgar/data/1604821/000160482126000005/ntra-20260701.htm,43,FALSE,10
NTRA,8-K,2026-06-16,8-K,https://www.sec.gov/Archives/edgar/data/1604821/000160482126000003/ntra-20260611.htm,43,FALSE,10
NTRA,8-K,2026-06-05,8-K,https://www.sec.gov/Archives/edgar/data/1604821/000160482126000002/a20260605newdirectortomlyn.htm,43,FALSE,10
FROG,10-Q,2026-08-07,10-Q,https://www.sec.gov/Archives/edgar/data/1800667/000119312526340294/frog-20260630.htm,23,FALSE,7
FROG,8-K,2026-08-06,8-K,https://www.sec.gov/Archives/edgar/data/1800667/000119312526337998/frog-20260806.htm,23,FALSE,7
FROG,8-K,2026-05-22,8-K,https://www.sec.gov/Archives/edgar/data/1800667/000119312526236917/frog-20260520.htm,23,FALSE,7
FROG,10-Q,2026-05-08,10-Q,https://www.sec.gov/Archives/edgar/data/1800667/000119312526214647/frog-20260331.htm,23,FALSE,7
FROG,8-K,2026-05-07,8-K,https://www.sec.gov/Archives/edgar/data/1800667/000119312526211940/frog-20260507.htm,23,FALSE,7
ETSY,10-Q,2026-08-05,10-Q,https://www.sec.gov/Archives/edgar/data/1370637/000137063726000080/etsy-20260630.htm,36,FALSE,12
ETSY,8-K,2026-08-05,8-K,https://www.sec.gov/Archives/edgar/data/1370637/000137063726000079/etsy-20260803.htm,36,FALSE,12
ETSY,8-K,2026-07-30,8-K,https://www.sec.gov/Archives/edgar/data/1370637/000137063726000071/etsy-20260730.htm,36,FALSE,12
ETSY,8-K,2026-07-16,8-K,https://www.sec.gov/Archives/edgar/data/1370637/000137063726000066/etsy-20260712.htm,36,FALSE,12
ETSY,8-K,2026-06-12,8-K,https://www.sec.gov/Archives/edgar/data/1370637/000137063726000058/etsy-20260609.htm,36,FALSE,12
ZS,10-Q,2026-05-26,10-Q,https://www.sec.gov/Archives/edgar/data/1713683/000171368326000096/zs-20260430.htm,11,FALSE,6
ZS,8-K,2026-05-26,8-K,https://www.sec.gov/Archives/edgar/data/1713683/000171368326000095/zs-20260526.htm,11,FALSE,6
ZS,8-K,2026-04-16,8-K,https://www.sec.gov/Archives/edgar/data/1713683/000171368326000082/zs-20260415.htm,11,FALSE,6
ZS,10-Q,2026-02-26,10-Q,https://www.sec.gov/Archives/edgar/data/1713683/000171368326000048/zs-20260131.htm,11,FALSE,6
ZS,8-K,2026-02-26,8-K,https://www.sec.gov/Archives/edgar/data/1713683/000171368326000047/zs-20260226.htm,11,FALSE,6
AMPL,10-Q,2026-08-06,10-Q,https://www.sec.gov/Archives/edgar/data/1866692/000119312526335706/ampl-20260630.htm,14,FALSE,6
AMPL,8-K,2026-08-05,8-K,https://www.sec.gov/Archives/edgar/data/1866692/000119312526335305/ampl-20260805.htm,14,FALSE,6
AMPL,8-K,2026-06-10,8-K,https://www.sec.gov/Archives/edgar/data/1866692/000119312526265850/d227822d8k.htm,14,FALSE,6
AMPL,10-Q,2026-05-07,10-Q,https://www.sec.gov/Archives/edgar/data/1866692/000119312526209631/ampl-20260331.htm,14,FALSE,6
AMPL,8-K,2026-05-06,8-K,https://www.sec.gov/Archives/edgar/data/1866692/000119312526209264/ampl-20260506.htm,14,FALSE,6
ERAS,8-K,2026-08-24,8-K,https://www.sec.gov/Archives/edgar/data/1761918/000119312526361895/eras-20260824.htm,7,FALSE,16
ERAS,10-Q,2026-08-11,10-Q,https://www.sec.gov/Archives/edgar/data/1761918/000119312526344611/eras-20260630.htm,7,FALSE,16
ERAS,8-K,2026-08-11,8-K,https://www.sec.gov/Archives/edgar/data/1761918/000119312526344584/eras-20260811.htm,7,FALSE,16
ERAS,8-K,2026-08-10,8-K,https://www.sec.gov/Archives/edgar/data/1761918/000119312526342669/eras-20260810.htm,7,FALSE,16
ERAS,8-K,2026-07-14,8-K,https://www.sec.gov/Archives/edgar/data/1761918/000119312526303357/d371010d8k.htm,7,FALSE,16
MDB,8-K,2026-07-06,8-K,https://www.sec.gov/Archives/edgar/data/1441816/000162828026047228/mdb-20260630.htm,21,FALSE,6
MDB,10-Q,2026-05-29,10-Q,https://www.sec.gov/Archives/edgar/data/1441816/000162828026039150/mdb-20260430.htm,21,FALSE,6
MDB,8-K,2026-05-28,8-K,https://www.sec.gov/Archives/edgar/data/1441816/000162828026038798/mdb-20260528.htm,21,FALSE,6
MDB,DEF 14A,2026-05-19,DEF 14A,https://www.sec.gov/Archives/edgar/data/1441816/000162828026036415/mdb-20260513.htm,21,FALSE,6
MDB,10-K,2026-03-11,10-K,https://www.sec.gov/Archives/edgar/data/1441816/000162828026016799/mdb-20260131.htm,21,FALSE,6
TEAM,10-K,2026-08-14,10-K,https://www.sec.gov/Archives/edgar/data/1650372/000165037226000036/team-20260630.htm,7,FALSE,13
TEAM,8-K,2026-08-06,8-K,https://www.sec.gov/Archives/edgar/data/1650372/000165037226000031/team-20260806.htm,7,FALSE,13
TEAM,10-Q,2026-05-01,10-Q,https://www.sec.gov/Archives/edgar/data/1650372/000165037226000027/team-20260331.htm,7,FALSE,13
TEAM,8-K,2026-04-30,8-K,https://www.sec.gov/Archives/edgar/data/1650372/000165037226000024/team-20260430.htm,7,FALSE,13
TEAM,8-K,2026-03-11,8-K,https://www.sec.gov/Archives/edgar/data/1650372/000165037226000021/team-20260311.htm,7,FALSE,13
DKNG,8-K,2026-08-25,FORM 8-K,https://www.sec.gov/Archives/edgar/data/1883685/000110465926100812/tm2623632d1_8k.htm,20,FALSE,10
DKNG,10-Q,2026-08-07,10-Q,https://www.sec.gov/Archives/edgar/data/1883685/000188368526000029/dkng-20260630.htm,20,FALSE,10
DKNG,8-K,2026-08-07,8-K,https://www.sec.gov/Archives/edgar/data/1883685/000188368526000027/dkng-20260807.htm,20,FALSE,10
DKNG,8-K,2026-06-26,FORM 8-K,https://www.sec.gov/Archives/edgar/data/1883685/000110465926078269/tm2618998d1_8k.htm,20,FALSE,10
DKNG,8-K,2026-06-09,FORM 8-K,https://www.sec.gov/Archives/edgar/data/1883685/000110465926071581/tm2617134d1_8k.htm,20,FALSE,10
NET,8-K,2026-08-13,FORM 8-K,https://www.sec.gov/Archives/edgar/data/1477333/000095010326012340/dp251721_8k.htm,41,FALSE,7
NET,10-Q,2026-08-06,10-Q,https://www.sec.gov/Archives/edgar/data/1477333/000147733326000054/cloud-20260630.htm,41,FALSE,7
NET,8-K,2026-08-06,8-K,https://www.sec.gov/Archives/edgar/data/1477333/000147733326000053/cloud-20260806.htm,41,FALSE,7
NET,8-K,2026-06-30,8-K,https://www.sec.gov/Archives/edgar/data/1477333/000147733326000042/cloud-20260630.htm,41,FALSE,7
NET,DEF 14A,2026-06-09,DEF 14A,https://www.sec.gov/Archives/edgar/data/1477333/000119312526263809/d160227ddef14a.htm,41,FALSE,7
RGTI,8-K,2026-08-20,FORM 8-K,https://www.sec.gov/Archives/edgar/data/1838359/000110465926098999/tm2623611d2_8k.htm,12,FALSE,14
RGTI,8-K,2026-08-20,FORM 8-K,https://www.sec.gov/Archives/edgar/data/1838359/000110465926098877/tm2623611d1_8k.htm,12,FALSE,14
RGTI,10-Q,2026-08-06,10-Q,https://www.sec.gov/Archives/edgar/data/1838359/000110465926091993/rgti-20260630x10q.htm,12,FALSE,14
RGTI,8-K,2026-08-06,8-K,https://www.sec.gov/Archives/edgar/data/1838359/000110465926091979/rgti-20260806x8k.htm,12,FALSE,14
RGTI,8-K,2026-06-11,FORM 8-K,https://www.sec.gov/Archives/edgar/data/1838359/000110465926072623/tm2617136d1_8k.htm,12,FALSE,14
RBLX,10-Q,2026-07-30,10-Q,https://www.sec.gov/Archives/edgar/data/1315098/000162828026051082/rblx-20260630.htm,21,FALSE,9
RBLX,8-K,2026-07-30,8-K,https://www.sec.gov/Archives/edgar/data/1315098/000162828026051059/rblx-20260730.htm,21,FALSE,9
RBLX,8-K,2026-05-29,8-K,https://www.sec.gov/Archives/edgar/data/1315098/000131509826000124/rblx-20260528.htm,21,FALSE,9
RBLX,8-K,2026-05-19,8-K,https://www.sec.gov/Archives/edgar/data/1315098/000131509826000108/rblx-20260513.htm,21,FALSE,9
RBLX,10-Q,2026-04-30,10-Q,https://www.sec.gov/Archives/edgar/data/1315098/000162828026028904/rblx-20260331.htm,21,FALSE,9
ASAN,8-K,2026-08-28,8-K,https://www.sec.gov/Archives/edgar/data/1477720/000162828026059413/asan-20260826.htm,16,FALSE,11
ASAN,8-K,2026-07-17,8-K,https://www.sec.gov/Archives/edgar/data/1477720/000162828026048674/asan-20260713.htm,16,FALSE,11
ASAN,8-K,2026-06-12,8-K,https://www.sec.gov/Archives/edgar/data/1477720/000162828026042881/asan-20260608.htm,16,FALSE,11
ASAN,10-Q,2026-05-28,10-Q,https://www.sec.gov/Archives/edgar/data/1477720/000147772026000039/asan-20260430.htm,16,FALSE,11
ASAN,8-K,2026-05-28,8-K,https://www.sec.gov/Archives/edgar/data/1477720/000147772026000037/asan-20260528.htm,16,FALSE,11
APPN,10-Q,2026-08-06,10-Q,https://www.sec.gov/Archives/edgar/data/1441683/000144168326000053/appn-20260630.htm,10,FALSE,8
APPN,8-K,2026-08-06,8-K,https://www.sec.gov/Archives/edgar/data/1441683/000144168326000050/appn-20260806.htm,10,FALSE,8
APPN,8-K,2026-06-08,8-K,https://www.sec.gov/Archives/edgar/data/1441683/000144168326000036/appn-20260603.htm,10,FALSE,8
APPN,10-Q,2026-05-07,10-Q,https://www.sec.gov/Archives/edgar/data/1441683/000144168326000032/appn-20260331.htm,10,FALSE,8
APPN,8-K,2026-05-07,8-K,https://www.sec.gov/Archives/edgar/data/1441683/000144168326000029/appn-20260507.htm,10,FALSE,8
CRWD,10-Q,2026-08-27,10-Q,https://www.sec.gov/Archives/edgar/data/1535527/000153552726000031/crwd-20260731.htm,66,FALSE,8
CRWD,8-K,2026-08-26,8-K,https://www.sec.gov/Archives/edgar/data/1535527/000153552726000029/crwd-20260826.htm,66,FALSE,8
CRWD,8-K,2026-06-22,FORM 8-K,https://www.sec.gov/Archives/edgar/data/1535527/000110465926076376/tm2618192d1_8k.htm,66,FALSE,8
CRWD,10-Q,2026-06-04,10-Q,https://www.sec.gov/Archives/edgar/data/1535527/000153552726000025/crwd-20260430.htm,66,FALSE,8
CRWD,8-K,2026-06-03,8-K,https://www.sec.gov/Archives/edgar/data/1535527/000153552726000022/crwd-20260603.htm,66,FALSE,8
