symbol,title,url,publisher,published,published_parsed
ZM,Should You Invest in Zoom (ZM) Based on Bullish Wall Street Views?,https://finance.yahoo.com/markets/stocks/articles/invest-zoom-zm-based-bullish-123002103.html?.tsrc=rss,Yahoo Finance,"Fri, 02 Oct 2026 12:30:02 +0000",2026-10-02T12:30:02Z
ZM,Is Zoom Communications (ZM) Undervalued Following Its Pre Earnings Share Price Bounce?,https://finance.yahoo.com/markets/stocks/articles/zoom-communications-zm-undervalued-following-171551805.html?.tsrc=rss,Yahoo Finance,"Wed, 30 Sep 2026 17:15:51 +0000",2026-09-30T17:15:51Z
ZM,Why the Market Dipped But Zoom Communications (ZM) Gained Today,https://finance.yahoo.com/markets/stocks/articles/why-market-dipped-zoom-communications-204502237.html?.tsrc=rss,Yahoo Finance,"Tue, 29 Sep 2026 20:45:02 +0000",2026-09-29T20:45:02Z
ACAD,"Acadia Pharmaceuticals (ACAD) Secures Patent And Phase 2 Progress, Is It 38% Below Fair Value?",https://finance.yahoo.com/healthcare/articles/acadia-pharmaceuticals-acad-secures-patent-010733761.html?.tsrc=rss,Yahoo Finance,"Tue, 06 Oct 2026 01:07:33 +0000",2026-10-06T01:07:33Z
ACAD,"Acadia Pharmaceuticals Announces Allowance of U.S. Patent Covering Weight-Banded Dosing of Trofinetide, extending U.S. patent protections to March 2041",https://finance.yahoo.com/healthcare/articles/acadia-pharmaceuticals-announces-allowance-u-200500035.html?.tsrc=rss,Yahoo Finance,"Mon, 28 Sep 2026 20:05:00 +0000",2026-09-28T20:05:00Z
ACAD,"3 Stocks Put Traders Are Targeting Today: AMTX, ACAD, REZI",https://finance.yahoo.com/markets/options/articles/3-stocks-put-traders-targeting-153025126.html?.tsrc=rss,Yahoo Finance,"Mon, 28 Sep 2026 15:30:25 +0000",2026-09-28T15:30:25Z
ACAD,Acadia Pharmaceuticals (ACAD) Stock Trades At A Discount After A 29% Drop,https://finance.yahoo.com/markets/stocks/articles/acadia-pharmaceuticals-acad-stock-trades-070907504.html?.tsrc=rss,Yahoo Finance,"Sun, 27 Sep 2026 07:09:07 +0000",2026-09-27T07:09:07Z
ACAD,"ACAD Stock Tumbles Today: Analysts Weigh RADIANT Results, Cut Price Targets",https://stocktwits.com/news-articles/markets/equity/acad-stock-tumbles-today-analysts-weigh-radiant-results-cut-price-targets/cZMOQm1RBO4?.tsrc=rss,Yahoo Finance,"Fri, 25 Sep 2026 15:22:44 +0000",2026-09-25T15:22:44Z
ACAD,Acadia chugs on with Alzheimer’s psychosis programme despite Phase II miss,https://www.clinicaltrialsarena.com/news/acadia-alzheimers-psychosis-phase-ii-results/?.tsrc=rss,Yahoo Finance,"Fri, 25 Sep 2026 15:01:54 +0000",2026-09-25T15:01:54Z
AFRM,"SOFI, AFRM, COF, KLAR, SEZL: Which Consumer Finance Stocks Does Wall Street Like Best Ahead Of Q3 Earnings?",https://stocktwits.com/news-articles/markets/equity/sofi-afrm-cof-klar-sezl-which-consumer-finance-stocks-does-wall-street-like-best-ahead-of-q3-earnings/cZDvbMXRBly?.tsrc=rss,Yahoo Finance,"Wed, 07 Oct 2026 06:11:18 +0000",2026-10-07T06:11:18Z
AFRM,"Affirm’s Card Volume Jumped 124% in Fiscal Q4, Yet Only 19% of Its Customers Use It. Time to Sell or Load Up?",https://www.tikr.com/blog/affirms-card-volume-jumped-124-in-fiscal-q4-yet-only-19-of-its-customers-use-it-time-to-sell-or-load-up?ref=yahoofinance&.tsrc=rss,Yahoo Finance,"Tue, 06 Oct 2026 14:52:47 +0000",2026-10-06T14:52:47Z
AFRM,Affirm partners with Ant International's Antom to bring pay-over-time to US customers,https://finance.yahoo.com/small-business/articles/affirm-partners-ant-internationals-antom-130000366.html?.tsrc=rss,Yahoo Finance,"Tue, 06 Oct 2026 13:00:00 +0000",2026-10-06T13:00:00Z
AFRM,Affirm Holdings (AFRM) Deepens BNPL Reach With Crate & Barrel Partnership Is Its Edge Durable?,https://finance.yahoo.com/markets/stocks/articles/affirm-holdings-afrm-deepens-bnpl-100649499.html?.tsrc=rss,Yahoo Finance,"Tue, 06 Oct 2026 10:06:49 +0000",2026-10-06T10:06:49Z
AFRM,"Affirm to announce first quarter fiscal year 2027 results on November 5, 2026",https://finance.yahoo.com/markets/stocks/articles/affirm-announce-first-quarter-fiscal-200700773.html?.tsrc=rss,Yahoo Finance,"Mon, 05 Oct 2026 20:07:00 +0000",2026-10-05T20:07:00Z
AFRM,"Affirm Climbs 5% as Buy Now Pay Later Group Rallies Together; Klarna Rises 5%, PayPal Ticks Up",https://247wallst.com/investing/2026/10/05/affirm-climbs-5-as-buy-now-pay-later-group-rallies-together-klarna-rises-5-paypal-ticks-up/?.tsrc=rss,Yahoo Finance,"Mon, 05 Oct 2026 16:54:09 +0000",2026-10-05T16:54:09Z
WAL,"Western Alliance Bancorporation Announces Third Quarter 2026 Earnings Release Date, Conference Call and Webcast",https://finance.yahoo.com/markets/stocks/articles/western-alliance-bancorporation-announces-third-130000839.html?.tsrc=rss,Yahoo Finance,"Tue, 06 Oct 2026 13:00:00 +0000",2026-10-06T13:00:00Z
WAL,Western Alliance Bancorporation (WAL) Could Be 14% Undervalued After Investor Conference Preview,https://finance.yahoo.com/markets/stocks/articles/western-alliance-bancorporation-wal-could-061457675.html?.tsrc=rss,Yahoo Finance,"Tue, 22 Sep 2026 06:14:57 +0000",2026-09-22T06:14:57Z
WAL,"Western Alliance Bancorporation (WAL): Buy, Sell, or Hold Post Q2 Earnings?",https://finance.yahoo.com/markets/stocks/articles/western-alliance-bancorporation-wal-buy-163825098.html?.tsrc=rss,Yahoo Finance,"Mon, 21 Sep 2026 16:38:25 +0000",2026-09-21T16:38:25Z
WAL,Western Alliance Bancorporation to Participate in Fireside Chat at Barclays Global Financial Services Conference,https://finance.yahoo.com/markets/stocks/articles/western-alliance-bancorporation-participate-fireside-215100045.html?.tsrc=rss,Yahoo Finance,"Mon, 14 Sep 2026 21:51:00 +0000",2026-09-14T21:51:00Z
WAL,Reflecting On Regional Banks Stocks’ Q2 Earnings: Western Alliance Bancorporation (NYSE:WAL),https://finance.yahoo.com/markets/stocks/articles/reflecting-regional-banks-stocks-q2-175307417.html?.tsrc=rss,Yahoo Finance,"Thu, 27 Aug 2026 17:53:07 +0000",2026-08-27T17:53:07Z
WAL,Western Alliance Bancorporation Q2 Earnings Call Highlights,https://www.marketbeat.com/instant-alerts/western-alliance-bancorporation-q2-earnings-call-highlights-2026-07-22/?utm_source=yahoofinance&utm_medium=yahoofinance&.tsrc=rss,Yahoo Finance,"Wed, 22 Jul 2026 18:04:23 +0000",2026-07-22T18:04:23Z
BAC,How Bank of America is using AI to reinvent the customer experience,https://finance.yahoo.com/video/bank-america-using-ai-reinvent-201600054.html?.tsrc=rss,Yahoo Finance,"Wed, 07 Oct 2026 20:16:00 +0000",2026-10-07T20:16:00Z
BAC,Marvell price target raised by Bank of America on $80 billion sales outlook,https://www.proactiveinvestors.com/companies/news/1099765/marvell-price-target-raised-by-bank-of-america-on-80-billion-sales-outlook-1099765.html?.tsrc=rss,Yahoo Finance,"Wed, 07 Oct 2026 17:10:00 +0000",2026-10-07T17:10:00Z
BAC,"General Motors’ measured truck redesign should support pricing in 2027, says Bank of America",https://www.proactiveinvestors.com/companies/news/1099759/general-motors-measured-truck-redesign-should-support-pricing-in-2027-says-bank-of-america-1099759.html?.tsrc=rss,Yahoo Finance,"Wed, 07 Oct 2026 16:35:00 +0000",2026-10-07T16:35:00Z
BAC,Wells Fargo vs Bank of America: Which Big Bank Dividend Is the Better Buy,https://247wallst.com/investing/2026/10/06/wells-fargo-vs-bank-of-america-which-big-bank-dividend-is-the-better-buy/?.tsrc=rss,Yahoo Finance,"Tue, 06 Oct 2026 17:45:08 +0000",2026-10-06T17:45:08Z
HON,Honeywell International Inc. (HON) Suffers a Larger Drop Than the General Market: Key Insights,https://finance.yahoo.com/markets/stocks/articles/honeywell-international-inc-hon-suffers-211503400.html?.tsrc=rss,Yahoo Finance,"Wed, 07 Oct 2026 21:15:03 +0000",2026-10-07T21:15:03Z
HON,ISN® and Honeywell Celebrate Seven-Year Partnership Advancing Contractor Compliance and Safety Across Mexico,https://finance.yahoo.com/technology/articles/isn-honeywell-celebrate-seven-partnership-141200954.html?.tsrc=rss,Yahoo Finance,"Tue, 06 Oct 2026 14:12:00 +0000",2026-10-06T14:12:00Z
HON,Honeywell International's Quarterly Earnings Preview: What You Need to Know,https://www.barchart.com/story/news/4963563/honeywell-international-s-quarterly-earnings-preview-what-you-need-to-know?.tsrc=rss,Yahoo Finance,"Mon, 05 Oct 2026 14:17:47 +0000",2026-10-05T14:17:47Z
HON,Honeywell International (HON) Broke Itself Into Three. Is the Sum Worth More Than the Whole Was?,https://finance.yahoo.com/markets/stocks/articles/honeywell-international-hon-broke-itself-174210694.html?.tsrc=rss,Yahoo Finance,"Fri, 02 Oct 2026 17:42:10 +0000",2026-10-02T17:42:10Z
HON,"Smart HVAC Controls Market Outlook 2026-2035 - Featuring Profiles of 3 Leading Companies: Honeywell International, Johnson Controls International, and Carrier Global Corporation",https://finance.yahoo.com/energy/articles/smart-hvac-controls-market-outlook-081200032.html?.tsrc=rss,Yahoo Finance,"Fri, 02 Oct 2026 08:12:00 +0000",2026-10-02T08:12:00Z
DECK,Deckers (DECK) Suffers a Larger Drop Than the General Market: Key Insights,https://finance.yahoo.com/markets/stocks/articles/deckers-deck-suffers-larger-drop-205005247.html?.tsrc=rss,Yahoo Finance,"Wed, 07 Oct 2026 20:50:05 +0000",2026-10-07T20:50:05Z
DECK,Why Michael Burry Just Took a New Position in Deckers Outdoor Stock,https://www.barchart.com/story/news/5012647/why-michael-burry-just-took-a-new-position-in-deckers-outdoor-stock?.tsrc=rss,Yahoo Finance,"Wed, 07 Oct 2026 18:45:28 +0000",2026-10-07T18:45:28Z
DECK,Deckers Outdoor (DECK) Could Be 33% Below Fair Value Following UGG Brand Push,https://finance.yahoo.com/markets/stocks/articles/deckers-outdoor-deck-could-33-220701055.html?.tsrc=rss,Yahoo Finance,"Mon, 05 Oct 2026 22:07:01 +0000",2026-10-05T22:07:01Z
DECK,What You Need to Know Ahead of Deckers Outdoor’s Earnings Release,https://www.barchart.com/story/news/4959959/what-you-need-to-know-ahead-of-deckers-outdoors-earnings-release?.tsrc=rss,Yahoo Finance,"Mon, 05 Oct 2026 12:04:28 +0000",2026-10-05T12:04:28Z
FHN,What Does the Fed Rate Hike Mean for FHN's Net Interest Income?,https://finance.yahoo.com/economy/policy/articles/does-fed-rate-hike-mean-132300498.html?.tsrc=rss,Yahoo Finance,"Tue, 29 Sep 2026 13:23:00 +0000",2026-09-29T13:23:00Z
FHN,First Horizon (FHN) Stock Could Trade At A Discount To Fair Value,https://finance.yahoo.com/markets/stocks/articles/first-horizon-fhn-stock-could-020918356.html?.tsrc=rss,Yahoo Finance,"Sun, 27 Sep 2026 02:09:18 +0000",2026-09-27T02:09:18Z
INCY,Q2 Earnings Roundup: Incyte (NASDAQ:INCY) And The Rest Of The Biotechnology Segment,https://finance.yahoo.com/healthcare/articles/q2-earnings-roundup-incyte-nasdaq-193307658.html?.tsrc=rss,Yahoo Finance,"Thu, 01 Oct 2026 19:33:07 +0000",2026-10-01T19:33:07Z
INCY,INCY or TECH: Which Is the Better Value Stock Right Now?,https://finance.yahoo.com/markets/stocks/articles/incy-tech-better-value-stock-144002169.html?.tsrc=rss,Yahoo Finance,"Wed, 30 Sep 2026 14:40:02 +0000",2026-09-30T14:40:02Z
INCY,Mirum Pharmaceuticals and Incyte Compete Regeneron with Abnormal Bone Formation Treatment,https://finance.yahoo.com/healthcare/articles/mirum-pharmaceuticals-incyte-compete-regeneron-123825358.html?.tsrc=rss,Yahoo Finance,"Mon, 28 Sep 2026 12:38:25 +0000",2026-09-28T12:38:25Z
INCY,"INCY, MIRM Slip Into FDA’s Weekend Decision Date On Shared Rare-Disease Pill",https://stocktwits.com/news-articles/markets/equity/incy-mirm-slip-into-fda-s-weekend-decision-date-on-shared-rare-disease-pill/cZMOKU5RBOj?.tsrc=rss,Yahoo Finance,"Fri, 25 Sep 2026 18:43:37 +0000",2026-09-25T18:43:37Z
INCY,Incyte (INCY) Heads To EADV With New Skin Disease Trial Data,https://finance.yahoo.com/healthcare/articles/incyte-incy-heads-eadv-skin-011531518.html?.tsrc=rss,Yahoo Finance,"Thu, 24 Sep 2026 01:15:31 +0000",2026-09-24T01:15:31Z
INCY,How Is Incyte’s Stock Performance Compared to Other Biotech Stocks?,https://www.barchart.com/story/news/4746545/how-is-incytes-stock-performance-compared-to-other-biotech-stocks?.tsrc=rss,Yahoo Finance,"Wed, 23 Sep 2026 04:53:05 +0000",2026-09-23T04:53:05Z
WBS,Santander completes $12.2bn purchase of US bank Webster,https://www.retailbankerinternational.com/news/santander-completes-us-webster-purchase/?.tsrc=rss,Yahoo Finance,"Fri, 21 Aug 2026 11:03:07 +0000",2026-08-21T11:03:07Z
WBS,Webster Financial Corp's Dividend Analysis,https://finance.yahoo.com/markets/stocks/articles/webster-financial-corps-dividend-analysis-110530761.html?.tsrc=rss,Yahoo Finance,"Mon, 10 Aug 2026 11:05:30 +0000",2026-08-10T11:05:30Z
WBS,Fed approves Santander-Webster deal,https://www.bankingdive.com/news/fed-approves-santander-webster-bank-deal/827079/?.tsrc=rss,Yahoo Finance,"Wed, 05 Aug 2026 11:07:17 +0000",2026-08-05T11:07:17Z
ZION,ZION Gains 14.8% in 6 Months: How Should You Play the Stock Now?,https://finance.yahoo.com/markets/stocks/articles/zion-gains-14-8-6-132600996.html?.tsrc=rss,Yahoo Finance,"Mon, 28 Sep 2026 13:26:00 +0000",2026-09-28T13:26:00Z
ZION,"Zions Bancorporation National Association (ZION) Reshuffles Finance Leadership, Is The 12% Undervaluation Convincing?",https://finance.yahoo.com/markets/stocks/articles/zions-bancorporation-national-association-zion-021120625.html?.tsrc=rss,Yahoo Finance,"Fri, 18 Sep 2026 02:11:20 +0000",2026-09-18T02:11:20Z
ZION,ZIONS CAPITAL MARKETS APPOINTS VINCE TOYE TO LEAD NEWLY ACQUIRED AGENCY MULTIFAMILY LENDING PLATFORM,https://finance.yahoo.com/real-estate/articles/zions-capital-markets-appoints-vince-130000206.html?.tsrc=rss,Yahoo Finance,"Wed, 16 Sep 2026 13:00:00 +0000",2026-09-16T13:00:00Z
ZION,"Zions Bancorporation (ZION): Buy, Sell, or Hold Post Q2 Earnings?",https://finance.yahoo.com/markets/stocks/articles/zions-bancorporation-zion-buy-sell-130023297.html?.tsrc=rss,Yahoo Finance,"Wed, 02 Sep 2026 13:00:23 +0000",2026-09-02T13:00:23Z
ZION,ZIONS BANCORPORATION TO PRESENT AT THE BARCLAYS GLOBAL FINANCIAL SERVICES CONFERENCE,https://finance.yahoo.com/markets/stocks/articles/zions-bancorporation-present-barclays-global-194100406.html?.tsrc=rss,Yahoo Finance,"Tue, 01 Sep 2026 19:41:00 +0000",2026-09-01T19:41:00Z
ZION,Is Zions Well-Positioned to Sustain Enhanced Capital Returns?,https://finance.yahoo.com/markets/stocks/articles/zions-well-positioned-sustain-enhanced-170700135.html?.tsrc=rss,Yahoo Finance,"Mon, 03 Aug 2026 17:07:00 +0000",2026-08-03T17:07:00Z
CROX,Crocs (CROX) Surpasses Market Returns: Some Facts Worth Knowing,https://finance.yahoo.com/markets/stocks/articles/crocs-crox-surpasses-market-returns-210002930.html?.tsrc=rss,Yahoo Finance,"Tue, 06 Oct 2026 21:00:02 +0000",2026-10-06T21:00:02Z
CROX,"Crocs expected to show underlying North America growth, analysts say",https://www.proactiveinvestors.com/companies/news/1099685/crocs-expected-to-show-underlying-north-america-growth-analysts-say-1099685.html?.tsrc=rss,Yahoo Finance,"Tue, 06 Oct 2026 18:12:00 +0000",2026-10-06T18:12:00Z
CROX,"BARK x Crocs Collection Expands Beyond Pet Crocs Shoes, Starting With a Dog Bed You Can Personalize with Jibbitz™ Charm-Inspired Plushes",https://finance.yahoo.com/small-business/articles/bark-x-crocs-collection-expands-120000313.html?.tsrc=rss,Yahoo Finance,"Tue, 06 Oct 2026 12:00:00 +0000",2026-10-06T12:00:00Z
CROX,Crocs (CROX) Sees a More Significant Dip Than Broader Market: Some Facts to Know,https://finance.yahoo.com/markets/stocks/articles/crocs-crox-sees-more-significant-210003643.html?.tsrc=rss,Yahoo Finance,"Mon, 28 Sep 2026 21:00:03 +0000",2026-09-28T21:00:03Z
CROX,Crocs (CROX) Stock Looks Cheap After Its 54% Run,https://finance.yahoo.com/markets/stocks/articles/crocs-crox-stock-looks-cheap-111103189.html?.tsrc=rss,Yahoo Finance,"Sat, 26 Sep 2026 11:11:03 +0000",2026-09-26T11:11:03Z
CROX,Crocs says Five Below copied its famous clog design,https://www.usatoday.com/story/money/retail/2026/09/25/crocs-five-below-clogs-lawsuit/91937319007/?.tsrc=rss,Yahoo Finance,"Fri, 25 Sep 2026 17:52:32 +0000",2026-09-25T17:52:32Z
DUOL,"Duolingo, Inc. (DUOL) Increases Despite Market Slip: Here's What You Need to Know",https://finance.yahoo.com/markets/stocks/articles/duolingo-inc-duol-increases-despite-204507814.html?.tsrc=rss,Yahoo Finance,"Wed, 07 Oct 2026 20:45:07 +0000",2026-10-07T20:45:07Z
DUOL,Baillie Gifford sees CoStar and Duolingo stocks rebounding,https://qz.com/baillie-gifford-costar-duolingo-stock-comeback-100726?.tsrc=rss,Yahoo Finance,"Wed, 07 Oct 2026 12:15:38 +0000",2026-10-07T12:15:38Z
DUOL,"Duolingo, Inc. (DUOL) Exceeds Market Returns: Some Facts to Consider",https://finance.yahoo.com/markets/stocks/articles/duolingo-inc-duol-exceeds-market-204504833.html?.tsrc=rss,Yahoo Finance,"Thu, 01 Oct 2026 20:45:04 +0000",2026-10-01T20:45:04Z
DUOL,Duolingo (DUOL) vs Coursera (COUR): Which is a Better Stock to Buy?,https://finance.yahoo.com/markets/stocks/articles/duolingo-duol-vs-coursera-cour-061623424.html?.tsrc=rss,Yahoo Finance,"Wed, 30 Sep 2026 06:16:23 +0000",2026-09-30T06:16:23Z
DUOL,Don't Skip This Historically Bullish Duolingo Stock Setup,https://finance.yahoo.com/markets/stocks/articles/dont-skip-historically-bullish-duolingo-191811413.html?.tsrc=rss,Yahoo Finance,"Tue, 29 Sep 2026 19:18:11 +0000",2026-09-29T19:18:11Z
DUOL,"Duolingo, Inc. (DUOL) Stock Dips While Market Gains: Key Facts",https://finance.yahoo.com/markets/stocks/articles/duolingo-inc-duol-stock-dips-204506428.html?.tsrc=rss,Yahoo Finance,"Fri, 25 Sep 2026 20:45:06 +0000",2026-09-25T20:45:06Z
PD,PagerDuty's 2026 Outlook: Operational Discipline and New AI Opportunities Sustains Profitable Growth Model,https://www.fool.com/coverage/moneyball/2026/09/15/pagerduty-s-2026-outlook-operational-discipline-and-new-ai-opportunities-sustains-profitable-growth-model/?.tsrc=rss,Yahoo Finance,"Tue, 15 Sep 2026 18:39:40 +0000",2026-09-15T18:39:40Z
PD,PagerDuty (PD) Hits A Milestone While Trimming Its Own Headcount,https://finance.yahoo.com/markets/stocks/articles/pagerduty-pd-hits-milestone-while-083053100.html?.tsrc=rss,Yahoo Finance,"Tue, 01 Sep 2026 08:30:53 +0000",2026-09-01T08:30:53Z
PD,PagerDuty (PD) Q2 2027 Earnings Call Transcript,https://www.fool.com/earnings/call-transcripts/2026/08/31/pagerduty-pd-q2-2027-earnings-call-transcript/?.tsrc=rss,Yahoo Finance,"Mon, 31 Aug 2026 13:23:40 +0000",2026-08-31T13:23:40Z
PD,"PagerDuty CEO Sells 28,847 Shares as the Stock Edges Up",https://www.fool.com/coverage/filings/2026/08/30/pagerduty-ceo-sells-28-847-shares-as-the-stock-edges-up/?.tsrc=rss,Yahoo Finance,"Sun, 30 Aug 2026 06:10:15 +0000",2026-08-30T06:10:15Z
JPM,JPMorgan’s CEO sends stern bond market warning to investors,https://www.thestreet.com/markets/jpmorgans-ceo-sends-stern-bond-market-warning-to-investors?.tsrc=rss,Yahoo Finance,"Wed, 07 Oct 2026 22:17:00 +0000",2026-10-07T22:17:00Z
JPM,JPMorgan just put a different spin on the stock market selloff,https://www.thestreet.com/investing/stocks/jpmorgan-just-put-a-different-spin-on-the-stock-market-selloff?.tsrc=rss,Yahoo Finance,"Wed, 07 Oct 2026 18:07:00 +0000",2026-10-07T18:07:00Z
JPM,Wells Fargo’s Higher Dividend Yield Masks JPMorgan’s Superior Dividend Safety Record,https://247wallst.com/investing/2026/10/07/wells-fargos-higher-dividend-yield-masks-jpmorgans-superior-dividend-safety-record/?.tsrc=rss,Yahoo Finance,"Wed, 07 Oct 2026 16:30:52 +0000",2026-10-07T16:30:52Z
JPM,JPMorgan Tops AI Rankings Again: Can Its Spending Boost Returns?,https://finance.yahoo.com/technology/ai/articles/jpmorgan-tops-ai-rankings-again-144400091.html?.tsrc=rss,Yahoo Finance,"Wed, 07 Oct 2026 14:44:00 +0000",2026-10-07T14:44:00Z
JPM,The Fifth Rail: JPMorgan and BlackRock Are Building the Reserve Layer Every Stablecoin Issuer Will Need by 2027,https://finance.yahoo.com/markets/crypto/articles/fifth-rail-jpmorgan-blackrock-building-144059627.html?.tsrc=rss,Yahoo Finance,"Wed, 07 Oct 2026 14:40:59 +0000",2026-10-07T14:40:59Z
JPM,JPMorgan Just Raised Its Dividend 10%. These 4 Stocks Also Can Afford to Pay Much Bigger Dividends,https://247wallst.com/investing/2026/10/07/jpmorgan-just-raised-its-dividend-10-these-4-stocks-also-can-afford-to-pay-much-bigger-dividends/?.tsrc=rss,Yahoo Finance,"Wed, 07 Oct 2026 13:45:49 +0000",2026-10-07T13:45:49Z
CFR,"Cullen/Frost Bankers (CFR), What Is Behind The Fresh Attention?",https://finance.yahoo.com/markets/stocks/articles/cullen-frost-bankers-cfr-behind-071034475.html?.tsrc=rss,Yahoo Finance,"Fri, 25 Sep 2026 07:10:34 +0000",2026-09-25T07:10:34Z
CFR,Cullen Frost Bankers (CFR) Stock May Trade At A Discount Following Its 91% Three Year Run,https://finance.yahoo.com/markets/stocks/articles/cullen-frost-bankers-cfr-stock-080737312.html?.tsrc=rss,Yahoo Finance,"Thu, 24 Sep 2026 08:07:37 +0000",2026-09-24T08:07:37Z
CFR,Cullen/Frost Bankers (CFR) is a Top Dividend Stock Right Now: Should You Buy?,https://finance.yahoo.com/markets/stocks/articles/cullen-frost-bankers-cfr-top-154503226.html?.tsrc=rss,Yahoo Finance,"Wed, 23 Sep 2026 15:45:03 +0000",2026-09-23T15:45:03Z
CFR,Cullen/Frost Bankers (CFR) Could Be a Great Choice,https://finance.yahoo.com/markets/stocks/articles/cullen-frost-bankers-cfr-could-154503527.html?.tsrc=rss,Yahoo Finance,"Mon, 07 Sep 2026 15:45:03 +0000",2026-09-07T15:45:03Z
CFR,"Cullen/Frost Bankers (CFR): Buy, Sell, or Hold Post Q2 Earnings?",https://finance.yahoo.com/markets/stocks/articles/cullen-frost-bankers-cfr-buy-144718019.html?.tsrc=rss,Yahoo Finance,"Thu, 03 Sep 2026 14:47:18 +0000",2026-09-03T14:47:18Z
CFR,Cullen/Frost Bankers Inc's Dividend Analysis,https://finance.yahoo.com/markets/stocks/articles/cullen-frost-bankers-incs-dividend-111243030.html?.tsrc=rss,Yahoo Finance,"Mon, 31 Aug 2026 11:12:43 +0000",2026-08-31T11:12:43Z
GOOGL,Banks Under Pressure from Spiking Yields Ahead of Q3 Results,https://finance.yahoo.com/markets/stocks/articles/banks-under-pressure-spiking-yields-221000469.html?.tsrc=rss,Yahoo Finance,"Wed, 07 Oct 2026 22:10:00 +0000",2026-10-07T22:10:00Z
GOOGL,Why NorthWestern Energy Group Stock Soared on Wednesday,https://www.fool.com/investing/2026/10/07/why-northwestern-energy-group-stock-soared-on-wednesday/?.tsrc=rss,Yahoo Finance,"Wed, 07 Oct 2026 23:16:53 +0000",2026-10-07T23:16:53Z
GOOGL,What Happens To IBM Stock If Its Slowdown Lasts?,https://www.trefis.com/articles/617839/what-happens-to-ibm-stock-if-its-slowdown-lasts/2026-10-07?.tsrc=rss,Yahoo Finance,"Wed, 07 Oct 2026 22:47:25 +0000",2026-10-07T22:47:25Z
GOOGL,Why Black Hills Stock Rocketed Higher Today,https://www.fool.com/investing/2026/10/07/why-black-hills-stock-rocketed-higher-today/?.tsrc=rss,Yahoo Finance,"Wed, 07 Oct 2026 22:06:36 +0000",2026-10-07T22:06:36Z
GOOGL,FouAnalytics and fraud0 Partner to Bring Automated Google Ads Refunds to the World's Largest Advertisers,https://finance.yahoo.com/media-advertising/articles/fouanalytics-fraud0-partner-bring-automated-215100287.html?.tsrc=rss,Yahoo Finance,"Wed, 07 Oct 2026 21:51:00 +0000",2026-10-07T21:51:00Z
GOOGL,Cathie Wood Says Follow The AI Agents. The Real Question Is What They Pay With,https://247wallst.com/investing/2026/10/07/cathie-wood-says-follow-the-ai-agents-the-real-question-is-what-they-pay-with/?.tsrc=rss,Yahoo Finance,"Wed, 07 Oct 2026 21:00:53 +0000",2026-10-07T21:00:53Z
RJF,These Consumer Stocks Are The Top Analyst Picks at Raymond James,https://finance.yahoo.com/markets/stocks/articles/consumer-stocks-top-analyst-picks-134841618.html?.tsrc=rss,Yahoo Finance,"Mon, 05 Oct 2026 13:48:41 +0000",2026-10-05T13:48:41Z
RJF,Raymond James Updates Healthcare Top Picks for October,https://finance.yahoo.com/healthcare/articles/raymond-james-updates-healthcare-top-202647622.html?.tsrc=rss,Yahoo Finance,"Thu, 01 Oct 2026 20:26:47 +0000",2026-10-01T20:26:47Z
RJF,Raymond James Launches Public/Private Model Portfolios for HNW Clients,https://www.wealthmanagement.com/alternative-investments/raymond-james-launches-public-private-model-portfolios-for-hnw-clients?.tsrc=rss,Yahoo Finance,"Tue, 29 Sep 2026 15:50:08 +0000",2026-09-29T15:50:08Z
RJF,Raymond James Attracts Two Teams Totaling $1.75B,https://www.wealthmanagement.com/ibd-news/raymond-james-adds-175b-in-teams-this-week?.tsrc=rss,Yahoo Finance,"Thu, 24 Sep 2026 21:00:24 +0000",2026-09-24T21:00:24Z
RJF,Raymond James Adds Retirement Plan Option for Small Business Owners,https://www.wealthmanagement.com/ibd-news/raymond-james-adds-retirement-plan-option-for-small-business-owners?.tsrc=rss,Yahoo Finance,"Wed, 16 Sep 2026 16:30:33 +0000",2026-09-16T16:30:33Z
RJF,Raymond James Financial Announces Key Executive Leadership Appointments,https://finance.yahoo.com/markets/stocks/articles/raymond-james-financial-announces-key-201400202.html?.tsrc=rss,Yahoo Finance,"Tue, 15 Sep 2026 20:14:00 +0000",2026-09-15T20:14:00Z
EXP,Zacks Industry Outlook Vulcan Materials and Eagle Materials,https://finance.yahoo.com/markets/stocks/articles/zacks-industry-outlook-vulcan-materials-050100483.html?.tsrc=rss,Yahoo Finance,"Tue, 06 Oct 2026 05:01:00 +0000",2026-10-06T05:01:00Z
EXP,"Here Are Tuesday’s Top Wall Street Analyst Research Calls: Abercrombie & Fitch, Affirm Holdings, Eagle Materials, Klarna Group, Martin Marietta Materials, Oklo, Qualcomm, Robinhood Markets, Ulta Beauty, and More",https://247wallst.com/investing/2026/09/09/here-are-tuesdays-top-wall-street-analyst-research-calls-abercrombie-fitch-affirm-holdings-eagle-materials-klarna-group-martin-marietta-materials-oklo-qualcomm-robinhood-markets-ul/?.tsrc=rss,Yahoo Finance,"Wed, 09 Sep 2026 12:06:43 +0000",2026-09-09T12:06:43Z
EXP,Eagle Materials Declares Quarterly Dividend,https://finance.yahoo.com/markets/stocks/articles/eagle-materials-declares-quarterly-dividend-201500323.html?.tsrc=rss,Yahoo Finance,"Mon, 03 Aug 2026 20:15:00 +0000",2026-08-03T20:15:00Z
EXP,Eagle Materials Q1 Earnings Call Highlights,https://www.marketbeat.com/instant-alerts/eagle-materials-q1-earnings-call-highlights-2026-07-29/?utm_source=yahoofinance&utm_medium=yahoofinance&.tsrc=rss,Yahoo Finance,"Thu, 30 Jul 2026 03:03:55 +0000",2026-07-30T03:03:55Z
EXP,Eagle Materials Inc (EXP) Q1 2027 Earnings Call Highlights: Record Revenue Amid Operational ...,https://finance.yahoo.com/markets/stocks/articles/eagle-materials-inc-exp-q1-210350834.html?.tsrc=rss,Yahoo Finance,"Wed, 29 Jul 2026 21:03:50 +0000",2026-07-29T21:03:50Z
TROW,T. Rowe Price (TROW) Surpasses Market Returns: Some Facts Worth Knowing,https://finance.yahoo.com/markets/stocks/articles/t-rowe-price-trow-surpasses-211504592.html?.tsrc=rss,Yahoo Finance,"Thu, 01 Oct 2026 21:15:04 +0000",2026-10-01T21:15:04Z
JAZZ,Q2 Earnings Outperformers: Jazz Pharmaceuticals (NASDAQ:JAZZ) And The Rest Of The Pharmaceuticals Stocks,https://finance.yahoo.com/healthcare/articles/q2-earnings-outperformers-jazz-pharmaceuticals-184513594.html?.tsrc=rss,Yahoo Finance,"Wed, 30 Sep 2026 18:45:13 +0000",2026-09-30T18:45:13Z
JAZZ,Jazz Pharmaceuticals Sees $3B-$5B Ziihera Opportunity as Pipeline Expands,https://www.marketbeat.com/instant-alerts/event-jazz-pharmaceuticals-sees-3b-5b-ziihera-opportunity-as-pipeline-expands-2026-09-20/?utm_source=yahoofinance&utm_medium=yahoofinance&.tsrc=rss,Yahoo Finance,"Sun, 20 Sep 2026 20:02:03 +0000",2026-09-20T20:02:03Z
JAZZ,Should You Buy Jazz Pharmaceuticals Stock After Its Actio Acquisition?,https://www.fool.com/investing/2026/09/18/should-you-buy-jazz-pharmaceuticals-stock-after-it/?.tsrc=rss,Yahoo Finance,"Fri, 18 Sep 2026 10:42:00 +0000",2026-09-18T10:42:00Z
JAZZ,Jazz Pharmaceuticals (JAZZ) Places An $820M Epilepsy Bet,https://finance.yahoo.com/healthcare/articles/jazz-pharmaceuticals-jazz-places-820m-025614927.html?.tsrc=rss,Yahoo Finance,"Fri, 18 Sep 2026 02:56:14 +0000",2026-09-18T02:56:14Z
JAZZ,Jazz Pharmaceuticals (JAZZ) Eyes Ziihera Trials In Breast Colorectal And Lung Cancer,https://finance.yahoo.com/healthcare/articles/jazz-pharmaceuticals-jazz-eyes-ziihera-231904350.html?.tsrc=rss,Yahoo Finance,"Mon, 14 Sep 2026 23:19:04 +0000",2026-09-14T23:19:04Z
ACN,"Digital Transformation - Global Strategic Business Report: Capitalize on the US$3.7 Trillion Market by 2030 as Microsoft, IBM, Accenture, Oracle and SAP Disrupt Enterprise ROI",https://finance.yahoo.com/technology/articles/digital-transformation-global-strategic-business-211100026.html?.tsrc=rss,Yahoo Finance,"Wed, 07 Oct 2026 21:11:00 +0000",2026-10-07T21:11:00Z
ACN,What Is Accenture Building That Investors Should Watch?,https://www.trefis.com/articles/617819/what-is-accenture-building-that-investors-should-watch/2026-10-07?.tsrc=rss,Yahoo Finance,"Wed, 07 Oct 2026 14:26:47 +0000",2026-10-07T14:26:47Z
ACN,Accenture (ACN) Stock Gets Fair Value Boost After Q4 Beat And Higher Analyst Targets,https://finance.yahoo.com/markets/stocks/articles/accenture-acn-stock-gets-fair-201005356.html?.tsrc=rss,Yahoo Finance,"Tue, 06 Oct 2026 20:10:05 +0000",2026-10-06T20:10:05Z
ACN,How to Play the Giant Post-Earnings Rally in Accenture Stock,https://www.barchart.com/story/news/4985705/how-to-play-the-giant-post-earnings-rally-in-accenture-stock?.tsrc=rss,Yahoo Finance,"Tue, 06 Oct 2026 14:34:07 +0000",2026-10-06T14:34:07Z
ACN,What Did Accenture's Quarter Change For Its Stock?,https://www.trefis.com/articles/617681/what-did-accentures-quarter-change-for-its-stock/2026-10-06?.tsrc=rss,Yahoo Finance,"Tue, 06 Oct 2026 12:54:05 +0000",2026-10-06T12:54:05Z
MLI,"Mueller Industries (MLI) Pulls Back On Fading Momentum, Is It 6% Undervalued?",https://finance.yahoo.com/markets/stocks/articles/mueller-industries-mli-pulls-back-161618060.html?.tsrc=rss,Yahoo Finance,"Tue, 22 Sep 2026 16:16:18 +0000",2026-09-22T16:16:18Z
MLI,Mueller Industries (MLI) Stock May Be 7% Undervalued On Cash Flow,https://finance.yahoo.com/markets/stocks/articles/mueller-industries-mli-stock-may-091445089.html?.tsrc=rss,Yahoo Finance,"Tue, 22 Sep 2026 09:14:45 +0000",2026-09-22T09:14:45Z
MLI,"Mueller Industries, Inc. Declares Cash Dividend for Third Quarter",https://finance.yahoo.com/markets/stocks/articles/mueller-industries-inc-declares-cash-200300317.html?.tsrc=rss,Yahoo Finance,"Thu, 06 Aug 2026 20:03:00 +0000",2026-08-06T20:03:00Z
MLI,Mueller Industries Grew Sales 25% With Piping Up 27%. Here's the Backdrop to an Insider Filing,https://www.fool.com/coverage/filings/2026/08/02/mueller-industries-grew-sales-25-with-piping-up-27-here-s-the-backdrop-to-an-insider-filing/?.tsrc=rss,Yahoo Finance,"Sun, 02 Aug 2026 22:27:04 +0000",2026-08-02T22:27:04Z
MLI,Mueller's Sales Jumped 25% as Copper Climbed. Here's How to Read the CFO's Latest Insider Filing,https://www.fool.com/coverage/filings/2026/08/02/mueller-s-sales-jumped-25-as-copper-climbed-here-s-how-to-read-the-cfo-s-latest-insider-filing/?.tsrc=rss,Yahoo Finance,"Sun, 02 Aug 2026 22:22:04 +0000",2026-08-02T22:22:04Z
MLI,Should You Read Anything Into Mueller's CEO Parting With Shares After a 53% Run?,https://www.fool.com/coverage/filings/2026/08/02/should-you-read-anything-into-mueller-s-ceo-parting-with-shares-after-a-53-run/?.tsrc=rss,Yahoo Finance,"Sun, 02 Aug 2026 22:11:58 +0000",2026-08-02T22:11:58Z
AMZN,Not Amazon. Not Sea Limited. This $94 Billion E-Commerce Powerhouse Dominates Latin America.,https://www.fool.com/investing/2026/10/07/not-amazon-not-sea-limited-this-89-billion-e-com/?.tsrc=rss,Yahoo Finance,"Wed, 07 Oct 2026 20:13:00 +0000",2026-10-07T20:13:00Z
AMZN,Will Pinterest’s Amazon-Trained New CFO Reshape Its Profit Playbook And Valuation Story (PINS)?,https://finance.yahoo.com/markets/stocks/articles/pinterest-amazon-trained-cfo-reshape-171037317.html?.tsrc=rss,Yahoo Finance,"Wed, 07 Oct 2026 17:10:37 +0000",2026-10-07T17:10:37Z
AMZN,"Microsoft or Amazon: If I Could Only Own One for the Next 5 Years, It Would Be This One",https://247wallst.com/investing/2026/10/07/microsoft-or-amazon-if-i-could-only-own-one-for-the-next-5-years-it-would-be-this-one/?.tsrc=rss,Yahoo Finance,"Wed, 07 Oct 2026 16:45:17 +0000",2026-10-07T16:45:17Z
AMZN,Amazon.com (AMZN) Acquired A Former Los Angeles Headquarters Campus,https://finance.yahoo.com/markets/stocks/articles/amazon-com-amzn-acquired-former-161206994.html?.tsrc=rss,Yahoo Finance,"Wed, 07 Oct 2026 16:12:06 +0000",2026-10-07T16:12:06Z
NEE,Virginia Lt. Gov. Hashmi opposes NextEra-Dominion merger as public hearings begin,https://www.utilitydive.com/news/virginia-lt-gov-announces-opposition-to-dominion-nextera-merger/832369/?.tsrc=rss,Yahoo Finance,"Wed, 07 Oct 2026 14:37:43 +0000",2026-10-07T14:37:43Z
NEE,Here's What to Expect From NextEra Energy's Next Earnings Report,https://www.barchart.com/story/news/5001850/here-s-what-to-expect-from-nextera-energy-s-next-earnings-report?.tsrc=rss,Yahoo Finance,"Wed, 07 Oct 2026 10:52:37 +0000",2026-10-07T10:52:37Z
NEE,NextEra Energy announces date for release of third-quarter 2026 financial results,https://finance.yahoo.com/energy/articles/nextera-energy-announces-date-release-103000144.html?.tsrc=rss,Yahoo Finance,"Wed, 07 Oct 2026 10:30:00 +0000",2026-10-07T10:30:00Z
NEE,NextEra Just Landed a $22 Billion Project. The Part Investors Can’t See Yet Is What Matters,https://finance.yahoo.com/energy/articles/nextera-just-landed-22-billion-033836541.html?.tsrc=rss,Yahoo Finance,"Wed, 07 Oct 2026 03:38:36 +0000",2026-10-07T03:38:36Z
NEE,NextEra Energy (NEE) Laps the Stock Market: Here's Why,https://finance.yahoo.com/markets/stocks/articles/nextera-energy-nee-laps-stock-204505557.html?.tsrc=rss,Yahoo Finance,"Tue, 06 Oct 2026 20:45:05 +0000",2026-10-06T20:45:05Z
MS,Jim Cramer Backs Morgan Stanley (MS) After Its Pullback,https://finance.yahoo.com/markets/stocks/articles/jim-cramer-backs-morgan-stanley-220545231.html?.tsrc=rss,Yahoo Finance,"Wed, 07 Oct 2026 22:05:45 +0000",2026-10-07T22:05:45Z
MS,Morgan Stanley Wants to Convert Nearly $10 Billion in Municipal Mutual Funds Into ETFs. Shareholders Must Approve First,https://247wallst.com/investing/etf/2026/10/07/morgan-stanley-wants-to-convert-nearly-10-billion-in-municipal-mutual-funds-into-etfs-shareholders-must-approve-first/?.tsrc=rss,Yahoo Finance,"Wed, 07 Oct 2026 21:33:57 +0000",2026-10-07T21:33:57Z
MS,Morgan Stanley looking to sell $3bn loan for Royal Caribbean deal - report,https://finance.yahoo.com/markets/stocks/articles/morgan-stanley-looking-sell-3bn-174532727.html?.tsrc=rss,Yahoo Finance,"Wed, 07 Oct 2026 17:45:32 +0000",2026-10-07T17:45:32Z
MS,Why Morgan Stanley and Goldman Sachs May Be Too Bullish on SpaceX Stock,https://www.barchart.com/story/news/5008103/why-morgan-stanley-and-goldman-sachs-may-be-too-bullish-on-spacex-stock?.tsrc=rss,Yahoo Finance,"Wed, 07 Oct 2026 14:30:35 +0000",2026-10-07T14:30:35Z
MS,Morgan Stanley sees $240 billion market for behind-the-meter power,https://blockspace.media/insight/behind-meter-power-market-2029/?.tsrc=rss,Yahoo Finance,"Wed, 07 Oct 2026 14:29:16 +0000",2026-10-07T14:29:16Z
MS,Morgan Stanley (MS) Earnings Expected to Grow: Should You Buy?,https://finance.yahoo.com/markets/stocks/articles/morgan-stanley-ms-earnings-expected-130001357.html?.tsrc=rss,Yahoo Finance,"Wed, 07 Oct 2026 13:00:01 +0000",2026-10-07T13:00:01Z
NTRS,UBS to Deepen NTRS Tie-Up With Credit Suisse Fund Administration Deal,https://finance.yahoo.com/markets/stocks/articles/ubs-deepen-ntrs-tie-credit-151000222.html?.tsrc=rss,Yahoo Finance,"Wed, 07 Oct 2026 15:10:00 +0000",2026-10-07T15:10:00Z
NTRS,What to Expect From Northern Trust’s Next Quarterly Earnings Report,https://www.barchart.com/story/news/5004997/what-to-expect-from-northern-trusts-next-quarterly-earnings-report?.tsrc=rss,Yahoo Finance,"Wed, 07 Oct 2026 12:41:17 +0000",2026-10-07T12:41:17Z
NTRS,UBS to transfer fund administration operations to Northern Trust,https://www.privatebankerinternational.com/news/ubs-fund-administration-northern-trust/?.tsrc=rss,Yahoo Finance,"Wed, 07 Oct 2026 11:46:57 +0000",2026-10-07T11:46:57Z
NTRS,Northern Trust Plans to Convert 6 Mutual Funds Holding About $33 Billion Into ETFs in 2027. Here’s What Changes for Investors,https://247wallst.com/investing/etf/2026/10/06/northern-trust-plans-to-convert-6-mutual-funds-holding-about-33-billion-into-etfs-in-2027-heres-what-changes-for-investors/?.tsrc=rss,Yahoo Finance,"Tue, 06 Oct 2026 21:03:07 +0000",2026-10-06T21:03:07Z
NTRS,Northern Trust Wealth Management Continues Northeast Region Expansion with Two Senior Appointments,https://finance.yahoo.com/markets/stocks/articles/northern-trust-wealth-management-continues-120000947.html?.tsrc=rss,Yahoo Finance,"Mon, 05 Oct 2026 12:00:00 +0000",2026-10-05T12:00:00Z
INTU,Intuit vs. Atlassian: Which Software Stock Is a Better Buy in 2026?,https://www.fool.com/coverage/better-buy/2026/10/05/intuit-vs-atlassian-which-software-stock-is-a-better-buy-in-2026/?.tsrc=rss,Yahoo Finance,"Mon, 05 Oct 2026 19:20:02 +0000",2026-10-05T19:20:02Z
INTU,Intuit (INTU) Stock Declines While Market Improves: Some Information for Investors,https://finance.yahoo.com/markets/stocks/articles/intuit-intu-stock-declines-while-204507065.html?.tsrc=rss,Yahoo Finance,"Fri, 02 Oct 2026 20:45:07 +0000",2026-10-02T20:45:07Z
INTU,SimpleClosure and Intuit QuickBooks Partner to Help Businesses Stay Compliant When Closing Payroll Tax Accounts,https://finance.yahoo.com/small-business/articles/simpleclosure-intuit-quickbooks-partner-help-120000054.html?.tsrc=rss,Yahoo Finance,"Fri, 02 Oct 2026 12:00:00 +0000",2026-10-02T12:00:00Z
INTU,RedHammer to Help Shape Intuit Enterprise Suite for Construction,https://finance.yahoo.com/technology/ai/articles/redhammer-help-shape-intuit-enterprise-000000546.html?.tsrc=rss,Yahoo Finance,"Fri, 02 Oct 2026 00:00:00 +0000",2026-10-02T00:00:00Z
ORCL,"Broadcom, Oracle And SpaceX Tap Private Credit For AI Hardware: Report",https://stocktwits.com/news-articles/markets/equity/broadcom-oracle-and-space-x-tap-private-credit-for-ai-hardware-report/cZDvApwRBZf?.tsrc=rss,Yahoo Finance,"Wed, 07 Oct 2026 23:37:58 +0000",2026-10-07T23:37:58Z
ORCL,"Broadcom, Oracle, and SpaceX pursue blockbuster debt deals amid AI buildout - WSJ",https://finance.yahoo.com/technology/ai/articles/broadcom-oracle-spacex-pursue-blockbuster-215828392.html?.tsrc=rss,Yahoo Finance,"Wed, 07 Oct 2026 21:58:28 +0000",2026-10-07T21:58:28Z
ORCL,"Digital Transformation - Global Strategic Business Report: Capitalize on the US$3.7 Trillion Market by 2030 as Microsoft, IBM, Accenture, Oracle and SAP Disrupt Enterprise ROI",https://finance.yahoo.com/technology/articles/digital-transformation-global-strategic-business-211100026.html?.tsrc=rss,Yahoo Finance,"Wed, 07 Oct 2026 21:11:00 +0000",2026-10-07T21:11:00Z
ORCL,Oracle (ORCL) Health Data Breach Exposes Nearly 20 Million People,https://finance.yahoo.com/healthcare/articles/oracle-orcl-health-data-breach-191239794.html?.tsrc=rss,Yahoo Finance,"Wed, 07 Oct 2026 19:12:39 +0000",2026-10-07T19:12:39Z
ORCL,Scout Clean Energy Announces PPA with Oracle for Texas Wind Energy Farm,https://finance.yahoo.com/energy/articles/scout-clean-energy-announces-ppa-160000539.html?.tsrc=rss,Yahoo Finance,"Wed, 07 Oct 2026 16:00:00 +0000",2026-10-07T16:00:00Z
NFLX,Paramount paid Netflix $2.8 billion to walk away from its $82.7-billion Warner Bros. deal — and Netflix stock jumped 14%,https://finance.yahoo.com/markets/stocks/articles/paramount-paid-netflix-2-8-230000125.html?.tsrc=rss,Yahoo Finance,"Wed, 07 Oct 2026 23:00:00 +0000",2026-10-07T23:00:00Z
NFLX,Netflix's Newest Rival Has Nearly $70 Billion in Annual Sales. It Also Carries About $82 Billion of Debt.,https://www.fool.com/investing/2026/10/07/netflix-s-newest-rival-has-nearly-usd70-billion-in-annual-sales-it-also-carries-about-usd82-billion-of-debt/?.tsrc=rss,Yahoo Finance,"Wed, 07 Oct 2026 17:54:01 +0000",2026-10-07T17:54:01Z
NFLX,"Skydance Sinks 8% a Day After Completing Warner Bros. Discovery Acquisition; Netflix Holds Flat, Walt Disney Slips",https://247wallst.com/investing/2026/10/07/skydance-sinks-8-a-day-after-completing-warner-bros-discovery-acquisition-netflix-holds-flat-walt-disney-slips/?.tsrc=rss,Yahoo Finance,"Wed, 07 Oct 2026 16:03:25 +0000",2026-10-07T16:03:25Z
NFLX,Netflix Stock Plunges 26.8% Year to Date: 3 Key Reasons to Stay Away,https://finance.yahoo.com/markets/stocks/articles/netflix-stock-plunges-26-8-135500021.html?.tsrc=rss,Yahoo Finance,"Wed, 07 Oct 2026 13:55:00 +0000",2026-10-07T13:55:00Z
NFLX,Netflix (NFLX) Gains Breathing Room As A Major Studio Merger Closes,https://finance.yahoo.com/media-advertising/articles/netflix-nflx-gains-breathing-room-081108942.html?.tsrc=rss,Yahoo Finance,"Wed, 07 Oct 2026 08:11:08 +0000",2026-10-07T08:11:08Z
JBSS,John B. Sanfilippo Eyes $300M Bar Growth as CEO Transition Nears,https://www.marketbeat.com/instant-alerts/event-john-b-sanfilippo-eyes-300m-bar-growth-as-ceo-transition-nears-2026-08-28/?utm_source=yahoofinance&utm_medium=yahoofinance&.tsrc=rss,Yahoo Finance,"Sat, 29 Aug 2026 03:01:59 +0000",2026-08-29T03:01:59Z
JBSS,"Record Sales, Shrinking Profits: The Two Faces Of John B. Sanfilippo & Sons (JBSS)",https://finance.yahoo.com/markets/stocks/articles/record-sales-shrinking-profits-two-214032904.html?.tsrc=rss,Yahoo Finance,"Fri, 28 Aug 2026 21:40:32 +0000",2026-08-28T21:40:32Z
JBSS,John B. Sanfilippo & Son (JBSS) Stock Sees Fair Value Cut As Margin Views Weaken,https://finance.yahoo.com/markets/stocks/articles/john-b-sanfilippo-son-jbss-081705271.html?.tsrc=rss,Yahoo Finance,"Tue, 25 Aug 2026 08:17:05 +0000",2026-08-25T08:17:05Z
JBSS,"John B. Sanfilippo & Son, Inc. Reports Fiscal 2026 Fourth Quarter and Full Year Results",https://finance.yahoo.com/markets/stocks/articles/john-b-sanfilippo-son-inc-201000399.html?.tsrc=rss,Yahoo Finance,"Wed, 19 Aug 2026 20:10:00 +0000",2026-08-19T20:10:00Z
JBSS,"John B. Sanfilippo & Son, Inc. 4th Quarter Fiscal Year 2026 Operating Results Conference Call",https://finance.yahoo.com/markets/stocks/articles/john-b-sanfilippo-son-inc-201000993.html?.tsrc=rss,Yahoo Finance,"Wed, 12 Aug 2026 20:10:00 +0000",2026-08-12T20:10:00Z
JBSS,US snacks group John B. Sanfilippo & Son names new CEO,https://www.just-food.com/news/john-b-sanfilippo-son-new-ceo/?.tsrc=rss,Yahoo Finance,"Fri, 17 Jul 2026 13:30:43 +0000",2026-07-17T13:30:43Z
WLDN,Willdan Announces Date of Third Quarter 2026 Earnings Release and Conference Call,https://finance.yahoo.com/markets/stocks/articles/willdan-announces-date-third-quarter-131500823.html?.tsrc=rss,Yahoo Finance,"Tue, 06 Oct 2026 13:15:00 +0000",2026-10-06T13:15:00Z
WLDN,"Willdan to Acquire Mantis Innovation, Strengthening Its Position in Energy Management and Infrastructure",https://finance.yahoo.com/energy/articles/willdan-acquire-mantis-innovation-strengthening-200800671.html?.tsrc=rss,Yahoo Finance,"Tue, 22 Sep 2026 20:08:00 +0000",2026-09-22T20:08:00Z
WLDN,Willdan Group (WLDN) Q2 2026 Earnings Call Transcript,https://www.fool.com/earnings/call-transcripts/2026/08/13/willdan-group-wldn-q2-2026-earnings-call-transcript/?.tsrc=rss,Yahoo Finance,"Fri, 14 Aug 2026 00:48:20 +0000",2026-08-14T00:48:20Z
WLDN,"Willdan Group Inc (WLDN) (Q2 2026) Earnings Call Highlights: Record Revenue and EBITDA, Raised ...",https://finance.yahoo.com/markets/stocks/articles/willdan-group-inc-wldn-q2-051215105.html?.tsrc=rss,Yahoo Finance,"Fri, 07 Aug 2026 05:12:15 +0000",2026-08-07T05:12:15Z
WLDN,Willdan Group (WLDN) Tops Q2 Earnings and Revenue Estimates,https://finance.yahoo.com/markets/stocks/articles/willdan-group-wldn-tops-q2-231018409.html?.tsrc=rss,Yahoo Finance,"Thu, 06 Aug 2026 23:10:18 +0000",2026-08-06T23:10:18Z
WLDN,"Willdan Group Seen Being Net Beneficiary of Grid Infrastructure Buildout Despite Negative Sentiment, Wedbush Says",https://finance.yahoo.com/energy/articles/willdan-group-seen-being-net-150904092.html?.tsrc=rss,Yahoo Finance,"Tue, 14 Jul 2026 15:09:04 +0000",2026-07-14T15:09:04Z
SENEA,Is Seneca Foods (SENE.A) Undervalued As Investors Weigh Its Bylaw Changes?,https://finance.yahoo.com/markets/stocks/articles/seneca-foods-sene-undervalued-investors-071304953.html?.tsrc=rss,Yahoo Finance,"Tue, 22 Sep 2026 07:13:04 +0000",2026-09-22T07:13:04Z
SENEA,Jim Cramer Likes Seneca Foods (SENEA) But is Hoping For a Pullback,https://finance.yahoo.com/markets/stocks/articles/jim-cramer-likes-seneca-foods-195130934.html?.tsrc=rss,Yahoo Finance,"Tue, 15 Sep 2026 19:51:30 +0000",2026-09-15T19:51:30Z
SENEA,Why Seneca Foods Looks Ripe For A Takeover,https://www.trefis.com/articles/611125/why-seneca-foods-looks-ripe-for-a-takeover/2026-08-12?.tsrc=rss,Yahoo Finance,"Wed, 12 Aug 2026 19:07:32 +0000",2026-08-12T19:07:32Z
SENEA,"Seneca Foods Reports Sales and Earnings for the Three Months Ended June 27, 2026",https://finance.yahoo.com/markets/stocks/articles/seneca-foods-reports-sales-earnings-201500949.html?.tsrc=rss,Yahoo Finance,"Thu, 06 Aug 2026 20:15:00 +0000",2026-08-06T20:15:00Z
SENEA,Seneca Foods (SENEA) Sees Sales and Earnings Climb Amid Mixed Margin Signals,https://finance.yahoo.com/markets/stocks/articles/seneca-foods-senea-sees-sales-054445579.html?.tsrc=rss,Yahoo Finance,"Tue, 15 Sep 2026 05:44:45 +0000",2026-09-15T05:44:45Z
SENEA,Seneca Stock Gains Post Q4 Earnings as Profit Surges on Volume Growth,https://finance.yahoo.com/markets/stocks/articles/seneca-stock-gains-post-q4-154800624.html?.tsrc=rss,Yahoo Finance,"Tue, 16 Jun 2026 15:48:00 +0000",2026-06-16T15:48:00Z
PEP,"PepsiCo earnings, weekly mortgage rates, Fed commentary: What to Watch",https://finance.yahoo.com/video/pepsico-earnings-weekly-mortgage-rates-210231340.html?.tsrc=rss,Yahoo Finance,"Wed, 07 Oct 2026 21:02:31 +0000",2026-10-07T21:02:31Z
PEP,PepsiCo earnings preview: How the company's decisions will make things even 'worse',https://finance.yahoo.com/video/pepsico-earnings-preview-companys-decisions-201126197.html?.tsrc=rss,Yahoo Finance,"Wed, 07 Oct 2026 20:11:26 +0000",2026-10-07T20:11:26Z
PEP,Can PepsiCo Regain Its Growth Stock Status With the Q3 Report?,https://247wallst.com/investing/2026/10/07/can-pepsico-regain-its-growth-stock-status-with-the-q3-report/?.tsrc=rss,Yahoo Finance,"Wed, 07 Oct 2026 15:05:03 +0000",2026-10-07T15:05:03Z
PEP,Is PepsiCo (PEP) a 'Buy' Ahead of Earnings?,https://finance.yahoo.com/markets/stocks/articles/pepsico-pep-buy-ahead-earnings-125700518.html?.tsrc=rss,Yahoo Finance,"Wed, 07 Oct 2026 12:57:00 +0000",2026-10-07T12:57:00Z
CVX,Chevron CEO issues stark warning on depleting oil reserves,https://www.thestreet.com/investing/stocks/cvx-chevron-ceo-mike-wirth-warning-oil-inventories-reserves?.tsrc=rss,Yahoo Finance,"Wed, 07 Oct 2026 21:47:00 +0000",2026-10-07T21:47:00Z
CVX,Chevron (CVX) Falls More Steeply Than Broader Market: What Investors Need to Know,https://finance.yahoo.com/markets/stocks/articles/chevron-cvx-falls-more-steeply-204505208.html?.tsrc=rss,Yahoo Finance,"Wed, 07 Oct 2026 20:45:05 +0000",2026-10-07T20:45:05Z
CVX,"Hess Midstream Stock Plunges, but the Chevron Deal Has a Silver Lining",https://finance.yahoo.com/m/3f905906-1ad1-3b8b-90e8-759f3ac0436b/hess-midstream-stock-plunges%2C.html?.tsrc=rss,Yahoo Finance,"Wed, 07 Oct 2026 20:18:00 +0000",2026-10-07T20:18:00Z
CVX,Chevron Is Offloading Hess Midstream and Taking a $3 Billion to $4 Billion Hit. Here's What It Means for CVX Stock.,https://www.fool.com/investing/2026/10/07/chevron-is-offloading-hess-midstream-and-taking-a-3-billion-to-4-billion-hit-heres-what-it-means-for-cvx-stock/?.tsrc=rss,Yahoo Finance,"Wed, 07 Oct 2026 18:25:02 +0000",2026-10-07T18:25:02Z
CVX,"Hess Midstream Partners Goes Public-Only, Buys Chevron’s DJ Basin Assets",https://www.marketbeat.com/instant-alerts/event-hess-midstream-partners-goes-public-only-buys-chevrons-dj-basin-assets-2026-10-07/?utm_source=yahoofinance&utm_medium=yahoofinance&.tsrc=rss,Yahoo Finance,"Wed, 07 Oct 2026 18:02:23 +0000",2026-10-07T18:02:23Z
CVX,Chevron's Bakken decision fixes a $3.7 billion debt problem,https://www.thestreet.com/investing/chevron-bakken-decision-debt-consolidation-cost-reduction?.tsrc=rss,Yahoo Finance,"Wed, 07 Oct 2026 16:03:00 +0000",2026-10-07T16:03:00Z
NBIX,Neurocrine Biosciences to Present Research Advancing Understanding of Prader-Willi Syndrome and Real-World Experience with VYKAT® XR (diazoxide choline) at Foundation for Prader-Willi Research Symposium & Family Conference,https://finance.yahoo.com/healthcare/articles/neurocrine-biosciences-present-research-advancing-123000948.html?.tsrc=rss,Yahoo Finance,"Wed, 30 Sep 2026 12:30:00 +0000",2026-09-30T12:30:00Z
NBIX,"Neurocrine Maps AI, China and Pipeline Strategy as INGREZZA Faces 2029 Price Hit",https://www.marketbeat.com/instant-alerts/event-neurocrine-maps-ai-china-and-pipeline-strategy-as-ingrezza-faces-2029-price-hit-2026-09-22/?utm_source=yahoofinance&utm_medium=yahoofinance&.tsrc=rss,Yahoo Finance,"Wed, 23 Sep 2026 04:02:14 +0000",2026-09-23T04:02:14Z
NBIX,Neurocrine’s (NBIX) Data Deluge Reshapes A Familiar Growth Story,https://finance.yahoo.com/healthcare/articles/neurocrine-nbix-data-deluge-reshapes-044725231.html?.tsrc=rss,Yahoo Finance,"Fri, 18 Sep 2026 04:47:25 +0000",2026-09-18T04:47:25Z
NBIX,"Neurocrine Biosciences' Ingrezza, Crenessity to Drive H2 Ahead of 'Catalyst-Rich' 2027, RBC Says",https://finance.yahoo.com/healthcare/articles/neurocrine-biosciences-apos-ingrezza-crenessity-155026239.html?.tsrc=rss,Yahoo Finance,"Tue, 08 Sep 2026 15:50:26 +0000",2026-09-08T15:50:26Z
NBIX,Neurocrine Biosciences to Present at Upcoming Investor Conferences in September,https://finance.yahoo.com/healthcare/articles/neurocrine-biosciences-present-upcoming-investor-200100934.html?.tsrc=rss,Yahoo Finance,"Wed, 02 Sep 2026 20:01:00 +0000",2026-09-02T20:01:00Z
NBIX,"Neurocrine Biosciences (NBIX) Wins FDA Trial Nod, Is It Still Below Fair Value?",https://finance.yahoo.com/healthcare/articles/neurocrine-biosciences-nbix-wins-fda-021847941.html?.tsrc=rss,Yahoo Finance,"Fri, 28 Aug 2026 02:18:47 +0000",2026-08-28T02:18:47Z
OLLI,How Ollie’s 700th Store Milestone At Ollie's Bargain Outlet Holdings (OLLI) Has Changed Its Investment Story,https://finance.yahoo.com/markets/stocks/articles/ollie-700th-store-milestone-ollies-060805734.html?.tsrc=rss,Yahoo Finance,"Sat, 03 Oct 2026 06:08:05 +0000",2026-10-03T06:08:05Z
OLLI,Why Is Ollie's Bargain Outlet (OLLI) Up 19.3% Since Last Earnings Report?,https://finance.yahoo.com/markets/stocks/articles/why-ollies-bargain-outlet-olli-143004596.html?.tsrc=rss,Yahoo Finance,"Fri, 02 Oct 2026 14:30:04 +0000",2026-10-02T14:30:04Z
OLLI,Ollie's (OLLI) Stock Could Be 32% Overvalued As Sales Outlook Softens,https://finance.yahoo.com/markets/stocks/articles/ollies-olli-stock-could-32-080838484.html?.tsrc=rss,Yahoo Finance,"Thu, 24 Sep 2026 08:08:38 +0000",2026-09-24T08:08:38Z
OLLI,"Ollie's Bargain Outlet Holdings (OLLI) Opens Its 700th Store, Is The Stock Still A Bargain?",https://finance.yahoo.com/markets/stocks/articles/ollies-bargain-outlet-holdings-olli-051630808.html?.tsrc=rss,Yahoo Finance,"Thu, 24 Sep 2026 05:16:30 +0000",2026-09-24T05:16:30Z
OLLI,"Ollie’s (OLLI): Wall Street Calls Q2 “Better Than Feared,” But Nobody’s Fully Convinced",https://finance.yahoo.com/markets/stocks/articles/ollie-olli-wall-street-calls-185951157.html?.tsrc=rss,Yahoo Finance,"Tue, 22 Sep 2026 18:59:51 +0000",2026-09-22T18:59:51Z
OLLI,Ollie's Celebrates 700th Store Opening in Minnesota with Donation of 700 Books to Gillette Children's,https://finance.yahoo.com/small-business/articles/ollies-celebrates-700th-store-opening-121700127.html?.tsrc=rss,Yahoo Finance,"Tue, 22 Sep 2026 12:17:00 +0000",2026-09-22T12:17:00Z
PG,Procter & Gamble (PG) Debuts New Leave In Hair Treatment,https://finance.yahoo.com/markets/stocks/articles/procter-gamble-pg-debuts-leave-161124414.html?.tsrc=rss,Yahoo Finance,"Wed, 07 Oct 2026 16:11:24 +0000",2026-10-07T16:11:24Z
PG,This Analyst Just Upgraded Procter & Gamble Stock. Here's Why.,https://www.barchart.com/story/news/5007147/this-analyst-just-upgraded-procter-gamble-stock-here-s-why?.tsrc=rss,Yahoo Finance,"Wed, 07 Oct 2026 13:54:18 +0000",2026-10-07T13:54:18Z
PG,Procter & Gamble Has Raised Its Dividend for 70 Years. These 4 Stocks Share Its Reliability,https://247wallst.com/investing/2026/10/06/procter-gamble-has-raised-its-dividend-for-70-years-these-4-stocks-share-its-reliability/?.tsrc=rss,Yahoo Finance,"Tue, 06 Oct 2026 16:15:38 +0000",2026-10-06T16:15:38Z
PG,"Here Are Tuesday’s Top Wall Street Analyst Research Calls: Borg Warner, Boyd Gaming, JetBlue, Lattice Semiconductor, Lockheed Martin, Nike, Northrop Grumman, Procter & Gamble, SPX Technologies, and More",https://247wallst.com/investing/2026/10/06/here-are-tuesdays-top-wall-street-analyst-research-calls-borg-warner-boyd-gaming-jetblue-lattice-semiconductor-lockheed-martin-nike-northrop-grumman-procter-gamble-spx-technologies/?.tsrc=rss,Yahoo Finance,"Tue, 06 Oct 2026 11:54:14 +0000",2026-10-06T11:54:14Z
MSFT,Microsoft unveils new AI laptop powered by Nvidia chips,https://finance.yahoo.com/video/microsoft-unveils-ai-laptop-powered-194227586.html?.tsrc=rss,Yahoo Finance,"Wed, 07 Oct 2026 19:42:27 +0000",2026-10-07T19:42:27Z
MSFT,Microsoft’s $665 target hinges on a new AI advantage,https://www.thestreet.com/investing/microsofts-665-target-hinges-on-a-new-ai-advantage-cloud?.tsrc=rss,Yahoo Finance,"Wed, 07 Oct 2026 22:33:00 +0000",2026-10-07T22:33:00Z
MSFT,Why Is Microsoft (MSFT) Taking On More Debt For AI Infrastructure?,https://finance.yahoo.com/technology/ai/articles/why-microsoft-msft-taking-more-221547741.html?.tsrc=rss,Yahoo Finance,"Wed, 07 Oct 2026 22:15:47 +0000",2026-10-07T22:15:47Z
MSFT,"Digital Transformation - Global Strategic Business Report: Capitalize on the US$3.7 Trillion Market by 2030 as Microsoft, IBM, Accenture, Oracle and SAP Disrupt Enterprise ROI",https://finance.yahoo.com/technology/articles/digital-transformation-global-strategic-business-211100026.html?.tsrc=rss,Yahoo Finance,"Wed, 07 Oct 2026 21:11:00 +0000",2026-10-07T21:11:00Z
IBM,What Happens To IBM Stock If Its Slowdown Lasts?,https://www.trefis.com/articles/617839/what-happens-to-ibm-stock-if-its-slowdown-lasts/2026-10-07?.tsrc=rss,Yahoo Finance,"Wed, 07 Oct 2026 22:47:25 +0000",2026-10-07T22:47:25Z
IBM,IBM Wins DARPA’s Quantum Stamp of Approval. Why Investors Should Take Notice.,https://finance.yahoo.com/m/cae85038-5faf-3463-be20-25ffa51ebfc0/ibm-wins-darpa%E2%80%99s-quantum.html?.tsrc=rss,Yahoo Finance,"Wed, 07 Oct 2026 21:33:00 +0000",2026-10-07T21:33:00Z
IBM,IBM Advances to Stage C of DARPA Quantum Benchmarking Initiative,https://finance.yahoo.com/technology/ai/articles/ibm-advances-stage-c-darpa-213000570.html?.tsrc=rss,Yahoo Finance,"Wed, 07 Oct 2026 21:30:00 +0000",2026-10-07T21:30:00Z
IBM,"IT Operations Analytics - Global Strategic Business Report: Capitalize on 35.2% CAGR to US$157.7 Billion by 2030 as IBM, Microsoft, Oracle, Splunk and HPE Disrupt IT Operations",https://finance.yahoo.com/technology/articles/operations-analytics-global-strategic-business-211500254.html?.tsrc=rss,Yahoo Finance,"Wed, 07 Oct 2026 21:15:00 +0000",2026-10-07T21:15:00Z
IBM,"Digital Transformation - Global Strategic Business Report: Capitalize on the US$3.7 Trillion Market by 2030 as Microsoft, IBM, Accenture, Oracle and SAP Disrupt Enterprise ROI",https://finance.yahoo.com/technology/articles/digital-transformation-global-strategic-business-211100026.html?.tsrc=rss,Yahoo Finance,"Wed, 07 Oct 2026 21:11:00 +0000",2026-10-07T21:11:00Z
IBM,IBM Launches SAP Cloud ERP Offering for Midsize Companies,https://investorshub.advfn.com/market-news/article/37619/ibm-launches-sap-cloud-erp-offering-for-midsize-companies?.tsrc=rss,Yahoo Finance,"Wed, 07 Oct 2026 10:27:29 +0000",2026-10-07T10:27:29Z
GGG,Gas and Liquid Handling Stocks Q2 Recap: Benchmarking Graco (NYSE:GGG),https://finance.yahoo.com/markets/stocks/articles/gas-liquid-handling-stocks-q2-201403506.html?.tsrc=rss,Yahoo Finance,"Fri, 02 Oct 2026 20:14:03 +0000",2026-10-02T20:14:03Z
GGG,Graco Inc. Announces Third Quarter 2026 Earnings Conference Call,https://finance.yahoo.com/markets/stocks/articles/graco-inc-announces-third-quarter-162000702.html?.tsrc=rss,Yahoo Finance,"Thu, 01 Oct 2026 16:20:00 +0000",2026-10-01T16:20:00Z
GGG,Why Graco (GGG) Was a Q2 Detractor for Gabelli Small Cap Growth Fund,https://finance.yahoo.com/markets/stocks/articles/why-graco-ggg-q2-detractor-163529754.html?.tsrc=rss,Yahoo Finance,"Tue, 22 Sep 2026 16:35:29 +0000",2026-09-22T16:35:29Z
GGG,Graco (GGG) Bets Big On Adhesives While Wall Street Trims Positions,https://finance.yahoo.com/markets/stocks/articles/graco-ggg-bets-big-adhesives-043657259.html?.tsrc=rss,Yahoo Finance,"Tue, 22 Sep 2026 04:36:57 +0000",2026-09-22T04:36:57Z
GGG,Graco Inc. Appoints Richard B. Lewis to the Board of Directors,https://finance.yahoo.com/markets/stocks/articles/graco-inc-appoints-richard-b-182700076.html?.tsrc=rss,Yahoo Finance,"Fri, 11 Sep 2026 18:27:00 +0000",2026-09-11T18:27:00Z
GGG,Graco Announces Regular Quarterly Dividend,https://finance.yahoo.com/markets/stocks/articles/graco-announces-regular-quarterly-dividend-170000919.html?.tsrc=rss,Yahoo Finance,"Fri, 11 Sep 2026 17:00:00 +0000",2026-09-11T17:00:00Z
QCOM,Why Did QUALCOMM (QCOM) Stock Drop After Its Latest Update?,https://finance.yahoo.com/markets/stocks/articles/why-did-qualcomm-qcom-stock-001553155.html?.tsrc=rss,Yahoo Finance,"Thu, 08 Oct 2026 00:15:53 +0000",2026-10-08T00:15:53Z
QCOM,Broadcom vs. Qualcomm: Rapid Growth vs. Flat Revenue,https://www.fool.com/coverage/charts/2026/10/07/broadcom-vs-qualcomm-rapid-growth-vs-flat-revenue/?.tsrc=rss,Yahoo Finance,"Wed, 07 Oct 2026 17:20:02 +0000",2026-10-07T17:20:02Z
QCOM,Processors and Graphics Chips Stocks Q2 Results: Benchmarking Qualcomm (NASDAQ:QCOM),https://finance.yahoo.com/markets/stocks/articles/processors-graphics-chips-stocks-q2-170447975.html?.tsrc=rss,Yahoo Finance,"Wed, 07 Oct 2026 17:04:47 +0000",2026-10-07T17:04:47Z
QCOM,Qualcomm vs. Taiwan Semiconductor Manufacturing: Which Technology Stock Is a Better Buy in 2026?,https://www.fool.com/coverage/better-buy/2026/10/07/qualcomm-vs-taiwan-semiconductor-manufacturing-which-technology-stock-is-a-better-buy-in-2026/?.tsrc=rss,Yahoo Finance,"Wed, 07 Oct 2026 14:40:01 +0000",2026-10-07T14:40:01Z
QCOM,Qualcomm Government Technologies and OKSI Announce Collaboration to Deploy OMNISCIENCE Autonomy Software Portfolio,https://finance.yahoo.com/technology/ai/articles/qualcomm-government-technologies-oksi-announce-140700097.html?.tsrc=rss,Yahoo Finance,"Wed, 07 Oct 2026 14:07:00 +0000",2026-10-07T14:07:00Z
SPGI,"S&P Global, Moody's Face Weak Debt Issuance in Q3, Morgan Stanley Says",https://finance.yahoo.com/markets/stocks/articles/p-global-moody-apos-face-150234671.html?.tsrc=rss,Yahoo Finance,"Wed, 07 Oct 2026 15:02:34 +0000",2026-10-07T15:02:34Z
SPGI,Moody’s vs. S&P Global: Which Ratings-Duopoly Stock Is the Better Buy?,https://finance.yahoo.com/markets/stocks/articles/moody-vs-p-global-ratings-042518088.html?.tsrc=rss,Yahoo Finance,"Wed, 07 Oct 2026 04:25:18 +0000",2026-10-07T04:25:18Z
SPGI,ChatIQ Leads S&P Global's Latest Capital IQ Pro Update with Expanded AI-Powered Research Capabilities,https://finance.yahoo.com/technology/ai/articles/chatiq-leads-p-globals-latest-200100135.html?.tsrc=rss,Yahoo Finance,"Tue, 06 Oct 2026 20:01:00 +0000",2026-10-06T20:01:00Z
SPGI,Should You Buy Salesforce Stock For Its Cash?,https://www.trefis.com/articles/617812/should-you-buy-salesforce-stock-for-its-cash/2026-10-07?.tsrc=rss,Yahoo Finance,"Wed, 07 Oct 2026 23:24:29 +0000",2026-10-07T23:24:29Z
SPGI,Is Exelixis Stock Engineered To Make You Money?,https://www.trefis.com/articles/617821/is-exelixis-stock-engineered-to-make-you-money/2026-10-07?.tsrc=rss,Yahoo Finance,"Wed, 07 Oct 2026 23:14:40 +0000",2026-10-07T23:14:40Z
SPGI,How Much Downside Is Left In Vertiv Stock?,https://www.trefis.com/articles/617808/how-much-downside-is-left-in-vertiv-stock/2026-10-07?.tsrc=rss,Yahoo Finance,"Wed, 07 Oct 2026 21:20:42 +0000",2026-10-07T21:20:42Z
ONON,On Holding AG (ONON) is Attracting Investor Attention: Here is What You Should Know,https://finance.yahoo.com/markets/stocks/articles/holding-ag-onon-attracting-investor-120005856.html?.tsrc=rss,Yahoo Finance,"Wed, 07 Oct 2026 12:00:05 +0000",2026-10-07T12:00:05Z
ONON,Can On Holding (ONON) Justify Its Valuation Following Reaffirmed 2026 Guidance?,https://finance.yahoo.com/markets/stocks/articles/holding-onon-justify-valuation-following-231322833.html?.tsrc=rss,Yahoo Finance,"Tue, 06 Oct 2026 23:13:22 +0000",2026-10-06T23:13:22Z
ONON,On Holding (ONON) Surpasses Market Returns: Some Facts Worth Knowing,https://finance.yahoo.com/markets/stocks/articles/holding-onon-surpasses-market-returns-205002386.html?.tsrc=rss,Yahoo Finance,"Fri, 02 Oct 2026 20:50:02 +0000",2026-10-02T20:50:02Z
ONON,On Holding (ONON) Outperforms Broader Market: What You Need to Know,https://finance.yahoo.com/markets/stocks/articles/holding-onon-outperforms-broader-market-210005207.html?.tsrc=rss,Yahoo Finance,"Thu, 01 Oct 2026 21:00:05 +0000",2026-10-01T21:00:05Z
FIZZ,"National Beverage (FIZZ), Why Is Its Latest Update Drawing Attention?",https://finance.yahoo.com/markets/stocks/articles/national-beverage-fizz-why-latest-221408953.html?.tsrc=rss,Yahoo Finance,"Mon, 14 Sep 2026 22:14:08 +0000",2026-09-14T22:14:08Z
FIVE,Bull of the Day: Five Below (FIVE),https://finance.yahoo.com/markets/stocks/articles/bull-day-five-below-five-080000656.html?.tsrc=rss,Yahoo Finance,"Wed, 07 Oct 2026 08:00:00 +0000",2026-10-07T08:00:00Z
FIVE,3 Reasons Why Growth Investors Shouldn't Overlook Five Below (FIVE),https://finance.yahoo.com/markets/stocks/articles/3-reasons-why-growth-investors-154501037.html?.tsrc=rss,Yahoo Finance,"Fri, 02 Oct 2026 15:45:01 +0000",2026-10-02T15:45:01Z
FIVE,Five Below (FIVE) Down 7.8% Since Last Earnings Report: Can It Rebound?,https://finance.yahoo.com/markets/stocks/articles/five-below-five-down-7-143003809.html?.tsrc=rss,Yahoo Finance,"Fri, 02 Oct 2026 14:30:03 +0000",2026-10-02T14:30:03Z
FIVE,Crocs says Five Below copied its famous clog design,https://www.usatoday.com/story/money/retail/2026/09/25/crocs-five-below-clogs-lawsuit/91937319007/?.tsrc=rss,Yahoo Finance,"Fri, 25 Sep 2026 17:52:32 +0000",2026-09-25T17:52:32Z
YETI,How Investors Are Reacting To YETI Holdings (YETI) Upgrade After Strong August Revenue And Guidance Hike,https://finance.yahoo.com/markets/stocks/articles/investors-reacting-yeti-holdings-yeti-230842522.html?.tsrc=rss,Yahoo Finance,"Sun, 04 Oct 2026 23:08:42 +0000",2026-10-04T23:08:42Z
YETI,YETI Holdings (YETI) Is Betting Beyond Drinkware—Will It Pay Off?,https://finance.yahoo.com/markets/stocks/articles/yeti-holdings-yeti-betting-beyond-144745599.html?.tsrc=rss,Yahoo Finance,"Sat, 03 Oct 2026 14:47:45 +0000",2026-10-03T14:47:45Z
YETI,Why YETI (YETI) Stock Is Trading Up Today,https://finance.yahoo.com/markets/stocks/articles/why-yeti-yeti-stock-trading-003240776.html?.tsrc=rss,Yahoo Finance,"Sat, 19 Sep 2026 00:32:40 +0000",2026-09-19T00:32:40Z
YETI,"Yeti Outlines Long-Term Targets, Maintains Fiscal 2026 Outlook",https://finance.yahoo.com/markets/stocks/articles/yeti-outlines-long-term-targets-175916981.html?.tsrc=rss,Yahoo Finance,"Thu, 17 Sep 2026 17:59:16 +0000",2026-09-17T17:59:16Z
YETI,YETI investor day 2026: international growth and new products,https://qz.com/yeti-investor-day-international-growth-products-091726?.tsrc=rss,Yahoo Finance,"Thu, 17 Sep 2026 12:54:21 +0000",2026-09-17T12:54:21Z
LOVE,Q2 Earnings Roundup: Lovesac (NASDAQ:LOVE) And The Rest Of The Consumer Discretionary - Home Furnishings Segment,https://finance.yahoo.com/markets/stocks/articles/q2-earnings-roundup-lovesac-nasdaq-192802049.html?.tsrc=rss,Yahoo Finance,"Tue, 29 Sep 2026 19:28:02 +0000",2026-09-29T19:28:02Z
LOVE,Lovesac Company (LOVE): Three Analysts Still Say Buy. All Three Just Cut Their Targets,https://finance.yahoo.com/markets/stocks/articles/lovesac-company-love-three-analysts-210905041.html?.tsrc=rss,Yahoo Finance,"Thu, 17 Sep 2026 21:09:05 +0000",2026-09-17T21:09:05Z
LOVE,"Lovesac (LOVE) Target Cut by Canaccord, Analysts See 40% Upside",https://finance.yahoo.com/markets/stocks/articles/lovesac-love-target-cut-canaccord-165004527.html?.tsrc=rss,Yahoo Finance,"Tue, 15 Sep 2026 16:50:04 +0000",2026-09-15T16:50:04Z
LOVE,Lovesac’s (LOVE) Premium Sofas Shine While Entry-Level Buyers Stay Away,https://finance.yahoo.com/markets/stocks/articles/lovesac-love-premium-sofas-shine-125527184.html?.tsrc=rss,Yahoo Finance,"Sun, 13 Sep 2026 12:55:27 +0000",2026-09-13T12:55:27Z
DKS,New Strong Sell Stocks for October 1st,https://finance.yahoo.com/markets/stocks/articles/strong-sell-stocks-october-1st-082200187.html?.tsrc=rss,Yahoo Finance,"Thu, 01 Oct 2026 08:22:00 +0000",2026-10-01T08:22:00Z
DKS,42-year-old sneaker brand closes over 50 stores,https://www.thestreet.com/retail/forget-foot-locker-dicks-closed-a-third-of-wss-sneaker-chain?.tsrc=rss,Yahoo Finance,"Tue, 15 Sep 2026 18:32:38 +0000",2026-09-15T18:32:38Z
DKS,Sporting goods chain closes more stores nationwide,https://www.thestreet.com/retail/big-5-sporting-goods-store-closures?.tsrc=rss,Yahoo Finance,"Mon, 05 Oct 2026 23:17:00 +0000",2026-10-05T23:17:00Z
DKS,"Needham remains cautious on Nike stock, sees more downside risk",https://finance.yahoo.com/markets/stocks/articles/needham-remains-cautious-nike-stock-144518670.html?.tsrc=rss,Yahoo Finance,"Thu, 24 Sep 2026 14:45:18 +0000",2026-09-24T14:45:18Z
DKS,Nike earnings expectations get brutally cut down by Stifel analysts,https://finance.yahoo.com/video/nike-earnings-expectations-brutally-cut-135511460.html?.tsrc=rss,Yahoo Finance,"Mon, 21 Sep 2026 13:55:11 +0000",2026-09-21T13:55:11Z
DKS,On Holding Climbs 5% as Kylian Mbappé Joins Its Football Push; Nike Slips,https://247wallst.com/investing/2026/09/18/on-holding-climbs-5-as-kylian-mbappe-joins-its-football-push-nike-slips/?.tsrc=rss,Yahoo Finance,"Fri, 18 Sep 2026 13:08:28 +0000",2026-09-18T13:08:28Z
MA,Billionaire Bill Ackman Has 11% of His Hedge Fund in Visa and Mastercard. 3 Reasons Why the Famed Investor Is Bullish on These S&P 500 Stocks,https://www.fool.com/investing/2026/10/07/billionaire-bill-ackman-hedge-fund-sp-500-stocks/?.tsrc=rss,Yahoo Finance,"Wed, 07 Oct 2026 14:20:00 +0000",2026-10-07T14:20:00Z
MA,How to Monetize Mastercard’s Weakness Before It Reports Earnings,https://finance.yahoo.com/m/92c684bb-7b70-389a-a6da-44ffa1f725e5/how-to-monetize-mastercard%E2%80%99s.html?.tsrc=rss,Yahoo Finance,"Wed, 07 Oct 2026 07:00:00 +0000",2026-10-07T07:00:00Z
NVDA,"Jensen Huang Said Nvidia Now Has ""a Lot Greater Visibility"" Into Demand, Letting It Forecast a Full Year Ahead for the First Time Ever. Does That Confidence Justify Nvidia's Premium Valuation?",https://www.fool.com/investing/2026/10/07/jensen-huang-said-nvidia-now-has-a-lot-greater-vis/?.tsrc=rss,Yahoo Finance,"Thu, 08 Oct 2026 00:20:00 +0000",2026-10-08T00:20:00Z
NVDA,Think You Missed Out on Nvidia's Stock Rise? Think Again.,https://www.fool.com/investing/2026/10/07/think-you-missed-out-on-nvidias-stock-rise-think-a/?.tsrc=rss,Yahoo Finance,"Wed, 07 Oct 2026 23:59:00 +0000",2026-10-07T23:59:00Z
NVDA,"S&P 500 And Nasdaq 100 Slip From Record Highs Amid Pressure From Soaring Treasury Yields — SPCX, AMD, NVDA, MRVL In Focus",https://stocktwits.com/news-articles/markets/equity/s-and-p-500-and-nasdaq-100-slip-from-record-highs-amid-pressure-from-soaring-treasury-yields-spcx-amd-nvda-mrvl-in-focus/cZDvp0iRBZ9?.tsrc=rss,Yahoo Finance,"Wed, 07 Oct 2026 22:50:51 +0000",2026-10-07T22:50:51Z
V,Visa Trades at 24 Times Forward Earnings. Can Payment Growth Justify the Premium?,https://finance.yahoo.com/markets/stocks/articles/visa-trades-24-times-forward-144348078.html?.tsrc=rss,Yahoo Finance,"Wed, 07 Oct 2026 14:43:48 +0000",2026-10-07T14:43:48Z
V,Billionaire Bill Ackman Has 11% of His Hedge Fund in Visa and Mastercard. 3 Reasons Why the Famed Investor Is Bullish on These S&P 500 Stocks,https://www.fool.com/investing/2026/10/07/billionaire-bill-ackman-hedge-fund-sp-500-stocks/?.tsrc=rss,Yahoo Finance,"Wed, 07 Oct 2026 14:20:00 +0000",2026-10-07T14:20:00Z
V,Visa Earnings Preview: What to Expect,https://www.barchart.com/story/news/5005065/visa-earnings-preview-what-to-expect?.tsrc=rss,Yahoo Finance,"Wed, 07 Oct 2026 12:43:05 +0000",2026-10-07T12:43:05Z
BLK,The Fifth Rail: JPMorgan and BlackRock Are Building the Reserve Layer Every Stablecoin Issuer Will Need by 2027,https://finance.yahoo.com/markets/crypto/articles/fifth-rail-jpmorgan-blackrock-building-144059627.html?.tsrc=rss,Yahoo Finance,"Wed, 07 Oct 2026 14:40:59 +0000",2026-10-07T14:40:59Z
BLK,BlackRock (BLK) Reports Next Week: Wall Street Expects Earnings Growth,https://finance.yahoo.com/markets/stocks/articles/blackrock-blk-reports-next-week-130002969.html?.tsrc=rss,Yahoo Finance,"Wed, 07 Oct 2026 13:00:02 +0000",2026-10-07T13:00:02Z
BLK,BlackRock Finds a Major Disconnect Between Women and Financial Advisors,https://beincrypto.com/blackrock-wealthy-women-advisors-survey/?.tsrc=rss,Yahoo Finance,"Wed, 07 Oct 2026 12:34:17 +0000",2026-10-07T12:34:17Z
BLK,BlackRock (BLK) In Exclusive Talks On $20 Billion Data Center Deal,https://finance.yahoo.com/technology/ai/articles/blackrock-blk-exclusive-talks-20-091648990.html?.tsrc=rss,Yahoo Finance,"Wed, 07 Oct 2026 09:16:48 +0000",2026-10-07T09:16:48Z
BLK,Why BlackRock Thinks AI Agents Could Run On Stablecoins And Bitcoin,https://stocktwits.com/news-articles/markets/cryptocurrency/why-blackrock-thinks-ai-agents-could-run-on-stablecoins-and-bitcoin/cZDv5tDRBm7?.tsrc=rss,Yahoo Finance,"Wed, 07 Oct 2026 08:41:53 +0000",2026-10-07T08:41:53Z
BLK,BlackRock (BLK) Laps the Stock Market: Here's Why,https://finance.yahoo.com/markets/stocks/articles/blackrock-blk-laps-stock-market-211502606.html?.tsrc=rss,Yahoo Finance,"Tue, 06 Oct 2026 21:15:02 +0000",2026-10-06T21:15:02Z
XOM,Treasury Bills Beat Exxon’s Dividend Yield. Does That Make Them the Better Buy?,https://247wallst.com/investing/2026/10/07/treasury-bills-beat-exxons-dividend-yield-does-that-make-them-the-better-buy/?.tsrc=rss,Yahoo Finance,"Wed, 07 Oct 2026 14:30:33 +0000",2026-10-07T14:30:33Z
KO,Jim Cramer Finds More Than a Stock Price Gap Between PepsiCo (PEP) and Coca-Cola (KO),https://finance.yahoo.com/markets/stocks/articles/jim-cramer-finds-more-stock-194612670.html?.tsrc=rss,Yahoo Finance,"Tue, 06 Oct 2026 19:46:12 +0000",2026-10-06T19:46:12Z
META,Opinion: It Does Not Matter if Muse Generates “8% of Revenue” for Meta – Zuckerberg Can Win Regardless,https://www.tikr.com/blog/opinion-it-does-not-matter-if-muse-generates-8-of-revenue-for-meta-zuckerberg-can-win-regardless?ref=yahoofinance&.tsrc=rss,Yahoo Finance,"Wed, 07 Oct 2026 19:15:39 +0000",2026-10-07T19:15:39Z
META,"Coalition to Empower our Future Reveals What Parents Think About New Teen Safety Rules, and Whether Other Platforms Should Follow Meta’s Lead, In Discussion with YourUpdate.TV",https://finance.yahoo.com/media-advertising/articles/coalition-empower-future-reveals-parents-190400524.html?.tsrc=rss,Yahoo Finance,"Wed, 07 Oct 2026 19:04:00 +0000",2026-10-07T19:04:00Z
META,Dan Niles Sees a New Way for Meta (META) to Cash In on AI Spending,https://finance.yahoo.com/technology/ai/articles/dan-niles-sees-way-meta-184453209.html?.tsrc=rss,Yahoo Finance,"Wed, 07 Oct 2026 18:44:53 +0000",2026-10-07T18:44:53Z
META,"Meta, Google Put $300M Into Zuckerberg-Backed $1.8B AI Biology Bet",https://www.benzinga.com/markets/prediction-markets/26/10/62230064/meta-google-zuckerberg-ai-biology?utm_source=yahooFinance&utm_campaign=partner_feed&utm_medium=referral&.tsrc=rss,Yahoo Finance,"Wed, 07 Oct 2026 18:30:13 +0000",2026-10-07T18:30:13Z
HD,Jim Cramer Sees Little Relief for Home Depot (HD) Until Rates Fall,https://finance.yahoo.com/markets/stocks/articles/jim-cramer-sees-little-relief-214604529.html?.tsrc=rss,Yahoo Finance,"Tue, 06 Oct 2026 21:46:04 +0000",2026-10-06T21:46:04Z
HD,Home Depot (HD) Beats Stock Market Upswing: What Investors Need to Know,https://finance.yahoo.com/markets/stocks/articles/home-depot-hd-beats-stock-204505766.html?.tsrc=rss,Yahoo Finance,"Tue, 06 Oct 2026 20:45:05 +0000",2026-10-06T20:45:05Z
LMB,Implied Volatility Surging for Limbach Holdings Stock Options,https://finance.yahoo.com/markets/options/articles/implied-volatility-surging-limbach-holdings-094000922.html?.tsrc=rss,Yahoo Finance,"Sat, 26 Sep 2026 09:40:00 +0000",2026-09-26T09:40:00Z
LMB,Limbach Appoints Vice President of Investor Relations and Corporate Strategy,https://finance.yahoo.com/markets/stocks/articles/limbach-appoints-vice-president-investor-130000120.html?.tsrc=rss,Yahoo Finance,"Wed, 23 Sep 2026 13:00:00 +0000",2026-09-23T13:00:00Z
LMB,3 Reasons We’re Fans of Limbach (LMB),https://finance.yahoo.com/markets/stocks/articles/3-reasons-fans-limbach-lmb-144904732.html?.tsrc=rss,Yahoo Finance,"Thu, 10 Sep 2026 14:49:04 +0000",2026-09-10T14:49:04Z
LMB,Limbach to Participate in Lake Street’s Tenth Annual Best Ideas Growth Conference,https://finance.yahoo.com/markets/stocks/articles/limbach-participate-lake-street-tenth-130000927.html?.tsrc=rss,Yahoo Finance,"Thu, 03 Sep 2026 13:00:00 +0000",2026-09-03T13:00:00Z
LMB,Why Are Limbach (LMB) Shares Soaring Today,https://finance.yahoo.com/markets/stocks/articles/why-limbach-lmb-shares-soaring-031623658.html?.tsrc=rss,Yahoo Finance,"Thu, 03 Sep 2026 03:16:23 +0000",2026-09-03T03:16:23Z
LMB,Limbach Holdings (LMB) Q2 2026 Earnings Call Transcript,https://www.fool.com/earnings/call-transcripts/2026/08/11/limbach-holdings-lmb-q2-2026-earnings-call-transcript/?.tsrc=rss,Yahoo Finance,"Wed, 12 Aug 2026 00:46:14 +0000",2026-08-12T00:46:14Z
ARHS,Arhaus web traffic jumps 84% as Jefferies raises EBITDA forecast,https://www.proactiveinvestors.com/companies/news/1099678/arhaus-web-traffic-jumps-84-as-jefferies-raises-ebitda-forecast-1099678.html?.tsrc=rss,Yahoo Finance,"Tue, 06 Oct 2026 17:45:00 +0000",2026-10-06T17:45:00Z
ARHS,Arhaus Has New Momentum—Could Other Furniture Stocks Be Next?,https://www.marketbeat.com/articles/arhaus-has-new-momentumcould-other-furniture-stocks-be-next/?utm_source=yahoofinance&utm_medium=yahoofinance&.tsrc=rss,Yahoo Finance,"Wed, 30 Sep 2026 14:25:00 +0000",2026-09-30T14:25:00Z
ARHS,Arhaus (ARHS) Could Be 11% Undervalued As Store Tour Puts Growth Story Back In Focus,https://finance.yahoo.com/markets/stocks/articles/arhaus-arhs-could-11-undervalued-181500377.html?.tsrc=rss,Yahoo Finance,"Thu, 24 Sep 2026 18:15:00 +0000",2026-09-24T18:15:00Z
ARHS,Arhaus Announces Participation in Bank of America Consumer Event,https://finance.yahoo.com/small-business/articles/arhaus-announces-participation-bank-america-202200529.html?.tsrc=rss,Yahoo Finance,"Wed, 23 Sep 2026 20:22:00 +0000",2026-09-23T20:22:00Z
ARHS,"Arhaus, Sally Beauty, and Dollar Tree Stocks Trade Up, What You Need To Know",https://finance.yahoo.com/markets/stocks/articles/arhaus-sally-beauty-dollar-tree-200546191.html?.tsrc=rss,Yahoo Finance,"Tue, 22 Sep 2026 20:05:46 +0000",2026-09-22T20:05:46Z
UPS,"UPS: The Dividend Yield Is The Whole Story, And That Is The Problem",https://247wallst.com/investing/2026/10/07/ups-the-dividend-yield-is-the-whole-story-and-that-is-the-problem/?.tsrc=rss,Yahoo Finance,"Wed, 07 Oct 2026 15:45:13 +0000",2026-10-07T15:45:13Z
UPS,"UPS hiring 100,000 holiday seasonal workers in 2026",https://qz.com/ups-seasonal-hiring-holiday-100000-workers-100726?.tsrc=rss,Yahoo Finance,"Wed, 07 Oct 2026 14:07:32 +0000",2026-10-07T14:07:32Z
UPS,"UPS Will Hire 100,000 for the Holidays. What That Means for the Stock.",https://finance.yahoo.com/m/e13e4b2d-f34b-3183-9e02-6e79cbaa34e2/ups-will-hire-100%2C000-for-the.html?.tsrc=rss,Yahoo Finance,"Wed, 07 Oct 2026 13:56:00 +0000",2026-10-07T13:56:00Z
UPS,"UPS Stock: Citi Trims Price Target To $122 Ahead Of Q3 Earnings, Maintains 'Buy'",https://stocktwits.com/news-articles/markets/equity/ups-stock-citi-trims-price-target-to-122-ahead-of-q3-earnings-maintains-buy/cZDv7w7RBmg?.tsrc=rss,Yahoo Finance,"Wed, 07 Oct 2026 11:13:30 +0000",2026-10-07T11:13:30Z
UPS,United Parcel Service (UPS) Could Be 20% Undervalued After Its Secure Commerce Launch,https://finance.yahoo.com/markets/stocks/articles/united-parcel-ups-could-20-101132856.html?.tsrc=rss,Yahoo Finance,"Wed, 07 Oct 2026 10:11:32 +0000",2026-10-07T10:11:32Z
HALO,Unpacking Q2 Earnings: Halozyme Therapeutics (NASDAQ:HALO) In The Context Of Other Therapeutics Stocks,https://finance.yahoo.com/healthcare/articles/unpacking-q2-earnings-halozyme-therapeutics-191707976.html?.tsrc=rss,Yahoo Finance,"Thu, 01 Oct 2026 19:17:07 +0000",2026-10-01T19:17:07Z
HALO,Halozyme Announces Appointment of Jim Daly to its Board of Directors,https://finance.yahoo.com/healthcare/articles/halozyme-announces-appointment-jim-daly-200500439.html?.tsrc=rss,Yahoo Finance,"Wed, 30 Sep 2026 20:05:00 +0000",2026-09-30T20:05:00Z
HALO,Strength Seen in Halozyme Therapeutics (HALO): Can Its 3.3% Jump Turn into More Strength?,https://finance.yahoo.com/markets/stocks/articles/strength-seen-halozyme-therapeutics-halo-093000246.html?.tsrc=rss,Yahoo Finance,"Wed, 23 Sep 2026 09:30:00 +0000",2026-09-23T09:30:00Z
HALO,Halozyme (HALO) Just Made A $1.3B Bet On Itself,https://finance.yahoo.com/markets/stocks/articles/halozyme-halo-just-made-1-025710504.html?.tsrc=rss,Yahoo Finance,"Tue, 22 Sep 2026 02:57:10 +0000",2026-09-22T02:57:10Z
AMKR,Amkor Technology (AMKR) Stock Slides as Market Rises: Facts to Know Before You Trade,https://finance.yahoo.com/markets/stocks/articles/amkor-technology-amkr-stock-slides-205002165.html?.tsrc=rss,Yahoo Finance,"Tue, 06 Oct 2026 20:50:02 +0000",2026-10-06T20:50:02Z
AMKR,"Amkor Technology, Inc. (AMKR) Is a Trending Stock: Facts to Know Before Betting on It",https://finance.yahoo.com/markets/stocks/articles/amkor-technology-inc-amkr-trending-120005283.html?.tsrc=rss,Yahoo Finance,"Tue, 06 Oct 2026 12:00:05 +0000",2026-10-06T12:00:05Z
AMKR,"Amkor Technology to Announce Third Quarter 2026 Financial Results on October 26, 2026",https://finance.yahoo.com/markets/stocks/articles/amkor-technology-announce-third-quarter-123000166.html?.tsrc=rss,Yahoo Finance,"Mon, 05 Oct 2026 12:30:00 +0000",2026-10-05T12:30:00Z
AMKR,Amkor Technology (AMKR) Advances While Market Declines: Some Information for Investors,https://finance.yahoo.com/markets/stocks/articles/amkor-technology-amkr-advances-while-205002078.html?.tsrc=rss,Yahoo Finance,"Tue, 29 Sep 2026 20:50:02 +0000",2026-09-29T20:50:02Z
AMKR,Is Amkor Technology (AMKR) Arizona Expansion A Turning Point For Its U.S. Growth?,https://finance.yahoo.com/technology/articles/amkor-technology-amkr-arizona-expansion-091446734.html?.tsrc=rss,Yahoo Finance,"Tue, 22 Sep 2026 09:14:46 +0000",2026-09-22T09:14:46Z
JNJ,Pfizer (PFE) Trades Below 10x Earnings. Why Does Johnson & Johnson (JNJ) Command More Than Twice the Multiple?,https://finance.yahoo.com/healthcare/articles/pfizer-pfe-trades-below-10x-211941994.html?.tsrc=rss,Yahoo Finance,"Wed, 07 Oct 2026 21:19:41 +0000",2026-10-07T21:19:41Z
JNJ,Johnson & Johnson Has Dividend Royalty Status. Does That Make It a Buy?,https://247wallst.com/investing/2026/10/07/johnson-johnson-has-dividend-royalty-status-does-that-make-it-a-buy/?.tsrc=rss,Yahoo Finance,"Wed, 07 Oct 2026 13:30:22 +0000",2026-10-07T13:30:22Z
JNJ,How ICOTYDE’s Long-Term Psoriasis Data At Johnson & Johnson (JNJ) Has Changed Its Investment Story,https://finance.yahoo.com/healthcare/articles/icotyde-long-term-psoriasis-data-071717308.html?.tsrc=rss,Yahoo Finance,"Wed, 07 Oct 2026 07:17:17 +0000",2026-10-07T07:17:17Z
JNJ,Jim Cramer Has Soured on Intuitive Surgical (ISRG). The Reason is Johnson & Johnson,https://finance.yahoo.com/markets/stocks/articles/jim-cramer-soured-intuitive-surgical-034319275.html?.tsrc=rss,Yahoo Finance,"Wed, 07 Oct 2026 03:43:19 +0000",2026-10-07T03:43:19Z
ALRM,Alarm.com Extends Intelligent Video Protection to More Entryways with New Battery-Powered 781B,https://finance.yahoo.com/technology/articles/alarm-com-extends-intelligent-video-101500836.html?.tsrc=rss,Yahoo Finance,"Tue, 06 Oct 2026 10:15:00 +0000",2026-10-06T10:15:00Z
ALRM,Alarm.com (NASDAQ:ALRM) Q2 Earnings: Leading The Vertical Software Pack,https://finance.yahoo.com/markets/stocks/articles/alarm-com-nasdaq-alrm-q2-205403667.html?.tsrc=rss,Yahoo Finance,"Fri, 02 Oct 2026 20:54:03 +0000",2026-10-02T20:54:03Z
ALRM,"Alarm.com Holdings (ALRM) Trades Below Fair Value, Is The Market Too Cautious?",https://finance.yahoo.com/markets/stocks/articles/alarm-com-holdings-alrm-trades-111002472.html?.tsrc=rss,Yahoo Finance,"Sun, 27 Sep 2026 11:10:02 +0000",2026-09-27T11:10:02Z
ALRM,ALRM vs. ASAZY: Which Stock Is the Better Value Option?,https://finance.yahoo.com/markets/stocks/articles/alrm-vs-asazy-stock-better-154003539.html?.tsrc=rss,Yahoo Finance,"Tue, 11 Aug 2026 15:40:03 +0000",2026-08-11T15:40:03Z
AMGN,Amgen (AMGN) Advances While Market Declines: Some Information for Investors,https://finance.yahoo.com/markets/stocks/articles/amgen-amgn-advances-while-market-210002809.html?.tsrc=rss,Yahoo Finance,"Wed, 07 Oct 2026 21:00:02 +0000",2026-10-07T21:00:02Z
AMGN,Amgen (AMGN) Backs $30 Million Series A Round In AI Genetic Testing,https://finance.yahoo.com/healthcare/articles/amgen-amgn-backs-30-million-130736368.html?.tsrc=rss,Yahoo Finance,"Wed, 07 Oct 2026 13:07:36 +0000",2026-10-07T13:07:36Z
AMGN,Amgen Inc. (AMGN) Is a Trending Stock: Facts to Know Before Betting on It,https://finance.yahoo.com/markets/stocks/articles/amgen-inc-amgn-trending-stock-120004061.html?.tsrc=rss,Yahoo Finance,"Tue, 06 Oct 2026 12:00:04 +0000",2026-10-06T12:00:04Z
AMGN,Amgen vs. Vertex Pharmaceuticals: Which Biotech Stock Is a Better Buy in 2026?,https://www.fool.com/coverage/better-buy/2026/10/04/amgen-vs-vertex-pharmaceuticals-which-biotech-stock-is-a-better-buy-in-2026/?.tsrc=rss,Yahoo Finance,"Sun, 04 Oct 2026 14:34:57 +0000",2026-10-04T14:34:57Z
AMGN,Amgen (AMGN) Stock Dips While Market Gains: Key Facts,https://finance.yahoo.com/markets/stocks/articles/amgen-amgn-stock-dips-while-205002065.html?.tsrc=rss,Yahoo Finance,"Thu, 01 Oct 2026 20:50:02 +0000",2026-10-01T20:50:02Z
CRM,Should You Buy Salesforce Stock For Its Cash?,https://www.trefis.com/articles/617812/should-you-buy-salesforce-stock-for-its-cash/2026-10-07?.tsrc=rss,Yahoo Finance,"Wed, 07 Oct 2026 23:24:29 +0000",2026-10-07T23:24:29Z
CRM,Salesforce (CRM) Trails the Market in 2026: What Could Fuel a Re-Rating?,https://finance.yahoo.com/markets/stocks/articles/salesforce-crm-trails-market-2026-210621882.html?.tsrc=rss,Yahoo Finance,"Wed, 07 Oct 2026 21:06:21 +0000",2026-10-07T21:06:21Z
CRM,Salesforce (CRM) Names A Launch Partner For Storefront Next,https://finance.yahoo.com/markets/stocks/articles/salesforce-crm-names-launch-partner-171201413.html?.tsrc=rss,Yahoo Finance,"Wed, 07 Oct 2026 17:12:01 +0000",2026-10-07T17:12:01Z
CRM,85% of Salesforce Customers Have Tried Agentforce. Oppenheimer Says One Thing Is Missing,https://finance.yahoo.com/markets/stocks/articles/85-salesforce-customers-tried-agentforce-033950671.html?.tsrc=rss,Yahoo Finance,"Wed, 07 Oct 2026 03:39:50 +0000",2026-10-07T03:39:50Z
CRM,"Forter Named Launch Partner for Salesforce's AI-First Storefront Next, Extends Protection to Salesforce Loyalty Management",https://finance.yahoo.com/technology/ai/articles/forter-named-launch-partner-salesforces-130000683.html?.tsrc=rss,Yahoo Finance,"Tue, 06 Oct 2026 13:00:00 +0000",2026-10-06T13:00:00Z
ANET,Arista Networks (ANET) Registers a Bigger Fall Than the Market: Important Facts to Note,https://finance.yahoo.com/markets/stocks/articles/arista-networks-anet-registers-bigger-204506834.html?.tsrc=rss,Yahoo Finance,"Wed, 07 Oct 2026 20:45:06 +0000",2026-10-07T20:45:06Z
ANET,Does Arista Networks (ANET) Have An Edge In AI Rack Scale Ethernet?,https://finance.yahoo.com/technology/ai/articles/does-arista-networks-anet-edge-171027486.html?.tsrc=rss,Yahoo Finance,"Wed, 07 Oct 2026 17:10:27 +0000",2026-10-07T17:10:27Z
ANET,Arista Networks (ANET) Outperforms AI Infrastructure Peers on Solid Execution and Raised Guidance,https://finance.yahoo.com/markets/stocks/articles/arista-networks-anet-outperforms-ai-132948195.html?.tsrc=rss,Yahoo Finance,"Wed, 07 Oct 2026 13:29:48 +0000",2026-10-07T13:29:48Z
ANET,Arista Announces Rack-Scale Architectures for Scale-Up and Scale-Out AI Fabrics,https://finance.yahoo.com/technology/ai/articles/arista-announces-rack-scale-architectures-130000082.html?.tsrc=rss,Yahoo Finance,"Wed, 07 Oct 2026 13:00:00 +0000",2026-10-07T13:00:00Z
ANET,"Dow Jones Futures Fall, Yields Jump After S&P 500 Hits High; Astera, GE Vernova, Arista Lead Buys",https://finance.yahoo.com/m/0af6d9e8-1837-3d24-bf26-336d6cf15361/dow-jones-futures-fall%2C.html?.tsrc=rss,Yahoo Finance,"Wed, 07 Oct 2026 12:03:42 +0000",2026-10-07T12:03:42Z
ANET,Arista Networks Advances 4% While Ciena Soars 11% on AI Networking Demand; Cisco Rises 3%,https://247wallst.com/investing/2026/10/06/arista-networks-advances-4-while-ciena-soars-11-on-ai-networking-demand-cisco-rises-3/?.tsrc=rss,Yahoo Finance,"Tue, 06 Oct 2026 16:56:34 +0000",2026-10-06T16:56:34Z
UNH,Is UnitedHealth (UNH) a Good or Bad Investment at Today’s Price?,https://finance.yahoo.com/markets/stocks/articles/unitedhealth-unh-good-bad-investment-064727103.html?.tsrc=rss,Yahoo Finance,"Tue, 06 Oct 2026 06:47:27 +0000",2026-10-06T06:47:27Z
UNH,UNH Exits Select Medicare Advantage Plans for 2027 Amid Cost Pressure,https://finance.yahoo.com/healthcare/articles/unh-exits-select-medicare-advantage-144800301.html?.tsrc=rss,Yahoo Finance,"Mon, 05 Oct 2026 14:48:00 +0000",2026-10-05T14:48:00Z
UNH,Is It Worth Investing in UnitedHealth (UNH) Based on Wall Street's Bullish Views?,https://finance.yahoo.com/markets/stocks/articles/worth-investing-unitedhealth-unh-based-123004613.html?.tsrc=rss,Yahoo Finance,"Mon, 05 Oct 2026 12:30:04 +0000",2026-10-05T12:30:04Z
UNH,"UnitedHealth Group (UNH) Expands Medicare Advantage, Is It A Bargain?",https://finance.yahoo.com/healthcare/articles/unitedhealth-group-unh-expands-medicare-050745789.html?.tsrc=rss,Yahoo Finance,"Sun, 04 Oct 2026 05:07:45 +0000",2026-10-04T05:07:45Z
AVGO,"Broadcom, Oracle And SpaceX Tap Private Credit For AI Hardware: Report",https://stocktwits.com/news-articles/markets/equity/broadcom-oracle-and-space-x-tap-private-credit-for-ai-hardware-report/cZDvApwRBZf?.tsrc=rss,Yahoo Finance,"Wed, 07 Oct 2026 23:37:58 +0000",2026-10-07T23:37:58Z
AVGO,Broadcom (AVGO) Is Seen As Resilient To 32 Gigawatt Power Shortfalls,https://finance.yahoo.com/technology/ai/articles/broadcom-avgo-seen-resilient-32-231711308.html?.tsrc=rss,Yahoo Finance,"Wed, 07 Oct 2026 23:17:11 +0000",2026-10-07T23:17:11Z
AVGO,"Broadcom, Oracle, and SpaceX pursue blockbuster debt deals amid AI buildout - WSJ",https://finance.yahoo.com/technology/ai/articles/broadcom-oracle-spacex-pursue-blockbuster-215828392.html?.tsrc=rss,Yahoo Finance,"Wed, 07 Oct 2026 21:58:28 +0000",2026-10-07T21:58:28Z
AVGO,"Market Chatter: Broadcom, Oracle, SpaceX Seek Financing for AI Chip Purchases",https://finance.yahoo.com/technology/ai/articles/market-chatter-broadcom-oracle-spacex-215754137.html?.tsrc=rss,Yahoo Finance,"Wed, 07 Oct 2026 21:57:54 +0000",2026-10-07T21:57:54Z
AVGO,"Mobile Edge Computing - Global Strategic Business Report: Capitalize on 29% CAGR to Secure the US$6.9 Billion 2030 Market as Cisco, AT&T, Broadcom, ADLINK, and HPE Reshape Competition",https://finance.yahoo.com/technology/articles/mobile-edge-computing-global-strategic-211300346.html?.tsrc=rss,Yahoo Finance,"Wed, 07 Oct 2026 21:13:00 +0000",2026-10-07T21:13:00Z
AVGO,Broadcom (AVGO) Is Lagging the Market This Year. Is It a Buy?,https://finance.yahoo.com/markets/stocks/articles/broadcom-avgo-lagging-market-buy-184215311.html?.tsrc=rss,Yahoo Finance,"Wed, 07 Oct 2026 18:42:15 +0000",2026-10-07T18:42:15Z
LLY,"Moderna, Eli Lilly Lead Healthcare Stocks Higher on a Down Day for Markets",https://www.investopedia.com/market-update-moderna-eli-lilly-lead-healthcare-stocks-higher-on-a-down-day-for-markets-mrna-lly-12163337?.tsrc=rss,Yahoo Finance,"Wed, 07 Oct 2026 20:19:58 +0000",2026-10-07T20:19:58Z
LLY,Where Will Eli Lilly Stock Be in 5 Years? Follow the Pipeline Beyond Zepbound,https://www.fool.com/investing/2026/10/07/where-will-eli-lilly-stock-be-in-5-years-follow-th/?.tsrc=rss,Yahoo Finance,"Wed, 07 Oct 2026 19:38:00 +0000",2026-10-07T19:38:00Z
LLY,What Does Eli Lilly (LLY) Gain From This $870 Million Drug Discovery Deal?,https://finance.yahoo.com/healthcare/articles/does-eli-lilly-lly-gain-181514217.html?.tsrc=rss,Yahoo Finance,"Wed, 07 Oct 2026 18:15:14 +0000",2026-10-07T18:15:14Z
LLY,Why You Should Think About Eli Lilly Stock Differently Now,https://www.trefis.com/articles/617832/why-you-should-think-about-eli-lilly-stock-differently-now/2026-10-07?.tsrc=rss,Yahoo Finance,"Wed, 07 Oct 2026 16:13:56 +0000",2026-10-07T16:13:56Z
LLY,Nektar Therapeutics (NKTR): $115 Million Lawsuit Victory Over Eli Lilly Clears Multi-Year Overhang,https://finance.yahoo.com/healthcare/articles/nektar-therapeutics-nktr-115-million-153342225.html?.tsrc=rss,Yahoo Finance,"Wed, 07 Oct 2026 15:33:42 +0000",2026-10-07T15:33:42Z
KRYS,Krystal Biotech (KRYS) Has a Blockbuster Rare-Disease Drug. Is Its Moat Durable?,https://finance.yahoo.com/healthcare/articles/krystal-biotech-krys-blockbuster-rare-030708665.html?.tsrc=rss,Yahoo Finance,"Tue, 06 Oct 2026 03:07:08 +0000",2026-10-06T03:07:08Z
KRYS,Krystal Stock Gains 13.4% in a Month: What Is Driving the Rally?,https://finance.yahoo.com/markets/stocks/articles/krystal-stock-gains-13-4-154900614.html?.tsrc=rss,Yahoo Finance,"Thu, 03 Sep 2026 15:49:00 +0000",2026-09-03T15:49:00Z
KRYS,Krystal Biotech to Present at 2026 Cantor Global Healthcare Conference,https://finance.yahoo.com/healthcare/articles/krystal-biotech-present-2026-cantor-120000973.html?.tsrc=rss,Yahoo Finance,"Thu, 03 Sep 2026 12:00:00 +0000",2026-09-03T12:00:00Z
KRYS,Krystal Biotech (KRYS) Up 12% Since Last Earnings Report: Can It Continue?,https://finance.yahoo.com/healthcare/articles/krystal-biotech-krys-12-since-153008509.html?.tsrc=rss,Yahoo Finance,"Wed, 02 Sep 2026 15:30:08 +0000",2026-09-02T15:30:08Z
KRYS,"Krystal Biotech Seen Positioned for Further Gains on Vyjuvek, Pipeline Readouts, RBC Says",https://finance.yahoo.com/healthcare/articles/krystal-biotech-seen-positioned-further-151123149.html?.tsrc=rss,Yahoo Finance,"Fri, 14 Aug 2026 15:11:23 +0000",2026-08-14T15:11:23Z
KRYS,"Here Are Friday’s Top Wall Street Analyst Research Calls: Cinemark, Digital Realty, Fox Corporation, Krystal Biotech, LTC Properties, Roku, Sandisk, T-Mobile US, Wayfair, and More",https://247wallst.com/investing/2026/08/14/here-are-fridays-top-wall-street-analyst-research-calls-cinemark-digital-realty-fox-corporation-krystal-biotech-ltc-properties-roku-sandisk-t-mobile-us-wayfair-and-more/?.tsrc=rss,Yahoo Finance,"Fri, 14 Aug 2026 11:55:57 +0000",2026-08-14T11:55:57Z
TER,What You Need to Know Ahead of Teradyne’s Earnings Release,https://www.barchart.com/story/news/5004774/what-you-need-to-know-ahead-of-teradynes-earnings-release?.tsrc=rss,Yahoo Finance,"Wed, 07 Oct 2026 12:34:48 +0000",2026-10-07T12:34:48Z
TER,Teradyne Gains 130% YTD: Should You Hold or Fold the Stock?,https://finance.yahoo.com/markets/stocks/articles/teradyne-gains-130-ytd-hold-150700740.html?.tsrc=rss,Yahoo Finance,"Tue, 06 Oct 2026 15:07:00 +0000",2026-10-06T15:07:00Z
TER,Teradyne Introduces Titan HP Platform with Burn-In Capabilities for Advanced AI Data Center Devices,https://finance.yahoo.com/technology/ai/articles/teradyne-introduces-titan-hp-platform-130000093.html?.tsrc=rss,Yahoo Finance,"Tue, 06 Oct 2026 13:00:00 +0000",2026-10-06T13:00:00Z
TER,Teradyne (TER) Stock Declines While Market Improves: Some Information for Investors,https://finance.yahoo.com/markets/stocks/articles/teradyne-ter-stock-declines-while-210006034.html?.tsrc=rss,Yahoo Finance,"Mon, 05 Oct 2026 21:00:06 +0000",2026-10-05T21:00:06Z
GRMN,Garmin (GRMN) Could Be 8% Undervalued As New Wearables Test A Full Valuation,https://finance.yahoo.com/markets/stocks/articles/garmin-grmn-could-8-undervalued-130824653.html?.tsrc=rss,Yahoo Finance,"Wed, 07 Oct 2026 13:08:24 +0000",2026-10-07T13:08:24Z
GRMN,Meet Approach S72: Garmin's ultimate golf smartwatch,https://finance.yahoo.com/technology/articles/meet-approach-s72-garmins-ultimate-105900141.html?.tsrc=rss,Yahoo Finance,"Tue, 06 Oct 2026 10:59:00 +0000",2026-10-06T10:59:00Z
GRMN,Garmin (GRMN) Surpasses Market Returns: Some Facts Worth Knowing,https://finance.yahoo.com/markets/stocks/articles/garmin-grmn-surpasses-market-returns-211503481.html?.tsrc=rss,Yahoo Finance,"Mon, 05 Oct 2026 21:15:03 +0000",2026-10-05T21:15:03Z
GRMN,Garmin earns NMEA Manufacturer of the Year honors for a record 12th consecutive year,https://finance.yahoo.com/technology/articles/garmin-earns-nmea-manufacturer-honors-154400861.html?.tsrc=rss,Yahoo Finance,"Thu, 01 Oct 2026 15:44:00 +0000",2026-10-01T15:44:00Z
RTX,EMBJ vs. RTX: Which Stock Is the Better Value Option?,https://finance.yahoo.com/markets/stocks/articles/embj-vs-rtx-stock-better-144005461.html?.tsrc=rss,Yahoo Finance,"Wed, 07 Oct 2026 14:40:05 +0000",2026-10-07T14:40:05Z
RTX,RTX Outperforms Industry in the Past 3 Months: Should You Buy?,https://finance.yahoo.com/markets/stocks/articles/rtx-outperforms-industry-past-3-124700744.html?.tsrc=rss,Yahoo Finance,"Wed, 07 Oct 2026 12:47:00 +0000",2026-10-07T12:47:00Z
RTX,RTX Corporation (RTX) Is a Trending Stock: Facts to Know Before Betting on It,https://finance.yahoo.com/markets/stocks/articles/rtx-corporation-rtx-trending-stock-120002838.html?.tsrc=rss,Yahoo Finance,"Wed, 07 Oct 2026 12:00:02 +0000",2026-10-07T12:00:02Z
RTX,"RTX Corporation (RTX)’s $20.7 Billion Missile Deal: Investors Should Watch Production, Not the Headline",https://finance.yahoo.com/markets/stocks/articles/rtx-corporation-rtx-20-7-063328233.html?.tsrc=rss,Yahoo Finance,"Wed, 07 Oct 2026 06:33:28 +0000",2026-10-07T06:33:28Z
RTX,"The Zacks Analyst Blog Highlights Texas, RTX, Marvell, Air T and GSI",https://finance.yahoo.com/markets/stocks/articles/zacks-analyst-blog-highlights-texas-051900688.html?.tsrc=rss,Yahoo Finance,"Tue, 06 Oct 2026 05:19:00 +0000",2026-10-06T05:19:00Z
RTX,"Top Analyst Reports for Texas Instruments, RTX & Marvell",https://finance.yahoo.com/markets/stocks/articles/top-analyst-reports-texas-instruments-200800413.html?.tsrc=rss,Yahoo Finance,"Mon, 05 Oct 2026 20:08:00 +0000",2026-10-05T20:08:00Z
CAT,Caterpillar (CAT) Falls More Steeply Than Broader Market: What Investors Need to Know,https://finance.yahoo.com/markets/stocks/articles/caterpillar-cat-falls-more-steeply-204506676.html?.tsrc=rss,Yahoo Finance,"Wed, 07 Oct 2026 20:45:06 +0000",2026-10-07T20:45:06Z
CAT,"Caterpillar, Intel, TSMC, Micron, SpaceX, HPE, and More Stocks That Explain Today’s Market",https://finance.yahoo.com/m/5f05a8c3-9011-3fab-926f-5801882d8f34/caterpillar%2C-intel%2C-tsmc%2C.html?.tsrc=rss,Yahoo Finance,"Wed, 07 Oct 2026 20:43:00 +0000",2026-10-07T20:43:00Z
CAT,Caterpillar Is Sliding Today. It Shouldn’t Be.,https://finance.yahoo.com/m/2d5e11a5-49d4-38ed-a423-de58c2339edd/caterpillar-is-sliding-today..html?.tsrc=rss,Yahoo Finance,"Wed, 07 Oct 2026 20:38:00 +0000",2026-10-07T20:38:00Z
CAT,"DE, CNH, CAT, AGCO Stocks Slump - FTC, USDA Inquiry Puts Farm Equipment Market Practices In Focus",https://stocktwits.com/news-articles/markets/equity/de-cnh-cat-agco-stocks-slump-ftc-usda-inquiry-puts-farm-equipment-market-practices-in-focus/cZDv1OyRBZR?.tsrc=rss,Yahoo Finance,"Wed, 07 Oct 2026 17:07:08 +0000",2026-10-07T17:07:08Z
TXN,Texas Instruments (TXN) Registers a Bigger Fall Than the Market: Important Facts to Note,https://finance.yahoo.com/markets/stocks/articles/texas-instruments-txn-registers-bigger-210006097.html?.tsrc=rss,Yahoo Finance,"Wed, 07 Oct 2026 21:00:06 +0000",2026-10-07T21:00:06Z
TXN,Here is What to Know Beyond Why Texas Instruments Incorporated (TXN) is a Trending Stock,https://finance.yahoo.com/markets/stocks/articles/know-beyond-why-texas-instruments-120003336.html?.tsrc=rss,Yahoo Finance,"Wed, 07 Oct 2026 12:00:03 +0000",2026-10-07T12:00:03Z
TXN,Is Texas Instruments (TXN) Undervalued Following Its Q2 Beat And Dividend Increase?,https://finance.yahoo.com/markets/stocks/articles/texas-instruments-txn-undervalued-following-111029519.html?.tsrc=rss,Yahoo Finance,"Wed, 07 Oct 2026 11:10:29 +0000",2026-10-07T11:10:29Z
TXN,Management Set A Higher Bar For Texas Instruments; Does The Chart Agree?,https://www.trefis.com/articles/617697/management-set-a-higher-bar-for-texas-instruments-does-the-chart-agree/2026-10-06?.tsrc=rss,Yahoo Finance,"Tue, 06 Oct 2026 17:09:19 +0000",2026-10-06T17:09:19Z
TXN,TXN Surges 67% Over the Past Year: Is the Stock Still Worth Buying?,https://finance.yahoo.com/markets/stocks/articles/txn-surges-67-over-past-132900671.html?.tsrc=rss,Yahoo Finance,"Tue, 06 Oct 2026 13:29:00 +0000",2026-10-06T13:29:00Z
TXN,"Top Analyst Reports for Texas Instruments, RTX & Marvell",https://finance.yahoo.com/markets/stocks/articles/top-analyst-reports-texas-instruments-200800413.html?.tsrc=rss,Yahoo Finance,"Mon, 05 Oct 2026 20:08:00 +0000",2026-10-05T20:08:00Z
AAPL,Nvidia Earned About Twice as Much as Apple Last Quarter. Its Stock Is Worth Only About 20% More.,https://www.fool.com/investing/2026/10/07/nvidia-earned-about-twice-as-much-as-apple-last-quarter-its-stock-is-worth-only-about-20-more/?.tsrc=rss,Yahoo Finance,"Wed, 07 Oct 2026 20:57:01 +0000",2026-10-07T20:57:01Z
AAPL,"Apple, IBD Stock Of The Day, Rises Near Buy Points Ahead Of Smart Home Launch",https://finance.yahoo.com/m/f4d24672-6d61-34bb-bcea-3ad5e39f9139/apple%2C-ibd-stock-of-the-day%2C.html?.tsrc=rss,Yahoo Finance,"Wed, 07 Oct 2026 20:37:33 +0000",2026-10-07T20:37:33Z
AAPL,"Dan Ives Thinks AI Buildout Still In Early Stages, With NVDA, MSFT, PLTR, AAPL And CRWD As Top AI Picks",https://stocktwits.com/news-articles/markets/equity/dan-ives-thinks-ai-buildout-still-in-early-stages-with-nvda-msft-pltr-aapl-and-crwd-as-top-ai-picks/cZDvmQWRBZ4?.tsrc=rss,Yahoo Finance,"Wed, 07 Oct 2026 19:00:18 +0000",2026-10-07T19:00:18Z
AAPL,3 Ways New Investors Get Apple Stock Wrong,https://moneylion.com/trending/money/new-investors-apple-stock-wrong?.tsrc=rss,Yahoo Finance,"Wed, 07 Oct 2026 17:00:23 +0000",2026-10-07T17:00:23Z
AAPL,"Apple Needs Chips, and “Micron Sets the Price.” Now Micron Is Making More Money than Apple",https://www.tikr.com/blog/apple-needs-chips-and-micron-sets-the-price-now-micron-is-making-more-money-than-apple?ref=yahoofinance&.tsrc=rss,Yahoo Finance,"Wed, 07 Oct 2026 16:44:37 +0000",2026-10-07T16:44:37Z
HUBB,Hubbell's Q3 2026 Earnings: What to Expect,https://www.barchart.com/story/news/5005948/hubbell-s-q3-2026-earnings-what-to-expect?.tsrc=rss,Yahoo Finance,"Wed, 07 Oct 2026 13:03:17 +0000",2026-10-07T13:03:17Z
HUBB,Spotting Winners: Hubbell (NYSE:HUBB) And Electrical Systems Stocks In Q2,https://finance.yahoo.com/markets/stocks/articles/spotting-winners-hubbell-nyse-hubb-190203195.html?.tsrc=rss,Yahoo Finance,"Fri, 02 Oct 2026 19:02:03 +0000",2026-10-02T19:02:03Z
HUBB,3 Reasons We’re Fans of Hubbell (HUBB),https://finance.yahoo.com/markets/stocks/articles/3-reasons-fans-hubbell-hubb-162113217.html?.tsrc=rss,Yahoo Finance,"Wed, 30 Sep 2026 16:21:13 +0000",2026-09-30T16:21:13Z
HUBB,Hubbell (HUBB) Faces A Valuation Test As Morgan Stanley Conference Puts Growth In Focus,https://finance.yahoo.com/markets/stocks/articles/hubbell-hubb-faces-valuation-test-111511298.html?.tsrc=rss,Yahoo Finance,"Sat, 19 Sep 2026 11:15:11 +0000",2026-09-19T11:15:11Z
HUBB,The Bull Case For Hubbell (HUBB) Could Change Following Backlog‑Driven Data Center Demand Signals – Learn Why,https://finance.yahoo.com/markets/stocks/articles/bull-case-hubbell-hubb-could-011040964.html?.tsrc=rss,Yahoo Finance,"Sat, 19 Sep 2026 01:10:40 +0000",2026-09-19T01:10:40Z
HUBB,Hubbell (HUBB) Stock Looks Fully Priced After Its 163% Run,https://finance.yahoo.com/markets/stocks/articles/hubbell-hubb-stock-looks-fully-231107744.html?.tsrc=rss,Yahoo Finance,"Fri, 18 Sep 2026 23:11:07 +0000",2026-09-18T23:11:07Z
IESC,EMCOR vs. IES Holdings: Does a $691 Million Deal Change the Better Buy?,https://finance.yahoo.com/markets/stocks/articles/emcor-vs-ies-holdings-does-200333620.html?.tsrc=rss,Yahoo Finance,"Wed, 07 Oct 2026 20:03:33 +0000",2026-10-07T20:03:33Z
IESC,INNOVATE Completes Sale of DBM Global to IES Holdings,https://finance.yahoo.com/markets/stocks/articles/innovate-completes-sale-dbm-global-123000212.html?.tsrc=rss,Yahoo Finance,"Mon, 05 Oct 2026 12:30:00 +0000",2026-10-05T12:30:00Z
IESC,IES's 2026 Outlook: Data Center Infrastructure Drives Growth as Market Capacity Scales,https://www.fool.com/coverage/moneyball/2026/09/28/iess-2026-outlook-data-center-infrastructure-drives-growth-as-market-capacity-scales/?.tsrc=rss,Yahoo Finance,"Mon, 28 Sep 2026 16:55:01 +0000",2026-09-28T16:55:01Z
IESC,Could IES Holdings (IESC) Win Big While INNOVATE (VATE) Bets its Future on Debt Reduction?,https://finance.yahoo.com/markets/stocks/articles/could-ies-holdings-iesc-win-011908351.html?.tsrc=rss,Yahoo Finance,"Sat, 29 Aug 2026 01:19:08 +0000",2026-08-29T01:19:08Z
IESC,Jim Cramer on IES Holdings (IESC): “I Think You’ve Got a Good One”,https://finance.yahoo.com/markets/stocks/articles/jim-cramer-ies-holdings-iesc-181954316.html?.tsrc=rss,Yahoo Finance,"Fri, 28 Aug 2026 18:19:54 +0000",2026-08-28T18:19:54Z
FTNT,CrowdStrike vs. Fortinet: Which Cybersecurity Stock Is Poised for Higher Highs?,https://finance.yahoo.com/markets/stocks/articles/crowdstrike-vs-fortinet-cybersecurity-stock-191900745.html?.tsrc=rss,Yahoo Finance,"Wed, 07 Oct 2026 19:19:00 +0000",2026-10-07T19:19:00Z
FTNT,Can Fortinet (FTNT) Stay Fully Priced on Future Cash Flow?,https://finance.yahoo.com/markets/stocks/articles/fortinet-ftnt-stay-fully-priced-141127836.html?.tsrc=rss,Yahoo Finance,"Wed, 07 Oct 2026 14:11:27 +0000",2026-10-07T14:11:27Z
FTNT,Rockwell Automation Expands SecureOT Managed Services to Support Fortinet Firewalls and Existing Customer Infrastructure,https://finance.yahoo.com/technology/articles/rockwell-automation-expands-secureot-managed-140000306.html?.tsrc=rss,Yahoo Finance,"Tue, 06 Oct 2026 14:00:00 +0000",2026-10-06T14:00:00Z
FTNT,Fortinet vs. CrowdStrike: Both Grew 26%. Why Pay Four Times the Earnings Multiple?,https://finance.yahoo.com/markets/stocks/articles/fortinet-vs-crowdstrike-both-grew-212611445.html?.tsrc=rss,Yahoo Finance,"Mon, 05 Oct 2026 21:26:11 +0000",2026-10-05T21:26:11Z
ALNY,18 of 21 Analysts Still Think Alnylam Stock Is a Buy. Here's Why They're Right.,https://www.fool.com/investing/2026/09/28/18-of-21-analysts-still-think-alnylam-stock-is-a-b/?.tsrc=rss,Yahoo Finance,"Mon, 28 Sep 2026 09:43:00 +0000",2026-09-28T09:43:00Z
ALNY,"Alnylam Highlights AMVUTTRA Momentum, Resets 2026 TTR Revenue Outlook",https://www.marketbeat.com/instant-alerts/event-alnylam-highlights-amvuttra-momentum-resets-2026-ttr-revenue-outlook-2026-09-20/?utm_source=yahoofinance&utm_medium=yahoofinance&.tsrc=rss,Yahoo Finance,"Sun, 20 Sep 2026 16:02:04 +0000",2026-09-20T16:02:04Z
ALNY,"RNA Interference Therapeutics Market Outlook 2026-2035 - Featuring Profiles of Alnylam Pharmaceuticals, Arrowhead Pharmaceuticals, and Silence Therapeutics",https://finance.yahoo.com/healthcare/articles/rna-interference-therapeutics-market-outlook-104200716.html?.tsrc=rss,Yahoo Finance,"Fri, 18 Sep 2026 10:42:00 +0000",2026-09-18T10:42:00Z
ALNY,"Oligonucleotide Therapeutics Market Outlook 2026-2035 - Featuring Profiles of Alnylam Pharmaceuticals, Ionis Pharmaceuticals, and Sarepta Therapeutics",https://finance.yahoo.com/healthcare/articles/oligonucleotide-therapeutics-market-outlook-2026-095800741.html?.tsrc=rss,Yahoo Finance,"Tue, 15 Sep 2026 09:58:00 +0000",2026-09-15T09:58:00Z
ALNY,Alnylam's Sell-Off Looks Ugly -- but Wall Street Still Sees a Much Brighter Picture,https://www.fool.com/investing/2026/09/15/alnylams-sell-off-looks-ugly-but-wall-street-still/?.tsrc=rss,Yahoo Finance,"Tue, 15 Sep 2026 09:04:00 +0000",2026-09-15T09:04:00Z
DOCN,"DigitalOcean Introduces Agent Droplets: Everything an AI Agent Needs, One Simple Monthly Price",https://finance.yahoo.com/technology/ai/articles/digitalocean-introduces-agent-droplets-everything-120000836.html?.tsrc=rss,Yahoo Finance,"Thu, 01 Oct 2026 12:00:00 +0000",2026-10-01T12:00:00Z
DOCN,"DigitalOcean Holdings (DOCN) Beat Expectations And Raised Guidance, Is The Upside Already Priced In?",https://finance.yahoo.com/markets/stocks/articles/digitalocean-holdings-docn-beat-expectations-002824307.html?.tsrc=rss,Yahoo Finance,"Tue, 22 Sep 2026 00:28:24 +0000",2026-09-22T00:28:24Z
DOCN,"DigitalOcean (DOCN) Shares Skyrocket, What You Need To Know",https://finance.yahoo.com/markets/stocks/articles/digitalocean-docn-shares-skyrocket-know-001425595.html?.tsrc=rss,Yahoo Finance,"Tue, 22 Sep 2026 00:14:25 +0000",2026-09-22T00:14:25Z
DOCN,Q2 Earnings Outperformers: DigitalOcean (NYSE:DOCN) And The Rest Of The Data Storage Stocks,https://finance.yahoo.com/markets/stocks/articles/q2-earnings-outperformers-digitalocean-nyse-212625521.html?.tsrc=rss,Yahoo Finance,"Mon, 21 Sep 2026 21:26:25 +0000",2026-09-21T21:26:25Z
DOCN,"DigitalOcean (DOCN) Stock Is Up, What You Need To Know",https://finance.yahoo.com/markets/stocks/articles/digitalocean-docn-stock-know-223652365.html?.tsrc=rss,Yahoo Finance,"Wed, 16 Sep 2026 22:36:52 +0000",2026-09-16T22:36:52Z
DOCN,DigitalOcean Secures $725 Million in Equipment Financing Facility to Fund Capacity Expansion,https://finance.yahoo.com/technology/ai/articles/digitalocean-secures-725-million-equipment-200500145.html?.tsrc=rss,Yahoo Finance,"Thu, 10 Sep 2026 20:05:00 +0000",2026-09-10T20:05:00Z
LIN,AI Chip Demand Gives Linde a New Growth Catalyst,https://www.marketbeat.com/articles/ai-chip-demand-gives-linde-a-new-growth-catalyst/?utm_source=yahoofinance&utm_medium=yahoofinance&.tsrc=rss,Yahoo Finance,"Tue, 06 Oct 2026 14:45:00 +0000",2026-10-06T14:45:00Z
LIN,Linde Announces Third Quarter 2026 Earnings and Conference Call Schedule,https://finance.yahoo.com/markets/stocks/articles/linde-announces-third-quarter-2026-100000921.html?.tsrc=rss,Yahoo Finance,"Mon, 05 Oct 2026 10:00:00 +0000",2026-10-05T10:00:00Z
LIN,"What is Linde’s (LIN) Economic Moat, and is it Widening or Narrowing?",https://finance.yahoo.com/markets/stocks/articles/linde-lin-economic-moat-widening-000056393.html?.tsrc=rss,Yahoo Finance,"Mon, 05 Oct 2026 00:00:56 +0000",2026-10-05T00:00:56Z
LIN,Linde Has Quietly Compounded for Years. These 3 Stocks Share Its Stickiest Advantage,https://247wallst.com/investing/2026/09/25/linde-has-quietly-compounded-for-years-these-3-stocks-share-its-stickiest-advantage/?.tsrc=rss,Yahoo Finance,"Fri, 25 Sep 2026 12:25:26 +0000",2026-09-25T12:25:26Z
LIN,"Linde (LIN) Draws Valuation Attention, Is The Premium Already Too Rich?",https://finance.yahoo.com/markets/stocks/articles/linde-lin-draws-valuation-attention-181451551.html?.tsrc=rss,Yahoo Finance,"Wed, 23 Sep 2026 18:14:51 +0000",2026-09-23T18:14:51Z
LIN,"The Zacks Analyst Blog Highlights AMD, Linde, Amgen and INNOVATE",https://finance.yahoo.com/markets/stocks/articles/zacks-analyst-blog-highlights-amd-130000931.html?.tsrc=rss,Yahoo Finance,"Mon, 21 Sep 2026 13:00:00 +0000",2026-09-21T13:00:00Z
GE,Certivo Appoints Former GE Vice Chairman and CFO Jeff Bornstein to Board of Directors,https://finance.yahoo.com/technology/ai/articles/certivo-appoints-former-ge-vice-130000772.html?.tsrc=rss,Yahoo Finance,"Tue, 06 Oct 2026 13:00:00 +0000",2026-10-06T13:00:00Z
GE,Can GE's Commercial Engines & Services Unit Sustain Its Growth Momentum?,https://finance.yahoo.com/markets/stocks/articles/ges-commercial-engines-services-unit-140100060.html?.tsrc=rss,Yahoo Finance,"Mon, 05 Oct 2026 14:01:00 +0000",2026-10-05T14:01:00Z
GE,Should You Think About GE Aerospace Stock Differently Now?,https://www.trefis.com/articles/617436/should-you-think-about-ge-aerospace-stock-differently-now/2026-10-02?.tsrc=rss,Yahoo Finance,"Fri, 02 Oct 2026 10:03:11 +0000",2026-10-02T10:03:11Z
GE,GE Aerospace vs. SpaceX: Which Aerospace Giant Is a Better Stock Buy in 2026?,https://www.fool.com/coverage/better-buy/2026/10/01/ge-aerospace-vs-spacex-which-aerospace-giant-is-a-better-stock-buy-in-2026/?.tsrc=rss,Yahoo Finance,"Thu, 01 Oct 2026 23:40:01 +0000",2026-10-01T23:40:01Z
GE,Is GE Aerospace (GE) Outperforming Other Aerospace Stocks This Year?,https://finance.yahoo.com/markets/stocks/articles/ge-aerospace-ge-outperforming-other-183935284.html?.tsrc=rss,Yahoo Finance,"Thu, 01 Oct 2026 18:39:35 +0000",2026-10-01T18:39:35Z
KEYS,Keysight Introduces Velocity 4900 Series to Accelerate Test Lab Modernization for AI and 6G,https://finance.yahoo.com/technology/ai/articles/keysight-introduces-velocity-4900-series-150000078.html?.tsrc=rss,Yahoo Finance,"Wed, 07 Oct 2026 15:00:00 +0000",2026-10-07T15:00:00Z
KEYS,"Keysight Technologies (KEYS) Unveils New 6G Test Tools, Is The Stock Fully Valued?",https://finance.yahoo.com/markets/stocks/articles/keysight-technologies-keys-unveils-6g-220721759.html?.tsrc=rss,Yahoo Finance,"Tue, 06 Oct 2026 22:07:21 +0000",2026-10-06T22:07:21Z
KEYS,Is Keysight (KEYS) Quietly Redefining Its 6G Moat With New High-Frequency Test Innovations?,https://finance.yahoo.com/technology/articles/keysight-keys-quietly-redefining-6g-190809129.html?.tsrc=rss,Yahoo Finance,"Mon, 05 Oct 2026 19:08:09 +0000",2026-10-05T19:08:09Z
KEYS,Can Keysight's Advanced Testing Generator Boost Its Growth Prospects?,https://finance.yahoo.com/technology/articles/keysights-advanced-testing-generator-boost-144000440.html?.tsrc=rss,Yahoo Finance,"Wed, 30 Sep 2026 14:40:00 +0000",2026-09-30T14:40:00Z
KEYS,Keysight Introduces Dual Channel Analog Signal Generator for Advanced Device Testing,https://finance.yahoo.com/technology/articles/keysight-introduces-dual-channel-analog-150000150.html?.tsrc=rss,Yahoo Finance,"Tue, 29 Sep 2026 15:00:00 +0000",2026-09-29T15:00:00Z
QRVO,Skyworks Announces Expiration and Final Results of Exchange Offers for Qorvo’s Senior Notes due 2029 and 2031,https://finance.yahoo.com/markets/stocks/articles/skyworks-announces-expiration-final-results-224300472.html?.tsrc=rss,Yahoo Finance,"Mon, 05 Oct 2026 22:43:00 +0000",2026-10-05T22:43:00Z
QRVO,Skyworks Completes Combination with Qorvo,https://finance.yahoo.com/technology/articles/skyworks-completes-combination-qorvo-123400143.html?.tsrc=rss,Yahoo Finance,"Mon, 05 Oct 2026 12:34:00 +0000",2026-10-05T12:34:00Z
QRVO,Skyworks Announces Extension of Expiration Date of Exchange Offers for Qorvo’s Senior Notes due 2029 and 2031,https://finance.yahoo.com/markets/stocks/articles/skyworks-announces-extension-expiration-date-231100660.html?.tsrc=rss,Yahoo Finance,"Wed, 30 Sep 2026 23:11:00 +0000",2026-09-30T23:11:00Z
QRVO,Skyworks Receives All Necessary Clearances for Proposed Combination with Qorvo,https://finance.yahoo.com/markets/stocks/articles/skyworks-receives-necessary-clearances-proposed-123000460.html?.tsrc=rss,Yahoo Finance,"Wed, 30 Sep 2026 12:30:00 +0000",2026-09-30T12:30:00Z
QRVO,What Does Qorvo (QRVO) Leaving A Key Chip Index Mean For Investors?,https://finance.yahoo.com/markets/stocks/articles/does-qorvo-qrvo-leaving-key-161346237.html?.tsrc=rss,Yahoo Finance,"Thu, 24 Sep 2026 16:13:46 +0000",2026-09-24T16:13:46Z
CRS,Is CRS Set to Gain From Growth in Its Specialty Alloys Operations?,https://finance.yahoo.com/markets/stocks/articles/crs-set-gain-growth-specialty-124800915.html?.tsrc=rss,Yahoo Finance,"Wed, 07 Oct 2026 12:48:00 +0000",2026-10-07T12:48:00Z
CRS,Carpenter Technology Announces Conference Call and Webcast,https://finance.yahoo.com/markets/stocks/articles/carpenter-technology-announces-conference-call-120000033.html?.tsrc=rss,Yahoo Finance,"Thu, 01 Oct 2026 12:00:00 +0000",2026-10-01T12:00:00Z
CRS,Carpenter Technology (CRS) Stock Looks Cheap Based On Cash Flow,https://finance.yahoo.com/markets/stocks/articles/carpenter-technology-crs-stock-looks-220957991.html?.tsrc=rss,Yahoo Finance,"Sun, 20 Sep 2026 22:09:57 +0000",2026-09-20T22:09:57Z
CRS,"After Plunging 18.6% in 4 Weeks, Here's Why the Trend Might Reverse for Carpenter (CRS)",https://finance.yahoo.com/markets/stocks/articles/plunging-18-6-4-weeks-133502413.html?.tsrc=rss,Yahoo Finance,"Mon, 14 Sep 2026 13:35:02 +0000",2026-09-14T13:35:02Z
CRS,"Carpenter Technology Touts Record Fiscal 2026 Earnings, Capacity Expansion at Annual Meeting",https://www.marketbeat.com/instant-alerts/event-carpenter-technology-touts-record-fiscal-2026-earnings-capacity-expansion-at-annual-meeting-2026-10-06/?utm_source=yahoofinance&utm_medium=yahoofinance&.tsrc=rss,Yahoo Finance,"Tue, 06 Oct 2026 18:02:10 +0000",2026-10-06T18:02:10Z
TWLO,"Twilio shares up 97% this year as investors focus on third-quarter gross profit growth, Jefferies says",https://www.proactiveinvestors.com/companies/news/1099769/twilio-shares-up-97-this-year-as-investors-focus-on-third-quarter-gross-profit-growth-jefferies-says-1099769.html?.tsrc=rss,Yahoo Finance,"Wed, 07 Oct 2026 18:08:00 +0000",2026-10-07T18:08:00Z
TWLO,Twilio (TWLO) Outperforms Broader Market: What You Need to Know,https://finance.yahoo.com/markets/stocks/articles/twilio-twlo-outperforms-broader-market-210006741.html?.tsrc=rss,Yahoo Finance,"Mon, 05 Oct 2026 21:00:06 +0000",2026-10-05T21:00:06Z
TWLO,"Dear Twilio Stock Fans, Mark Your Calendars for October 6",https://www.barchart.com/story/news/4963240/dear-twilio-stock-fans-mark-your-calendars-for-october-6?.tsrc=rss,Yahoo Finance,"Mon, 05 Oct 2026 14:02:22 +0000",2026-10-05T14:02:22Z
TWLO,Twilio To Join S&P 500 Index,https://finance.yahoo.com/m/c9a95d8c-d573-3915-bdbf-6f173a0faeed/twilio-to-join-s%26p-500-index.html?.tsrc=rss,Yahoo Finance,"Fri, 02 Oct 2026 09:59:25 +0000",2026-10-02T09:59:25Z
IBKR,Can IBKR's Strong September Metrics Support Further Growth?,https://finance.yahoo.com/news/ibkrs-strong-september-metrics-support-144300688.html?.tsrc=rss,Yahoo Finance,"Tue, 06 Oct 2026 14:43:00 +0000",2026-10-06T14:43:00Z
IBKR,"Interactive Brokers Group, Inc. (IBKR) Outpaces Stock Market Gains: What You Should Know",https://finance.yahoo.com/markets/stocks/articles/interactive-brokers-group-inc-ibkr-205005044.html?.tsrc=rss,Yahoo Finance,"Fri, 02 Oct 2026 20:50:05 +0000",2026-10-02T20:50:05Z
IBKR,"Interactive Brokers Group Reports Brokerage Metrics and Other Financial Information for September 2026, includes Reg.-NMS Execution Statistics",https://finance.yahoo.com/markets/stocks/articles/interactive-brokers-group-reports-brokerage-161500811.html?.tsrc=rss,Yahoo Finance,"Thu, 01 Oct 2026 16:15:00 +0000",2026-10-01T16:15:00Z
IBKR,"Interactive Brokers Group, Inc. (IBKR) Is a Trending Stock: Facts to Know Before Betting on It",https://finance.yahoo.com/markets/stocks/articles/interactive-brokers-group-inc-ibkr-120003761.html?.tsrc=rss,Yahoo Finance,"Thu, 01 Oct 2026 12:00:03 +0000",2026-10-01T12:00:03Z
IBKR,What to Expect From Interactive Brokers’ Next Quarterly Earnings Report,https://www.barchart.com/story/news/4854452/what-to-expect-from-interactive-brokers-next-quarterly-earnings-report?.tsrc=rss,Yahoo Finance,"Tue, 29 Sep 2026 12:46:30 +0000",2026-09-29T12:46:30Z
IBKR,"Interactive Brokers Group, Inc. (IBKR) Sees a More Significant Dip Than Broader Market: Some Facts to Know",https://finance.yahoo.com/markets/stocks/articles/interactive-brokers-group-inc-ibkr-210004806.html?.tsrc=rss,Yahoo Finance,"Mon, 28 Sep 2026 21:00:04 +0000",2026-09-28T21:00:04Z
NDSN,Reasons Why Investors Should Consider Investing in Nordson Stock,https://finance.yahoo.com/markets/stocks/articles/reasons-why-investors-consider-investing-153200963.html?.tsrc=rss,Yahoo Finance,"Fri, 25 Sep 2026 15:32:00 +0000",2026-09-25T15:32:00Z
NDSN,"Cold Plasma Market Forecasts Growth from $3.32B (2025) to $8.45B by 2032, Profiling Nordson Corporation, Apyx Medical, Plasmatreat & Enercon Industries",https://finance.yahoo.com/healthcare/articles/cold-plasma-market-forecasts-growth-130800881.html?.tsrc=rss,Yahoo Finance,"Thu, 24 Sep 2026 13:08:00 +0000",2026-09-24T13:08:00Z
NDSN,Nordson (NDSN) Stock May Be Fairly Valued On Its 52% Run,https://finance.yahoo.com/markets/stocks/articles/nordson-ndsn-stock-may-fairly-121402180.html?.tsrc=rss,Yahoo Finance,"Thu, 24 Sep 2026 12:14:02 +0000",2026-09-24T12:14:02Z
NDSN,Nordson (NDSN) Following Record Q3 And Higher Guidance Looks Fully Valued,https://finance.yahoo.com/markets/stocks/articles/nordson-ndsn-following-record-q3-021044379.html?.tsrc=rss,Yahoo Finance,"Thu, 24 Sep 2026 02:10:44 +0000",2026-09-24T02:10:44Z
TXRH,What Texas Roadhouse (TXRH)'s Fast Unit Growth and Rising Same-Store Sales Mean For Shareholders,https://finance.yahoo.com/markets/stocks/articles/texas-roadhouse-txrh-fast-unit-121445675.html?.tsrc=rss,Yahoo Finance,"Wed, 07 Oct 2026 12:14:45 +0000",2026-10-07T12:14:45Z
TXRH,"Texas Roadhouse (TXRH): Buy, Sell, or Hold Post Q2 Earnings?",https://finance.yahoo.com/markets/stocks/articles/texas-roadhouse-txrh-buy-sell-201100347.html?.tsrc=rss,Yahoo Finance,"Mon, 05 Oct 2026 20:11:00 +0000",2026-10-05T20:11:00Z
TXRH,CAVA vs. Texas Roadhouse: Which Restaurant Stock Has the Edge?,https://finance.yahoo.com/markets/stocks/articles/cava-vs-texas-roadhouse-restaurant-135900661.html?.tsrc=rss,Yahoo Finance,"Wed, 23 Sep 2026 13:59:00 +0000",2026-09-23T13:59:00Z
TXRH,"Despite Record Sales, Texas Roadhouse Has Beef With Beef Costs",https://www.marketbeat.com/articles/despite-record-sales-texas-roadhouse-has-beef-with-beef-costs/?utm_source=yahoofinance&utm_medium=yahoofinance&.tsrc=rss,Yahoo Finance,"Tue, 22 Sep 2026 12:35:00 +0000",2026-09-22T12:35:00Z
TXRH,"Texas Roadhouse (TXRH), Why Is It Drawing Fresh Attention?",https://finance.yahoo.com/markets/stocks/articles/texas-roadhouse-txrh-why-drawing-171023705.html?.tsrc=rss,Yahoo Finance,"Sun, 20 Sep 2026 17:10:23 +0000",2026-09-20T17:10:23Z
TXRH,Is Texas Roadhouse (TXRH) Still A Bargain Based On Cash Flow?,https://finance.yahoo.com/markets/stocks/articles/texas-roadhouse-txrh-still-bargain-130854679.html?.tsrc=rss,Yahoo Finance,"Sun, 20 Sep 2026 13:08:54 +0000",2026-09-20T13:08:54Z
MEDP,Medpace (MEDP) Stock Declines While Market Improves: Some Information for Investors,https://finance.yahoo.com/markets/stocks/articles/medpace-medp-stock-declines-while-211504852.html?.tsrc=rss,Yahoo Finance,"Tue, 06 Oct 2026 21:15:04 +0000",2026-10-06T21:15:04Z
MEDP,Medpace (MEDP) Rises As Market Takes a Dip: Key Facts,https://finance.yahoo.com/markets/stocks/articles/medpace-medp-rises-market-takes-211504807.html?.tsrc=rss,Yahoo Finance,"Tue, 29 Sep 2026 21:15:04 +0000",2026-09-29T21:15:04Z
MEDP,CON or MEDP: Which Is the Better Value Stock Right Now?,https://finance.yahoo.com/markets/stocks/articles/con-medp-better-value-stock-144003022.html?.tsrc=rss,Yahoo Finance,"Mon, 28 Sep 2026 14:40:03 +0000",2026-09-28T14:40:03Z
MEDP,"Medpace Holdings, Inc. to Report Third Quarter 2026 Financial Results on October 21, 2026",https://finance.yahoo.com/healthcare/articles/medpace-holdings-inc-report-third-200500074.html?.tsrc=rss,Yahoo Finance,"Tue, 22 Sep 2026 20:05:00 +0000",2026-09-22T20:05:00Z
MEDP,Projected EPS and Revenue Gains Might Change The Case For Investing In Medpace Holdings (MEDP),https://finance.yahoo.com/markets/stocks/articles/projected-eps-revenue-gains-might-043302122.html?.tsrc=rss,Yahoo Finance,"Tue, 22 Sep 2026 04:33:02 +0000",2026-09-22T04:33:02Z
MEDP,"Medpace Holdings (MEDP) Nears Earnings, Is The Stock Fully Valued?",https://finance.yahoo.com/markets/stocks/articles/medpace-holdings-medp-nears-earnings-032529267.html?.tsrc=rss,Yahoo Finance,"Tue, 22 Sep 2026 03:25:29 +0000",2026-09-22T03:25:29Z
MYRG,MYR (MYRG) Upgraded to Strong Buy: What Does It Mean for the Stock?,https://finance.yahoo.com/markets/stocks/articles/myr-myrg-upgraded-strong-buy-150003806.html?.tsrc=rss,Yahoo Finance,"Wed, 30 Sep 2026 15:00:03 +0000",2026-09-30T15:00:03Z
MYRG,MYRG's T&D Segment 1H26 Revenues Up 10%: More Upside Ahead?,https://finance.yahoo.com/energy/articles/myrgs-t-d-segment-1h26-144900844.html?.tsrc=rss,Yahoo Finance,"Wed, 30 Sep 2026 14:49:00 +0000",2026-09-30T14:49:00Z
MYRG,Is MYR Group (MYRG) A Bargain Following Its Expanded Credit Agreement?,https://finance.yahoo.com/markets/stocks/articles/myr-group-myrg-bargain-following-091548812.html?.tsrc=rss,Yahoo Finance,"Tue, 22 Sep 2026 09:15:48 +0000",2026-09-22T09:15:48Z
MYRG,Argan vs. MYR Group: Which Power Infrastructure Stock Is a Better Buy?,https://finance.yahoo.com/energy/articles/argan-vs-myr-group-power-150200898.html?.tsrc=rss,Yahoo Finance,"Mon, 21 Sep 2026 15:02:00 +0000",2026-09-21T15:02:00Z
MYRG,Is the Options Market Predicting a Spike in MYR Group Stock?,https://finance.yahoo.com/markets/options/articles/options-market-predicting-spike-myr-155100087.html?.tsrc=rss,Yahoo Finance,"Tue, 15 Sep 2026 15:51:00 +0000",2026-09-15T15:51:00Z
MYRG,MYR Group's Backlog Hits Record in Q2: Can the Growth Trend Continue?,https://finance.yahoo.com/markets/stocks/articles/myr-groups-backlog-hits-record-150500973.html?.tsrc=rss,Yahoo Finance,"Tue, 15 Sep 2026 15:05:00 +0000",2026-09-15T15:05:00Z
ABBV,AbbVie's Telisotuzumab Adizutecan (Temab-A) Receives Two Breakthrough Therapy Designations From the U.S. FDA for CRC and NSCLC,https://finance.yahoo.com/healthcare/articles/abbvies-telisotuzumab-adizutecan-temab-receives-123000666.html?.tsrc=rss,Yahoo Finance,"Wed, 07 Oct 2026 12:30:00 +0000",2026-10-07T12:30:00Z
ABBV,AbbVie (ABBV) Cut Frontline DLBCL Progression Or Death Risk By 51%,https://finance.yahoo.com/healthcare/articles/abbvie-abbv-cut-frontline-dlbcl-051251523.html?.tsrc=rss,Yahoo Finance,"Wed, 07 Oct 2026 05:12:51 +0000",2026-10-07T05:12:51Z
ABBV,AbbVie (ABBV) Pays Out More Than It Earns. How Long Can That Hold?,https://finance.yahoo.com/markets/stocks/articles/abbvie-abbv-pays-more-earns-003331304.html?.tsrc=rss,Yahoo Finance,"Wed, 07 Oct 2026 00:33:15 +0000",2026-10-07T00:33:15Z
STRL,Will Sterling Infrastructure’s New GC Hire Reshape STRL’s Risk Posture as E-Infrastructure Backlog Grows?,https://finance.yahoo.com/markets/stocks/articles/sterling-infrastructure-gc-hire-reshape-171227179.html?.tsrc=rss,Yahoo Finance,"Wed, 07 Oct 2026 17:12:27 +0000",2026-10-07T17:12:27Z
STRL,"Are Construction Stocks Lagging  Sterling Infrastructure, Inc. (STRL) This Year?",https://finance.yahoo.com/markets/stocks/articles/construction-stocks-lagging-sterling-infrastructure-124003559.html?.tsrc=rss,Yahoo Finance,"Wed, 07 Oct 2026 12:40:03 +0000",2026-10-07T12:40:03Z
STRL,Sterling Stock Rebounds 12%: Can Data Center Demand Sustain the Rally?,https://finance.yahoo.com/markets/stocks/articles/sterling-stock-rebounds-12-data-123600809.html?.tsrc=rss,Yahoo Finance,"Wed, 07 Oct 2026 12:36:00 +0000",2026-10-07T12:36:00Z
STRL,All You Need to Know About Sterling Infrastructure (STRL) Rating Upgrade to Buy,https://finance.yahoo.com/markets/stocks/articles/know-sterling-infrastructure-strl-rating-150005905.html?.tsrc=rss,Yahoo Finance,"Tue, 06 Oct 2026 15:00:05 +0000",2026-10-06T15:00:05Z
STRL,Sterling Infrastructure (STRL) Stock Declines While Market Improves: Some Information for Investors,https://finance.yahoo.com/markets/stocks/articles/sterling-infrastructure-strl-stock-declines-204505398.html?.tsrc=rss,Yahoo Finance,"Mon, 05 Oct 2026 20:45:05 +0000",2026-10-05T20:45:05Z
STRL,Can Sterling's Margin Profile Improve as Higher-Margin Work Expands?,https://finance.yahoo.com/markets/stocks/articles/sterlings-margin-profile-improve-higher-141400930.html?.tsrc=rss,Yahoo Finance,"Mon, 05 Oct 2026 14:14:00 +0000",2026-10-05T14:14:00Z
HOOD,"Bitcoin falls below $83,000, dragging down Strategy, Coinbase, and Robinhood stocks",https://finance.yahoo.com/markets/article/bitcoin-falls-below-83000-dragging-down-strategy-coinbase-and-robinhood-stocks-144942149.html?.tsrc=rss,Yahoo Finance,"Wed, 07 Oct 2026 14:49:42 +0000",2026-10-07T14:49:42Z
HOOD,Q2 Financial Technology Earnings: Robinhood (NASDAQ:HOOD) Impresses,https://finance.yahoo.com/markets/stocks/articles/q2-financial-technology-earnings-robinhood-162447504.html?.tsrc=rss,Yahoo Finance,"Wed, 07 Oct 2026 16:24:47 +0000",2026-10-07T16:24:47Z
HOOD,Will State Regulators Slow Robinhood's Prediction-Market Growth?,https://finance.yahoo.com/markets/options/articles/state-regulators-slow-robinhoods-prediction-143800631.html?.tsrc=rss,Yahoo Finance,"Wed, 07 Oct 2026 14:38:00 +0000",2026-10-07T14:38:00Z
HOOD,Robinhood Markets Adds $25 Million Of Bitcoin To Its Balance Sheet,https://www.cryptoprowl.com/releases/robinhood-markets-adds-25-million-of-bitcoin-to-its-balance-sheet-7252?.tsrc=rss,Yahoo Finance,"Wed, 07 Oct 2026 13:46:00 +0000",2026-10-07T13:46:00Z
HOOD,"Webull Sinks 29% as House Panel Calls Its China Ties a National Security Risk; Robinhood Drops 3%, Interactive Brokers Slips",https://247wallst.com/investing/2026/10/07/webull-sinks-29-as-house-panel-calls-its-china-ties-a-national-security-risk-robinhood-drops-3-interactive-brokers-slips/?.tsrc=rss,Yahoo Finance,"Wed, 07 Oct 2026 13:04:07 +0000",2026-10-07T13:04:07Z
HOOD,HOOD Stock Falls Despite Barclays’ Price Target Hike And Robinhood’s $25M BTC Purchase,https://stocktwits.com/news-articles/markets/equity/why-is-hood-stock-down-today-barclays-robinhood-bitcoin/cZDv9jMRBmK?.tsrc=rss,Yahoo Finance,"Wed, 07 Oct 2026 12:15:34 +0000",2026-10-07T12:15:34Z
VEEV,Emerging Biotechs Standardize on Veeva Basics to Accelerate Drug Development,https://finance.yahoo.com/healthcare/articles/emerging-biotechs-standardize-veeva-basics-110300425.html?.tsrc=rss,Yahoo Finance,"Wed, 07 Oct 2026 11:03:00 +0000",2026-10-07T11:03:00Z
VEEV,"Veeva DQS Cleans Data for More Than 1 Million Subjects Across Over 1,000 Studies",https://finance.yahoo.com/healthcare/articles/veeva-dqs-cleans-data-more-110300882.html?.tsrc=rss,Yahoo Finance,"Tue, 06 Oct 2026 11:03:00 +0000",2026-10-06T11:03:00Z
VEEV,Veeva Systems (VEEV) Stock Declines While Market Improves: Some Information for Investors,https://finance.yahoo.com/markets/stocks/articles/veeva-systems-veev-stock-declines-205006326.html?.tsrc=rss,Yahoo Finance,"Thu, 01 Oct 2026 20:50:06 +0000",2026-10-01T20:50:06Z
VEEV,Servier Adopts Veeva OpenData Globally to Scale AI,https://finance.yahoo.com/healthcare/articles/servier-adopts-veeva-opendata-globally-110300460.html?.tsrc=rss,Yahoo Finance,"Wed, 30 Sep 2026 11:03:00 +0000",2026-09-30T11:03:00Z
VEEV,Brokers Suggest Investing in Veeva (VEEV): Read This Before Placing a Bet,https://finance.yahoo.com/markets/stocks/articles/brokers-suggest-investing-veeva-veev-123003001.html?.tsrc=rss,Yahoo Finance,"Tue, 29 Sep 2026 12:30:03 +0000",2026-09-29T12:30:03Z
ISRG,Intuitive Surgical (ISRG) and JNJ Give Jim Cramer More Than Valuation to Consider,https://finance.yahoo.com/markets/stocks/articles/intuitive-surgical-isrg-jnj-jim-212851146.html?.tsrc=rss,Yahoo Finance,"Wed, 07 Oct 2026 21:28:51 +0000",2026-10-07T21:28:51Z
ISRG,Can ISRG's Single-Port Platform Become the Next Billion-Dollar Franchise?,https://finance.yahoo.com/healthcare/articles/isrgs-single-port-platform-become-173100721.html?.tsrc=rss,Yahoo Finance,"Wed, 07 Oct 2026 17:31:00 +0000",2026-10-07T17:31:00Z
ISRG,"Here Are Wednesday’s Top Wall Street Analyst Research Calls: Abbott Laboratories, AppFolio, Delek US Holdings, Flutter Entertainment, Honeywell Aerospace,  Intuitive Surgical, Marvell, NetApp, and More",https://247wallst.com/investing/2026/10/07/here-are-wednesdays-top-wall-street-analyst-research-calls-abbot-laboratories-appfolio-delek-us-holdings-flutter-entertainment-honeywell-aerospace-intuitive-surgical-marvell-netapp/?.tsrc=rss,Yahoo Finance,"Wed, 07 Oct 2026 11:59:32 +0000",2026-10-07T11:59:32Z
ISRG,What Could Lift ISRG Stock?,https://www.trefis.com/articles/617687/what-could-lift-isrg-stock/2026-10-06?.tsrc=rss,Yahoo Finance,"Tue, 06 Oct 2026 14:02:37 +0000",2026-10-06T14:02:37Z
ISRG,Intuitive Surgical (ISRG): Is Its Robotic-Surgery Moat Still Untouchable?,https://finance.yahoo.com/healthcare/articles/intuitive-surgical-isrg-robotic-surgery-010824371.html?.tsrc=rss,Yahoo Finance,"Sat, 03 Oct 2026 01:08:24 +0000",2026-10-03T01:08:24Z
ISRG,Can ISRG Offset China Weakness With Expansion in India and Japan?,https://finance.yahoo.com/healthcare/articles/isrg-offset-china-weakness-expansion-130000683.html?.tsrc=rss,Yahoo Finance,"Fri, 02 Oct 2026 13:00:00 +0000",2026-10-02T13:00:00Z
TMO,Quantum BioPharma (QNTM) Enlists Thermo Fisher's Clinical Research Business to Launch Phase 2 Lucid-MS Trial,https://finance.yahoo.com/healthcare/articles/quantum-biopharma-qntm-enlists-thermo-193000602.html?.tsrc=rss,Yahoo Finance,"Wed, 07 Oct 2026 19:30:00 +0000",2026-10-07T19:30:00Z
TMO,Is This the Right Time to Add TMO Stock to Your Portfolio?,https://finance.yahoo.com/markets/stocks/articles/time-add-tmo-stock-portfolio-124500461.html?.tsrc=rss,Yahoo Finance,"Wed, 07 Oct 2026 12:45:00 +0000",2026-10-07T12:45:00Z
TMO,"Cell-Based Assay & High Content Screening Market Report Reveals Why Technology Is Outpacing the Market, Profiling Thermo Fisher, Roche, Sartorius, Revvity & 50 Other Key Players",https://finance.yahoo.com/healthcare/articles/cell-based-assay-high-content-114600756.html?.tsrc=rss,Yahoo Finance,"Wed, 07 Oct 2026 11:46:00 +0000",2026-10-07T11:46:00Z
TMO,Thermo Fisher Scientific (TMO): Strong Q3 Guidance and Broadening Demand Support Multi-Year Outlook,https://finance.yahoo.com/markets/stocks/articles/thermo-fisher-scientific-tmo-strong-142908160.html?.tsrc=rss,Yahoo Finance,"Tue, 06 Oct 2026 14:29:08 +0000",2026-10-06T14:29:08Z
TMO,Quantum BioPharma Signs Contract with Thermo Fisher Scientific’s Clinical Research Business to Implement Phase 2 Lucid-MS Trial in Multiple Sclerosis,https://finance.yahoo.com/healthcare/articles/quantum-biopharma-signs-contract-thermo-100000238.html?.tsrc=rss,Yahoo Finance,"Tue, 06 Oct 2026 10:00:00 +0000",2026-10-06T10:00:00Z
TMO,EXCLUSIVE: Thermo Fisher To Support Quantum Biopharma in Progressive Multiple Sclerosis Drug Trial,https://finance.yahoo.com/healthcare/articles/exclusive-thermo-fisher-support-quantum-094810803.html?.tsrc=rss,Yahoo Finance,"Tue, 06 Oct 2026 09:48:10 +0000",2026-10-06T09:48:10Z
WTS,"Watts Water Technologies, Inc. Announces Third Quarter 2026 Earnings Release and Conference Call",https://finance.yahoo.com/markets/stocks/articles/watts-water-technologies-inc-announces-203000456.html?.tsrc=rss,Yahoo Finance,"Wed, 07 Oct 2026 20:30:00 +0000",2026-10-07T20:30:00Z
WTS,Watts Water Technologies Announces Retirement of Kenneth R. Lepage and Succession Process,https://finance.yahoo.com/markets/stocks/articles/watts-water-technologies-announces-retirement-130000277.html?.tsrc=rss,Yahoo Finance,"Thu, 01 Oct 2026 13:00:00 +0000",2026-10-01T13:00:00Z
WTS,Watts Water (WTS) Stock May Trade Near Fair Value Despite Record Sales,https://finance.yahoo.com/markets/stocks/articles/watts-water-wts-stock-may-151142765.html?.tsrc=rss,Yahoo Finance,"Mon, 14 Sep 2026 15:11:42 +0000",2026-09-14T15:11:42Z
WTS,Watts Water (WTS) Hits Record Sales While Margins Quietly Slip,https://finance.yahoo.com/markets/stocks/articles/watts-water-wts-hits-record-080707243.html?.tsrc=rss,Yahoo Finance,"Mon, 07 Sep 2026 08:07:07 +0000",2026-09-07T08:07:07Z
WTS,Why Is Watts Water (WTS) Down 5.7% Since Last Earnings Report?,https://finance.yahoo.com/markets/stocks/articles/why-watts-water-wts-down-153010188.html?.tsrc=rss,Yahoo Finance,"Fri, 04 Sep 2026 15:30:10 +0000",2026-09-04T15:30:10Z
WTS,5 Revealing Analyst Questions From Watts Water Technologies’s Q2 Earnings Call,https://finance.yahoo.com/markets/stocks/articles/5-revealing-analyst-questions-watts-035700814.html?.tsrc=rss,Yahoo Finance,"Fri, 14 Aug 2026 03:57:00 +0000",2026-08-14T03:57:00Z
FIGS,FIGS' Pricing Strategy Supports Higher Order Values & Full-Price Sales,https://finance.yahoo.com/markets/stocks/articles/figs-pricing-strategy-supports-higher-151400932.html?.tsrc=rss,Yahoo Finance,"Wed, 07 Oct 2026 15:14:00 +0000",2026-10-07T15:14:00Z
FIGS,Wall Street Analysts Believe Figs (FIGS) Could Rally 28.44%: Here's is How to Trade,https://finance.yahoo.com/markets/stocks/articles/wall-street-analysts-believe-figs-125502648.html?.tsrc=rss,Yahoo Finance,"Wed, 07 Oct 2026 12:55:02 +0000",2026-10-07T12:55:02Z
FIGS,Is FIGS (FIGS) Stock Outpacing Its Retail-Wholesale Peers This Year?,https://finance.yahoo.com/markets/stocks/articles/figs-figs-stock-outpacing-retail-124003724.html?.tsrc=rss,Yahoo Finance,"Fri, 02 Oct 2026 12:40:03 +0000",2026-10-02T12:40:03Z
FIGS,FIGS (FIGS) Stock Could Be 44% Overvalued On Cash Flow Alone,https://finance.yahoo.com/markets/stocks/articles/figs-figs-stock-could-44-160548452.html?.tsrc=rss,Yahoo Finance,"Tue, 29 Sep 2026 16:05:48 +0000",2026-09-29T16:05:48Z
FIGS,FIGS (FIGS) And The Case For A Pullback On A Modest Undervalued View,https://finance.yahoo.com/markets/stocks/articles/figs-figs-case-pullback-modest-020938782.html?.tsrc=rss,Yahoo Finance,"Tue, 29 Sep 2026 02:09:38 +0000",2026-09-29T02:09:38Z
MPWR,Does Monolithic Power Systems Stock's Valuation Make Sense?,https://www.trefis.com/articles/617827/does-monolithic-power-systems-stocks-valuation-make-sense/2026-10-07?.tsrc=rss,Yahoo Finance,"Wed, 07 Oct 2026 20:54:55 +0000",2026-10-07T20:54:55Z
MPWR,Will Monolithic (MPWR) Beat Estimates Again in Its Next Earnings Report?,https://finance.yahoo.com/markets/stocks/articles/monolithic-mpwr-beat-estimates-again-151004846.html?.tsrc=rss,Yahoo Finance,"Wed, 07 Oct 2026 15:10:04 +0000",2026-10-07T15:10:04Z
MPWR,Monolithic Power (MPWR) is a Great Momentum Stock: Should You Buy?,https://finance.yahoo.com/markets/stocks/articles/monolithic-power-mpwr-great-momentum-150002244.html?.tsrc=rss,Yahoo Finance,"Wed, 30 Sep 2026 15:00:02 +0000",2026-09-30T15:00:02Z
MPWR,GLOBALFOUNDRIES (GFS) and Monolithic Power (MPWR) Are Scaling Up. Can the Growth Last?,https://finance.yahoo.com/markets/stocks/articles/globalfoundries-gfs-monolithic-power-mpwr-213506787.html?.tsrc=rss,Yahoo Finance,"Mon, 28 Sep 2026 21:35:06 +0000",2026-09-28T21:35:06Z
MPWR,"Monolithic Power Stock Jumped 8% to $1,380. Its Foundry Deal Is Why the Run Could Hold",https://www.tikr.com/blog/monolithic-power-stock-jumped-8-to-1380-its-foundry-deal-is-why-the-run-could-hold?ref=yahoofinance&.tsrc=rss,Yahoo Finance,"Wed, 23 Sep 2026 14:08:40 +0000",2026-09-23T14:08:40Z
SOFI,SoFi Technologies SMB Lending: Can New Loans Unlock Growth?,https://finance.yahoo.com/small-business/articles/sofi-technologies-smb-lending-loans-155800976.html?.tsrc=rss,Yahoo Finance,"Wed, 07 Oct 2026 15:58:00 +0000",2026-10-07T15:58:00Z
SOFI,"SOFI, AFRM, COF, KLAR, SEZL: Which Consumer Finance Stocks Does Wall Street Like Best Ahead Of Q3 Earnings?",https://stocktwits.com/news-articles/markets/equity/sofi-afrm-cof-klar-sezl-which-consumer-finance-stocks-does-wall-street-like-best-ahead-of-q3-earnings/cZDvbMXRBly?.tsrc=rss,Yahoo Finance,"Wed, 07 Oct 2026 06:11:18 +0000",2026-10-07T06:11:18Z
SOFI,SoFi Technologies And 2 Top Crypto Stocks To Watch,https://finance.yahoo.com/markets/crypto/articles/sofi-technologies-2-top-crypto-051506463.html?.tsrc=rss,Yahoo Finance,"Wed, 07 Oct 2026 05:15:06 +0000",2026-10-07T05:15:06Z
SOFI,SoFi’s Next Growth Engine Could Surprise Wall Street,https://247wallst.com/investing/2026/10/06/sofis-next-growth-engine-could-surprise-wall-street/?.tsrc=rss,Yahoo Finance,"Tue, 06 Oct 2026 17:30:07 +0000",2026-10-06T17:30:07Z
SOFI,"SoFi (SOFI) Grew Revenue 40%, Does That Justify a Premium to Its Sector?",https://finance.yahoo.com/markets/stocks/articles/sofi-sofi-grew-revenue-40-184340654.html?.tsrc=rss,Yahoo Finance,"Mon, 05 Oct 2026 18:43:40 +0000",2026-10-05T18:43:40Z
MTZ,MasTec Plunges 34% in 6 Months: How Should Investors Play the Stock?,https://finance.yahoo.com/markets/stocks/articles/mastec-plunges-34-6-months-133800329.html?.tsrc=rss,Yahoo Finance,"Wed, 07 Oct 2026 13:38:00 +0000",2026-10-07T13:38:00Z
MTZ,Quanta Services vs. MasTec: Is Better Cash Flow Worth a 73% Earnings Premium?,https://finance.yahoo.com/markets/stocks/articles/quanta-services-vs-mastec-better-025458136.html?.tsrc=rss,Yahoo Finance,"Wed, 07 Oct 2026 02:54:58 +0000",2026-10-07T02:54:58Z
MTZ,3 Reasons We Love MasTec (MTZ),https://finance.yahoo.com/markets/stocks/articles/3-reasons-love-mastec-mtz-145634035.html?.tsrc=rss,Yahoo Finance,"Tue, 06 Oct 2026 14:56:34 +0000",2026-10-06T14:56:34Z
MTZ,Does MasTec's 42% EPS Outlook Highlight Its 2026 Growth Story?,https://finance.yahoo.com/markets/stocks/articles/does-mastecs-42-eps-outlook-135600965.html?.tsrc=rss,Yahoo Finance,"Tue, 06 Oct 2026 13:56:00 +0000",2026-10-06T13:56:00Z
MTZ,Can MasTec Lead the Next Infrastructure Investment Cycle?,https://finance.yahoo.com/markets/stocks/articles/mastec-lead-next-infrastructure-investment-165200126.html?.tsrc=rss,Yahoo Finance,"Wed, 30 Sep 2026 16:52:00 +0000",2026-09-30T16:52:00Z
MTZ,MasTec vs. Primoris: Which Infrastructure Stock is the Better Buy?,https://finance.yahoo.com/markets/stocks/articles/mastec-vs-primoris-infrastructure-stock-133700231.html?.tsrc=rss,Yahoo Finance,"Tue, 22 Sep 2026 13:37:00 +0000",2026-09-22T13:37:00Z
DHR,Danaher launching AI-powered autonomous lab for drug discovery,https://qz.com/danaher-ai-autonomous-lab-drug-discovery-100726?.tsrc=rss,Yahoo Finance,"Wed, 07 Oct 2026 14:03:39 +0000",2026-10-07T14:03:39Z
DHR,Danaher stock rises 2% on AI-powered autonomous lab plans,https://finance.yahoo.com/technology/ai/articles/danaher-stock-rises-2-ai-133250307.html?.tsrc=rss,Yahoo Finance,"Wed, 07 Oct 2026 13:32:50 +0000",2026-10-07T13:32:50Z
DHR,Danaher Has Barely Moved in a Year. Is its 25x Earnings Valuation Justified?,https://finance.yahoo.com/markets/stocks/articles/danaher-barely-moved-25x-earnings-192751027.html?.tsrc=rss,Yahoo Finance,"Mon, 05 Oct 2026 19:27:51 +0000",2026-10-05T19:27:51Z
DHR,"Danaher's Multiple Now in Line With Peers, RBC Says",https://finance.yahoo.com/markets/stocks/articles/danaher-apos-multiple-now-line-150555024.html?.tsrc=rss,Yahoo Finance,"Mon, 05 Oct 2026 15:05:55 +0000",2026-10-05T15:05:55Z
DHR,Why Danaher (DHR) Shares Are Trading Lower Today,https://finance.yahoo.com/markets/stocks/articles/why-danaher-dhr-shares-trading-234107988.html?.tsrc=rss,Yahoo Finance,"Thu, 01 Oct 2026 23:41:07 +0000",2026-10-01T23:41:07Z
WMT,Company behind Walmart's favorite toy shuts down major project,https://www.thestreet.com/crypto/retail/company-behind-walmarts-favorite-toy-shuts-down-major-project?.tsrc=rss,Yahoo Finance,"Wed, 07 Oct 2026 23:15:00 +0000",2026-10-07T23:15:00Z
WMT,Walmart gives holiday shoppers a new way to save time,https://www.thestreet.com/retail/walmart-makes-changes-to-make-holiday-shopping-easier?.tsrc=rss,Yahoo Finance,"Wed, 07 Oct 2026 21:02:13 +0000",2026-10-07T21:02:13Z
WMT,"Albertsons, Dollar General can't match Walmart's grocery prices",https://www.thestreet.com/retail/albertsons-dollar-general-walmart-grocery-prices-survey?.tsrc=rss,Yahoo Finance,"Wed, 07 Oct 2026 18:17:00 +0000",2026-10-07T18:17:00Z
WMT,"New Ways to Shop, Holiday Traditions to Keep: Walmart is Ready for the Season",https://finance.yahoo.com/small-business/articles/ways-shop-holiday-traditions-keep-150000336.html?.tsrc=rss,Yahoo Finance,"Wed, 07 Oct 2026 15:00:00 +0000",2026-10-07T15:00:00Z
WMT,Walmart expands drone delivery of groceries and other goods,https://www.grocerydive.com/news/walmart-wing-drone-expansion-denver-seattle/832290/?.tsrc=rss,Yahoo Finance,"Wed, 07 Oct 2026 13:30:16 +0000",2026-10-07T13:30:16Z
WMT,"State Affairs Convenes Inaugural Customer Advisory Board of Government Affairs Leaders From Walmart, Carvana, and Other Major Enterprises",https://finance.yahoo.com/economy/policy/articles/state-affairs-convenes-inaugural-customer-133000548.html?.tsrc=rss,Yahoo Finance,"Wed, 07 Oct 2026 13:30:00 +0000",2026-10-07T13:30:00Z
VITL,Vital Farms (VITL) Rises Higher Than Market: Key Facts,https://finance.yahoo.com/markets/stocks/articles/vital-farms-vitl-rises-higher-210005851.html?.tsrc=rss,Yahoo Finance,"Tue, 06 Oct 2026 21:00:05 +0000",2026-10-06T21:00:05Z
VITL,Vital Farms (VITL) Falls More Steeply Than Broader Market: What Investors Need to Know,https://finance.yahoo.com/markets/stocks/articles/vital-farms-vitl-falls-more-210007727.html?.tsrc=rss,Yahoo Finance,"Thu, 24 Sep 2026 21:00:07 +0000",2026-09-24T21:00:07Z
VITL,"Vital Farms faces egg pricing pressure, says Jefferies",https://www.proactiveinvestors.com/companies/news/1099102/vital-farms-faces-egg-pricing-pressure-says-jefferies-1099102.html?.tsrc=rss,Yahoo Finance,"Thu, 24 Sep 2026 18:12:00 +0000",2026-09-24T18:12:00Z
VITL,Why Vital Farms (VITL) Shares Are Trading Lower Today,https://finance.yahoo.com/markets/stocks/articles/why-vital-farms-vitl-shares-204205024.html?.tsrc=rss,Yahoo Finance,"Wed, 23 Sep 2026 20:42:05 +0000",2026-09-23T20:42:05Z
PRIM,Primoris Services Corporation Provides Business Update,https://finance.yahoo.com/energy/articles/primoris-services-corporation-provides-business-201000061.html?.tsrc=rss,Yahoo Finance,"Mon, 28 Sep 2026 20:10:00 +0000",2026-09-28T20:10:00Z
PRIM,Primoris Services (PRIM) Stock Still Looks Below Fair Value Despite A 205% Run,https://finance.yahoo.com/markets/stocks/articles/primoris-services-prim-stock-still-151413054.html?.tsrc=rss,Yahoo Finance,"Fri, 25 Sep 2026 15:14:13 +0000",2026-09-25T15:14:13Z
PRIM,MasTec vs. Primoris: Which Infrastructure Stock is the Better Buy?,https://finance.yahoo.com/markets/stocks/articles/mastec-vs-primoris-infrastructure-stock-133700231.html?.tsrc=rss,Yahoo Finance,"Tue, 22 Sep 2026 13:37:00 +0000",2026-09-22T13:37:00Z
PRIM,Primoris Services Corporation Announces Appointments of James A. Greer and Oscar K. Brown to Board of Directors,https://finance.yahoo.com/energy/articles/primoris-services-corporation-announces-appointments-201500592.html?.tsrc=rss,Yahoo Finance,"Mon, 31 Aug 2026 20:15:00 +0000",2026-08-31T20:15:00Z
PRIM,Argan vs. Primoris Services: Which Stock Offers More Growth Potential?,https://finance.yahoo.com/markets/stocks/articles/argan-vs-primoris-services-stock-135300218.html?.tsrc=rss,Yahoo Finance,"Tue, 25 Aug 2026 13:53:00 +0000",2026-08-25T13:53:00Z
TOST,"New Toast IQ Team and Expanded Toast IQ Grow Help Businesses Drive Profits, Attract Guests, and Manage Labor",https://finance.yahoo.com/small-business/articles/toast-iq-team-expanded-toast-120000895.html?.tsrc=rss,Yahoo Finance,"Tue, 06 Oct 2026 12:00:00 +0000",2026-10-06T12:00:00Z
TOST,Toast (TOST) Outperforms Broader Market: What You Need to Know,https://finance.yahoo.com/markets/stocks/articles/toast-tost-outperforms-broader-market-205004158.html?.tsrc=rss,Yahoo Finance,"Fri, 02 Oct 2026 20:50:04 +0000",2026-10-02T20:50:04Z
TOST,TOST Stock Gets A DoorDash AI Test: Jefferies Breaks Down Where DashOS Could Pressure Toast,https://stocktwits.com/news-articles/markets/equity/tost-stock-gets-a-door-dash-ai-test-jefferies-breaks-down-where-dash-os-could-pressure-toast/cZDiuaZRBLz?.tsrc=rss,Yahoo Finance,"Thu, 01 Oct 2026 05:48:20 +0000",2026-10-01T05:48:20Z
TOST,Toast (TOST) Falls More Steeply Than Broader Market: What Investors Need to Know,https://finance.yahoo.com/markets/stocks/articles/toast-tost-falls-more-steeply-210006578.html?.tsrc=rss,Yahoo Finance,"Wed, 30 Sep 2026 21:00:06 +0000",2026-09-30T21:00:06Z
TOST,"Introducing Toast Fuel, Powering Convenience Stores From the Counter to the Pump",https://finance.yahoo.com/technology/articles/introducing-toast-fuel-powering-convenience-120000258.html?.tsrc=rss,Yahoo Finance,"Tue, 29 Sep 2026 12:00:00 +0000",2026-09-29T12:00:00Z
TOST,"Sprout Social, Tenable, AppLovin, Toast, and Braze Shares Skyrocket, What You Need To Know",https://finance.yahoo.com/markets/stocks/articles/sprout-social-tenable-applovin-toast-234700146.html?.tsrc=rss,Yahoo Finance,"Mon, 05 Oct 2026 23:47:00 +0000",2026-10-05T23:47:00Z
PTGX,Protagonist Therapeutics Announces $300 Million Share Repurchase Program,https://finance.yahoo.com/healthcare/articles/protagonist-therapeutics-announces-300-million-200500093.html?.tsrc=rss,Yahoo Finance,"Tue, 08 Sep 2026 20:05:00 +0000",2026-09-08T20:05:00Z
PTGX,Protagonist (PTGX) Swings To A Profit As Two Drugs Near Blockbuster Status,https://finance.yahoo.com/healthcare/articles/protagonist-ptgx-swings-profit-two-125554207.html?.tsrc=rss,Yahoo Finance,"Sun, 06 Sep 2026 12:55:54 +0000",2026-09-06T12:55:54Z
PTGX,MIMRYLO Approval Triggered $275M Payments for Protagonist (PTGX). Are Royalties the Better Commercial Model?,https://finance.yahoo.com/healthcare/articles/mimrylo-approval-triggered-275m-payments-161422910.html?.tsrc=rss,Yahoo Finance,"Fri, 04 Sep 2026 16:14:22 +0000",2026-09-04T16:14:22Z
PTGX,The Bull Case For Protagonist Therapeutics (PTGX) Could Change Following FDA Approval Of MIMRYLO And Takeda Milestones,https://finance.yahoo.com/healthcare/articles/bull-case-protagonist-therapeutics-ptgx-121429906.html?.tsrc=rss,Yahoo Finance,"Tue, 01 Sep 2026 12:14:29 +0000",2026-09-01T12:14:29Z
PTGX,Protagonist Therapeutics (PTGX) Could Be 63% Below Fair Value After Investor Update Call,https://finance.yahoo.com/markets/stocks/articles/protagonist-therapeutics-ptgx-could-63-081356651.html?.tsrc=rss,Yahoo Finance,"Tue, 01 Sep 2026 08:13:56 +0000",2026-09-01T08:13:56Z
PTGX,Protagonist Wins FDA Approval for MIMRYLO in Rare Blood Cancer Treatment,https://www.marketbeat.com/instant-alerts/event-protagonist-wins-fda-approval-for-mimrylo-in-rare-blood-cancer-treatment-2026-08-31/?utm_source=yahoofinance&utm_medium=yahoofinance&.tsrc=rss,Yahoo Finance,"Mon, 31 Aug 2026 18:02:09 +0000",2026-08-31T18:02:09Z
ATI,ATI (ATI) Registers a Bigger Fall Than the Market: Important Facts to Note,https://finance.yahoo.com/markets/stocks/articles/ati-ati-registers-bigger-fall-211502920.html?.tsrc=rss,Yahoo Finance,"Wed, 07 Oct 2026 21:15:02 +0000",2026-10-07T21:15:02Z
ATI,Is ATI Positioned to Sustain Strong Free Cash Flow Growth?,https://finance.yahoo.com/markets/stocks/articles/ati-positioned-sustain-strong-free-131900379.html?.tsrc=rss,Yahoo Finance,"Tue, 29 Sep 2026 13:19:00 +0000",2026-09-29T13:19:00Z
ATI,"ATI to host Investor Day on November 12, 2026",https://finance.yahoo.com/markets/stocks/articles/ati-host-investor-day-november-205500242.html?.tsrc=rss,Yahoo Finance,"Mon, 28 Sep 2026 20:55:00 +0000",2026-09-28T20:55:00Z
ATI,ATI (ATI) Upgraded to Strong Buy: Here's Why,https://finance.yahoo.com/markets/stocks/articles/ati-ati-upgraded-strong-buy-150005191.html?.tsrc=rss,Yahoo Finance,"Fri, 25 Sep 2026 15:00:05 +0000",2026-09-25T15:00:05Z
ATI,"ATI Senior VP Timothy Harris Sells 16,500 Shares",https://www.fool.com/coverage/filings/2026/09/23/ati-senior-vp-timothy-harris-sells-16-500-shares/?.tsrc=rss,Yahoo Finance,"Wed, 23 Sep 2026 18:15:01 +0000",2026-09-23T18:15:01Z
ATI,Is ATI Positioned for Further Adjusted EBITDA Improvement?,https://finance.yahoo.com/markets/stocks/articles/ati-positioned-further-adjusted-ebitda-150200787.html?.tsrc=rss,Yahoo Finance,"Wed, 23 Sep 2026 15:02:00 +0000",2026-09-23T15:02:00Z
PLNT,North Texas Woman Sues Planet Fitness Operators After Being Secretly Videotaped While Nude,https://finance.yahoo.com/media-advertising/articles/north-texas-woman-sues-planet-154600884.html?.tsrc=rss,Yahoo Finance,"Wed, 07 Oct 2026 15:46:00 +0000",2026-10-07T15:46:00Z
PLNT,Planet Fitness COO Dumps 23% of His Direct Equity Stake After the Stock Crashed,https://www.fool.com/coverage/filings/2026/09/30/planet-fitness-coo-dumps-23-of-his-direct-equity-stake-after-the-stock-crashed/?.tsrc=rss,Yahoo Finance,"Thu, 01 Oct 2026 00:12:25 +0000",2026-10-01T00:12:25Z
PLNT,Planet Fitness (PLNT) Stock May Sit Below Fair Value As Earnings Reset,https://finance.yahoo.com/markets/stocks/articles/planet-fitness-plnt-stock-may-181309452.html?.tsrc=rss,Yahoo Finance,"Thu, 24 Sep 2026 18:13:09 +0000",2026-09-24T18:13:09Z
PLNT,How Meta’s Muse Threatens ‘Ghost Members’ at Planet Fitness as PLNT Stock Plunges,https://www.barchart.com/story/news/4783962/how-metas-muse-threatens-ghost-members-at-planet-fitness-as-plnt-stock-plunges?.tsrc=rss,Yahoo Finance,"Thu, 24 Sep 2026 17:08:45 +0000",2026-09-24T17:08:45Z
WDAY,Why Workday (WDAY) Dipped More Than Broader Market Today,https://finance.yahoo.com/markets/stocks/articles/why-workday-wday-dipped-more-205004086.html?.tsrc=rss,Yahoo Finance,"Wed, 07 Oct 2026 20:50:04 +0000",2026-10-07T20:50:04Z
WDAY,Auditoria expands governed Cash Cycle autonomy for Workday finance customers,https://finance.yahoo.com/technology/ai/articles/auditoria-expands-governed-cash-cycle-120000397.html?.tsrc=rss,Yahoo Finance,"Tue, 06 Oct 2026 12:00:00 +0000",2026-10-06T12:00:00Z
WDAY,Workday Global Workforce Report: AI Is Rewriting Jobs More Than It's Cutting Them,https://finance.yahoo.com/technology/ai/articles/workday-global-workforce-report-ai-131000046.html?.tsrc=rss,Yahoo Finance,"Mon, 05 Oct 2026 13:10:00 +0000",2026-10-05T13:10:00Z
WDAY,Guild Achieves Workday Certified Integration Status to Simplify Workforce Data Connectivity,https://finance.yahoo.com/small-business/articles/guild-achieves-workday-certified-integration-130000577.html?.tsrc=rss,Yahoo Finance,"Mon, 05 Oct 2026 13:00:00 +0000",2026-10-05T13:00:00Z
WDAY,Workday Plans to Cut 2.5% of Its Workforce and Revise Its Margin Outlook. How Investors Should View the Move.,https://www.barchart.com/story/news/4927936/workday-plans-to-cut-2-5-of-its-workforce-and-revise-its-margin-outlook-how-investors-should-view-the-move?.tsrc=rss,Yahoo Finance,"Fri, 02 Oct 2026 12:42:01 +0000",2026-10-02T12:42:01Z
WING,Why Is Wingstop (WING) Stock Soaring Today,https://finance.yahoo.com/markets/stocks/articles/why-wingstop-wing-stock-soaring-232034399.html?.tsrc=rss,Yahoo Finance,"Tue, 06 Oct 2026 23:20:34 +0000",2026-10-06T23:20:34Z
WING,"Wingstop (WING): Buy, Sell, or Hold Post Q2 Earnings?",https://finance.yahoo.com/markets/stocks/articles/wingstop-wing-buy-sell-hold-150913979.html?.tsrc=rss,Yahoo Finance,"Wed, 30 Sep 2026 15:09:13 +0000",2026-09-30T15:09:13Z
WING,Wingstop (WING) Gains As Market Dips: What You Should Know,https://finance.yahoo.com/markets/stocks/articles/wingstop-wing-gains-market-dips-210005612.html?.tsrc=rss,Yahoo Finance,"Mon, 28 Sep 2026 21:00:05 +0000",2026-09-28T21:00:05Z
WING,Wingstop (WING) Stock Moves -4.61%: What You Should Know,https://finance.yahoo.com/markets/stocks/articles/wingstop-wing-stock-moves-4-220008717.html?.tsrc=rss,Yahoo Finance,"Tue, 22 Sep 2026 22:00:08 +0000",2026-09-22T22:00:08Z
WING,Wingstop Announces the Game Day Punch Card,https://finance.yahoo.com/media-advertising/articles/wingstop-announces-game-day-punch-113000532.html?.tsrc=rss,Yahoo Finance,"Tue, 22 Sep 2026 11:30:00 +0000",2026-09-22T11:30:00Z
WING,Wingstop (WING) Rolls Out Lemon Pepper Trio With A Scarce Wing Pass,https://finance.yahoo.com/markets/stocks/articles/wingstop-wing-rolls-lemon-pepper-071344211.html?.tsrc=rss,Yahoo Finance,"Sun, 20 Sep 2026 07:13:44 +0000",2026-09-20T07:13:44Z
DOCU,Productivity Software Stocks Q2 Highlights: DocuSign (NASDAQ:DOCU),https://finance.yahoo.com/markets/stocks/articles/productivity-software-stocks-q2-highlights-172858081.html?.tsrc=rss,Yahoo Finance,"Thu, 24 Sep 2026 17:28:58 +0000",2026-09-24T17:28:58Z
DOCU,Investors Heavily Search Docusign Inc. (DOCU): Here is What You Need to Know,https://finance.yahoo.com/markets/stocks/articles/investors-heavily-search-docusign-inc-120005393.html?.tsrc=rss,Yahoo Finance,"Thu, 24 Sep 2026 12:00:05 +0000",2026-09-24T12:00:05Z
DOCU,"DocuSign President Sells 14,676 Shares",https://www.fool.com/coverage/filings/2026/09/23/docusign-president-sells-14-676-shares/?.tsrc=rss,Yahoo Finance,"Wed, 23 Sep 2026 13:03:01 +0000",2026-09-23T13:03:01Z
DOCU,"Stocks making big moves this week: Sabre, DocuSign, Dave & Buster's, RUM Group, and Axon",https://finance.yahoo.com/markets/stocks/articles/stocks-making-big-moves-week-220840214.html?.tsrc=rss,Yahoo Finance,"Fri, 18 Sep 2026 22:08:40 +0000",2026-09-18T22:08:40Z
DOCU,Is Docusign Stock Worth Buying as IAM Growth Meets Liquidity Risks?,https://finance.yahoo.com/markets/stocks/articles/docusign-stock-worth-buying-iam-144300607.html?.tsrc=rss,Yahoo Finance,"Thu, 17 Sep 2026 14:43:00 +0000",2026-09-17T14:43:00Z
AMD,Is Advanced Micro Devices Inc. (AMD) Right to Bet $8.2 Billion on the Future of Physical AI?,https://finance.yahoo.com/technology/ai/articles/advanced-micro-devices-inc-amd-200037322.html?.tsrc=rss,Yahoo Finance,"Wed, 07 Oct 2026 20:00:37 +0000",2026-10-07T20:00:37Z
AMD,"AMD’s Lisa Su Visits South Korea, Reportedly Discusses AI Collaboration With Samsung, SK Hynix",https://stocktwits.com/news-articles/markets/equity/amd-s-lisa-su-visits-south-korea-discusses-collaboration-with-samsung-sk-hynix/cZDvZrcRBZe?.tsrc=rss,Yahoo Finance,"Wed, 07 Oct 2026 19:54:54 +0000",2026-10-07T19:54:54Z
AMD,"Top Stock Reports for AMD, Palo Alto & ConocoPhillips",https://finance.yahoo.com/markets/stocks/articles/top-stock-reports-amd-palo-190500864.html?.tsrc=rss,Yahoo Finance,"Wed, 07 Oct 2026 19:05:00 +0000",2026-10-07T19:05:00Z
AMD,Citi’s Price Target Boost Lifts AMD Shares. The Momentum Isn’t Stopping Anytime Soon for AMD Stock.,https://www.barchart.com/story/news/5011968/citis-price-target-boost-lifts-amd-shares-the-momentum-isnt-stopping-anytime-soon-for-amd-stock?.tsrc=rss,Yahoo Finance,"Wed, 07 Oct 2026 17:59:05 +0000",2026-10-07T17:59:05Z
AMD,Advanced Micro Devices (AMD) Stock Sees Modest Fair Value Lift As AI Analysts Rework Targets,https://finance.yahoo.com/technology/ai/articles/advanced-micro-devices-amd-stock-151220023.html?.tsrc=rss,Yahoo Finance,"Wed, 07 Oct 2026 15:12:20 +0000",2026-10-07T15:12:20Z
MCD,Why Sozzi just added McDonald's to the 'Wall of Underperformers',https://finance.yahoo.com/video/why-sozzi-just-added-mcdonalds-to-the-wall-of-underperformers-141102739.html?.tsrc=rss,Yahoo Finance,"Wed, 07 Oct 2026 14:11:02 +0000",2026-10-07T14:11:02Z
MCD,McDonald's franchisees are pushing back against costly upgrades. What's going on?,https://finance.yahoo.com/video/mcdonalds-franchisees-pushing-back-against-135943547.html?.tsrc=rss,Yahoo Finance,"Wed, 07 Oct 2026 13:59:43 +0000",2026-10-07T13:59:43Z
MCD,McDonald’s sued over alleged AI-powered menu price-fixing,https://www.usatoday.com/story/money/2026/10/07/mcdonalds-ai-menu-pricing-tool-sparks-class-action-lawsuit/92138910007/?.tsrc=rss,Yahoo Finance,"Wed, 07 Oct 2026 20:39:47 +0000",2026-10-07T20:39:47Z
MCD,Can the PlayPlace Actually Save McDonald's?,https://thehustle.videonest.co/videos/2244503/can-the-playplace-actually-save-mcdonald-s-pEUhTI53XW?.tsrc=rss,Yahoo Finance,"Wed, 07 Oct 2026 18:34:45 +0000",2026-10-07T18:34:45Z
MCD,What Is McDonald's (MCD) Signaling With Its Faster Dividend And New US Chief?,https://finance.yahoo.com/markets/stocks/articles/mcdonalds-mcd-signaling-faster-dividend-181454020.html?.tsrc=rss,Yahoo Finance,"Wed, 07 Oct 2026 18:14:54 +0000",2026-10-07T18:14:54Z
MCD,McDonald's Hit With Class Action Lawsuit. Fast Food Giant Accused of Using AI-Powered Menu Price-Fixing,https://www.ibtimes.com/mcdonalds-hit-class-action-lawsuit-fast-food-giant-accused-using-ai-powered-menu-price-fixing-3808314?.tsrc=rss,Yahoo Finance,"Wed, 07 Oct 2026 15:31:04 +0000",2026-10-07T15:31:04Z
CALM,"Cal-Maine points to egg supply, demand rebalance",https://www.supplychaindive.com/news/cal-maine-points-to-egg-supply-demand-rebalance/832069/?.tsrc=rss,Yahoo Finance,"Tue, 06 Oct 2026 14:21:28 +0000",2026-10-06T14:21:28Z
CALM,Is Cal-Maine’s (CALM) Egg Slump Already Priced Into the Stock?,https://finance.yahoo.com/markets/stocks/articles/cal-maine-calm-egg-slump-173044255.html?.tsrc=rss,Yahoo Finance,"Sun, 04 Oct 2026 17:30:44 +0000",2026-10-04T17:30:44Z
CALM,"Should Cal-Maine’s Q1 Loss, Dividend Pause and Shift Toward Specialty Eggs Require Action From CALM Investors?",https://finance.yahoo.com/markets/stocks/articles/cal-maine-q1-loss-dividend-141306759.html?.tsrc=rss,Yahoo Finance,"Fri, 02 Oct 2026 14:13:06 +0000",2026-10-02T14:13:06Z
CALM,Cal-Maine Foods (CALM) Stock May Be Overvalued Despite Q1 Loss,https://finance.yahoo.com/markets/stocks/articles/cal-maine-foods-calm-stock-070713536.html?.tsrc=rss,Yahoo Finance,"Fri, 02 Oct 2026 07:07:13 +0000",2026-10-02T07:07:13Z
CALM,"Cal-Maine Foods (CALM) Dropped, So What Is Behind The Latest Attention?",https://finance.yahoo.com/markets/stocks/articles/cal-maine-foods-calm-dropped-042409801.html?.tsrc=rss,Yahoo Finance,"Fri, 02 Oct 2026 04:24:09 +0000",2026-10-02T04:24:09Z
CALM,Cal-Maine Foods Shares Edge Lower After First-Quarter Loss and Revenue Miss,https://investorshub.advfn.com/market-news/article/37318/cal-maine-foods-shares-edge-lower-after-first-quarter-loss-and-revenue-miss?.tsrc=rss,Yahoo Finance,"Thu, 01 Oct 2026 13:27:28 +0000",2026-10-01T13:27:28Z
MITK,Wall Street Analysts See a 27.25% Upside in Mitek Systems (MITK): Can the Stock Really Move This High?,https://finance.yahoo.com/markets/stocks/articles/wall-street-analysts-see-27-135502343.html?.tsrc=rss,Yahoo Finance,"Mon, 07 Sep 2026 13:55:02 +0000",2026-09-07T13:55:02Z
MITK,Here's What Could Help Mitek Systems (MITK) Maintain Its Recent Price Strength,https://finance.yahoo.com/markets/stocks/articles/heres-could-help-mitek-systems-125502553.html?.tsrc=rss,Yahoo Finance,"Mon, 07 Sep 2026 12:55:02 +0000",2026-09-07T12:55:02Z
MITK,Mitek Takes All Top 3 Image Category Spots in Prestigious Independent Face Liveness Detection Competition,https://finance.yahoo.com/technology/ai/articles/mitek-takes-top-3-image-201500022.html?.tsrc=rss,Yahoo Finance,"Wed, 02 Sep 2026 20:15:00 +0000",2026-09-02T20:15:00Z
MITK,Mitek Systems (MITK) is a Great Momentum Stock: Should You Buy?,https://finance.yahoo.com/markets/stocks/articles/mitek-systems-mitk-great-momentum-160002680.html?.tsrc=rss,Yahoo Finance,"Tue, 01 Sep 2026 16:00:02 +0000",2026-09-01T16:00:02Z
MITK,What Makes Mitek Systems (MITK) a Good Fit for 'Trend Investing',https://finance.yahoo.com/markets/stocks/articles/makes-mitek-systems-mitk-good-125501809.html?.tsrc=rss,Yahoo Finance,"Thu, 20 Aug 2026 12:55:01 +0000",2026-08-20T12:55:01Z
ORN,Orion Group Holdings Announces Conference Participation,https://finance.yahoo.com/markets/stocks/articles/orion-group-holdings-announces-conference-120100504.html?.tsrc=rss,Yahoo Finance,"Tue, 22 Sep 2026 12:01:00 +0000",2026-09-22T12:01:00Z
ORN,Orion Group Q2 Earnings Call Highlights,https://www.marketbeat.com/instant-alerts/orion-group-q2-earnings-call-highlights-2026-07-30/?utm_source=yahoofinance&utm_medium=yahoofinance&.tsrc=rss,Yahoo Finance,"Thu, 30 Jul 2026 06:03:55 +0000",2026-07-30T06:03:55Z
ORN,Orion Group Holdings Inc (ORN) Q2 2026 Earnings Call Highlights: Navigating Challenges with ...,https://finance.yahoo.com/markets/stocks/articles/orion-group-holdings-inc-orn-210053014.html?.tsrc=rss,Yahoo Finance,"Wed, 29 Jul 2026 21:00:53 +0000",2026-07-29T21:00:53Z
ORN,Can Orion's Mission-Critical Projects Fuel Shareholder Gains?,https://finance.yahoo.com/markets/stocks/articles/orions-mission-critical-projects-fuel-143500651.html?.tsrc=rss,Yahoo Finance,"Wed, 15 Jul 2026 14:35:00 +0000",2026-07-15T14:35:00Z
ORN,Is Orion's 63% Rally in a Year Fully Priced in Its Growth Story?,https://finance.yahoo.com/markets/stocks/articles/orions-63-rally-fully-priced-162600267.html?.tsrc=rss,Yahoo Finance,"Mon, 13 Jul 2026 16:26:00 +0000",2026-07-13T16:26:00Z
ROAD,Can Construction Partners' Texas Acquisition Expand Its Abilene Reach?,https://finance.yahoo.com/real-estate/articles/construction-partners-texas-acquisition-expand-145100957.html?.tsrc=rss,Yahoo Finance,"Tue, 06 Oct 2026 14:51:00 +0000",2026-10-06T14:51:00Z
ROAD,"Construction Partners, Inc. Completes Texas Acquisition",https://finance.yahoo.com/markets/stocks/articles/construction-partners-inc-completes-texas-131500110.html?.tsrc=rss,Yahoo Finance,"Mon, 05 Oct 2026 13:15:00 +0000",2026-10-05T13:15:00Z
ROAD,Unpacking Q2 Earnings: Construction Partners (NASDAQ:ROAD) In The Context Of Other Construction and Maintenance Services Stocks,https://finance.yahoo.com/markets/stocks/articles/unpacking-q2-earnings-construction-partners-194203108.html?.tsrc=rss,Yahoo Finance,"Fri, 02 Oct 2026 19:42:03 +0000",2026-10-02T19:42:03Z
ROAD,Construction Partners (ROAD) Expands in Florida. Can a Stronger Local Network Lift Profits?,https://finance.yahoo.com/markets/stocks/articles/construction-partners-road-expands-florida-064146379.html?.tsrc=rss,Yahoo Finance,"Mon, 28 Sep 2026 06:41:46 +0000",2026-09-28T06:41:46Z
ROAD,"Construction Partners (ROAD) Stock Dropped, So What Is Driving Attention Now?",https://finance.yahoo.com/markets/stocks/articles/construction-partners-road-stock-dropped-221419875.html?.tsrc=rss,Yahoo Finance,"Wed, 23 Sep 2026 22:14:19 +0000",2026-09-23T22:14:19Z
ROAD,Construction Partners Expands Florida Presence With Roads Acquisition,https://finance.yahoo.com/markets/stocks/articles/construction-partners-expands-florida-presence-135100512.html?.tsrc=rss,Yahoo Finance,"Tue, 22 Sep 2026 13:51:00 +0000",2026-09-22T13:51:00Z
COST,Costco Wholesale Corporation Reports September Sales Results,https://finance.yahoo.com/markets/stocks/articles/costco-wholesale-corporation-reports-september-201500827.html?.tsrc=rss,Yahoo Finance,"Wed, 07 Oct 2026 20:15:00 +0000",2026-10-07T20:15:00Z
COST,Costco Stock Could Surprise Investors Over the Next Several Years,https://247wallst.com/investing/2026/10/07/costco-stock-could-surprise-investors-over-the-next-several-years/?.tsrc=rss,Yahoo Finance,"Wed, 07 Oct 2026 17:30:15 +0000",2026-10-07T17:30:15Z
COST,Costco brings back Disneyland ticket deal that could save hundreds,https://www.thestreet.com/travel/costco-disneyland-ticket-deal-2026?.tsrc=rss,Yahoo Finance,"Wed, 07 Oct 2026 16:17:00 +0000",2026-10-07T16:17:00Z
COST,"Which Retailers Do AI Agents Cite the Most? Yeah, you guessed it, Walmart and Costco.",https://finance.yahoo.com/m/52a030b2-e081-33e3-8656-e0e62c0a19ca/which-retailers-do-ai-agents.html?.tsrc=rss,Yahoo Finance,"Tue, 06 Oct 2026 18:19:00 +0000",2026-10-06T18:19:00Z
COST,Costco's Cash Pile Keeps Building. Could a Special Dividend Come in the Final 3 Months of the Year?,https://www.fool.com/investing/2026/10/06/costcos-cash-pile-keeps-building-could-a-special-d/?.tsrc=rss,Yahoo Finance,"Tue, 06 Oct 2026 17:27:00 +0000",2026-10-06T17:27:00Z
COST,"Should You Invest $1,000 in Costco Stock in October?",https://www.fool.com/investing/2026/10/06/should-you-invest-1000-in-costco-stock-in-october/?.tsrc=rss,Yahoo Finance,"Tue, 06 Oct 2026 09:50:00 +0000",2026-10-06T09:50:00Z
BMRN,BioMarin Appoints Cara Bauer as Chief People Officer,https://finance.yahoo.com/healthcare/articles/biomarin-appoints-cara-bauer-chief-200500475.html?.tsrc=rss,Yahoo Finance,"Mon, 05 Oct 2026 20:05:00 +0000",2026-10-05T20:05:00Z
BMRN,BioMarin Announces Five-Year Phase 3 Data for POMBILITI® (cipaglucosidase alfa-atga) + OPFOLDA® (miglustat) at World Muscle Society Annual Congress,https://finance.yahoo.com/healthcare/articles/biomarin-announces-five-phase-3-150000636.html?.tsrc=rss,Yahoo Finance,"Fri, 02 Oct 2026 15:00:00 +0000",2026-10-02T15:00:00Z
BMRN,The Strategic Financial Case for BioMarin Pharmaceutical (BMRN),https://finance.yahoo.com/healthcare/articles/strategic-financial-case-biomarin-pharmaceutical-135342351.html?.tsrc=rss,Yahoo Finance,"Thu, 01 Oct 2026 13:53:42 +0000",2026-10-01T13:53:42Z
BMRN,BioMarin and Profluent partner on AI-designed enzyme therapies,https://www.pharmaceutical-technology.com/news/biomarin-profluent-ai-enzyme-therapies/?.tsrc=rss,Yahoo Finance,"Thu, 01 Oct 2026 09:36:27 +0000",2026-10-01T09:36:27Z
BMRN,Profluent Partners With BioMarin to Design Novel Medicines Using AI,https://finance.yahoo.com/healthcare/articles/profluent-partners-biomarin-design-novel-110000458.html?.tsrc=rss,Yahoo Finance,"Wed, 30 Sep 2026 11:00:00 +0000",2026-09-30T11:00:00Z
ON,ON Semiconductor Corporation (ON) is Attracting Investor Attention: Here is What You Should Know,https://finance.yahoo.com/markets/stocks/articles/semiconductor-corporation-attracting-investor-attention-120003322.html?.tsrc=rss,Yahoo Finance,"Wed, 07 Oct 2026 12:00:03 +0000",2026-10-07T12:00:03Z
ON,Why On Semiconductor Is Betting Big on AI Power and What Its $5.7 Billion Bet Means for ON Stock,https://www.barchart.com/story/news/4977814/why-on-semiconductor-is-betting-big-on-ai-power-and-what-its-5-7-billion-bet-means-for-on-stock?.tsrc=rss,Yahoo Finance,"Tue, 06 Oct 2026 10:37:20 +0000",2026-10-06T10:37:20Z
ON,Why ON Semiconductor Corp. (ON) Outpaced the Stock Market Today,https://finance.yahoo.com/markets/stocks/articles/why-semiconductor-corp-outpaced-stock-205005646.html?.tsrc=rss,Yahoo Finance,"Mon, 05 Oct 2026 20:50:05 +0000",2026-10-05T20:50:05Z
UPST,Credit Union of Denver Partners with Upstart to Expand Access to Personal Lending,https://finance.yahoo.com/small-business/articles/credit-union-denver-partners-upstart-130000739.html?.tsrc=rss,Yahoo Finance,"Wed, 07 Oct 2026 13:00:00 +0000",2026-10-07T13:00:00Z
UPST,"Upstart Holdings, Inc. (UPST) Stock Sinks As Market Gains: Here's Why",https://finance.yahoo.com/markets/stocks/articles/upstart-holdings-inc-upst-stock-210004741.html?.tsrc=rss,Yahoo Finance,"Tue, 06 Oct 2026 21:00:04 +0000",2026-10-06T21:00:04Z
UPST,"Upstart to Announce Third Quarter 2026 Results on November 3, 2026",https://finance.yahoo.com/technology/ai/articles/upstart-announce-third-quarter-2026-200500644.html?.tsrc=rss,Yahoo Finance,"Tue, 06 Oct 2026 20:05:00 +0000",2026-10-06T20:05:00Z
UPST,"Stocks making big moves yesterday: Harley-Davidson, Illumina, TechnipFMC, Upstart, and DraftKings",https://finance.yahoo.com/markets/stocks/articles/stocks-making-big-moves-yesterday-192834933.html?.tsrc=rss,Yahoo Finance,"Tue, 06 Oct 2026 19:28:34 +0000",2026-10-06T19:28:34Z
UPST,Does Upstart (UPST) Expanding Credit Union HELOCs Reveal a Durable Edge in AI Lending Platforms?,https://finance.yahoo.com/markets/stocks/articles/does-upstart-upst-expanding-credit-020747293.html?.tsrc=rss,Yahoo Finance,"Tue, 06 Oct 2026 02:07:47 +0000",2026-10-06T02:07:47Z
UPST,Why Is Upstart (UPST) Stock Soaring Today,https://finance.yahoo.com/markets/stocks/articles/why-upstart-upst-stock-soaring-001900183.html?.tsrc=rss,Yahoo Finance,"Tue, 06 Oct 2026 00:19:00 +0000",2026-10-06T00:19:00Z
ROKU,"Roku, Inc. (ROKU) is Attracting Investor Attention: Here is What You Should Know",https://finance.yahoo.com/markets/stocks/articles/roku-inc-roku-attracting-investor-120002506.html?.tsrc=rss,Yahoo Finance,"Tue, 06 Oct 2026 12:00:02 +0000",2026-10-06T12:00:02Z
ROKU,"Roku's CFO Sells 7,000 Shares for $1.1 Million as the DOJ Extends Its Review of the Fox Acquisition",https://www.fool.com/coverage/filings/2026/09/30/roku-s-cfo-sells-7-000-shares-for-usd1-1-million-as-the-doj-extends-its-review-of-the-fox-acquisition/?.tsrc=rss,Yahoo Finance,"Wed, 30 Sep 2026 19:58:55 +0000",2026-09-30T19:58:55Z
ROKU,Roku Stock Slips 3% as the DOJ Extends Its Review of the $22 Billion Fox Deal,https://www.tikr.com/blog/roku-stock-slips-3-as-the-doj-extends-its-review-of-the-22-billion-fox-deal?ref=yahoofinance&.tsrc=rss,Yahoo Finance,"Wed, 30 Sep 2026 18:14:49 +0000",2026-09-30T18:14:49Z
ROKU,Roku Stock Is Up 40% in 2026. Here’s What Backs It If the Fox Deal Breaks,https://www.tikr.com/blog/roku-stock-is-up-40-in-2026-heres-what-backs-it-if-the-fox-deal-breaks?ref=yahoofinance&.tsrc=rss,Yahoo Finance,"Wed, 30 Sep 2026 12:38:41 +0000",2026-09-30T12:38:41Z
YEXT,Yext Announces Multiplayer Agent Harness Purpose-built for Marketing Growth,https://finance.yahoo.com/technology/ai/articles/yext-announces-multiplayer-agent-harness-120000987.html?.tsrc=rss,Yahoo Finance,"Wed, 30 Sep 2026 12:00:00 +0000",2026-09-30T12:00:00Z
YEXT,Are Investors Undervaluing Yext (YEXT) Right Now?,https://finance.yahoo.com/markets/stocks/articles/investors-undervaluing-yext-yext-now-134005202.html?.tsrc=rss,Yahoo Finance,"Wed, 23 Sep 2026 13:40:05 +0000",2026-09-23T13:40:05Z
YEXT,Yext (YEXT) Reports a 31% Adjusted EBITDA Margin as Revenue Contracts. Can Enterprise Retention Restore Growth?,https://finance.yahoo.com/markets/stocks/articles/yext-yext-reports-31-adjusted-034936612.html?.tsrc=rss,Yahoo Finance,"Wed, 09 Sep 2026 03:49:36 +0000",2026-09-09T03:49:36Z
YEXT,Earnings Estimates Rising for Yext (YEXT): Will It Gain?,https://finance.yahoo.com/markets/stocks/articles/earnings-estimates-rising-yext-yext-162002151.html?.tsrc=rss,Yahoo Finance,"Mon, 07 Sep 2026 16:20:02 +0000",2026-09-07T16:20:02Z
YEXT,Yext Expands Agentic Capabilities to Grow AI Visibility for Enterprise Brands and Small Businesses,https://finance.yahoo.com/small-business/articles/yext-expands-agentic-capabilities-grow-120000210.html?.tsrc=rss,Yahoo Finance,"Tue, 01 Sep 2026 12:00:00 +0000",2026-09-01T12:00:00Z
SG,"Stocktwits Wall Street Wrap: Analysts Turn Bullish On Sweetgreen, Target And Airbnb – Liquidia And FICO Face Downgrades",https://stocktwits.com/news-articles/markets/equity/stocktwits-wall-street-wrap-analysts-turn-bullish-on-sweetgreen-target-and-airbnb-liquidia-and-fico-face-downgrades/cZDj7JLRBKc?.tsrc=rss,Yahoo Finance,"Fri, 02 Oct 2026 10:40:36 +0000",2026-10-02T10:40:36Z
SG,Sweetgreen Is Up 32% Since the Cyclospora Outbreak Ended. Is There More Room To Run?,https://www.fool.com/investing/2026/10/01/sweetgreen-is-up-32-since-the-cyclospora-outbreak-ended-is-there-more-room-to-run/?.tsrc=rss,Yahoo Finance,"Thu, 01 Oct 2026 05:20:01 +0000",2026-10-01T05:20:01Z
SG,"Sweetgreen, Inc. (SG) Advances While Market Declines: Some Information for Investors",https://finance.yahoo.com/markets/stocks/articles/sweetgreen-inc-sg-advances-while-210006730.html?.tsrc=rss,Yahoo Finance,"Wed, 30 Sep 2026 21:00:06 +0000",2026-09-30T21:00:06Z
SG,‘Never waste a crisis’: A salad thief stole the Sweetgreen cofounders’ recipes a week before they opened their first restaurant,https://finance.yahoo.com/small-business/articles/never-waste-crisis-sweetgreen-cofounder-204232443.html?.tsrc=rss,Yahoo Finance,"Wed, 30 Sep 2026 20:42:32 +0000",2026-09-30T20:42:32Z
SG,Sweetgreen CEO Jonathan Neman at All-In Fall Menu Marks ‘Pumpkin Spice Moment’,https://finance.yahoo.com/video/sweetgreen-ceo-jonathan-neman-fall-154807727.html?.tsrc=rss,Yahoo Finance,"Wed, 30 Sep 2026 15:48:07 +0000",2026-09-30T15:48:07Z
SG,"Sweetgreen (SG) Stock Trades Up, Here Is Why",https://finance.yahoo.com/markets/stocks/articles/sweetgreen-sg-stock-trades-why-220636883.html?.tsrc=rss,Yahoo Finance,"Mon, 28 Sep 2026 22:06:36 +0000",2026-09-28T22:06:36Z
CXM,"Sprinklr CEO Sells 145,865 Shares for $810,000 Amid a 35% One-Year Stock Price Decline",https://www.fool.com/coverage/filings/2026/09/26/sprinklr-ceo-sells-145-865-shares-for-usd810-000-amid-a-35-one-year-stock-price-decline/?.tsrc=rss,Yahoo Finance,"Sun, 27 Sep 2026 00:50:59 +0000",2026-09-27T00:50:59Z
CXM,"Wix, BlackLine, Amplitude, Toast, and Sprinklr Shares Are Soaring, What You Need To Know",https://finance.yahoo.com/markets/stocks/articles/wix-blackline-amplitude-toast-sprinklr-021130018.html?.tsrc=rss,Yahoo Finance,"Tue, 15 Sep 2026 02:11:30 +0000",2026-09-15T02:11:30Z
CXM,Sprinklr (CXM) Q2 2027 Earnings Call Transcript,https://www.fool.com/earnings/call-transcripts/2026/09/09/sprinklr-cxm-q2-2027-earnings-call-transcript/?.tsrc=rss,Yahoo Finance,"Wed, 09 Sep 2026 12:13:23 +0000",2026-09-09T12:13:23Z
SWKS,Skyworks Solutions (SWKS) Stock Gets Fair Value Bump As Qorvo Deal Views Split Analysts,https://finance.yahoo.com/markets/stocks/articles/skyworks-solutions-swks-stock-gets-111131669.html?.tsrc=rss,Yahoo Finance,"Wed, 07 Oct 2026 11:11:31 +0000",2026-10-07T11:11:31Z
SWKS,Skyworks vs Qualcomm: Why One Chip Maker Is Rewarding Shareholders While the Other Suspends Dividends,https://247wallst.com/investing/2026/10/06/skyworks-vs-qualcomm-why-one-chip-maker-is-rewarding-shareholders-while-the-other-suspends-dividends/?.tsrc=rss,Yahoo Finance,"Tue, 06 Oct 2026 17:00:19 +0000",2026-10-06T17:00:19Z
SWKS,"Skyworks completes Qorvo deal, expects $500m in cost synergies",https://www.verdict.co.uk/skyworks-completes-qorvo-deal/?.tsrc=rss,Yahoo Finance,"Tue, 06 Oct 2026 09:08:56 +0000",2026-10-06T09:08:56Z
SWKS,Why Skyworks Solutions (SWKS) Shares Are Trading Lower Today,https://finance.yahoo.com/markets/stocks/articles/why-skyworks-solutions-swks-shares-233900407.html?.tsrc=rss,Yahoo Finance,"Mon, 05 Oct 2026 23:39:00 +0000",2026-10-05T23:39:00Z
SMPL,Shelf-Stable Food Stocks Q2 Teardown: Simply Good Foods (NASDAQ:SMPL) Vs The Rest,https://finance.yahoo.com/markets/stocks/articles/shelf-stable-food-stocks-q2-192858309.html?.tsrc=rss,Yahoo Finance,"Thu, 24 Sep 2026 19:28:58 +0000",2026-09-24T19:28:58Z
SMPL,Is Simply Good Foods (SMPL) a Great Value Stock Right Now?,https://finance.yahoo.com/markets/stocks/articles/simply-good-foods-smpl-great-134003276.html?.tsrc=rss,Yahoo Finance,"Tue, 08 Sep 2026 13:40:03 +0000",2026-09-08T13:40:03Z
SMPL,Implied Volatility Surging for Simply Good Foods Stock Options,https://finance.yahoo.com/markets/options/articles/implied-volatility-surging-simply-good-143500715.html?.tsrc=rss,Yahoo Finance,"Wed, 26 Aug 2026 14:35:00 +0000",2026-08-26T14:35:00Z
SRPT,Jim Cramer Explains His Hesitation Over Sarepta (SRPT) Therapeutics,https://finance.yahoo.com/healthcare/articles/jim-cramer-explains-hesitation-over-212909919.html?.tsrc=rss,Yahoo Finance,"Wed, 07 Oct 2026 21:29:09 +0000",2026-10-07T21:29:09Z
SRPT,Sarepta Therapeutics Announces Inducement Grants Under Nasdaq Listing Rule 5635(c)(4),https://finance.yahoo.com/healthcare/articles/sarepta-therapeutics-announces-inducement-grants-203000205.html?.tsrc=rss,Yahoo Finance,"Wed, 30 Sep 2026 20:30:00 +0000",2026-09-30T20:30:00Z
SRPT,Sarepta Therapeutics Presents New Data at 2026 World Muscle Society Annual Congress Demonstrating Safety and Clinically Meaningful Functional Benefit of ELEVIDYS (delandistrogene moxeparvovec) in Older Ambulatory Patients with Duchenne,https://finance.yahoo.com/healthcare/articles/sarepta-therapeutics-presents-data-2026-123000754.html?.tsrc=rss,Yahoo Finance,"Wed, 30 Sep 2026 12:30:00 +0000",2026-09-30T12:30:00Z
SRPT,Why Sarepta Therapeutics (SRPT) Is Down 7.2% After AAVrh74 Patent Peace With REGENXBIO And UPenn,https://finance.yahoo.com/healthcare/articles/why-sarepta-therapeutics-srpt-down-200705416.html?.tsrc=rss,Yahoo Finance,"Sat, 26 Sep 2026 20:07:05 +0000",2026-09-26T20:07:05Z
SRPT,Sarepta Therapeutics Announces Presentations at 2026 World Muscle Society Annual Congress,https://finance.yahoo.com/healthcare/articles/sarepta-therapeutics-announces-presentations-2026-123000027.html?.tsrc=rss,Yahoo Finance,"Fri, 25 Sep 2026 12:30:00 +0000",2026-09-25T12:30:00Z
SRPT,"Oligonucleotide Therapeutics Market Outlook 2026-2035 - Featuring Profiles of Alnylam Pharmaceuticals, Ionis Pharmaceuticals, and Sarepta Therapeutics",https://finance.yahoo.com/healthcare/articles/oligonucleotide-therapeutics-market-outlook-2026-095800741.html?.tsrc=rss,Yahoo Finance,"Tue, 15 Sep 2026 09:58:00 +0000",2026-09-15T09:58:00Z
BARK,"Bark (BARK) Stock Trades Up, Here Is Why",https://finance.yahoo.com/markets/stocks/articles/bark-bark-stock-trades-why-014437992.html?.tsrc=rss,Yahoo Finance,"Sat, 26 Sep 2026 01:44:37 +0000",2026-09-26T01:44:37Z
BARK,GNK HOLDINGS SEEKS NON-BINDING SHAREHOLDER INTEREST IN POTENTIAL $11.00 PER SHARE CASH TENDER OFFER FOR BARK,https://finance.yahoo.com/markets/stocks/articles/gnk-holdings-seeks-non-binding-130000901.html?.tsrc=rss,Yahoo Finance,"Fri, 25 Sep 2026 13:00:00 +0000",2026-09-25T13:00:00Z
BARK,BARK and Girl Scouts® Introduce Patch Pals™ — The First-Ever Girl Scout Cookie Made for Dogs,https://finance.yahoo.com/media-advertising/articles/bark-girl-scouts-introduce-patch-120000985.html?.tsrc=rss,Yahoo Finance,"Wed, 09 Sep 2026 12:00:00 +0000",2026-09-09T12:00:00Z
BARK,BARK® and Dunkin'® Launch Dunkin's First Official Dog Drive-Thru Experience and New Dog Toy Collection,https://finance.yahoo.com/media-advertising/articles/bark-dunkin-launch-dunkins-first-090000730.html?.tsrc=rss,Yahoo Finance,"Mon, 24 Aug 2026 09:00:00 +0000",2026-08-24T09:00:00Z
BARK,Reflecting On Consumer Discretionary - Toys and Electronics Stocks’ Q2 Earnings: Bark (NYSE:BARK),https://finance.yahoo.com/markets/stocks/articles/reflecting-consumer-discretionary-toys-electronics-175515013.html?.tsrc=rss,Yahoo Finance,"Thu, 20 Aug 2026 17:55:15 +0000",2026-08-20T17:55:15Z
BARK,BARK Inc (BARK) (Q1 2027) Earnings Call Highlights: Subscriber Retention Surges 170bps as ...,https://finance.yahoo.com/markets/stocks/articles/bark-inc-bark-q1-2027-050745001.html?.tsrc=rss,Yahoo Finance,"Fri, 07 Aug 2026 05:07:45 +0000",2026-08-07T05:07:45Z
OKTA,How to Play Okta Stock at New 3-Year Highs,https://www.barchart.com/story/news/4983876/how-to-play-okta-stock-at-new-3-year-highs?.tsrc=rss,Yahoo Finance,"Tue, 06 Oct 2026 13:19:04 +0000",2026-10-06T13:19:04Z
OKTA,"Okta, Inc. (OKTA) is Attracting Investor Attention: Here is What You Should Know",https://finance.yahoo.com/markets/stocks/articles/okta-inc-okta-attracting-investor-120007399.html?.tsrc=rss,Yahoo Finance,"Mon, 05 Oct 2026 12:00:07 +0000",2026-10-05T12:00:07Z
OKTA,Commercializing AI Agents Will Help Okta Accelerate Its Growth,https://www.barchart.com/story/news/4928245/commercializing-ai-agents-will-help-okta-accelerate-its-growth?.tsrc=rss,Yahoo Finance,"Fri, 02 Oct 2026 13:00:02 +0000",2026-10-02T13:00:02Z
OKTA,"The Zacks Analyst Blog Highlights CrowdStrike, Okta and Palo Alto Networks",https://finance.yahoo.com/markets/stocks/articles/zacks-analyst-blog-highlights-crowdstrike-122700582.html?.tsrc=rss,Yahoo Finance,"Fri, 02 Oct 2026 12:27:00 +0000",2026-10-02T12:27:00Z
ANAB,AnaptysBio (ANAB) Reports a Tax-Driven Profit. When Will Royalties Fund Shareholder Returns?,https://finance.yahoo.com/markets/stocks/articles/anaptysbio-anab-reports-tax-driven-033821489.html?.tsrc=rss,Yahoo Finance,"Sat, 26 Sep 2026 03:38:21 +0000",2026-09-26T03:38:21Z
ANAB,"AnaptysBio, Inc. (ANAB) Reports Q2 Loss, Tops Revenue Estimates",https://finance.yahoo.com/markets/stocks/articles/anaptysbio-inc-anab-reports-q2-213502792.html?.tsrc=rss,Yahoo Finance,"Mon, 21 Sep 2026 21:35:02 +0000",2026-09-21T21:35:02Z
ANAB,Alphyn Capital on Its Special-Situation Investment: AnaptysBio (ANAB),https://finance.yahoo.com/markets/stocks/articles/alphyn-capital-special-situation-investment-143413266.html?.tsrc=rss,Yahoo Finance,"Mon, 14 Sep 2026 18:34:13 +0000",2026-09-14T18:34:13Z
ANAB,GSK Eyes AnaptysBio (ANAB) Acquisition to Secure Drug Control,https://finance.yahoo.com/healthcare/articles/gsk-eyes-anaptysbio-anab-acquisition-150348750.html?.tsrc=rss,Yahoo Finance,"Mon, 17 Aug 2026 15:03:48 +0000",2026-08-17T15:03:48Z
OLMA,Olema Oncology Reports Inducement Grants Under Nasdaq Listing Rule 5635(c)(4),https://finance.yahoo.com/healthcare/articles/olema-oncology-reports-inducement-grants-203000157.html?.tsrc=rss,Yahoo Finance,"Fri, 02 Oct 2026 20:30:00 +0000",2026-10-02T20:30:00Z
OLMA,Olema Pharmaceuticals Shares Fall 15.1% Following AstraZeneca SERENA-4 Trial Results,https://investorshub.advfn.com/market-news/article/36207/olema-pharmaceuticals-shares-fall-15-1-following-astrazeneca-serena-4-trial-results?.tsrc=rss,Yahoo Finance,"Mon, 14 Sep 2026 12:10:47 +0000",2026-09-14T12:10:47Z
OLMA,Olema Oncology to Participate in Upcoming Investor Conferences,https://finance.yahoo.com/healthcare/articles/olema-oncology-participate-upcoming-investor-203000985.html?.tsrc=rss,Yahoo Finance,"Mon, 31 Aug 2026 20:30:00 +0000",2026-08-31T20:30:00Z
OLMA,Olema Oncology Reports Second Quarter 2026 Financial and Operating Results,https://finance.yahoo.com/healthcare/articles/olema-oncology-reports-second-quarter-200100080.html?.tsrc=rss,Yahoo Finance,"Mon, 10 Aug 2026 20:01:00 +0000",2026-08-10T20:01:00Z
OLMA,Does Olema Pharmaceuticals' (OLMA) Broad Russell Growth Inclusion Reveal a Turning Point in Its Investor Story?,https://finance.yahoo.com/markets/stocks/articles/does-olema-pharmaceuticals-olma-broad-120725715.html?.tsrc=rss,Yahoo Finance,"Tue, 30 Jun 2026 12:07:25 +0000",2026-06-30T12:07:25Z
OLMA,Olema’s OP-3136 Data Draw Focus To Oncology Pipeline And Valuation Gap,https://finance.yahoo.com/sectors/healthcare/articles/olema-op-3136-data-draw-190553267.html?.tsrc=rss,Yahoo Finance,"Mon, 25 May 2026 19:05:53 +0000",2026-05-25T19:05:53Z
PINS,Will Pinterest’s Amazon-Trained New CFO Reshape Its Profit Playbook And Valuation Story (PINS)?,https://finance.yahoo.com/markets/stocks/articles/pinterest-amazon-trained-cfo-reshape-171037317.html?.tsrc=rss,Yahoo Finance,"Wed, 07 Oct 2026 17:10:37 +0000",2026-10-07T17:10:37Z
PINS,Pinterest Names Former Amazon Finance Executive James Dibbo as CFO,https://www.tikr.com/blog/pinterest-stock-new-cfo-james-dibbo-amazon?ref=yahoofinance&.tsrc=rss,Yahoo Finance,"Tue, 06 Oct 2026 13:24:52 +0000",2026-10-06T13:24:52Z
PINS,Pinterest Hires Amazon Executive as New Finance Chief,https://finance.yahoo.com/markets/stocks/articles/pinterest-hires-amazon-executive-finance-105912909.html?.tsrc=rss,Yahoo Finance,"Tue, 06 Oct 2026 10:59:12 +0000",2026-10-06T10:59:12Z
PINS,"Pinterest Brings In Amazon Finance Veteran James Dibbo As CFO: 'Exceptional Finance Leader,' Says CEO ⁠Bill Ready",https://finance.yahoo.com/markets/stocks/articles/pinterest-brings-amazon-finance-veteran-053027717.html?.tsrc=rss,Yahoo Finance,"Tue, 06 Oct 2026 05:30:27 +0000",2026-10-06T05:30:27Z
PINS,Our Pinterest Stock Pick Hasn’t Worked. We’re Dropping It.,https://finance.yahoo.com/m/77a70786-2729-3203-a86e-52a20cd1ff96/our-pinterest-stock-pick.html?.tsrc=rss,Yahoo Finance,"Tue, 06 Oct 2026 03:34:00 +0000",2026-10-06T03:34:00Z
PINS,Pinterest stock dips as company names Amazon veteran as CFO,https://finance.yahoo.com/markets/stocks/articles/pinterest-stock-dips-company-names-205412517.html?.tsrc=rss,Yahoo Finance,"Mon, 05 Oct 2026 20:54:12 +0000",2026-10-05T20:54:12Z
BRCC,BRC Q1 Earnings Call Highlights,https://www.marketbeat.com/instant-alerts/brc-q1-earnings-call-highlights-2026-05-06/?utm_source=yahoofinance&utm_medium=yahoofinance&.tsrc=rss,Yahoo Finance,"Wed, 06 May 2026 07:06:21 +0000",2026-05-06T07:06:21Z
BRCC,BRC Insiders Added US$613.5k Of Stock To Their Holdings,https://finance.yahoo.com/markets/stocks/articles/brc-insiders-added-us-613-140518449.html?.tsrc=rss,Yahoo Finance,"Sun, 26 Apr 2026 14:05:18 +0000",2026-04-26T14:05:18Z
BRCC,Here is What Makes BRC Inc. (BRCC) One of the Best Consumer Staples Penny Stocks to Buy Now,https://finance.yahoo.com/markets/stocks/articles/makes-brc-inc-brcc-one-045148805.html?.tsrc=rss,Yahoo Finance,"Thu, 23 Apr 2026 04:51:48 +0000",2026-04-23T04:51:48Z
BRCC,Why BRC (Black Rifle Coffee) Stock Skyrocketed Higher Today,https://www.fool.com/investing/2026/05/05/why-brc-black-rifle-coffee-stock-skyrocketed-highe/?.tsrc=rss,Yahoo Finance,"Tue, 05 May 2026 17:47:39 +0000",2026-05-05T17:47:39Z
MCHP,Microchip Technology (MCHP) Stock Looks Fully Valued On Cash Flow,https://finance.yahoo.com/markets/stocks/articles/microchip-technology-mchp-stock-looks-201034836.html?.tsrc=rss,Yahoo Finance,"Wed, 07 Oct 2026 20:10:34 +0000",2026-10-07T20:10:34Z
MCHP,NVTS Stock In Spotlight Today Following Microchip Collaboration – Everything That Investors Need To Know,https://stocktwits.com/news-articles/markets/equity/nvts-stock-in-spotlight-today-following-microchip-collaboration-everything-that-investors-need-to-know/cZDpyxQRBjE?.tsrc=rss,Yahoo Finance,"Mon, 05 Oct 2026 13:56:45 +0000",2026-10-05T13:56:45Z
MCHP,Navitas and Microchip Collaborate to Deliver 800V Reference Design for Next-Generation AI Data Centers,https://finance.yahoo.com/technology/ai/articles/navitas-microchip-collaborate-deliver-800v-123000821.html?.tsrc=rss,Yahoo Finance,"Mon, 05 Oct 2026 12:30:00 +0000",2026-10-05T12:30:00Z
MCHP,MCHP Expands Ethernet Portfolio: Can it Challenge TXN & ADI?,https://finance.yahoo.com/technology/articles/mchp-expands-ethernet-portfolio-challenge-132000926.html?.tsrc=rss,Yahoo Finance,"Thu, 01 Oct 2026 13:20:00 +0000",2026-10-01T13:20:00Z
MCHP,How Investors May Respond To Microchip Technology (MCHP) Expanding 10BASE-T1S Ethernet For Zonal Edge Architectures,https://finance.yahoo.com/markets/stocks/articles/investors-may-respond-microchip-technology-171622063.html?.tsrc=rss,Yahoo Finance,"Wed, 30 Sep 2026 17:16:22 +0000",2026-09-30T17:16:22Z
ENTG,"Zacks Investment Ideas feature highlights: Taiwan, Entegris and MACOM Technology",https://finance.yahoo.com/markets/stocks/articles/zacks-investment-ideas-feature-highlights-055800552.html?.tsrc=rss,Yahoo Finance,"Wed, 07 Oct 2026 05:58:00 +0000",2026-10-07T05:58:00Z
ENTG,Here's Why Entegris (ENTG) is a Great Momentum Stock to Buy,https://finance.yahoo.com/markets/stocks/articles/heres-why-entegris-entg-great-150005067.html?.tsrc=rss,Yahoo Finance,"Mon, 05 Oct 2026 15:00:05 +0000",2026-10-05T15:00:05Z
ENTG,"Entegris (ENTG) Shares Skyrocket, What You Need To Know",https://finance.yahoo.com/markets/stocks/articles/entegris-entg-shares-skyrocket-know-223003747.html?.tsrc=rss,Yahoo Finance,"Fri, 02 Oct 2026 22:30:03 +0000",2026-10-02T22:30:03Z
ENTG,"Entegris to Report Results for Third Quarter of 2026 on Thursday, October 29, 2026",https://finance.yahoo.com/markets/stocks/articles/entegris-report-results-third-quarter-203000458.html?.tsrc=rss,Yahoo Finance,"Thu, 01 Oct 2026 20:30:00 +0000",2026-10-01T20:30:00Z
ENTG,"Creep Resistance Materials Market - Global Strategic Business Report 2026: Capitalize on the $5.5B Surge to $21.8B by 2030 as Tariffs Reshape Sourcing and Acerinox, Aperam, Saint-Gobain, Entegris and Imerys Battle to Dominate High-Temperature Systems",https://finance.yahoo.com/markets/articles/creep-resistance-materials-market-global-093500242.html?.tsrc=rss,Yahoo Finance,"Mon, 28 Sep 2026 09:35:00 +0000",2026-09-28T09:35:00Z
ENTG,"Entegris (ENTG) Looks 13% Below Fair Value, Is The P E Premium Too High?",https://finance.yahoo.com/markets/stocks/articles/entegris-entg-looks-13-below-091356405.html?.tsrc=rss,Yahoo Finance,"Thu, 24 Sep 2026 09:13:56 +0000",2026-09-24T09:13:56Z
NPWR,All-In Summit: NET Power CEO Danny Rice on Nat Gas as Key Source for AI Power,https://finance.yahoo.com/video/summit-net-power-ceo-danny-194311989.html?.tsrc=rss,Yahoo Finance,"Thu, 01 Oct 2026 19:43:11 +0000",2026-10-01T19:43:11Z
NPWR,Net Power Signs Agreements for Additional Power Generation to Advance its Power-First Strategy,https://finance.yahoo.com/energy/articles/net-power-signs-agreements-additional-131500002.html?.tsrc=rss,Yahoo Finance,"Mon, 24 Aug 2026 13:15:00 +0000",2026-08-24T13:15:00Z
NPWR,NET Power Inc (NPWR) (Q2 2026) Earnings Call Highlights: Strategic Pivot to Unabated Gas Power ...,https://finance.yahoo.com/energy/articles/net-power-inc-npwr-q2-173228981.html?.tsrc=rss,Yahoo Finance,"Mon, 17 Aug 2026 17:32:28 +0000",2026-08-17T17:32:28Z
NPWR,Net Power Schedules Second Quarter 2026 Earnings Release and Conference Call,https://finance.yahoo.com/energy/articles/net-power-schedules-second-quarter-201500839.html?.tsrc=rss,Yahoo Finance,"Mon, 27 Jul 2026 20:15:00 +0000",2026-07-27T20:15:00Z
NPWR,NET Power Leads The Charge With 2 Other Penny Stocks,https://finance.yahoo.com/markets/stocks/articles/net-power-leads-charge-2-180520752.html?.tsrc=rss,Yahoo Finance,"Wed, 27 May 2026 18:05:20 +0000",2026-05-27T18:05:20Z
NPWR,Net Power (NPWR) Q1 2026 Earnings Transcript,https://www.fool.com/earnings/call-transcripts/2026/05/12/net-power-npwr-q1-2026-earnings-transcript/?.tsrc=rss,Yahoo Finance,"Tue, 12 May 2026 20:01:55 +0000",2026-05-12T20:01:55Z
RXRX,Recursion Pharmaceuticals (RXRX) Stock Declines While Market Improves: Some Information for Investors,https://finance.yahoo.com/markets/stocks/articles/recursion-pharmaceuticals-rxrx-stock-declines-205005849.html?.tsrc=rss,Yahoo Finance,"Tue, 06 Oct 2026 20:50:05 +0000",2026-10-06T20:50:05Z
RXRX,Recursion Pharmaceuticals (RXRX) Registers a Bigger Fall Than the Market: Important Facts to Note,https://finance.yahoo.com/markets/stocks/articles/recursion-pharmaceuticals-rxrx-registers-bigger-205004215.html?.tsrc=rss,Yahoo Finance,"Mon, 28 Sep 2026 20:50:04 +0000",2026-09-28T20:50:04Z
RXRX,Can Recursion Pharmaceuticals' Strategic Deals Fuel Long-Term Growth?,https://finance.yahoo.com/healthcare/articles/recursion-pharmaceuticals-strategic-deals-fuel-150800929.html?.tsrc=rss,Yahoo Finance,"Thu, 24 Sep 2026 15:08:00 +0000",2026-09-24T15:08:00Z
RXRX,"Recursion Pharmaceuticals Highlights AI Drug Platform, FAP Progress at Morgan Stanley Conference",https://www.marketbeat.com/instant-alerts/event-recursion-pharmaceuticals-highlights-ai-drug-platform-fap-progress-at-morgan-stanley-conference-2026-09-20/?utm_source=yahoofinance&utm_medium=yahoofinance&.tsrc=rss,Yahoo Finance,"Mon, 21 Sep 2026 01:02:00 +0000",2026-09-21T01:02:00Z
ZNTL,Zentalis Pharmaceuticals Shares Rise After Leerink Assumes Coverage With Outperform Rating,https://investorshub.advfn.com/market-news/article/37426/zentalis-pharmaceuticals-shares-rise-after-leerink-assumes-coverage-with-outperform-rating?.tsrc=rss,Yahoo Finance,"Mon, 05 Oct 2026 11:55:56 +0000",2026-10-05T11:55:56Z
ZNTL,Zentalis Pharmaceuticals to Participate in Upcoming Investor Conferences,https://finance.yahoo.com/healthcare/articles/zentalis-pharmaceuticals-participate-upcoming-investor-200500069.html?.tsrc=rss,Yahoo Finance,"Wed, 02 Sep 2026 20:05:00 +0000",2026-09-02T20:05:00Z
ZNTL,Zentalis Pharmaceuticals Announces Inducement Grants Under Nasdaq Listing Rule 5635(c)(4),https://finance.yahoo.com/healthcare/articles/zentalis-pharmaceuticals-announces-inducement-grants-211500192.html?.tsrc=rss,Yahoo Finance,"Tue, 01 Sep 2026 21:15:00 +0000",2026-09-01T21:15:00Z
ZNTL,"Zentalis Pharmaceuticals Announces Closing of Underwritten Public Offering, Including Full Exercise of Underwriters’ Option to Purchase Additional Shares",https://finance.yahoo.com/healthcare/articles/zentalis-pharmaceuticals-announces-closing-underwritten-200100303.html?.tsrc=rss,Yahoo Finance,"Mon, 17 Aug 2026 20:01:00 +0000",2026-08-17T20:01:00Z
ZNTL,Zentalis Pharmaceuticals Announces Proposed Underwritten Public Offering,https://finance.yahoo.com/healthcare/articles/zentalis-pharmaceuticals-announces-proposed-underwritten-200100684.html?.tsrc=rss,Yahoo Finance,"Thu, 13 Aug 2026 20:01:00 +0000",2026-08-13T20:01:00Z
ZNTL,ZNTL Stock Rises 28% in 3 Months: What's Driving the Rally?,https://finance.yahoo.com/healthcare/articles/zntl-stock-rises-28-3-132600436.html?.tsrc=rss,Yahoo Finance,"Mon, 20 Jul 2026 13:26:00 +0000",2026-07-20T13:26:00Z
PRPL,Consumer Discretionary - Home Furnishings Stocks Q2 Recap: Benchmarking Purple (NASDAQ:PRPL),https://finance.yahoo.com/markets/stocks/articles/consumer-discretionary-home-furnishings-stocks-200840468.html?.tsrc=rss,Yahoo Finance,"Fri, 18 Sep 2026 20:08:40 +0000",2026-09-18T20:08:40Z
PRPL,Purple (PRPL) Q2 2026 Earnings Call Transcript,https://www.fool.com/earnings/call-transcripts/2026/08/17/purple-prpl-q2-2026-earnings-call-transcript/?.tsrc=rss,Yahoo Finance,"Mon, 17 Aug 2026 23:29:26 +0000",2026-08-17T23:29:26Z
PRPL,Purple Innovation Inc (PRPL) (Q2 2026) Earnings Call Highlights: Showroom Growth and Margin ...,https://finance.yahoo.com/markets/stocks/articles/purple-innovation-inc-prpl-q2-050334760.html?.tsrc=rss,Yahoo Finance,"Tue, 11 Aug 2026 05:03:34 +0000",2026-08-11T05:03:34Z
PM,Philip Morris (PM): Is Its Smoke-Free Transformation a Durable Growth Engine?,https://finance.yahoo.com/markets/stocks/articles/philip-morris-pm-smoke-free-012847039.html?.tsrc=rss,Yahoo Finance,"Sun, 04 Oct 2026 01:28:47 +0000",2026-10-04T01:28:47Z
PM,BTI vs. PM: Which Tobacco Dividend Will Actually Survive the Industry’s Decline?,https://247wallst.com/investing/2026/09/30/bti-vs-pm-which-tobacco-dividend-will-actually-survive-the-industrys-decline/?.tsrc=rss,Yahoo Finance,"Wed, 30 Sep 2026 19:15:59 +0000",2026-09-30T19:15:59Z
PM,What to Expect From Philip Morris International’s Next Quarterly Earnings Report,https://www.barchart.com/story/news/4879362/what-to-expect-from-philip-morris-internationals-next-quarterly-earnings-report?.tsrc=rss,Yahoo Finance,"Wed, 30 Sep 2026 12:55:31 +0000",2026-09-30T12:55:31Z
UTZ,Utz Brands Brings Its Full Snacking Powerhouse to the 2026 NACS Show,https://finance.yahoo.com/small-business/articles/utz-brands-brings-full-snacking-141500580.html?.tsrc=rss,Yahoo Finance,"Tue, 06 Oct 2026 14:15:00 +0000",2026-10-06T14:15:00Z
BRZE,"Braze (BRZE) Shares Skyrocket, What You Need To Know",https://finance.yahoo.com/markets/stocks/articles/braze-brze-shares-skyrocket-know-232513251.html?.tsrc=rss,Yahoo Finance,"Wed, 30 Sep 2026 23:25:13 +0000",2026-09-30T23:25:13Z
BRZE,Braze Announces 2026 Torchie Award Winners Recognizing the Marketers Who Were ‘Made for This’ Moment,https://finance.yahoo.com/media-advertising/articles/braze-announces-2026-torchie-award-131000390.html?.tsrc=rss,Yahoo Finance,"Tue, 29 Sep 2026 13:10:00 +0000",2026-09-29T13:10:00Z
BRZE,Braze Signs Strategic Collaboration Agreement with AWS to Advance AI-Powered Customer Engagement,https://finance.yahoo.com/technology/ai/articles/braze-signs-strategic-collaboration-agreement-130500731.html?.tsrc=rss,Yahoo Finance,"Tue, 29 Sep 2026 13:05:00 +0000",2026-09-29T13:05:00Z
BRZE,"Braze, Manhattan Associates, and Agilysys Stocks Trade Down, What You Need To Know",https://finance.yahoo.com/markets/stocks/articles/braze-manhattan-associates-agilysys-stocks-233436715.html?.tsrc=rss,Yahoo Finance,"Mon, 28 Sep 2026 23:34:36 +0000",2026-09-28T23:34:36Z
BRZE,Braze (BRZE) Following OfferFit Deal Talk And A Fair Value Gap,https://finance.yahoo.com/markets/stocks/articles/braze-brze-following-offerfit-deal-071157699.html?.tsrc=rss,Yahoo Finance,"Fri, 25 Sep 2026 07:11:57 +0000",2026-09-25T07:11:57Z
BRZE,Braze Named a Leader in 2026 Gartner® Magic Quadrant™ for Multichannel Marketing Hubs for Fourth Consecutive Year,https://finance.yahoo.com/media-advertising/articles/braze-named-leader-2026-gartner-153000562.html?.tsrc=rss,Yahoo Finance,"Thu, 24 Sep 2026 15:30:00 +0000",2026-09-24T15:30:00Z
BBAI,"BigBear.ai Holdings, Inc. (BBAI) Stock Dips While Market Gains: Key Facts",https://finance.yahoo.com/markets/stocks/articles/bigbear-ai-holdings-inc-bbai-210003196.html?.tsrc=rss,Yahoo Finance,"Fri, 02 Oct 2026 21:00:03 +0000",2026-10-02T21:00:03Z
BBAI,What Does BigBear.ai Holdings (BBAI) CEO Summit Appearance And Board Exit Mean?,https://finance.yahoo.com/markets/stocks/articles/does-bigbear-ai-holdings-bbai-100532416.html?.tsrc=rss,Yahoo Finance,"Tue, 29 Sep 2026 10:05:32 +0000",2026-09-29T10:05:32Z
BBAI,"BigBear.ai Holdings, Inc. (BBAI) Declines More Than Market: Some Information for Investors",https://finance.yahoo.com/markets/stocks/articles/bigbear-ai-holdings-inc-bbai-210003020.html?.tsrc=rss,Yahoo Finance,"Thu, 24 Sep 2026 21:00:03 +0000",2026-09-24T21:00:03Z
ALGM,Allegro's 2026 Outlook: Magnetic Sensor Innovation Powers Automotive Market Leadership,https://www.fool.com/coverage/moneyball/2026/10/06/allegros-2026-outlook-magnetic-sensor-innovation-powers-automotive-market-leadership/?.tsrc=rss,Yahoo Finance,"Tue, 06 Oct 2026 12:59:02 +0000",2026-10-06T12:59:02Z
ALGM,Strength Seen in Allegro MicroSystems (ALGM): Can Its 8.7% Jump Turn into More Strength?,https://finance.yahoo.com/markets/stocks/articles/strength-seen-allegro-microsystems-algm-044100506.html?.tsrc=rss,Yahoo Finance,"Mon, 05 Oct 2026 04:41:00 +0000",2026-10-05T04:41:00Z
ALGM,Why Is Allegro MicroSystems (ALGM) Stock Soaring Today,https://finance.yahoo.com/markets/stocks/articles/why-allegro-microsystems-algm-stock-214203473.html?.tsrc=rss,Yahoo Finance,"Fri, 02 Oct 2026 21:42:03 +0000",2026-10-02T21:42:03Z
ALGM,"Allegro MicroSystems' Data Center, Auto Content Gains Support Momentum, RBC Says",https://finance.yahoo.com/markets/stocks/articles/allegro-microsystems-apos-data-center-151010357.html?.tsrc=rss,Yahoo Finance,"Fri, 02 Oct 2026 15:10:10 +0000",2026-10-02T15:10:10Z
XENE,Xenon Pharmaceuticals Reports Inducement Grants Under Nasdaq Listing Rule 5635(c)(4),https://finance.yahoo.com/healthcare/articles/xenon-pharmaceuticals-reports-inducement-grants-200100901.html?.tsrc=rss,Yahoo Finance,"Fri, 02 Oct 2026 20:01:00 +0000",2026-10-02T20:01:00Z
XENE,Xenon’s Insider Buying Tops $1.6M – XENE Stock Heads For Best Day In Over Month,https://stocktwits.com/news-articles/markets/equity/xenon-insider-buying-tops-1-6-m-xene-stock-heads-for-best-day-in-over-month/cZD0BUqRB0T?.tsrc=rss,Yahoo Finance,"Thu, 01 Oct 2026 16:10:35 +0000",2026-10-01T16:10:35Z
XENE,"Xenon's AZK Approval Path Unlikely to Be Hurt by Safety Issues, RBC Says",https://finance.yahoo.com/healthcare/articles/xenon-apos-azk-approval-path-150207394.html?.tsrc=rss,Yahoo Finance,"Thu, 01 Oct 2026 15:02:07 +0000",2026-10-01T15:02:07Z
XENE,Xenon Files Azetukalner NDA as It Pauses Psychiatry Trials for Tolerability Review,https://www.marketbeat.com/instant-alerts/event-xenon-files-azetukalner-nda-as-it-pauses-psychiatry-trials-for-tolerability-review-2026-09-27/?utm_source=yahoofinance&utm_medium=yahoofinance&.tsrc=rss,Yahoo Finance,"Sun, 27 Sep 2026 16:02:02 +0000",2026-09-27T16:02:02Z
XENE,Xenon Pharmaceuticals (XENE) Seeks Epilepsy Approval. Can its Drug Overcome a Depression Setback?,https://finance.yahoo.com/healthcare/articles/xenon-pharmaceuticals-xene-seeks-epilepsy-000808683.html?.tsrc=rss,Yahoo Finance,"Wed, 23 Sep 2026 00:08:08 +0000",2026-09-23T00:08:08Z
IDYA,"IDEAYA Biosciences Announces the Promotion of Dr. Michael White to President, Research and Development",https://finance.yahoo.com/healthcare/articles/ideaya-biosciences-announces-promotion-dr-100000806.html?.tsrc=rss,Yahoo Finance,"Mon, 28 Sep 2026 10:00:00 +0000",2026-09-28T10:00:00Z
IDYA,IDEAYA Biosciences Announces Inducement Grants under Nasdaq Listing Rule 5635(c)(4),https://finance.yahoo.com/healthcare/articles/ideaya-biosciences-announces-inducement-grants-100000681.html?.tsrc=rss,Yahoo Finance,"Fri, 25 Sep 2026 10:00:00 +0000",2026-09-25T10:00:00Z
IDYA,Can IDEAYA Biosciences (IDYA) Turn Uncharted Oncology Territory Into Commercial Gold?,https://finance.yahoo.com/healthcare/articles/ideaya-biosciences-idya-turn-uncharted-094245696.html?.tsrc=rss,Yahoo Finance,"Fri, 25 Sep 2026 09:42:45 +0000",2026-09-25T09:42:45Z
IDYA,"IDEAYA Biosciences Announces Successful FDA Type C Meeting for IDE849, DLL3 TOP1 ADC, on Phase 3 Registrational Trial Design for Potential Accelerated and Full Approval in Extensive Stage Small Cell Lung Cancer",https://finance.yahoo.com/healthcare/articles/ideaya-biosciences-announces-successful-fda-100000658.html?.tsrc=rss,Yahoo Finance,"Mon, 31 Aug 2026 10:00:00 +0000",2026-08-31T10:00:00Z
IDYA,IDEAYA Biosciences Announces Clinical Collaboration with Genentech in MTAP-Deleted KRAS G12D-Mutant Pancreatic Cancer,https://finance.yahoo.com/healthcare/articles/ideaya-biosciences-announces-clinical-collaboration-100000108.html?.tsrc=rss,Yahoo Finance,"Wed, 19 Aug 2026 10:00:00 +0000",2026-08-19T10:00:00Z
IDYA,"IDEAYA Biosciences Announces IDE892, a Potential Best-in-Class MTA-Cooperative PRMT5 Inhibitor, Initiates Part 2 Monotherapy Expansion in the Phase 1/2 Study in MTAP-Deleted Pancreatic and Lung Cancers",https://finance.yahoo.com/healthcare/articles/ideaya-biosciences-announces-ide892-potential-100000590.html?.tsrc=rss,Yahoo Finance,"Mon, 27 Jul 2026 10:00:00 +0000",2026-07-27T10:00:00Z
CGEM,Cullinan Therapeutics Eyes December Data Catalyst for CLN-978 and CLN-049,https://www.marketbeat.com/instant-alerts/event-cullinan-therapeutics-eyes-december-data-catalyst-for-cln-978-and-cln-049-2026-09-28/?utm_source=yahoofinance&utm_medium=yahoofinance&.tsrc=rss,Yahoo Finance,"Mon, 28 Sep 2026 11:02:00 +0000",2026-09-28T11:02:00Z
CGEM,Cullinan Therapeutics (CGEM) Expects Three T Cell Engager Data Readouts In Q4 2026,https://finance.yahoo.com/healthcare/articles/cullinan-therapeutics-cgem-expects-three-220706875.html?.tsrc=rss,Yahoo Finance,"Sat, 26 Sep 2026 22:07:06 +0000",2026-09-26T22:07:06Z
CGEM,CGEM Stock Extends Losses After Cullinan Delays Arthritis Update To December — Zipalertinib Safety Worries Linger,https://stocktwits.com/news-articles/markets/equity/cgem-stock-extends-losses-after-cullinan-delays-arthritis-update-to-december-zipalertinib-safety-worries-linger/cZMJO0HRB9H?.tsrc=rss,Yahoo Finance,"Thu, 24 Sep 2026 19:08:32 +0000",2026-09-24T19:08:32Z
CGEM,Cullinan Therapeutics Plans Q4 2026 Clinical Data Updates Across Three T Cell Engager Programs,https://investorshub.advfn.com/market-news/article/36871/cullinan-therapeutics-plans-q4-2026-clinical-data-updates-across-three-t-cell-engager-programs?.tsrc=rss,Yahoo Finance,"Thu, 24 Sep 2026 13:57:15 +0000",2026-09-24T13:57:15Z
CGEM,Cullinan Therapeutics Highlights Fourth Quarter 2026 Milestones Across Immunology and Oncology T Cell Engager Portfolio,https://finance.yahoo.com/healthcare/articles/cullinan-therapeutics-highlights-fourth-quarter-110000053.html?.tsrc=rss,Yahoo Finance,"Thu, 24 Sep 2026 11:00:00 +0000",2026-09-24T11:00:00Z
CGEM,Cullinan Therapeutics (CGEM) Could Be 50% Below Fair Value On Phase 3 Zipalertinib Data,https://finance.yahoo.com/healthcare/articles/cullinan-therapeutics-cgem-could-50-101201601.html?.tsrc=rss,Yahoo Finance,"Thu, 24 Sep 2026 10:12:01 +0000",2026-09-24T10:12:01Z
CELH,Celsius Holdings Inc. (CELH) Registers a Bigger Fall Than the Market: Important Facts to Note,https://finance.yahoo.com/markets/stocks/articles/celsius-holdings-inc-celh-registers-204506177.html?.tsrc=rss,Yahoo Finance,"Wed, 07 Oct 2026 20:45:06 +0000",2026-10-07T20:45:06Z
CELH,Is Celsius (CELH) a Buy as Wall Street Analysts Look Optimistic?,https://finance.yahoo.com/markets/stocks/articles/celsius-celh-buy-wall-street-123002769.html?.tsrc=rss,Yahoo Finance,"Wed, 30 Sep 2026 12:30:02 +0000",2026-09-30T12:30:02Z
CELH,Investors Heavily Search Celsius Holdings Inc. (CELH): Here is What You Need to Know,https://finance.yahoo.com/markets/stocks/articles/investors-heavily-search-celsius-holdings-120002731.html?.tsrc=rss,Yahoo Finance,"Tue, 29 Sep 2026 12:00:02 +0000",2026-09-29T12:00:02Z
CELH,Celsius (CELH) Stock Could Be Fully Priced On Its Earnings Story,https://finance.yahoo.com/markets/stocks/articles/celsius-celh-stock-could-fully-020805575.html?.tsrc=rss,Yahoo Finance,"Tue, 29 Sep 2026 02:08:05 +0000",2026-09-29T02:08:05Z
CELH,What Is The One Risk Every Celsius Investor Should Know?,https://www.trefis.com/articles/616281/what-is-the-one-risk-every-celsius-investor-should-know/2026-09-23?.tsrc=rss,Yahoo Finance,"Wed, 23 Sep 2026 21:12:58 +0000",2026-09-23T21:12:58Z
MRK,Is Halozyme’s EU Injunction on Subcutaneous Keytruda Reshaping the Investment Case For Merck (MRK)?,https://finance.yahoo.com/healthcare/articles/halozyme-eu-injunction-subcutaneous-keytruda-211312354.html?.tsrc=rss,Yahoo Finance,"Wed, 07 Oct 2026 21:13:12 +0000",2026-10-07T21:13:12Z
MRK,Merck’s Keytruda Is Dealt a Legal Setback. It’s Good News for This Biotech Stock.,https://finance.yahoo.com/m/c99b739c-6866-338d-84f4-99a566a20d9b/merck%E2%80%99s-keytruda-is-dealt-a.html?.tsrc=rss,Yahoo Finance,"Wed, 07 Oct 2026 19:00:00 +0000",2026-10-07T19:00:00Z
MRK,Halozyme stock rises after winning injunction against Merck,https://finance.yahoo.com/healthcare/articles/halozyme-stock-rises-winning-injunction-152154080.html?.tsrc=rss,Yahoo Finance,"Wed, 07 Oct 2026 15:21:54 +0000",2026-10-07T15:21:54Z
MRK,Halozyme prevails in patent fight with Merck; Enliven readies anticipated leukemia trial,https://www.biopharmadive.com/news/halozyme-merck-europe-enliven-insmed-rougetx-kymathera/832282/?.tsrc=rss,Yahoo Finance,"Wed, 07 Oct 2026 15:21:00 +0000",2026-10-07T15:21:00Z
MRK,Tempus Announces Multi-Year Collaboration with Moderna and Merck,https://finance.yahoo.com/healthcare/articles/tempus-announces-multi-collaboration-moderna-123000008.html?.tsrc=rss,Yahoo Finance,"Wed, 07 Oct 2026 12:30:00 +0000",2026-10-07T12:30:00Z
TDUP,"ThredUp to Report Third Quarter 2026 Financial Results on November 4, 2026",https://finance.yahoo.com/markets/stocks/articles/thredup-report-third-quarter-2026-200100736.html?.tsrc=rss,Yahoo Finance,"Wed, 07 Oct 2026 20:01:00 +0000",2026-10-07T20:01:00Z
TDUP,ThredUp Expands Into Live Shopping with Whatnot,https://finance.yahoo.com/media-advertising/articles/thredup-expands-live-shopping-whatnot-100000250.html?.tsrc=rss,Yahoo Finance,"Tue, 29 Sep 2026 10:00:00 +0000",2026-09-29T10:00:00Z
TDUP,"ThredUp Posts Record Q2, Navigates More Price-Sensitive Shoppers",https://www.marketbeat.com/instant-alerts/event-thredup-posts-record-q2-navigates-more-price-sensitive-shoppers-2026-09-27/?utm_source=yahoofinance&utm_medium=yahoofinance&.tsrc=rss,Yahoo Finance,"Sun, 27 Sep 2026 20:02:00 +0000",2026-09-27T20:02:00Z
TDUP,Q2 Earnings Roundup: ThredUp (NASDAQ:TDUP) And The Rest Of The Consumer Discretionary - Apparel and Accessories Segment,https://finance.yahoo.com/markets/stocks/articles/q2-earnings-roundup-thredup-nasdaq-210437944.html?.tsrc=rss,Yahoo Finance,"Fri, 25 Sep 2026 21:04:37 +0000",2026-09-25T21:04:37Z
TDUP,ThredUp to Participate in Goldman Sachs and Wells Fargo Conferences,https://finance.yahoo.com/markets/stocks/articles/thredup-participate-goldman-sachs-wells-200500562.html?.tsrc=rss,Yahoo Finance,"Wed, 09 Sep 2026 20:05:00 +0000",2026-09-09T20:05:00Z
CAVA,Cava Group (CAVA) Stock Sinks As Market Gains: What You Should Know,https://finance.yahoo.com/markets/stocks/articles/cava-group-cava-stock-sinks-205003723.html?.tsrc=rss,Yahoo Finance,"Tue, 06 Oct 2026 20:50:03 +0000",2026-10-06T20:50:03Z
CAVA,Can CAVA Group (CAVA) Justify Its Valuation As A New CMO Joins?,https://finance.yahoo.com/markets/stocks/articles/cava-group-cava-justify-valuation-120720438.html?.tsrc=rss,Yahoo Finance,"Sun, 04 Oct 2026 12:07:20 +0000",2026-10-04T12:07:20Z
CAVA,Cava Group (CAVA) Rises As Market Takes a Dip: Key Facts,https://finance.yahoo.com/markets/stocks/articles/cava-group-cava-rises-market-205003901.html?.tsrc=rss,Yahoo Finance,"Wed, 30 Sep 2026 20:50:03 +0000",2026-09-30T20:50:03Z
CAVA,Cava recruits CMO from outside the restaurant world,https://www.nrn.com/fast-casual/cava-recruits-cmo-from-outside-the-restaurant-world?.tsrc=rss,Yahoo Finance,"Wed, 30 Sep 2026 20:00:00 +0000",2026-09-30T20:00:00Z
CAVA,A Look Back at Modern Fast Food Stocks’ Q2 Earnings: CAVA (NYSE:CAVA) Vs The Rest Of The Pack,https://finance.yahoo.com/markets/stocks/articles/look-back-modern-fast-food-182913850.html?.tsrc=rss,Yahoo Finance,"Wed, 30 Sep 2026 18:29:13 +0000",2026-09-30T18:29:13Z
CAVA,BLMN or CAVA: Which Is the Better Value Stock Right Now?,https://finance.yahoo.com/markets/stocks/articles/blmn-cava-better-value-stock-144004034.html?.tsrc=rss,Yahoo Finance,"Tue, 29 Sep 2026 14:40:04 +0000",2026-09-29T14:40:04Z
VERX,Vertex Appoints DataRobot CEO Debanjan Saha to Board of Directors,https://finance.yahoo.com/technology/ai/articles/vertex-appoints-datarobot-ceo-debanjan-120000504.html?.tsrc=rss,Yahoo Finance,"Thu, 01 Oct 2026 12:00:00 +0000",2026-10-01T12:00:00Z
VERX,Vertex to Present at the Goldman Sachs Communacopia + Technology Conference,https://finance.yahoo.com/technology/articles/vertex-present-goldman-sachs-communacopia-123000586.html?.tsrc=rss,Yahoo Finance,"Thu, 03 Sep 2026 12:30:00 +0000",2026-09-03T12:30:00Z
VERX,Vertex Report: Rising Sales Tax Rates Signal a New Era of Tax Volatility,https://finance.yahoo.com/economy/policy/articles/vertex-report-rising-sales-tax-120000367.html?.tsrc=rss,Yahoo Finance,"Thu, 13 Aug 2026 12:00:00 +0000",2026-08-13T12:00:00Z
VERX,Vertex (VERX) Q2 2026 Earnings Call Transcript,https://www.fool.com/earnings/call-transcripts/2026/08/10/vertex-verx-q2-2026-earnings-call-transcript/?.tsrc=rss,Yahoo Finance,"Tue, 11 Aug 2026 01:58:35 +0000",2026-08-11T01:58:35Z
VERX,Vertex (VERX) Stock Still Looks Cheap As Shares Fell 56%,https://finance.yahoo.com/markets/stocks/articles/vertex-verx-stock-still-looks-011142021.html?.tsrc=rss,Yahoo Finance,"Thu, 06 Aug 2026 01:11:42 +0000",2026-08-06T01:11:42Z
VERX,Is Vertex (VERX) Quietly Rewriting Its AI Tax Automation Playbook After Its Latest Profit Turnaround?,https://finance.yahoo.com/technology/ai/articles/vertex-verx-quietly-rewriting-ai-221413077.html?.tsrc=rss,Yahoo Finance,"Wed, 05 Aug 2026 22:14:13 +0000",2026-08-05T22:14:13Z
HUBS,HubSpot Just Cut 7% of Its Workforce. How to Play HUBS Stock Here.,https://www.barchart.com/story/news/5012306/hubspot-just-cut-7-of-its-workforce-how-to-play-hubs-stock-here?.tsrc=rss,Yahoo Finance,"Wed, 07 Oct 2026 18:16:25 +0000",2026-10-07T18:16:25Z
HUBS,HubSpot reaffirms 2026 guidance as it cuts about 7% of workforce,https://www.proactiveinvestors.com/companies/news/1099686/hubspot-reaffirms-2026-guidance-as-it-cuts-about-7-of-workforce-1099686.html?.tsrc=rss,Yahoo Finance,"Tue, 06 Oct 2026 19:00:00 +0000",2026-10-06T19:00:00Z
HUBS,"HubSpot layoffs: CEO says job cuts are not driven by AI ‘efficiencies,’ but AI is still behind the sweeping changes",https://www.fastcompany.com/91619102/hubspot-layoffs-today-jobs-slashed-stock-struggles-why?.tsrc=rss,Yahoo Finance,"Tue, 06 Oct 2026 18:55:00 +0000",2026-10-06T18:55:00Z
HUBS,HubSpot layoffs: 660 jobs cut in AI restructuring,https://qz.com/hubspot-layoffs-660-jobs-ai-restructuring-100626?.tsrc=rss,Yahoo Finance,"Tue, 06 Oct 2026 18:10:29 +0000",2026-10-06T18:10:29Z
COIN,Coinbase Pro is coming back. Here's what you should know.,https://finance.yahoo.com/video/coinbase-pro-coming-back-heres-161500203.html?.tsrc=rss,Yahoo Finance,"Wed, 07 Oct 2026 16:15:00 +0000",2026-10-07T16:15:00Z
COIN,"Bitcoin falls below $83,000, dragging down Strategy, Coinbase, and Robinhood stocks",https://finance.yahoo.com/markets/article/bitcoin-falls-below-83000-dragging-down-strategy-coinbase-and-robinhood-stocks-144942149.html?.tsrc=rss,Yahoo Finance,"Wed, 07 Oct 2026 14:49:42 +0000",2026-10-07T14:49:42Z
COIN,Wall Street Lifts Coinbase Targets Across the Board,https://www.cryptoprowl.com/releases/wall-street-lifts-coinbase-targets-across-the-board-7257?.tsrc=rss,Yahoo Finance,"Wed, 07 Oct 2026 14:41:00 +0000",2026-10-07T14:41:00Z
COIN,"Wall Street Split On Coinbase: Barclays Sees 20% Downside, Goldman Thinks COIN Stock Has Room To Run",https://stocktwits.com/news-articles/markets/equity/coin-stock-drops-wall-street-split-goldman-barclays/cZDvXMBRBmY?.tsrc=rss,Yahoo Finance,"Wed, 07 Oct 2026 14:18:36 +0000",2026-10-07T14:18:36Z
COIN,Coinbase Completes Deribit Integration and Says Coinbase Pro Returns by Year-End,https://unchainedcrypto.com/coinbase-completes-deribit-integration-and-says-coinbase-pro-returns-by-year-end/?.tsrc=rss,Yahoo Finance,"Wed, 07 Oct 2026 10:05:37 +0000",2026-10-07T10:05:37Z
COIN,Coinbase's Martin Sees Rising Demand for Crypto,https://finance.yahoo.com/video/coinbases-martin-sees-rising-demand-052438154.html?.tsrc=rss,Yahoo Finance,"Wed, 07 Oct 2026 05:24:38 +0000",2026-10-07T05:24:38Z
AI,"monday.com, CrowdStrike, Asana, C3.ai, and Palo Alto Networks Shares Skyrocket, What You Need To Know",https://finance.yahoo.com/markets/stocks/articles/monday-com-crowdstrike-asana-c3-213634140.html?.tsrc=rss,Yahoo Finance,"Tue, 06 Oct 2026 21:36:34 +0000",2026-10-06T21:36:34Z
AI,3 Reasons AI is Risky and 1 Stock to Buy Instead,https://finance.yahoo.com/markets/stocks/articles/3-reasons-ai-risky-1-214700205.html?.tsrc=rss,Yahoo Finance,"Mon, 05 Oct 2026 21:47:00 +0000",2026-10-05T21:47:00Z
AI,C3.ai (AI) Catches A Macro Lift On An Overvalued Narrative,https://finance.yahoo.com/markets/stocks/articles/c3-ai-ai-catches-macro-201208530.html?.tsrc=rss,Yahoo Finance,"Fri, 02 Oct 2026 20:12:08 +0000",2026-10-02T20:12:08Z
AI,"C3.ai, Inc. (AI) Is a Trending Stock: Facts to Know Before Betting on It",https://finance.yahoo.com/markets/stocks/articles/c3-ai-inc-ai-trending-120004588.html?.tsrc=rss,Yahoo Finance,"Fri, 02 Oct 2026 12:00:04 +0000",2026-10-02T12:00:04Z
AI,C3.ai (AI) Stock Could Be Stretched As Sales Premium Faces Scrutiny,https://finance.yahoo.com/markets/stocks/articles/c3-ai-ai-stock-could-020600138.html?.tsrc=rss,Yahoo Finance,"Fri, 02 Oct 2026 02:06:00 +0000",2026-10-02T02:06:00Z
AI,"Asana, Unity, C3.ai, Rapid7, and ZoomInfo Shares Are Soaring, What You Need To Know",https://finance.yahoo.com/markets/stocks/articles/asana-unity-c3-ai-rapid7-230913868.html?.tsrc=rss,Yahoo Finance,"Wed, 30 Sep 2026 23:09:13 +0000",2026-09-30T23:09:13Z
FSLY,Fastly’s (FSLY) Rally Gets Jim Cramer’s Attention for More Than One Reason,https://finance.yahoo.com/technology/ai/articles/fastly-fsly-rally-gets-jim-220541129.html?.tsrc=rss,Yahoo Finance,"Wed, 07 Oct 2026 22:05:41 +0000",2026-10-07T22:05:41Z
FSLY,Fastly (FSLY) Embeds Its Delivery Software Inside A Nationwide Network,https://finance.yahoo.com/technology/articles/fastly-fsly-embeds-delivery-software-110946613.html?.tsrc=rss,Yahoo Finance,"Tue, 29 Sep 2026 11:09:46 +0000",2026-09-29T11:09:46Z
FSLY,"Fastly CEO Sells Over 50,000 Shares for $1.3 Million After the Stock's 222% One-Year Return",https://www.fool.com/coverage/filings/2026/09/29/fastly-ceo-sells-over-50-000-shares-for-usd1-3-million-after-the-stock-s-222-one-year-return/?.tsrc=rss,Yahoo Finance,"Tue, 29 Sep 2026 05:25:44 +0000",2026-09-29T05:25:44Z
FSLY,Comcast and Fastly’s New Content Delivery Model Powers Highest Quality Experience for Peacock’s Biggest Live Events,https://finance.yahoo.com/media-advertising/articles/comcast-fastly-content-delivery-model-200000069.html?.tsrc=rss,Yahoo Finance,"Mon, 28 Sep 2026 20:00:00 +0000",2026-09-28T20:00:00Z
FSLY,Fastly (FSLY) Is Getting More Interesting. Meta’s Muse Is Part of the Reason,https://finance.yahoo.com/technology/ai/articles/fastly-fsly-getting-more-interesting-165517875.html?.tsrc=rss,Yahoo Finance,"Sat, 26 Sep 2026 16:55:17 +0000",2026-09-26T16:55:17Z
FSLY,"Zscaler Sinks 9% on Chief Revenue Officer Exit, Fastly Drops 6% as Citi Questions AI Traffic Payoff",https://247wallst.com/investing/2026/09/25/zscaler-sinks-9-on-chief-revenue-officer-exit-fastly-drops-6-as-citi-questions-ai-traffic-payoff/?.tsrc=rss,Yahoo Finance,"Fri, 25 Sep 2026 15:57:49 +0000",2026-09-25T15:57:49Z
SNAP,Blue Duck Capital Urges Snap Inc. Board of Directors to Raise External Capital for Specs to Unlock Sum-of-the-Parts Value,https://finance.yahoo.com/markets/stocks/articles/blue-duck-capital-urges-snap-130000310.html?.tsrc=rss,Yahoo Finance,"Tue, 06 Oct 2026 13:00:00 +0000",2026-10-06T13:00:00Z
SNAP,Snap Is Down 32% in 2026: Overlooked Bargain or Toxic Stock?,https://247wallst.com/investing/2026/10/01/snap-is-down-32-in-2026-overlooked-bargain-or-toxic-stock/?.tsrc=rss,Yahoo Finance,"Thu, 01 Oct 2026 19:02:17 +0000",2026-10-01T19:02:17Z
SNAP,Why Is Everyone Ignoring Snap Stock's High Cash Yield?,https://www.trefis.com/articles/617289/why-is-everyone-ignoring-snap-stocks-high-cash-yield/2026-10-01?.tsrc=rss,Yahoo Finance,"Thu, 01 Oct 2026 15:49:01 +0000",2026-10-01T15:49:01Z
SNAP,Snap Stock Is Up 46% From Its 52-Week Low. Can the Margin Turnaround Keep Going?,https://www.tikr.com/blog/snap-stock-is-up-46-from-its-52-week-low-can-the-margin-turnaround-keep-going?ref=yahoofinance&.tsrc=rss,Yahoo Finance,"Wed, 30 Sep 2026 18:19:33 +0000",2026-09-30T18:19:33Z
SNAP,"Snap Jumps 6% as Fundamentals Outweigh Regulatory Pressure; Reddit Gains 4%, Meta Platforms Dips",https://247wallst.com/investing/2026/09/30/snap-jumps-6-as-fundamentals-outweigh-regulatory-pressure-reddit-gains-4-meta-platforms-dips/?.tsrc=rss,Yahoo Finance,"Wed, 30 Sep 2026 14:18:42 +0000",2026-09-30T14:18:42Z
HNST,"Honest Company’s (HNST) Revenue Fell, Yet Profits Nearly Tripled",https://finance.yahoo.com/markets/stocks/articles/honest-company-hnst-revenue-fell-040913873.html?.tsrc=rss,Yahoo Finance,"Tue, 08 Sep 2026 04:09:13 +0000",2026-09-08T04:09:13Z
HNST,The Honest Company Announces Participation in Upcoming Investor Conferences,https://finance.yahoo.com/markets/stocks/articles/honest-company-announces-participation-upcoming-110500563.html?.tsrc=rss,Yahoo Finance,"Thu, 20 Aug 2026 11:05:00 +0000",2026-08-20T11:05:00Z
HNST,Honest Company (HNST) Q2 2026 Earnings Call Transcript,https://www.fool.com/earnings/call-transcripts/2026/08/12/honest-company-hnst-q2-2026-earnings-call-transcript/?.tsrc=rss,Yahoo Finance,"Wed, 12 Aug 2026 23:01:28 +0000",2026-08-12T23:01:28Z
HNST,"Is Honest Company (HNST) Expensive After Strong Q2 Results, Higher Guidance, And A Buyback?",https://finance.yahoo.com/markets/stocks/articles/honest-company-hnst-expensive-strong-120951077.html?.tsrc=rss,Yahoo Finance,"Sun, 09 Aug 2026 12:09:51 +0000",2026-08-09T12:09:51Z
HNST,Honest Company (HNST) Is Up 49.6% After Raising 2026 Outlook And Completing Buyback Program,https://finance.yahoo.com/markets/stocks/articles/honest-company-hnst-49-6-011049304.html?.tsrc=rss,Yahoo Finance,"Sat, 08 Aug 2026 01:10:49 +0000",2026-08-08T01:10:49Z
AXON,AXON Gains From Strong Software & Services Momentum: Can It Sustain?,https://finance.yahoo.com/markets/stocks/articles/axon-gains-strong-software-services-123700581.html?.tsrc=rss,Yahoo Finance,"Wed, 07 Oct 2026 12:37:00 +0000",2026-10-07T12:37:00Z
AXON,"AXON Networks Launches AXON Datum, the Industry's First Data Governance and AI Sovereignty Layer Architected for the AI Demands of Telecoms, Enterprises, and Institutions",https://finance.yahoo.com/technology/ai/articles/axon-networks-launches-axon-datum-120000202.html?.tsrc=rss,Yahoo Finance,"Tue, 06 Oct 2026 12:00:00 +0000",2026-10-06T12:00:00Z
AXON,Axon Enterprise (AXON) Stock Falls Amid Market Uptick: What Investors Need to Know,https://finance.yahoo.com/markets/stocks/articles/axon-enterprise-axon-stock-falls-205003728.html?.tsrc=rss,Yahoo Finance,"Fri, 02 Oct 2026 20:50:03 +0000",2026-10-02T20:50:03Z
AXON,Axon Enterprise (AXON) Stock Sinks As Market Gains: What You Should Know,https://finance.yahoo.com/markets/stocks/articles/axon-enterprise-axon-stock-sinks-205004828.html?.tsrc=rss,Yahoo Finance,"Fri, 25 Sep 2026 20:50:04 +0000",2026-09-25T20:50:04Z
AXON,"Sterling, Axon, Herc, Nextpower, and FTAI Aviation Shares Plummet, What You Need To Know",https://finance.yahoo.com/markets/stocks/articles/sterling-axon-herc-nextpower-ftai-001658544.html?.tsrc=rss,Yahoo Finance,"Fri, 25 Sep 2026 00:16:58 +0000",2026-09-25T00:16:58Z
DDOG,Datadog (DDOG) Declines More Than Market: Some Information for Investors,https://finance.yahoo.com/markets/stocks/articles/datadog-ddog-declines-more-market-204506388.html?.tsrc=rss,Yahoo Finance,"Wed, 07 Oct 2026 20:45:06 +0000",2026-10-07T20:45:06Z
DDOG,Datadog (DDOG) vs. DT and CSCO: Can Multi-Product Adoption Sustain Its High-Growth Story?,https://finance.yahoo.com/markets/stocks/articles/datadog-ddog-vs-dt-csco-151218556.html?.tsrc=rss,Yahoo Finance,"Wed, 07 Oct 2026 15:13:18 +0000",2026-10-07T15:13:18Z
DDOG,Datadog’s Growth Is Expected to Slow From 36% to Around 29% in Q3. Here’s the CFO’s Plan to Protect Margins,https://www.tikr.com/blog/datadogs-growth-is-expected-to-slow-from-36-to-around-29-in-q3-heres-the-cfos-plan-to-protect-margins?ref=yahoofinance&.tsrc=rss,Yahoo Finance,"Mon, 05 Oct 2026 15:36:12 +0000",2026-10-05T15:36:12Z
DDOG,Datadog’s Rally Has Insiders Selling—Can It Keep Climbing?,https://www.insidertrades.com/education/datadogs-rally-has-insiders-sellingcan-it-keep-climbing/?utm_source=yahoofinance&utm_medium=yahoofinance&.tsrc=rss,Yahoo Finance,"Mon, 05 Oct 2026 15:30:00 +0000",2026-10-05T15:30:00Z
DDOG,Datadog (DDOG): Positioned to Capture Explosive Agentic AI Growth,https://finance.yahoo.com/technology/ai/articles/datadog-ddog-positioned-capture-explosive-140908301.html?.tsrc=rss,Yahoo Finance,"Mon, 05 Oct 2026 14:09:08 +0000",2026-10-05T14:09:08Z
DDOG,Datadog Stock Is Having Its Best Year Since 2020. It Could Get Even Better From Here.,https://finance.yahoo.com/m/df51e9ae-0123-3cbe-a051-d1518de5f258/datadog-stock-is-having-its.html?.tsrc=rss,Yahoo Finance,"Fri, 02 Oct 2026 18:05:00 +0000",2026-10-02T18:05:00Z
SANA,Sana Biotechnology to Present at September 2026 Investor Conferences,https://finance.yahoo.com/healthcare/articles/sana-biotechnology-present-september-2026-200500278.html?.tsrc=rss,Yahoo Finance,"Tue, 01 Sep 2026 20:05:00 +0000",2026-09-01T20:05:00Z
SANA,Sana Biotechnology (SANA) Publishes 14 Month Diabetes Cell Therapy Results In NEJM,https://finance.yahoo.com/healthcare/articles/sana-biotechnology-sana-publishes-14-211145927.html?.tsrc=rss,Yahoo Finance,"Thu, 16 Jul 2026 21:11:45 +0000",2026-07-16T21:11:45Z
SANA,Sana (SANA) Upgraded to Buy: Here's What You Should Know,https://finance.yahoo.com/markets/stocks/articles/sana-sana-upgraded-buy-heres-160004538.html?.tsrc=rss,Yahoo Finance,"Wed, 15 Jul 2026 16:00:04 +0000",2026-07-15T16:00:04Z
SANA,Sana Biotechnology Announces Symposium Presentation at the European Association for the Study of Diabetes (EASD) Annual Meeting 2026,https://finance.yahoo.com/healthcare/articles/sana-biotechnology-announces-symposium-presentation-130000389.html?.tsrc=rss,Yahoo Finance,"Wed, 01 Jul 2026 13:00:00 +0000",2026-07-01T13:00:00Z
SANA,Sana Biotechnology Announces Sale of Approximately $69 Million of Shares Through its At-the-Market (ATM) Facility,https://finance.yahoo.com/sectors/healthcare/articles/sana-biotechnology-announces-sale-approximately-130000161.html?.tsrc=rss,Yahoo Finance,"Fri, 15 May 2026 13:00:00 +0000",2026-05-15T13:00:00Z
SANA,"Sana Biotechnology Presents Preclinical Data for In Vivo CAR T Cell Therapy SG293 Surrogate Demonstrating Cell-Specific Delivery, Potent CAR T Cell Generation, and Deep B Cell Depletion in NHPs",https://finance.yahoo.com/news/sana-biotechnology-presents-preclinical-data-200500344.html?.tsrc=rss,Yahoo Finance,"Tue, 12 May 2026 20:05:00 +0000",2026-05-12T20:05:00Z
LSCC,"Lattice Collaborates with Arm to Advance Secure, Adaptable AI Data Center Infrastructure",https://finance.yahoo.com/technology/ai/articles/lattice-collaborates-arm-advance-secure-200000309.html?.tsrc=rss,Yahoo Finance,"Wed, 07 Oct 2026 20:00:00 +0000",2026-10-07T20:00:00Z
LSCC,"Here Are Tuesday’s Top Wall Street Analyst Research Calls: Borg Warner, Boyd Gaming, JetBlue, Lattice Semiconductor, Lockheed Martin, Nike, Northrop Grumman, Procter & Gamble, SPX Technologies, and More",https://247wallst.com/investing/2026/10/06/here-are-tuesdays-top-wall-street-analyst-research-calls-borg-warner-boyd-gaming-jetblue-lattice-semiconductor-lockheed-martin-nike-northrop-grumman-procter-gamble-spx-technologies/?.tsrc=rss,Yahoo Finance,"Tue, 06 Oct 2026 11:54:14 +0000",2026-10-06T11:54:14Z
LSCC,A Look Back at Processors and Graphics Chips Stocks’ Q2 Earnings: Lattice Semiconductor (NASDAQ:LSCC) Vs The Rest Of The Pack,https://finance.yahoo.com/markets/stocks/articles/look-back-processors-graphics-chips-193403148.html?.tsrc=rss,Yahoo Finance,"Fri, 02 Oct 2026 19:34:03 +0000",2026-10-02T19:34:03Z
LSCC,Lattice Semiconductor (LSCC) Stock Could Be Pricey After AI Infrastructure News,https://finance.yahoo.com/markets/stocks/articles/lattice-semiconductor-lscc-stock-could-120518820.html?.tsrc=rss,Yahoo Finance,"Fri, 02 Oct 2026 12:05:18 +0000",2026-10-02T12:05:18Z
LSCC,Lattice Semiconductor (LSCC) Joins Chip Index As Its Valuation Story Draws Fresh Scrutiny,https://finance.yahoo.com/markets/stocks/articles/lattice-semiconductor-lscc-joins-chip-080631363.html?.tsrc=rss,Yahoo Finance,"Fri, 02 Oct 2026 08:06:31 +0000",2026-10-02T08:06:31Z
LSCC,Lattice to Showcase AI-Driven Low Power FPGA Innovation at FPGA Horizons Conference,https://finance.yahoo.com/technology/ai/articles/lattice-showcase-ai-driven-low-200000733.html?.tsrc=rss,Yahoo Finance,"Tue, 29 Sep 2026 20:00:00 +0000",2026-09-29T20:00:00Z
KYMR,Kymera Therapeutics (KYMR) Up 10.2% Since Last Earnings Report: Can It Continue?,https://finance.yahoo.com/healthcare/articles/kymera-therapeutics-kymr-10-2-153015293.html?.tsrc=rss,Yahoo Finance,"Fri, 04 Sep 2026 15:30:15 +0000",2026-09-04T15:30:15Z
KYMR,Kymera Therapeutics to Participate in Upcoming September Investor Conferences,https://finance.yahoo.com/healthcare/articles/kymera-therapeutics-participate-upcoming-september-200100908.html?.tsrc=rss,Yahoo Finance,"Wed, 02 Sep 2026 20:01:00 +0000",2026-09-02T20:01:00Z
KYMR,"Kymera's KT-621 Has 'Oral Dupixent' Potential, but Valuation Limits Upside, RBC Says",https://finance.yahoo.com/healthcare/articles/kymera-apos-kt-621-apos-145913267.html?.tsrc=rss,Yahoo Finance,"Wed, 02 Sep 2026 14:59:13 +0000",2026-09-02T14:59:13Z
KYMR,Kymera Therapeutics (KYMR) Q2 2026 Earnings Call Transcript,https://www.fool.com/earnings/call-transcripts/2026/08/12/kymera-therapeutics-kymr-q2-2026-earnings-call-transcript/?.tsrc=rss,Yahoo Finance,"Wed, 12 Aug 2026 17:14:04 +0000",2026-08-12T17:14:04Z
KYMR,Accelerated KT-621 Trial and Narrower Loss Might Change The Case For Investing In Kymera Therapeutics (KYMR),https://finance.yahoo.com/healthcare/articles/accelerated-kt-621-trial-narrower-071526806.html?.tsrc=rss,Yahoo Finance,"Thu, 06 Aug 2026 07:15:26 +0000",2026-08-06T07:15:26Z
KYMR,"Kymera Therapeutics to Report Second Quarter 2026 Financial Results on August 5, 2026",https://finance.yahoo.com/healthcare/articles/kymera-therapeutics-report-second-quarter-200100607.html?.tsrc=rss,Yahoo Finance,"Tue, 28 Jul 2026 20:01:00 +0000",2026-07-28T20:01:00Z
PANW,Palo Alto Networks (PANW) Deepens AI Security Reach With Global SOC Modernization,https://finance.yahoo.com/technology/ai/articles/palo-alto-networks-panw-deepens-001707207.html?.tsrc=rss,Yahoo Finance,"Thu, 08 Oct 2026 00:17:07 +0000",2026-10-08T00:17:07Z
PANW,"Top Stock Reports for AMD, Palo Alto & ConocoPhillips",https://finance.yahoo.com/markets/stocks/articles/top-stock-reports-amd-palo-190500864.html?.tsrc=rss,Yahoo Finance,"Wed, 07 Oct 2026 19:05:00 +0000",2026-10-07T19:05:00Z
PANW,"A $1,000 Bet on Palo Alto Networks Beat the S&P 500 by More Than 5x Over Ten Years",https://247wallst.com/investing/2026/10/07/a-1000-bet-on-palo-alto-networks-beat-the-sp-500-by-more-than-5x-over-ten-years/?.tsrc=rss,Yahoo Finance,"Wed, 07 Oct 2026 14:00:28 +0000",2026-10-07T14:00:28Z
PANW,Palo Alto Stock Is Ideal For This Long-Term Options Trade,https://finance.yahoo.com/m/b0220078-fef6-396f-be6e-437b4edcbd10/palo-alto-stock-is-ideal-for.html?.tsrc=rss,Yahoo Finance,"Tue, 06 Oct 2026 16:06:25 +0000",2026-10-06T16:06:25Z
PANW,CrowdStrike Advances 3% on Agentic Security Accelerator With Amazon and NVIDIA; Palo Alto and Zscaler Gain 4%,https://247wallst.com/investing/2026/10/06/crowdstrike-advances-3-on-agentic-security-accelerator-with-amazon-and-nvidia-palo-alto-networks-and-zscaler-gain-4/?.tsrc=rss,Yahoo Finance,"Tue, 06 Oct 2026 15:00:00 +0000",2026-10-06T15:00:00Z
MDB,Firing on All Cylinders: MongoDB (NASDAQ:MDB) Q2 Earnings Lead the Way,https://finance.yahoo.com/markets/stocks/articles/firing-cylinders-mongodb-nasdaq-mdb-195803265.html?.tsrc=rss,Yahoo Finance,"Fri, 02 Oct 2026 19:58:03 +0000",2026-10-02T19:58:03Z
MDB,Why Is MongoDB (MDB) Down 7.1% Since Last Earnings Report?,https://finance.yahoo.com/markets/stocks/articles/why-mongodb-mdb-down-7-143003492.html?.tsrc=rss,Yahoo Finance,"Thu, 01 Oct 2026 14:30:03 +0000",2026-10-01T14:30:03Z
MDB,Why Is MongoDB (MDB) Stock Rocketing Higher Today,https://finance.yahoo.com/markets/stocks/articles/why-mongodb-mdb-stock-rocketing-225313333.html?.tsrc=rss,Yahoo Finance,"Wed, 30 Sep 2026 22:53:13 +0000",2026-09-30T22:53:13Z
MDB,"MongoDB has AI momentum on its side, BofA says following investor day",https://www.proactiveinvestors.com/companies/news/1099397/mongodb-has-ai-momentum-on-its-side-bofa-says-following-investor-day-1099397.html?.tsrc=rss,Yahoo Finance,"Wed, 30 Sep 2026 17:38:00 +0000",2026-09-30T17:38:00Z
MDB,MongoDB Stock Crashes After CEO Exit. This Brutal Selloff Is a Buying Opportunity.,https://www.barchart.com/story/news/4882855/mongodb-stock-crashes-after-ceo-exit-this-brutal-selloff-is-a-buying-opportunity?.tsrc=rss,Yahoo Finance,"Wed, 30 Sep 2026 14:55:46 +0000",2026-09-30T14:55:46Z
CRWD,CrowdStrike stock is flying — but the valuation math is sending warning signs,https://finance.yahoo.com/markets/stocks/article/crowdstrike-stock-is-flying--but-the-valuation-math-is-sending-warning-signs-202714759.html?.tsrc=rss,Yahoo Finance,"Wed, 07 Oct 2026 20:27:14 +0000",2026-10-07T20:27:14Z
CRWD,CrowdStrike (CRWD) Earns IDC MarketScape Leader Recognition,https://finance.yahoo.com/technology/ai/articles/crowdstrike-crwd-earns-idc-marketscape-231754426.html?.tsrc=rss,Yahoo Finance,"Wed, 07 Oct 2026 23:17:54 +0000",2026-10-07T23:17:54Z
CRWD,Why CrowdStrike Holdings (CRWD) Dipped More Than Broader Market Today,https://finance.yahoo.com/markets/stocks/articles/why-crowdstrike-holdings-crwd-dipped-204506182.html?.tsrc=rss,Yahoo Finance,"Wed, 07 Oct 2026 20:45:06 +0000",2026-10-07T20:45:06Z
CRWD,Why CrowdStrike Stock Slumped on Wednesday,https://www.fool.com/investing/2026/10/07/why-crowdstrike-stock-slumped-on-wednesday/?.tsrc=rss,Yahoo Finance,"Wed, 07 Oct 2026 19:40:28 +0000",2026-10-07T19:40:28Z
CRWD,CrowdStrike vs. Fortinet: Which Cybersecurity Stock Is Poised for Higher Highs?,https://finance.yahoo.com/markets/stocks/articles/crowdstrike-vs-fortinet-cybersecurity-stock-191900745.html?.tsrc=rss,Yahoo Finance,"Wed, 07 Oct 2026 19:19:00 +0000",2026-10-07T19:19:00Z
CRWD,"3 Reasons Why I’m Positive on CrowdStrike Stock:  Market Share Gains, Swelling ARR, and Cash Flow Upside",https://www.barchart.com/story/news/5011700/3-reasons-why-im-positive-on-crowdstrike-stock-market-share-gains-swelling-arr-and-cash-flow-upside?.tsrc=rss,Yahoo Finance,"Wed, 07 Oct 2026 17:33:36 +0000",2026-10-07T17:33:36Z
U,"Unity CEO Wants Google AI Gaming Platform To Reach Consoles, Says Goal Isn't ‘AI Slop’",https://stocktwits.com/news-articles/markets/equity/unity-ceo-wants-google-ai-gaming-platform-to-reach-consoles-says-goal-isn-t-ai-slop/cZDv08WRBZb?.tsrc=rss,Yahoo Finance,"Wed, 07 Oct 2026 16:43:50 +0000",2026-10-07T16:43:50Z
U,Google and Unity’s New Gaming Platform Is a Threat to Roblox. Why It Could Lure Creators Away.,https://finance.yahoo.com/m/362091da-4b9c-3a36-8811-2a8185faaae9/google-and-unity%E2%80%99s-new-gaming.html?.tsrc=rss,Yahoo Finance,"Wed, 07 Oct 2026 14:13:00 +0000",2026-10-07T14:13:00Z
U,"Unity Climbs 4% as Google Partnership Opens Game Creation to Non-Coders; Roblox Drops 4%, Take-Two Holds Steady",https://247wallst.com/investing/2026/10/07/unity-climbs-4-as-google-partnership-opens-game-creation-to-non-coders-roblox-drops-3-take-two-holds-steady/?.tsrc=rss,Yahoo Finance,"Wed, 07 Oct 2026 13:11:57 +0000",2026-10-07T13:11:57Z
U,Roblox shares fall as Google and Unity launch AI-powered game creation platform,https://finance.yahoo.com/technology/ai/articles/roblox-shares-fall-google-unity-124448958.html?.tsrc=rss,Yahoo Finance,"Wed, 07 Oct 2026 12:44:48 +0000",2026-10-07T12:44:48Z
U,Roblox Shares Fall as Google and Unity Announce AI Game Creation Platform,https://investorshub.advfn.com/market-news/article/37631/roblox-shares-fall-as-google-and-unity-announce-ai-game-creation-platform?.tsrc=rss,Yahoo Finance,"Wed, 07 Oct 2026 12:38:53 +0000",2026-10-07T12:38:53Z
U,Unity Shares Rise 5% After Google AI Gaming Partnership,https://investorshub.advfn.com/market-news/article/37629/unity-shares-rise-5-after-google-ai-gaming-partnership?.tsrc=rss,Yahoo Finance,"Wed, 07 Oct 2026 12:37:55 +0000",2026-10-07T12:37:55Z
QBTS,Here's How QBTS Exited Third Quarter With Key Growth Catalysts,https://finance.yahoo.com/technology/ai/articles/heres-qbts-exited-third-quarter-140000668.html?.tsrc=rss,Yahoo Finance,"Tue, 06 Oct 2026 14:00:00 +0000",2026-10-06T14:00:00Z
VERA,Vera Therapeutics Announces Inducement Grants Under Nasdaq Listing Rule 5635(c)(4),https://finance.yahoo.com/healthcare/articles/vera-therapeutics-announces-inducement-grants-200500606.html?.tsrc=rss,Yahoo Finance,"Fri, 02 Oct 2026 20:05:00 +0000",2026-10-02T20:05:00Z
VERA,Vera Therapeutics Announces ORIGIN 3 Final Efficacy Analysis of TRUTAKNA™ (atacicept-vymj) in IgA Nephropathy Will be A Featured Late-breaking Oral Presentation at the Opening Plenary Session of ASN Kidney Week 2026,https://finance.yahoo.com/healthcare/articles/vera-therapeutics-announces-origin-3-132400137.html?.tsrc=rss,Yahoo Finance,"Fri, 02 Oct 2026 13:24:00 +0000",2026-10-02T13:24:00Z
VERA,Vera Therapeutics (VERA) Says TRUTAKNA Met All Phase III Endpoints,https://finance.yahoo.com/healthcare/articles/vera-therapeutics-vera-says-trutakna-061203339.html?.tsrc=rss,Yahoo Finance,"Thu, 17 Sep 2026 06:12:03 +0000",2026-09-17T06:12:03Z
VERA,Vera Reverses Its Major Chart Upset As Vertex Rivalry Deepens — What Happened?,https://finance.yahoo.com/m/7e6b9994-86b2-3cd8-a421-1be4d5da57fc/vera-reverses-its-major-chart.html?.tsrc=rss,Yahoo Finance,"Tue, 15 Sep 2026 20:40:39 +0000",2026-09-15T20:40:39Z
VERA,Vera set up for full approval for Trutakna in IgAN with Phase III win,https://www.clinicaltrialsarena.com/news/vera-set-up-for-full-approval-for-trutakna-in-igan-with-phase-iii-win/?.tsrc=rss,Yahoo Finance,"Tue, 15 Sep 2026 16:39:41 +0000",2026-09-15T16:39:41Z
VERA,Vera Therapeutics Shares Rise 13% After TRUTAKNA Meets ORIGIN 3 Trial Endpoints,https://investorshub.advfn.com/market-news/article/36305/vera-therapeutics-shares-rise-13-after-trutakna-meets-origin-3-trial-endpoints?.tsrc=rss,Yahoo Finance,"Tue, 15 Sep 2026 13:37:46 +0000",2026-09-15T13:37:46Z
ETSY,Are Retail-Wholesale Stocks Lagging  Etsy (ETSY) This Year?,https://finance.yahoo.com/markets/stocks/articles/retail-wholesale-stocks-lagging-etsy-130004574.html?.tsrc=rss,Yahoo Finance,"Mon, 05 Oct 2026 13:00:04 +0000",2026-10-05T13:00:04Z
ETSY,"Etsy (ETSY) Stock Is Up, What You Need To Know",https://finance.yahoo.com/markets/stocks/articles/etsy-etsy-stock-know-222113358.html?.tsrc=rss,Yahoo Finance,"Wed, 30 Sep 2026 22:21:13 +0000",2026-09-30T22:21:13Z
ETSY,Q2 Online Marketplace Earnings: Etsy (NYSE:ETSY) Earns Top Marks,https://finance.yahoo.com/markets/stocks/articles/q2-online-marketplace-earnings-etsy-214236186.html?.tsrc=rss,Yahoo Finance,"Mon, 28 Sep 2026 21:42:36 +0000",2026-09-28T21:42:36Z
ETSY,Why Etsy (ETSY) Stock Is Trading Lower Today,https://finance.yahoo.com/markets/stocks/articles/why-etsy-etsy-stock-trading-004058304.html?.tsrc=rss,Yahoo Finance,"Fri, 25 Sep 2026 00:40:58 +0000",2026-09-25T00:40:58Z
IONQ,IonQ Advances to Final Stage of DARPA’s Quantum Benchmarking Initiative,https://finance.yahoo.com/technology/ai/articles/ionq-advances-final-stage-darpa-214500719.html?.tsrc=rss,Yahoo Finance,"Wed, 07 Oct 2026 21:45:00 +0000",2026-10-07T21:45:00Z
IONQ,BigBear.ai vs. IonQ: Which Technology Stock Is a Better Buy in 2026?,https://www.fool.com/coverage/better-buy/2026/10/07/bigbearai-vs-ionq-which-technology-stock-is-a-better-buy-in-2026/?.tsrc=rss,Yahoo Finance,"Wed, 07 Oct 2026 18:45:49 +0000",2026-10-07T18:45:49Z
IONQ,How IonQ Is Progressing in Quantum Computing and Space Operations,https://finance.yahoo.com/technology/articles/ionq-progressing-quantum-computing-space-131800002.html?.tsrc=rss,Yahoo Finance,"Wed, 07 Oct 2026 13:18:00 +0000",2026-10-07T13:18:00Z
IONQ,IonQ (IONQ) Could Be 10% Below Fair Value After FIU Quantum Deal,https://finance.yahoo.com/markets/stocks/articles/ionq-ionq-could-10-below-071544713.html?.tsrc=rss,Yahoo Finance,"Wed, 07 Oct 2026 07:15:44 +0000",2026-10-07T07:15:44Z
IONQ,Bank of America Put a $60 Price Target on IonQ. The Quantum Bet Is Picking Up Speed.,https://www.barchart.com/story/news/4964057/bank-of-america-put-a-60-price-target-on-ionq-the-quantum-bet-is-picking-up-speed?.tsrc=rss,Yahoo Finance,"Mon, 05 Oct 2026 14:57:21 +0000",2026-10-05T14:57:21Z
IONQ,Better Quantum Computing Stock: Alphabet vs. IonQ,https://www.fool.com/investing/2026/10/04/better-quantum-computing-stock-alphabet-vs-ionq/?.tsrc=rss,Yahoo Finance,"Sun, 04 Oct 2026 06:05:00 +0000",2026-10-04T06:05:00Z
RGTI,"Rigetti Computing, Inc. (RGTI) Registers a Bigger Fall Than the Market: Important Facts to Note",https://finance.yahoo.com/markets/stocks/articles/rigetti-computing-inc-rgti-registers-210005623.html?.tsrc=rss,Yahoo Finance,"Wed, 07 Oct 2026 21:00:05 +0000",2026-10-07T21:00:05Z
RGTI,D-Wave Quantum vs. Rigetti Computing: Which Cutting Edge Quantum Stock Is a Better Buy in 2026?,https://www.fool.com/coverage/better-buy/2026/10/07/d-wave-quantum-vs-rigetti-computing-which-cutting-edge-quantum-stock-is-a-better-buy-in-2026/?.tsrc=rss,Yahoo Finance,"Wed, 07 Oct 2026 15:28:02 +0000",2026-10-07T15:28:02Z
RGTI,Wall Street Analysts See Rigetti Computing (RGTI) as a Buy: Should You Invest?,https://finance.yahoo.com/markets/stocks/articles/wall-street-analysts-see-rigetti-123003497.html?.tsrc=rss,Yahoo Finance,"Wed, 07 Oct 2026 12:30:03 +0000",2026-10-07T12:30:03Z
RGTI,Rigetti's Quantum Momentum Builds Despite Uneven Revenue Growth,https://finance.yahoo.com/technology/articles/rigettis-quantum-momentum-builds-despite-170300071.html?.tsrc=rss,Yahoo Finance,"Tue, 06 Oct 2026 17:03:00 +0000",2026-10-06T17:03:00Z
RGTI,One $8.4 Million Order Equals Most of Rigetti’s Q4 Revenue Estimate. Here’s What It Means for the Stock,https://www.tikr.com/blog/one-8-4-million-order-equals-most-of-rigettis-q4-revenue-estimate-heres-what-it-means-for-the-stock?ref=yahoofinance&.tsrc=rss,Yahoo Finance,"Tue, 06 Oct 2026 14:36:55 +0000",2026-10-06T14:36:55Z
RGTI,Rigetti Computing vs. D-Wave Quantum: Which Quantum Computing Stock Is the Better Buy?,https://www.fool.com/investing/2026/10/06/rigetti-computing-vs-d-wave-quantum-which-quantum/?.tsrc=rss,Yahoo Finance,"Tue, 06 Oct 2026 06:29:00 +0000",2026-10-06T06:29:00Z
SOUN,SoundHound Expands IoT Footprint: Can Agentic AI Reach More Devices?,https://finance.yahoo.com/technology/ai/articles/soundhound-expands-iot-footprint-agentic-150200256.html?.tsrc=rss,Yahoo Finance,"Tue, 06 Oct 2026 15:02:00 +0000",2026-10-06T15:02:00Z
SOUN,"Here is What to Know Beyond Why SoundHound AI, Inc. (SOUN) is a Trending Stock",https://finance.yahoo.com/markets/stocks/articles/know-beyond-why-soundhound-ai-120004336.html?.tsrc=rss,Yahoo Finance,"Tue, 06 Oct 2026 12:00:04 +0000",2026-10-06T12:00:04Z
SOUN,SoundHound AI Stock Outlook: What Investors Can Expect Over the Next Year,https://www.fool.com/investing/2026/10/06/soundhound-ai-stock-outlook-what-investors-expect/?.tsrc=rss,Yahoo Finance,"Tue, 06 Oct 2026 10:05:00 +0000",2026-10-06T10:05:00Z
SOUN,Is SoundHound AI’s Kia Sorento Rollout and OASYS Edge Debut Reframing The Investment Case For SOUN?,https://finance.yahoo.com/technology/ai/articles/soundhound-ai-kia-sorento-rollout-180720859.html?.tsrc=rss,Yahoo Finance,"Mon, 05 Oct 2026 18:07:20 +0000",2026-10-05T18:07:20Z
SOUN,BigBear.ai vs. SoundHound AI: Which Tech Stock Is a Better Buy in 2026?,https://www.fool.com/coverage/better-buy/2026/10/05/bigbear-ai-vs-soundhound-ai-which-tech-stock-is-a-better-buy-in-2026/?.tsrc=rss,Yahoo Finance,"Mon, 05 Oct 2026 14:19:10 +0000",2026-10-05T14:19:10Z
SOUN,SoundHound AI Stock: Is it a Bargain Buy at $6?,https://www.fool.com/investing/2026/10/05/soundhound-ai-stock-is-it-a-bargain-buy-at-6/?.tsrc=rss,Yahoo Finance,"Mon, 05 Oct 2026 14:15:01 +0000",2026-10-05T14:15:01Z
TSLA,"AI boom, Gen Z’s ‘vibecession’ and Tesla’s $40B chip bet",https://finance.yahoo.com/video/ai-boom-gen-z-vibecession-180206064.html?.tsrc=rss,Yahoo Finance,"Wed, 07 Oct 2026 18:02:06 +0000",2026-10-07T18:02:06Z
TSLA,Tesla Semi lands 50-truck order from drayage carrier IMC,https://finance.yahoo.com/energy/articles/tesla-semi-lands-50-truck-180515657.html?.tsrc=rss,Yahoo Finance,"Wed, 07 Oct 2026 18:05:15 +0000",2026-10-07T18:05:15Z
TSLA,Top Tesla Bull Admits the Stock Is “Rich by Any Standard” Even After the Delivery Beat,https://www.tikr.com/blog/top-tesla-bull-admits-the-stock-is-rich-by-any-standard-even-after-the-delivery-beat?ref=yahoofinance&.tsrc=rss,Yahoo Finance,"Wed, 07 Oct 2026 16:45:43 +0000",2026-10-07T16:45:43Z
TSLA,Tesla Pressured European Regulators to Ease FSD Review As Musk Claimed Delays 'Cost Lives': Reuters,https://www.benzinga.com/markets/prediction-markets/26/10/62220690/tesla-fsd-europe-regulator-pressure?utm_source=yahooFinance&utm_campaign=partner_feed&utm_medium=referral&.tsrc=rss,Yahoo Finance,"Wed, 07 Oct 2026 14:30:27 +0000",2026-10-07T14:30:27Z
INTA,Forvis Mazars Capital Advisors selects Intapp DealCloud with Celeste to advance firmwide agentic AI strategy,https://finance.yahoo.com/technology/ai/articles/forvis-mazars-capital-advisors-selects-124500053.html?.tsrc=rss,Yahoo Finance,"Tue, 22 Sep 2026 12:45:00 +0000",2026-09-22T12:45:00Z
INTA,"Intapp CEO John Hall Sells 3,000 Shares",https://www.fool.com/coverage/filings/2026/09/21/intapp-ceo-john-hall-sells-3-000-shares/?.tsrc=rss,Yahoo Finance,"Mon, 21 Sep 2026 12:57:01 +0000",2026-09-21T12:57:01Z
INTA,Intapp collaborates with OpenAI to deliver a governed DealCloud with Celeste plug-in to financial services,https://finance.yahoo.com/technology/ai/articles/intapp-collaborates-openai-deliver-governed-174500795.html?.tsrc=rss,Yahoo Finance,"Thu, 10 Sep 2026 17:45:00 +0000",2026-09-10T17:45:00Z
INTA,Intapp launches a network to help law firms recover revenue lost between pricing and collections,https://finance.yahoo.com/technology/ai/articles/intapp-launches-network-help-law-124500023.html?.tsrc=rss,Yahoo Finance,"Wed, 09 Sep 2026 12:45:00 +0000",2026-09-09T12:45:00Z
INTA,"Intapp Chief Product Officer Thad Jampol Sells 25,000 Shares",https://www.fool.com/coverage/filings/2026/09/03/intapp-chief-product-officer-thad-jampol-sells-25000-shares/?.tsrc=rss,Yahoo Finance,"Thu, 03 Sep 2026 21:50:01 +0000",2026-09-03T21:50:01Z
CRNX,Vertex Pharmaceuticals Incorporated (VRTX): Crinetics Acquisition Creates a New Growth Engine Beyond Cystic Fibrosis,https://finance.yahoo.com/healthcare/articles/vertex-pharmaceuticals-incorporated-vrtx-crinetics-210358407.html?.tsrc=rss,Yahoo Finance,"Fri, 11 Sep 2026 21:03:58 +0000",2026-09-11T21:03:58Z
CRNX,Vertex to Acquire Crinetics Pharmaceuticals (CRNX) in $85 Per Share Cash Deal,https://finance.yahoo.com/healthcare/articles/vertex-acquire-crinetics-pharmaceuticals-crnx-140143137.html?.tsrc=rss,Yahoo Finance,"Wed, 15 Jul 2026 14:01:43 +0000",2026-07-15T14:01:43Z
CRNX,"Vertex Completes $10 Billion Crinetics Acquisition, Adding Rare Endocrine Growth Platform",https://investorshub.advfn.com/market-news/article/35430/vertex-completes-10-billion-crinetics-acquisition-adding-rare-endocrine-growth-platform?.tsrc=rss,Yahoo Finance,"Tue, 01 Sep 2026 15:07:07 +0000",2026-09-01T15:07:07Z
CRNX,Crinetics Pharmaceuticals (CRNX) On Vertex Deal Optimism And Results Looks Nearly Fully Valued,https://finance.yahoo.com/markets/stocks/articles/crinetics-pharmaceuticals-crnx-vertex-deal-211140021.html?.tsrc=rss,Yahoo Finance,"Tue, 04 Aug 2026 21:11:40 +0000",2026-08-04T21:11:40Z
ARWR,Arrowhead Pharmaceuticals Granted Entry in the FDA STAR Pilot Program for Plozasiran in Severe Hypertriglyceridemia,https://finance.yahoo.com/healthcare/articles/arrowhead-pharmaceuticals-granted-entry-fda-113000317.html?.tsrc=rss,Yahoo Finance,"Wed, 07 Oct 2026 11:30:00 +0000",2026-10-07T11:30:00Z
ARWR,Arrowhead Pharmaceuticals to Host a Webinar with Interim Clinical Data from a Phase 1/2a Study of ARO-MAPT for the Treatment of Alzheimer’s Disease and Other Tauopathies,https://finance.yahoo.com/healthcare/articles/arrowhead-pharmaceuticals-host-webinar-interim-113000043.html?.tsrc=rss,Yahoo Finance,"Tue, 29 Sep 2026 11:30:00 +0000",2026-09-29T11:30:00Z
ARWR,ARWR Stock: Goldman Sachs Resumes Coverage With $74 Target As Clinical Catalysts Near,https://stocktwits.com/news-articles/markets/equity/arwr-stock-goldman-sachs-resumes-coverage-with-74-target-as-clinical-catalysts-near/cZM7CC9RB95?.tsrc=rss,Yahoo Finance,"Thu, 24 Sep 2026 11:20:57 +0000",2026-09-24T11:20:57Z
ARWR,Arrowhead Pharmaceuticals (ARWR) On ARO DIMER PA Data And Whether Undervaluation Still Holds,https://finance.yahoo.com/markets/stocks/articles/arrowhead-pharmaceuticals-arwr-aro-dimer-041849885.html?.tsrc=rss,Yahoo Finance,"Sat, 19 Sep 2026 04:18:49 +0000",2026-09-19T04:18:49Z
ARWR,"Arrowhead Pharmaceuticals Spotlights Dual-Target RNAi Data, Plozasiran Launch Progress",https://www.marketbeat.com/instant-alerts/event-arrowhead-pharmaceuticals-spotlights-dual-target-rnai-data-plozasiran-launch-progress-2026-09-18/?utm_source=yahoofinance&utm_medium=yahoofinance&.tsrc=rss,Yahoo Finance,"Sat, 19 Sep 2026 00:02:00 +0000",2026-09-19T00:02:00Z
ARWR,Arrowhead Pharmaceuticals Eyes SHTG Filing as RNAi Pipeline Expands,https://www.marketbeat.com/instant-alerts/event-arrowhead-pharmaceuticals-eyes-shtg-filing-as-rnai-pipeline-expands-2026-09-18/?utm_source=yahoofinance&utm_medium=yahoofinance&.tsrc=rss,Yahoo Finance,"Fri, 18 Sep 2026 21:02:01 +0000",2026-09-18T21:02:01Z
IONS,Ionis Delivers Positive Late-Stage Results for Two Partnered Drugs,https://finance.yahoo.com/healthcare/articles/ionis-delivers-positive-stage-results-161300908.html?.tsrc=rss,Yahoo Finance,"Wed, 23 Sep 2026 16:13:00 +0000",2026-09-23T16:13:00Z
IONS,Ionis announces positive topline results from Phase 3 FUSION study of ulefnersen marking significant milestone in advancing first potential disease modifying treatment for FUS-ALS,https://finance.yahoo.com/healthcare/articles/ionis-announces-positive-topline-results-120000707.html?.tsrc=rss,Yahoo Finance,"Tue, 22 Sep 2026 12:00:00 +0000",2026-09-22T12:00:00Z
IONS,Investors Dumped Ionis Pharmaceuticals Stock -- But Wall Street Hasn't Budged From Its Bullish Outlook,https://www.fool.com/investing/2026/09/20/investors-dumped-ionis-pharmaceuticals-stock-but/?.tsrc=rss,Yahoo Finance,"Sun, 20 Sep 2026 13:50:00 +0000",2026-09-20T13:50:00Z
IONS,Ionis Pharmaceuticals Eyes TRYNGOLZA Growth as Pipeline Faces Cardio Setbacks,https://www.marketbeat.com/instant-alerts/event-ionis-pharmaceuticals-eyes-tryngolza-growth-as-pipeline-faces-cardio-setbacks-2026-09-19/?utm_source=yahoofinance&utm_medium=yahoofinance&.tsrc=rss,Yahoo Finance,"Sat, 19 Sep 2026 09:02:00 +0000",2026-09-19T09:02:00Z
IONS,Failure of Novartis’ Pelacarsen Could Reshape the Lp(a) Race for CRISPR and Ionis,https://finance.yahoo.com/healthcare/articles/failure-novartis-pelacarsen-could-reshape-164211341.html?.tsrc=rss,Yahoo Finance,"Thu, 24 Sep 2026 16:42:11 +0000",2026-09-24T16:42:11Z
RARE,Ultragenyx shares rise after agreeing to sell FDA priority review voucher for $210 million,https://www.proactiveinvestors.com/companies/news/1099756/ultragenyx-shares-rise-after-agreeing-to-sell-fda-priority-review-voucher-for-210-million-1099756.html?.tsrc=rss,Yahoo Finance,"Wed, 07 Oct 2026 16:00:00 +0000",2026-10-07T16:00:00Z
RARE,Ultragenyx Lands $210M Deal To Sell FDA Priority Review Voucher – Retail Sees ‘Huge’ Buying Opportunity,https://stocktwits.com/news-articles/markets/equity/ultragenyx-lands-deal-to-sell-fda-priority-review-voucher-retail-sees-huge-buying-opportunity/cZDvLBjRBmD?.tsrc=rss,Yahoo Finance,"Wed, 07 Oct 2026 15:51:20 +0000",2026-10-07T15:51:20Z
RARE,Ultragenyx Enters into Agreement to Sell Rare Pediatric Disease Priority Review Voucher for $210 Million,https://finance.yahoo.com/healthcare/articles/ultragenyx-enters-agreement-sell-rare-123000747.html?.tsrc=rss,Yahoo Finance,"Wed, 07 Oct 2026 12:30:00 +0000",2026-10-07T12:30:00Z
RARE,Ultragenyx (RARE) EMA Validation of MPS IIIA Gene Therapy: Inflection Point or Incremental Milestone?,https://finance.yahoo.com/healthcare/articles/ultragenyx-rare-ema-validation-mps-001656835.html?.tsrc=rss,Yahoo Finance,"Wed, 07 Oct 2026 00:16:56 +0000",2026-10-07T00:16:56Z
RARE,Ultragenyx's Gene Therapy for Sanfilippo Syndrome Wins EMA Validation,https://finance.yahoo.com/healthcare/articles/ultragenyxs-gene-therapy-sanfilippo-syndrome-144600563.html?.tsrc=rss,Yahoo Finance,"Mon, 05 Oct 2026 14:46:00 +0000",2026-10-05T14:46:00Z
RARE,Ultragenyx Announces Marketing Authorisation Application (MAA) Submission to the European Medicines Agency (EMA) for the First Investigational Gene Therapy for MPS IIIA (Sanfilippo Syndrome Type A),https://finance.yahoo.com/healthcare/articles/ultragenyx-announces-marketing-authorisation-application-060000472.html?.tsrc=rss,Yahoo Finance,"Fri, 02 Oct 2026 06:00:00 +0000",2026-10-02T06:00:00Z
FROG,"JFrog, Commerce, ZoomInfo, Upstart, and monday.com Shares Plummet, What You Need To Know",https://finance.yahoo.com/markets/stocks/articles/jfrog-commerce-zoominfo-upstart-monday-231836086.html?.tsrc=rss,Yahoo Finance,"Mon, 28 Sep 2026 23:18:36 +0000",2026-09-28T23:18:36Z
FROG,Q2 Earnings Highlights: JFrog (NASDAQ:FROG) Vs The Rest Of The Software Development Stocks,https://finance.yahoo.com/markets/stocks/articles/q2-earnings-highlights-jfrog-nasdaq-204858548.html?.tsrc=rss,Yahoo Finance,"Thu, 24 Sep 2026 20:48:58 +0000",2026-09-24T20:48:58Z
FROG,JFrog (FROG): 3 Reasons We Love This Stock,https://finance.yahoo.com/markets/stocks/articles/jfrog-frog-3-reasons-love-192217518.html?.tsrc=rss,Yahoo Finance,"Thu, 17 Sep 2026 19:22:17 +0000",2026-09-17T19:22:17Z
FROG,Why JFrog Ltd (FROG)’s Curation Product Could Be a Game Changer for Its Growth Story,https://finance.yahoo.com/technology/articles/why-jfrog-ltd-frog-curation-215729419.html?.tsrc=rss,Yahoo Finance,"Fri, 11 Sep 2026 21:57:29 +0000",2026-09-11T21:57:29Z
FROG,"JFrog CFO Sells 17,216 Shares for $1.6 Million Amid a Soaring Stock Price",https://www.fool.com/coverage/filings/2026/09/05/jfrog-cfo-sells-17-216-shares-for-usd1-6-million-amid-a-soaring-stock-price/?.tsrc=rss,Yahoo Finance,"Sun, 06 Sep 2026 04:03:16 +0000",2026-09-06T04:03:16Z
NTRA,Natera Launches Phase III MRD-Guided Breast Cancer Trial Using Signatera,https://investorshub.advfn.com/market-news/article/37460/natera-launches-phase-iii-mrd-guided-breast-cancer-trial-using-signatera?.tsrc=rss,Yahoo Finance,"Mon, 05 Oct 2026 14:05:59 +0000",2026-10-05T14:05:59Z
NTRA,"Alliance Foundation Trials and Natera Announce AFT-70 NAVIGATE: a Global, Randomized, Phase III Trial Evaluating Genentech’s Oral Selective Estrogen Receptor Degrader (SERD) with Signatera™ MRD-Guided CDK4/6 Inhibitor Therapy in Breast Cancer",https://finance.yahoo.com/healthcare/articles/alliance-foundation-trials-natera-announce-120000618.html?.tsrc=rss,Yahoo Finance,"Mon, 05 Oct 2026 12:00:00 +0000",2026-10-05T12:00:00Z
NTRA,"Stocks making big moves yesterday: AutoZone, Natera, Shopify, Twilio, and Lennar",https://finance.yahoo.com/markets/stocks/articles/stocks-making-big-moves-yesterday-170902420.html?.tsrc=rss,Yahoo Finance,"Wed, 23 Sep 2026 17:09:02 +0000",2026-09-23T17:09:02Z
NTRA,Natera's Signatera Wins Japan PMDA Approval as Bladder Cancer CDx,https://finance.yahoo.com/healthcare/articles/nateras-signatera-wins-japan-pmda-151300906.html?.tsrc=rss,Yahoo Finance,"Wed, 23 Sep 2026 15:13:00 +0000",2026-09-23T15:13:00Z
NTRA,Why Is Natera (NTRA) Stock Soaring Today,https://finance.yahoo.com/markets/stocks/articles/why-natera-ntra-stock-soaring-213346274.html?.tsrc=rss,Yahoo Finance,"Tue, 22 Sep 2026 21:33:46 +0000",2026-09-22T21:33:46Z
TEAM,Atlassian Introduces AMP: The Agentic Multiplayer Protocol to Power Human-AI Collaboration,https://finance.yahoo.com/technology/ai/articles/atlassian-introduces-amp-agentic-multiplayer-070000509.html?.tsrc=rss,Yahoo Finance,"Wed, 07 Oct 2026 07:00:00 +0000",2026-10-07T07:00:00Z
TEAM,Flexera Bolsters the Atlassian Service Collection with its Comprehensive Technology Intelligence,https://finance.yahoo.com/technology/articles/flexera-bolsters-atlassian-collection-comprehensive-130000065.html?.tsrc=rss,Yahoo Finance,"Tue, 06 Oct 2026 13:00:00 +0000",2026-10-06T13:00:00Z
TEAM,Atlassian Announces Date for First Quarter of Fiscal Year 2027 Financial Results,https://finance.yahoo.com/markets/stocks/articles/atlassian-announces-date-first-quarter-200500764.html?.tsrc=rss,Yahoo Finance,"Mon, 05 Oct 2026 20:05:00 +0000",2026-10-05T20:05:00Z
TEAM,Intuit vs. Atlassian: Which Software Stock Is a Better Buy in 2026?,https://www.fool.com/coverage/better-buy/2026/10/05/intuit-vs-atlassian-which-software-stock-is-a-better-buy-in-2026/?.tsrc=rss,Yahoo Finance,"Mon, 05 Oct 2026 19:20:02 +0000",2026-10-05T19:20:02Z
TEAM,"Atlassian (TEAM) Left The FTSE All World Index, Is It Still Below Fair Value?",https://finance.yahoo.com/markets/stocks/articles/atlassian-team-left-ftse-world-031100948.html?.tsrc=rss,Yahoo Finance,"Fri, 02 Oct 2026 03:11:00 +0000",2026-10-02T03:11:00Z
TEAM,Does Atlassian (TEAM) Being Dropped From FTSE All-World Challenge Its Underlying Growth Narrative?,https://finance.yahoo.com/markets/stocks/articles/does-atlassian-team-being-dropped-200951974.html?.tsrc=rss,Yahoo Finance,"Thu, 01 Oct 2026 20:09:51 +0000",2026-10-01T20:09:51Z
AMPL,"UiPath, monday.com, Amplitude, Doximity, and Sprinklr Shares Skyrocket, What You Need To Know",https://finance.yahoo.com/markets/stocks/articles/uipath-monday-com-amplitude-doximity-230113776.html?.tsrc=rss,Yahoo Finance,"Wed, 30 Sep 2026 23:01:13 +0000",2026-09-30T23:01:13Z
AMPL,Q2 Earnings Roundup: Amplitude (NASDAQ:AMPL) And The Rest Of The Data Analytics Segment,https://finance.yahoo.com/markets/stocks/articles/q2-earnings-roundup-amplitude-nasdaq-190913250.html?.tsrc=rss,Yahoo Finance,"Wed, 30 Sep 2026 19:09:13 +0000",2026-09-30T19:09:13Z
AMPL,"Wix, BlackLine, Amplitude, Toast, and Sprinklr Shares Are Soaring, What You Need To Know",https://finance.yahoo.com/markets/stocks/articles/wix-blackline-amplitude-toast-sprinklr-021130018.html?.tsrc=rss,Yahoo Finance,"Tue, 15 Sep 2026 02:11:30 +0000",2026-09-15T02:11:30Z
AMPL,"Amplitude (AMPL) Dropped, So What Is Driving Attention Now?",https://finance.yahoo.com/markets/stocks/articles/amplitude-ampl-dropped-driving-attention-210617577.html?.tsrc=rss,Yahoo Finance,"Sun, 06 Sep 2026 21:06:17 +0000",2026-09-06T21:06:17Z
ERAS,"Propanc Biopharma Positions PRP’s EMT-Reversal Mechanism as a Complementary Backbone to Emerging RAS Inhibitors from Revolution Medicines, Inc. and Erasca, Inc.",https://finance.yahoo.com/healthcare/articles/propanc-biopharma-positions-prp-emt-123000094.html?.tsrc=rss,Yahoo Finance,"Wed, 16 Sep 2026 12:30:00 +0000",2026-09-16T12:30:00Z
ERAS,Erasca Announces Multiple Presentations at the Upcoming 38th EORTC-NCI-AACR Symposium,https://finance.yahoo.com/healthcare/articles/erasca-announces-multiple-presentations-upcoming-120000075.html?.tsrc=rss,Yahoo Finance,"Thu, 10 Sep 2026 12:00:00 +0000",2026-09-10T12:00:00Z
ERAS,Erasca to Present at the Morgan Stanley 24th Annual Global Healthcare Conference,https://finance.yahoo.com/healthcare/articles/erasca-present-morgan-stanley-24th-110000442.html?.tsrc=rss,Yahoo Finance,"Tue, 08 Sep 2026 11:00:00 +0000",2026-09-08T11:00:00Z
ERAS,FDA Fast Track Puts Erasca’s (ERAS) Pancreatic Bet Center Stage,https://finance.yahoo.com/healthcare/articles/fda-fast-track-puts-erasca-184034074.html?.tsrc=rss,Yahoo Finance,"Fri, 04 Sep 2026 18:40:34 +0000",2026-09-04T18:40:34Z
ERAS,Erasca Reports Second Quarter 2026 Business Updates and Financial Results,https://finance.yahoo.com/healthcare/articles/erasca-reports-second-quarter-2026-200100121.html?.tsrc=rss,Yahoo Finance,"Tue, 11 Aug 2026 20:01:00 +0000",2026-08-11T20:01:00Z
ERAS,Erasca Announces Inducement Grants Under Nasdaq Listing Rule 5635(c)(4),https://finance.yahoo.com/markets/stocks/articles/erasca-announces-inducement-grants-under-200100894.html?.tsrc=rss,Yahoo Finance,"Mon, 10 Aug 2026 20:01:00 +0000",2026-08-10T20:01:00Z
ZS,"Zscaler’s $10 billion long-term ARR target looks ambitious, says Jefferies",https://www.proactiveinvestors.com/companies/news/1099763/zscaler-s-10-billion-long-term-arr-target-looks-ambitious-says-jefferies-1099763.html?.tsrc=rss,Yahoo Finance,"Wed, 07 Oct 2026 16:47:00 +0000",2026-10-07T16:47:00Z
ZS,"Zscaler on Track as AI, Sales Push Expand Growth, Oppenheimer Says",https://finance.yahoo.com/technology/ai/articles/zscaler-track-ai-sales-push-153803901.html?.tsrc=rss,Yahoo Finance,"Wed, 07 Oct 2026 15:38:03 +0000",2026-10-07T15:38:03Z
ZS,"Zscaler's Long-Term Outlook Reinforces Growth Potential as Execution Remains Key, Morgan Stanley Says",https://finance.yahoo.com/technology/articles/zscaler-apos-long-term-outlook-152549789.html?.tsrc=rss,Yahoo Finance,"Wed, 07 Oct 2026 15:25:49 +0000",2026-10-07T15:25:49Z
ZS,"Zscaler's Disclosures Strengthen Cross-Selling Story, Broaden Customer Entry Points, Morgan Stanley Says",https://finance.yahoo.com/technology/articles/zscaler-apos-disclosures-strengthen-cross-144900639.html?.tsrc=rss,Yahoo Finance,"Wed, 07 Oct 2026 14:49:00 +0000",2026-10-07T14:49:00Z
ZS,Wall Street sees 29% upside for Zscaler as eight firms raise price targets,https://247wallst.com/investing/2026/10/07/wall-street-sees-29-upside-for-zscaler-as-eight-firms-raise-price-targets/?.tsrc=rss,Yahoo Finance,"Wed, 07 Oct 2026 13:50:36 +0000",2026-10-07T13:50:36Z
DKNG,DraftKings (DKNG) Suffers a Larger Drop Than the General Market: Key Insights,https://finance.yahoo.com/markets/stocks/articles/draftkings-dkng-suffers-larger-drop-205004912.html?.tsrc=rss,Yahoo Finance,"Wed, 07 Oct 2026 20:50:04 +0000",2026-10-07T20:50:04Z
DKNG,DKNG iGaming Shows Signs of Recovery: Is a Turnaround Near?,https://finance.yahoo.com/markets/stocks/articles/dkng-igaming-shows-signs-recovery-135300872.html?.tsrc=rss,Yahoo Finance,"Wed, 07 Oct 2026 13:53:00 +0000",2026-10-07T13:53:00Z
DKNG,DraftKings Stock Surges After Bank of America Upgrades Stock to Buy,https://www.tikr.com/blog/draftkings-stock-bank-of-america-upgrade-buy?ref=yahoofinance&.tsrc=rss,Yahoo Finance,"Wed, 07 Oct 2026 13:25:52 +0000",2026-10-07T13:25:52Z
DKNG,"EXCLUSIVE: Are DraftKings, Flutter Toast? Only 1 in 6 Benzinga Viewers Think Prediction Markets Will Kill Them",https://www.benzinga.com/markets/prediction-markets/26/10/62201084/exclusive-are-draftkings-flutter-toast-only-1-in-6-benzinga-viewers-think-prediction-markets-will-kill-them?utm_source=yahooFinance&utm_campaign=partner_feed&utm_medium=referral&.tsrc=rss,Yahoo Finance,"Tue, 06 Oct 2026 18:07:10 +0000",2026-10-06T18:07:10Z
DKNG,Investors Heavily Search DraftKings Inc. (DKNG): Here is What You Need to Know,https://finance.yahoo.com/markets/stocks/articles/investors-heavily-search-draftkings-inc-120002666.html?.tsrc=rss,Yahoo Finance,"Tue, 06 Oct 2026 12:00:02 +0000",2026-10-06T12:00:02Z
DKNG,BofA Upgrades DraftKings as Sport Books and Prediction Markets Play Nice,https://www.thedailyupside.com/industries/media-entertainment/bofa-upgrades-draftkings-as-sport-books-and-prediction-markets-play-nice/?.tsrc=rss,Yahoo Finance,"Tue, 06 Oct 2026 04:01:00 +0000",2026-10-06T04:01:00Z
NET,"Jim Cramer Loves Cloudflare (NET), but There’s a Catch",https://finance.yahoo.com/markets/stocks/articles/jim-cramer-loves-cloudflare-net-220539991.html?.tsrc=rss,Yahoo Finance,"Wed, 07 Oct 2026 22:05:39 +0000",2026-10-07T22:05:39Z
NET,Cloudflare's Data Platform Expands: Is Basin the Next Growth Driver?,https://finance.yahoo.com/technology/articles/cloudflares-data-platform-expands-basin-125800613.html?.tsrc=rss,Yahoo Finance,"Wed, 07 Oct 2026 12:58:00 +0000",2026-10-07T12:58:00Z
NET,Brokers Suggest Investing in Cloudflare (NET): Read This Before Placing a Bet,https://finance.yahoo.com/markets/stocks/articles/brokers-suggest-investing-cloudflare-net-123003476.html?.tsrc=rss,Yahoo Finance,"Wed, 07 Oct 2026 12:30:03 +0000",2026-10-07T12:30:03Z
NET,Cloudflare Just Gained 28% in a Month: Is It Too Late to Buy NET Stock Now?,https://247wallst.com/investing/2026/10/06/cloudflare-just-gained-28-in-a-month-is-it-too-late-to-buy-net-stock-now/?.tsrc=rss,Yahoo Finance,"Tue, 06 Oct 2026 18:51:33 +0000",2026-10-06T18:51:33Z
NET,Why Cloudflare (NET) Stock Is Trading Up Today,https://finance.yahoo.com/markets/stocks/articles/why-cloudflare-net-stock-trading-005100256.html?.tsrc=rss,Yahoo Finance,"Tue, 06 Oct 2026 00:51:00 +0000",2026-10-06T00:51:00Z
RBLX,Google and Unity’s New Gaming Platform Is a Threat to Roblox. Why It Could Lure Creators Away.,https://finance.yahoo.com/m/362091da-4b9c-3a36-8811-2a8185faaae9/google-and-unity%E2%80%99s-new-gaming.html?.tsrc=rss,Yahoo Finance,"Wed, 07 Oct 2026 14:13:00 +0000",2026-10-07T14:13:00Z
RBLX,"Unity Climbs 4% as Google Partnership Opens Game Creation to Non-Coders; Roblox Drops 4%, Take-Two Holds Steady",https://247wallst.com/investing/2026/10/07/unity-climbs-4-as-google-partnership-opens-game-creation-to-non-coders-roblox-drops-3-take-two-holds-steady/?.tsrc=rss,Yahoo Finance,"Wed, 07 Oct 2026 13:11:57 +0000",2026-10-07T13:11:57Z
RBLX,Roblox shares fall as Google and Unity launch AI-powered game creation platform,https://finance.yahoo.com/technology/ai/articles/roblox-shares-fall-google-unity-124448958.html?.tsrc=rss,Yahoo Finance,"Wed, 07 Oct 2026 12:44:48 +0000",2026-10-07T12:44:48Z
RBLX,Roblox Shares Fall as Google and Unity Announce AI Game Creation Platform,https://investorshub.advfn.com/market-news/article/37631/roblox-shares-fall-as-google-and-unity-announce-ai-game-creation-platform?.tsrc=rss,Yahoo Finance,"Wed, 07 Oct 2026 12:38:53 +0000",2026-10-07T12:38:53Z
RBLX,"San Diego Launches New Consumer Protection Unit With Lawsuits Against AppLovin, Roblox and Polymaker",https://finance.yahoo.com/media-advertising/articles/san-diego-launches-consumer-protection-000500092.html?.tsrc=rss,Yahoo Finance,"Tue, 06 Oct 2026 00:05:00 +0000",2026-10-06T00:05:00Z
RBLX,Roblox (RBLX) Has Lost Two Thirds of Its Value. Is the User Growth Still Real?,https://finance.yahoo.com/markets/stocks/articles/roblox-rblx-lost-two-thirds-023309223.html?.tsrc=rss,Yahoo Finance,"Sun, 04 Oct 2026 02:33:09 +0000",2026-10-04T02:33:09Z
ASAN,"Asana, Zscaler, Appian, Atlassian, and Shopify Stocks Trade Up, What You Need To Know",https://finance.yahoo.com/markets/stocks/articles/asana-zscaler-appian-atlassian-shopify-001100757.html?.tsrc=rss,Yahoo Finance,"Tue, 06 Oct 2026 00:11:00 +0000",2026-10-06T00:11:00Z
ASAN,"Asana, Unity, C3.ai, Rapid7, and ZoomInfo Shares Are Soaring, What You Need To Know",https://finance.yahoo.com/markets/stocks/articles/asana-unity-c3-ai-rapid7-230913868.html?.tsrc=rss,Yahoo Finance,"Wed, 30 Sep 2026 23:09:13 +0000",2026-09-30T23:09:13Z
ASAN,Asana Announces Board Appointments,https://finance.yahoo.com/technology/ai/articles/asana-announces-board-appointments-200500255.html?.tsrc=rss,Yahoo Finance,"Mon, 28 Sep 2026 20:05:00 +0000",2026-09-28T20:05:00Z
ASAN,Asana (ASAN) After Its Rebound Looks Close To Fair Value,https://finance.yahoo.com/markets/stocks/articles/asana-asan-rebound-looks-close-031053730.html?.tsrc=rss,Yahoo Finance,"Fri, 25 Sep 2026 03:10:53 +0000",2026-09-25T03:10:53Z
ASAN,Asana Unveils Agentic Work Management as AI Fuels Retention and ARR Growth,https://www.marketbeat.com/instant-alerts/event-asana-unveils-agentic-work-management-as-ai-fuels-retention-and-arr-growth-2026-09-21/?utm_source=yahoofinance&utm_medium=yahoofinance&.tsrc=rss,Yahoo Finance,"Mon, 21 Sep 2026 11:02:04 +0000",2026-09-21T11:02:04Z
ASAN,"Asana, Five9, Palo Alto Networks, Rapid7, and Sprout Social Shares Plummet, What You Need To Know",https://finance.yahoo.com/markets/stocks/articles/asana-five9-palo-alto-networks-232840904.html?.tsrc=rss,Yahoo Finance,"Fri, 18 Sep 2026 23:28:40 +0000",2026-09-18T23:28:40Z
APPN,"Asana, Zscaler, Appian, Atlassian, and Shopify Stocks Trade Up, What You Need To Know",https://finance.yahoo.com/markets/stocks/articles/asana-zscaler-appian-atlassian-shopify-001100757.html?.tsrc=rss,Yahoo Finance,"Tue, 06 Oct 2026 00:11:00 +0000",2026-10-06T00:11:00Z
APPN,Virginia Business Names Appian Chief People Officer Susan Charnaux a 2026 Women in Leadership Awards Recipient,https://finance.yahoo.com/small-business/articles/virginia-business-names-appian-chief-140000154.html?.tsrc=rss,Yahoo Finance,"Wed, 30 Sep 2026 14:00:00 +0000",2026-09-30T14:00:00Z
APPN,Appian (APPN) Ranked #1 In 2026 Gartner BOAT Report,https://finance.yahoo.com/technology/articles/appian-appn-ranked-1-2026-091154092.html?.tsrc=rss,Yahoo Finance,"Mon, 21 Sep 2026 09:11:54 +0000",2026-09-21T09:11:54Z
