symbol,name,date,fiscalDateEnding,epsEstimated,currency,time
AAMI,ACADIAN ASSET MANAGEMENT INCORPORATED,2026-07-30,2026-06-30,1.05,USD,pre-market
AAPL,APPLE INCORPORATED,2026-07-30,2026-06-30,1.88,USD,post-market
ABEV,AMBEV SOCIEDAD ANÓNIMA,2026-07-30,2026-06-30,0.04,USD,NA
ACCO,ACCO BRANDS CORPORATION,2026-07-30,2026-06-30,0.27,USD,post-market
ADC,AGREE REALTY CORPORATION,2026-07-30,2026-06-30,1.11,USD,post-market
ADT,ADT INCORPORATED,2026-07-30,2026-06-30,0.21,USD,pre-market
AEE,AMEREN CORPORATION,2026-07-30,2026-06-30,1.08,USD,post-market
AEP,AMERICAN ELECTRIC POWER COMPANY INCORPORATED,2026-07-30,2026-06-30,1.5,USD,pre-market
AES,THE AES CORPORATION,2026-07-30,2026-06-30,NA,USD,NA
AG,FIRST MAJESTIC SILVER CORPORATION,2026-07-30,2026-06-30,0.32,USD,pre-market
AGCO,AGCO CORPORATION,2026-07-30,2026-06-30,1.5,USD,pre-market
AGIO,AGIOS PHARMACEUTICALS INCORPORATED,2026-07-30,2026-06-30,-1.86,USD,pre-market
AGM,FEDERAL AGRICULTURAL MORTGAGE CORPORATION,2026-07-30,2026-06-30,4.98,USD,post-market
AJG,ARTHUR J. GALLAGHER & COMPANY,2026-07-30,2026-06-30,2.84,USD,post-market
ALGM,ALLEGRO MICROSYSTEMS INCORPORATED,2026-07-30,2026-06-30,0.16,USD,pre-market
ALHC,ALIGNMENT HEALTHCARE INCORPORATED,2026-07-30,2026-06-30,0.13,USD,post-market
ALNY,ALNYLAM PHARMACEUTICALS INCORPORATED,2026-07-30,2026-06-30,1.44,USD,pre-market
AMCX,AMC GLOBAL MEDIA INCORPORATED,2026-07-30,2026-06-30,-0.01,USD,pre-market
AMG,AFFILIATED MANAGERS GROUP INCORPORATED,2026-07-30,2026-06-30,7.85,USD,NA
AMH,AMERICAN HOMES 4 RENT,2026-07-30,2026-06-30,0.47,USD,post-market
AMRX,AMNEAL PHARMACEUTICALS INCORPORATED,2026-07-30,2026-06-30,0.24,USD,pre-market
AMZN,AMAZON.COM INCORPORATED,2026-07-30,2026-06-30,1.81,USD,post-market
AOS,A.O. SMITH CORPORATION,2026-07-30,2026-06-30,0.96,USD,pre-market
APD,AIR PRODUCTS AND CHEMICALS INCORPORATED,2026-07-30,2026-06-30,3.36,USD,pre-market
APG,API GROUP CORPORATION,2026-07-30,2026-06-30,0.44,USD,pre-market
AQMS,AQUA METALS INCORPORATED,2026-07-30,2026-06-30,NA,USD,post-market
ASUR,ASURE SOFTWARE INCORPORATED,2026-07-30,2026-06-30,0.04,USD,post-market
ASX,ASE TECHNOLOGY HOLDING COMPANY LIMITED,2026-07-30,2026-06-30,0.17,USD,NA
ATHM,AUTOHOME INCORPORATED,2026-07-30,2026-06-30,0.26,USD,NA
ATR,APTARGROUP INCORPORATED,2026-07-30,2026-06-30,1.34,USD,post-market
AUPH,AURINIA PHARMACEUTICALS INCORPORATED,2026-07-30,2026-06-30,0.18,USD,NA
AURE,AURELION INCORPORATED,2026-07-30,2026-06-30,NA,USD,NA
AVD,AMERICAN VANGUARD CORPORATION,2026-07-30,2026-06-30,NA,USD,NA
AVY,AVERY DENNISON CORPORATION,2026-07-30,2026-06-30,2.47,USD,pre-market
AX,AXOS FINANCIAL INCORPORATED,2026-07-30,2026-06-30,2.15,USD,post-market
AXTI,AXT INCORPORATED,2026-07-30,2026-06-30,0.05,USD,post-market
BAFN,BAYFIRST FINANCIAL CORPORATION,2026-07-30,2026-06-30,NA,USD,post-market
BAX,BAXTER INTERNATIONAL INCORPORATED,2026-07-30,2026-06-30,0.36,USD,pre-market
BBAI,BIGBEAR.AI INCORPORATED,2026-07-30,2026-06-30,-0.04,USD,post-market
BC,BRUNSWICK CORPORATION,2026-07-30,2026-06-30,1.2,USD,pre-market
BCH,BANCO DE CHILE,2026-07-30,2026-06-30,0.65,USD,NA
BDC,BELDEN INCORPORATED,2026-07-30,2026-06-30,2.04,USD,pre-market
BFAM,BRIGHT HORIZONS FAMILY SOLUTIONS INCORPORATED,2026-07-30,2026-06-30,1.11,USD,post-market
BFLY,BUTTERFLY NETWORK INCORPORATED,2026-07-30,2026-06-30,-0.05,USD,pre-market
BGC,BGC GROUP INCORPORATED,2026-07-30,2026-06-30,0.34,USD,pre-market
BIP,BROOKFIELD INFRASTRUCTURE PARTNERS LIMITED PARTNERSHIP,2026-07-30,2026-06-30,0.88,USD,pre-market
BIPC,BROOKFIELD INFRASTRUCTURE CORPORATION,2026-07-30,2026-06-30,0.38,USD,pre-market
BJRI,BJ'S RESTAURANTS INCORPORATED,2026-07-30,2026-06-30,0.87,USD,post-market
BLDR,BUILDERS FIRSTSOURCE INCORPORATED,2026-07-30,2026-06-30,1.29,USD,pre-market
BMY,BRISTOL-MYERS SQUIBB COMPANY,2026-07-30,2026-06-30,1.59,USD,pre-market
BSBK,BOGOTA FINANCIAL CORPORATION,2026-07-30,2026-06-30,NA,USD,NA
BTE,BAYTEX ENERGY CORPORATION,2026-07-30,2026-06-30,0.08,USD,post-market
BUD,ANHEUSER-BUSCH INBEV SA,2026-07-30,2026-06-30,1.09,USD,pre-market
BVFL,BV FINANCIAL INC,2026-07-30,2026-06-30,NA,USD,NA
BVN,BUENAVENTURA MINING COMPANY INCORPORATED,2026-07-30,2026-06-30,0.99,USD,post-market
BWIN,THE BALDWIN INSURANCE GROUP INCORPORATED,2026-07-30,2026-06-30,0.28,USD,post-market
BXMT,CAPITAL TRUST INCORPORATED,2026-07-30,2026-06-30,0.36,USD,pre-market
BYFC,BROADWAY FINANCIAL CORPORATION,2026-07-30,2026-06-30,NA,USD,NA
CABO,CABLE ONE INCORPORATED,2026-07-30,2026-06-30,7.56,USD,NA
CACC,CREDIT ACCEPTANCE CORPORATION,2026-07-30,2026-06-30,NA,USD,NA
CBIO,CRESCENT BIOPHARMA INCORPORATED,2026-07-30,2026-06-30,-0.78,USD,NA
CCC,CCC INTELLIGENT SOLUTIONS HOLDINGS INCORPORATED,2026-07-30,2026-06-30,0.05,USD,pre-market
CDNA,CAREDX INCORPORATED,2026-07-30,2026-06-30,0.06,USD,post-market
CDRO,CODERE ONLINE LUXEMBOURG SOCIEDAD ANÓNIMA,2026-07-30,2026-06-30,0.05,USD,pre-market
CERS,CERUS CORPORATION,2026-07-30,2026-06-30,NA,USD,post-market
CFR,CULLEN/FROST BANKERS INCORPORATED,2026-07-30,2026-06-30,2.53,USD,pre-market
CHKP,CHECK POINT SOFTWARE TECHNOLOGIES LIMITED,2026-07-30,2026-06-30,1.95,USD,pre-market
CI,THE CIGNA GROUP,2026-07-30,2026-06-30,7.58,USD,pre-market
CIGI,COLLIERS INTERNATIONAL GROUP INCORPORATED,2026-07-30,2026-06-30,1.63,USD,pre-market
CLAR,CLARUS CORPORATION,2026-07-30,2026-06-30,-0.08,USD,NA
CMCO,COLUMBUS MCKINNON CORPORATION,2026-07-30,2026-06-30,0.28,USD,pre-market
CMPS,COMPASS PATHWAYS PUBLIC LIMITED COMPANY,2026-07-30,2026-06-30,-0.46,USD,NA
CMRE,COSTAMARE INCORPORATED,2026-07-30,2026-06-30,NA,USD,NA
CNK,CINEMARK HOLDINGS INCORPORATED,2026-07-30,2026-06-30,0.99,USD,pre-market
CNO,CNO FINANCIAL GROUP INCORPORATED,2026-07-30,2026-06-30,0.99,USD,post-market
CNX,CNX RESOURCES CORPORATION,2026-07-30,2026-06-30,0.54,USD,pre-market
COCH,ENVOY MEDICAL INCORPORATED,2026-07-30,2026-06-30,-0.09,USD,NA
COHN,COHEN & COMPANY INCORPORATED,2026-07-30,2026-06-30,0.42,USD,NA
COHU,COHU INCORPORATED,2026-07-30,2026-06-30,0.04,USD,post-market
COIN,COINBASE GLOBAL INCORPORATED,2026-07-30,2026-06-30,0.15,USD,post-market
COLM,COLUMBIA SPORTSWEAR COMPANY,2026-07-30,2026-06-30,-0.41,USD,post-market
CPT,CAMDEN PROPERTY TRUST,2026-07-30,2026-06-30,1.67,USD,post-market
CRH,CRH PUBLIC LIMITED COMPANY,2026-07-30,2026-06-30,1.96,USD,pre-market
CROX,CROCS INCORPORATED,2026-07-30,2026-06-30,4.32,USD,pre-market
CRS,CARPENTER TECHNOLOGY CORPORATION,2026-07-30,2026-06-30,3.03,USD,pre-market
CSTL,CASTLE BIOSCIENCES INCORPORATED,2026-07-30,2026-06-30,-0.44,USD,post-market
CSW,CSW INDUSTRIALS INCORPORATED,2026-07-30,2026-06-30,3.66,USD,pre-market
CTVA,CORTEVA INCORPORATED,2026-07-30,2026-06-30,2.22,USD,post-market
CUBE,CUBESMART,2026-07-30,2026-06-30,0.64,USD,post-market
CUZ,COUSINS PROPERTIES INCORPORATED,2026-07-30,2026-06-30,0.74,USD,post-market
CVCO,CAVCO INDUSTRIES INCORPORATED,2026-07-30,2026-06-30,NA,USD,NA
CWT,CALIFORNIA WATER  SERVICE GROUP HOLDING,2026-07-30,2026-06-30,0.79,USD,pre-market
DAIO,DATA I/O CORPORATION,2026-07-30,2026-06-30,-0.1,USD,post-market
DAR,DARLING INGREDIENTS INCORPORATED,2026-07-30,2026-06-30,1.45,USD,pre-market
DFH,DREAM FINDERS HOMES INCORPORATED,2026-07-30,2026-06-30,NA,USD,NA
DFIN,DONNELLEY FINANCIAL SOLUTIONS INCORPORATED,2026-07-30,2026-06-30,1.53,USD,pre-market
DFTX,DEFINIUM THERAPEUTICS INCORPORATED,2026-07-30,2026-06-30,-0.55,USD,NA
DGICA,DONEGAL GROUP INCORPORATED,2026-07-30,2026-06-30,0.46,USD,pre-market
DGICB,DONEGAL GROUP INCORPORATED,2026-07-30,2026-06-30,NA,USD,pre-market
DLB,DOLBY LABORATORIES,2026-07-30,2026-06-30,0.4,USD,post-market
DOUG,DOUGLAS ELLIMAN INCORPORATED,2026-07-30,2026-06-30,NA,USD,NA
DRH,DIAMONDROCK HOSPITALITY COMPANY,2026-07-30,2026-06-30,0.37,USD,post-market
DRS,LEONARDO DRS INCORPORATED,2026-07-30,2026-06-30,0.27,USD,pre-market
DSX,DIANA SHIPPING INCORPORATED,2026-07-30,2026-06-30,NA,USD,pre-market
DTM,DT MIDSTREAM INCORPORATED,2026-07-30,2026-06-30,1.14,USD,pre-market
DXC,DXC TECHNOLOGY COMPANY,2026-07-30,2026-06-30,0.42,USD,post-market
DXCM,DEXCOM INCORPORATED,2026-07-30,2026-06-30,0.61,USD,post-market
EEFT,EURONET WORLDWIDE INCORPORATED,2026-07-30,2026-06-30,2.69,USD,pre-market
EGO,ELDORADO GOLD CORPORATION,2026-07-30,2026-06-30,0.52,USD,post-market
EIX,EDISON INTERNATIONAL,2026-07-30,2026-06-30,1.02,USD,post-market
EME,EMCOR GROUP INCORPORATED,2026-07-30,2026-06-30,7.23,USD,pre-market
EMN,EASTMAN CHEMICAL COMPANY,2026-07-30,2026-06-30,1.8,USD,post-market
EPD,ENTERPRISE PRODUCTS PARTNERS L.P.,2026-07-30,2026-06-30,0.73,USD,pre-market
ERIE,ERIE INDEMNITY COMPANY,2026-07-30,2026-06-30,3.35,USD,post-market
ES,EVERSOURCE ENERGY,2026-07-30,2026-06-30,0.91,USD,post-market
EXC,EXELON CORPORATION,2026-07-30,2026-06-30,0.44,USD,pre-market
EXPO,EXPONENT INCORPORATED,2026-07-30,2026-06-30,0.55,USD,post-market
FATN,FATPIPE INCORPORATED,2026-07-30,2026-06-30,0.07,USD,post-market
FBIZ,FIRST BUSINESS FINANCIAL SERVICES INCORPORATED,2026-07-30,2026-06-30,1.54,USD,post-market
FBLG,FIBROBIOLOGICS INCORPORATED,2026-07-30,2026-06-30,-0.93,USD,NA
FCN,FTI CONSULTING INCORPORATED,2026-07-30,2026-06-30,2.09,USD,pre-market
FET,FORUM ENERGY TECHNOLOGIES INCORPORATED,2026-07-30,2026-06-30,0.56,USD,post-market
FHI,FEDERATED HERMES INCORPORATED,2026-07-30,2026-06-30,1.19,USD,post-market
FLGT,FULGENT GENETICS INCORPORATED,2026-07-30,2026-06-30,-0.79,USD,post-market
FND,FLOOR & DECOR HOLDINGS INCORPORATED,2026-07-30,2026-06-30,0.57,USD,post-market
FORR,FORRESTER RESEARCH INCORPORATED,2026-07-30,2026-06-30,0.17,USD,post-market
FRBT,FORBRIGHT INCORPORATED,2026-07-30,2026-06-30,0.13,USD,pre-market
FSLR,FIRST SOLAR INCORPORATED,2026-07-30,2026-06-30,2.74,USD,post-market
FSS,FEDERAL SIGNAL CORPORATION,2026-07-30,2026-06-30,1.28,USD,pre-market
FTI,TECHNIPFMC PUBLIC LIMITED COMPANY,2026-07-30,2026-06-30,0.8,USD,pre-market
GATX,GATX CORPORATION,2026-07-30,2026-06-30,NA,USD,pre-market
GDDY,GODADDY INCORPORATED,2026-07-30,2026-06-30,1.72,USD,post-market
GDYN,GRID DYNAMICS HOLDINGS INCORPORATED,2026-07-30,2026-06-30,0.02,USD,post-market
GH,GUARDANT HEALTH INCORPORATED,2026-07-30,2026-06-30,-0.74,USD,post-market
GIGM,GIGAMEDIA LIMITED,2026-07-30,2026-06-30,NA,USD,NA
GIL,GILDAN ACTIVEWEAR INCORPORATED,2026-07-30,2026-06-30,1.11,USD,pre-market
GLPI,GAMING AND LEISURE PROPERTIES INCORPORATED,2026-07-30,2026-06-30,1,USD,post-market
GOOS,CANADA GOOSE HOLDINGS INCORPORATED,2026-07-30,2026-06-30,-0.63,USD,pre-market
GPI,GROUP 1 AUTOMOTIVE INCORPORATED,2026-07-30,2026-06-30,10.79,USD,pre-market
GSIT,GSI TECHNOLOGY INCORPORATED,2026-07-30,2026-06-30,NA,USD,post-market
GVA,GRANITE CONSTRUCTION INCORPORATED,2026-07-30,2026-06-30,2.27,USD,pre-market
H,HYATT HOTELS CORPORATION,2026-07-30,2026-06-30,0.9,USD,pre-market
HCM,HUTCHMED (CHINA) LIMITED,2026-07-30,2026-06-30,NA,USD,pre-market
HGV,HILTON GRAND VACATIONS INCORPORATED,2026-07-30,2026-06-30,1,USD,pre-market
HII,HUNTINGTON INGALLS INDUSTRIES INCORPORATED,2026-07-30,2026-06-30,3.79,USD,pre-market
HIPO,HIPPO HOLDINGS INCORPORATED,2026-07-30,2026-06-30,-0.02,USD,pre-market
HLN,HALEON PUBLIC LIMITED COMPANY,2026-07-30,2026-06-30,NA,USD,pre-market
HNI,HNI CORPORATION,2026-07-30,2026-06-30,1.04,USD,pre-market
HR,HEALTHCARE REALTY TRUST INCORPORATED,2026-07-30,2026-06-30,0.4,USD,post-market
HSY,HERSHEY COMPANY (THE),2026-07-30,2026-06-30,1.45,USD,pre-market
HTGC,HERCULES CAPITAL INCORPORATED,2026-07-30,2026-06-30,0.5,USD,post-market
HUBG,HUB GROUP INCORPORATED,2026-07-30,2026-06-30,0.52,USD,NA
HUN,HUNTSMAN CORPORATION,2026-07-30,2026-06-30,0.06,USD,post-market
ICE,INTERCONTINENTAL EXCHANGE INCORPORATED,2026-07-30,2026-06-30,1.84,USD,pre-market
IDA,IDACORP INCORPORATED,2026-07-30,2026-06-30,1.79,USD,pre-market
IDCC,INTERDIGITAL INCORPORATED,2026-07-30,2026-06-30,1.28,USD,pre-market
ILMN,ILLUMINA INCORPORATED,2026-07-30,2026-06-30,1.23,USD,post-market
INBK,FIRST INTERNET BANCORP,2026-07-30,2026-06-30,0.03,USD,post-market
ING,ING GROUP NAAMLOZE VENNOOTSCHAP,2026-07-30,2026-06-30,0.75,USD,pre-market
INGM,INGRAM MICRO HOLDING CORPORATION,2026-07-30,2026-06-30,0.73,USD,post-market
IP,INTERNATIONAL PAPER COMPANY,2026-07-30,2026-06-30,-0.03,USD,pre-market
IR,INGERSOLL RAND INCORPORATED,2026-07-30,2026-06-30,0.8,USD,post-market
ISOU,ISOENERGY LIMITED,2026-07-30,2026-06-30,-0.07,USD,NA
IVR,INVESCO MORTGAGE CAPITAL INCORPORATED,2026-07-30,2026-06-30,0.47,USD,post-market
JLL,JONES LANG LASALLE INCORPORATED,2026-07-30,2026-06-30,4.44,USD,pre-market
KBR,KBR INCORPORATED,2026-07-30,2026-06-30,0.92,USD,pre-market
KKR,KKR & COMPANY INCORPORATED,2026-07-30,2026-06-30,1.27,USD,pre-market
KRG,KITE REALTY GROUP TRUST,2026-07-30,2026-06-30,0.52,USD,pre-market
KWR,QUAKER HOUGHTON,2026-07-30,2026-06-30,1.68,USD,post-market
LAUR,LAUREATE EDUCATION INCORPORATED,2026-07-30,2026-06-30,0.96,USD,pre-market
LECO,LINCOLN ELECTRIC HOLDINGS INCORPORATED,2026-07-30,2026-06-30,2.81,USD,pre-market
LH,LABCORP HOLDINGS INCORPORATED,2026-07-30,2026-06-30,4.79,USD,pre-market
LKQ,LKQ CORPORATION,2026-07-30,2026-06-30,0.73,USD,pre-market
LNC,LINCOLN NATIONAL CORPORATION,2026-07-30,2026-06-30,2,USD,pre-market
LNT,ALLIANT ENERGY CORPORATION,2026-07-30,2026-06-30,0.66,USD,post-market
LOPE,GRAND CANYON EDUCATION INCORPORATED,2026-07-30,2026-06-30,1.69,USD,post-market
LPLA,LPL FINANCIAL HOLDINGS INCORPORATED,2026-07-30,2026-06-30,5.39,USD,post-market
LSPD,LIGHTSPEED COMMERCE INCORPORATED,2026-07-30,2026-06-30,0.04,USD,pre-market
LTH,LIFE TIME GROUP HOLDINGS INCORPORATED,2026-07-30,2026-06-30,0.39,USD,pre-market
LYG,LLOYDS BANKING GROUP PUBLIC LIMITED COMPANY,2026-07-30,2026-06-30,0.14,USD,pre-market
LYV,LIVE NATION ENTERTAINMENT INCORPORATED,2026-07-30,2026-06-30,0.59,USD,post-market
MA,MASTERCARD INCORPORATED,2026-07-30,2026-06-30,4.77,USD,pre-market
MAIR,MADISON AIR SOLUTIONS CORPORATION,2026-07-30,2026-06-30,0.24,USD,pre-market
MCS,MARCUS CORPORATION (THE),2026-07-30,2026-06-30,0.35,USD,pre-market
MDGL,MADRIGAL PHARMACEUTICALS INCORPORATED,2026-07-30,2026-06-30,-2.55,USD,pre-market
METC,RAMACO RESOURCES INCORPORATED,2026-07-30,2026-06-30,-0.23,USD,NA
METCB,RAMACO RESOURCES INCORPORATED,2026-07-30,2026-06-30,NA,USD,NA
MFG,MIZUHO FINANCIAL GROUP INCORPORATED,2026-07-30,2026-06-30,0.17,USD,NA
MHK,MOHAWK INDUSTRIES INCORPORATED,2026-07-30,2026-06-30,2.57,USD,post-market
MLCO,MELCO RESORTS & ENTERTAINMENT LIMITED,2026-07-30,2026-06-30,0.05,USD,NA
MLM,MARTIN MARIETTA MATERIALS INCORPORATED,2026-07-30,2026-06-30,4.62,USD,pre-market
MMSI,MERIT MEDICAL SYSTEMS INCORPORATED,2026-07-30,2026-06-30,0.85,USD,post-market
MO,ALTRIA GROUP,2026-07-30,2026-06-30,1.5,USD,pre-market
MPT,MEDICAL PROPERTIES TRUST INCORPORATED,2026-07-30,2026-06-30,0.16,USD,NA
MPWR,MONOLITHIC POWER SYSTEMS INCORPORATED,2026-07-30,2026-06-30,4.84,USD,post-market
MSA,MSA SAFETY INCORPORPORATED,2026-07-30,2026-06-30,2.14,USD,post-market
MSC,STUDIO CITY INTERNATIONAL HOLDINGS LIMITED,2026-07-30,2026-06-30,NA,USD,NA
MSEX,MIDDLESEX WATER COMPANY,2026-07-30,2026-06-30,NA,USD,post-market
MSTR,STRATEGY INCORPORATED,2026-07-30,2026-06-30,52.04,USD,post-market
MT,ARCELORMITTAL,2026-07-30,2026-06-30,1.17,USD,pre-market
MTD,METTLER-TOLEDO INTERNATIONAL INCORPORATED,2026-07-30,2026-06-30,10.78,USD,post-market
MTX,MINERALS TECHNOLOGIES INCORPORATED,2026-07-30,2026-06-30,1.64,USD,post-market
MTZ,MASTEC INCORPORATED,2026-07-30,2026-06-30,2.08,USD,post-market
MYE,MYERS INDUSTRIES INCORPORATED,2026-07-30,2026-06-30,NA,USD,pre-market
MYGN,MYRIAD GENETICS INCORPORATED,2026-07-30,2026-06-30,-0.08,USD,post-market
NATR,NATURE'S SUNSHINE PRODUCTS INCORPORATED,2026-07-30,2026-06-30,NA,USD,NA
NBIX,NEUROCRINE BIOSCIENCES INCORPORATED,2026-07-30,2026-06-30,1.88,USD,post-market
NCLH,NORWEGIAN CRUISE LINE HOLDINGS LIMITED,2026-07-30,2026-06-30,0.34,USD,pre-market
NCSM,NCS MULTISTAGE HOLDINGS INCORPORATED,2026-07-30,2026-06-30,-0.88,USD,NA
NEOG,NEOGEN CORPORATION,2026-07-30,2026-05-31,0.03,USD,pre-market
NEXT,NEXTDECADE CORPORATION,2026-07-30,2026-06-30,-0.87,USD,pre-market
NMIH,NMI HOLDINGS INCORPORATED,2026-07-30,2026-06-30,1.28,USD,post-market
NVNO,ENVVENO MEDICAL CORPORATION,2026-07-30,2026-06-30,NA,USD,NA
NXT,NEXTPOWER INCORPORATED,2026-07-30,2026-06-30,0.8,USD,post-market
OBE,OBSIDIAN ENERGY LIMITED,2026-07-30,2026-06-30,NA,USD,pre-market
OCFC,OCEANFIRST FINANCIAL CORPORATION,2026-07-30,2026-06-30,0.41,USD,post-market
OFS,OFS CAPITAL CORPORATION,2026-07-30,2026-06-30,NA,USD,post-market
OIS,OIL STATES INTERNATIONAL INCORPORATED,2026-07-30,2026-06-30,0.11,USD,pre-market
OLED,UNIVERSAL DISPLAY CORPORATION,2026-07-30,2026-06-30,1.04,USD,post-market
OLN,OLIN CORPORATION,2026-07-30,2026-06-30,0.07,USD,post-market
OMCL,OMNICELL INCORPORATED,2026-07-30,2026-06-30,0.31,USD,pre-market
ONEW,ONEWATER MARINE INCORPORATED,2026-07-30,2026-06-30,0.94,USD,pre-market
OWL,BLUE OWL CAPITAL INCORPORATED,2026-07-30,2026-06-30,0.21,USD,pre-market
PACK,RANPAK HOLDINGS CORPORATION,2026-07-30,2026-06-30,NA,USD,pre-market
PATK,PATRICK INDUSTRIES INCORPORATED,2026-07-30,2026-06-30,1.25,USD,pre-market
PBA,PEMBINA PIPELINE CORPORATION,2026-07-30,2026-06-30,0.48,USD,post-market
PBF,PBF ENERGY INCORPORATED,2026-07-30,2026-06-30,4.05,USD,pre-market
PFIS,PEOPLES FINANCIAL SERVICES CORPORATION,2026-07-30,2026-06-30,NA,USD,NA
PGY,PAGAYA TECHNOLOGIES LIMITED,2026-07-30,2026-06-30,0.63,USD,pre-market
PHAR,PHARMING GROUP NAAMLOZE VENNOOTSCHAP,2026-07-30,2026-06-30,0.2,USD,pre-market
PHAT,PHATHOM PHARMACEUTICALS INCORPORATED,2026-07-30,2026-06-30,-0.15,USD,pre-market
PHIN,PHINIA INCORPORATED,2026-07-30,2026-06-30,1.58,USD,pre-market
PIPR,PIPER SANDLER COMPANIES,2026-07-30,2026-06-30,0.85,USD,pre-market
PKX,POSCO HOLDINGS INCORPORATED,2026-07-30,2026-06-30,0.85,USD,NA
PTCT,PTC THERAPEUTICS INCORPORATED,2026-07-30,2026-06-30,-0.16,USD,post-market
PWR,QUANTA SERVICES INCORPORATED,2026-07-30,2026-06-30,3.03,USD,pre-market
RACE,FERRARI NAAMLOZE VENNOOTSCHAP,2026-07-30,2026-06-30,2.83,USD,pre-market
RAL,RALLIANT CORPORATION,2026-07-30,2026-06-30,0.63,USD,pre-market
RBLX,ROBLOX CORPORATION,2026-07-30,2026-06-30,-0.34,USD,post-market
RDDT,REDDIT INCORPORATED,2026-07-30,2026-06-30,0.99,USD,post-market
REGN,REGENERON PHARMACEUTICALS INCORPORATED,2026-07-30,2026-06-30,8,USD,pre-market
RES,RPC INCORPORATED,2026-07-30,2026-06-30,0.04,USD,pre-market
RIOT,RIOT PLATFORMS INCORPORATED,2026-07-30,2026-06-30,-0.39,USD,NA
RIVN,RIVIAN AUTOMOTIVE INCORPORATED,2026-07-30,2026-06-30,-0.82,USD,post-market
RJET,REPUBLIC AIRWAYS HOLDINGS INCORPORATED,2026-07-30,2026-06-30,NA,USD,pre-market
RKT,ROCKET COMPANIES INCORPORATED,2026-07-30,2026-06-30,0.13,USD,NA
RMNI,RIMINI STREET INCORPORATED,2026-07-30,2026-06-30,0.04,USD,post-market
ROKU,ROKU INCORPORATED,2026-07-30,2026-06-30,0.61,USD,NA
RYAN,RYAN SPECIALTY HOLDINGS INCORPORATED,2026-07-30,2026-06-30,0.61,USD,post-market
SAFE,SAFEHOLD INCORPORATED NEW,2026-07-30,2026-06-30,0.41,USD,post-market
SAH,SONIC AUTOMOTIVE INCORPORATED,2026-07-30,2026-06-30,1.75,USD,pre-market
SAIA,SAIA INCORPORATED,2026-07-30,2026-06-30,3.34,USD,pre-market
SAMG,SILVERCREST ASSET MANAGEMENT GROUP INCORPORATED,2026-07-30,2026-06-30,0.13,USD,NA
SCKT,SOCKET MOBILE INCORPORATED,2026-07-30,2026-06-30,NA,USD,post-market
SHEL,SHELL PUBLIC LIMITED COMPANY,2026-07-30,2026-06-30,2.88,USD,pre-market
SHOO,STEVEN MADDEN LIMITED,2026-07-30,2026-06-30,0.32,USD,pre-market
SIRI,SIRIUSXM HOLDINGS INCORPORATED,2026-07-30,2026-06-30,0.78,USD,pre-market
SLSN,SOLESENCE INCORPORATED,2026-07-30,2026-06-30,NA,USD,NA
SNDR,SCHNEIDER NATIONAL INCORPORATED,2026-07-30,2026-06-30,0.22,USD,post-market
SNY,SANOFI,2026-07-30,2026-06-30,1.09,USD,pre-market
SO,SOUTHERN COMPANY (THE),2026-07-30,2026-06-30,1.01,USD,pre-market
SOLS,SOLSTICE ADVANCED MATERIALS INCORPORATED,2026-07-30,2026-06-30,0.79,USD,pre-market
SPSC,SPS COMMERCE INCORPORATED,2026-07-30,2026-06-30,0.72,USD,post-market
SPXC,SPX TECHNOLOGIES INCORPORATED,2026-07-30,2026-06-30,1.85,USD,post-market
SRBK,SR BANCORP INCORPORATED,2026-07-30,2026-06-30,NA,USD,NA
STGW,STAGWELL INCORPORATED,2026-07-30,2026-06-30,0.13,USD,pre-market
STLA,STELLANTIS NAAMLOZE VENNOOTSCHAP,2026-07-30,2026-06-30,NA,USD,pre-market
STNG,SCORPIO TANKERS INCORPORATED,2026-07-30,2026-06-30,5.14,USD,pre-market
SVV,SAVERS VALUE VILLAGE INCORPORATED,2026-07-30,2026-06-30,0.1,USD,NA
SXC,SUNCOKE ENERGY INCORPORATED,2026-07-30,2026-06-30,0.08,USD,pre-market
SXI,STANDEX INTERNATIONAL CORPORATION,2026-07-30,2026-06-30,2.35,USD,NA
SYK,STRYKER CORPORATION,2026-07-30,2026-06-30,3.46,USD,post-market
TAK,TAKEDA PHARMACEUTICAL COMPANY LIMITED,2026-07-30,2026-06-30,0.41,USD,pre-market
TAL,TAL EDUCATION GROUP,2026-07-30,2026-05-31,0.14,USD,pre-market
TBBK,THE BANCORP INCORPORATED,2026-07-30,2026-06-30,1.36,USD,post-market
TEM,TEMPUS AI INCORPORATED,2026-07-30,2026-06-30,-0.41,USD,post-market
TEX,TEREX CORPORATION,2026-07-30,2026-06-30,1.25,USD,pre-market
TLK,"PT TELEKOMUNIKASI INDONESIA, TBK",2026-07-30,2026-06-30,0.53,USD,NA
TNET,TRINET GROUP INCORPORATED,2026-07-30,2026-06-30,0.72,USD,pre-market
TRN,TRINITY INDUSTRIES INCORPORATED,2026-07-30,2026-06-30,NA,USD,pre-market
TRP,TC ENERGY CORPORATION,2026-07-30,2026-06-30,0.59,USD,pre-market
TRS,TRIMAS CORPORATION,2026-07-30,2026-06-30,0.49,USD,pre-market
TT,TRANE TECHNOLOGIES PUBLIC LIMITED COMPANY,2026-07-30,2026-06-30,4.27,USD,pre-market
TW,TRADEWEB MARKETS INCORPORATED,2026-07-30,2026-06-30,0.96,USD,pre-market
TWI,TITAN INTERNATIONAL INCORPORATED,2026-07-30,2026-06-30,-0.04,USD,pre-market
UNIT,UNITI GROUP INCORPORATED,2026-07-30,2026-06-30,-0.43,USD,pre-market
UPBD,UPBOUND GROUP INCORPORATED,2026-07-30,2026-06-30,1.07,USD,pre-market
UPLD,UPLAND SOFTWARE INCORPORATED,2026-07-30,2026-06-30,NA,USD,NA
UTZ,UTZ BRANDS INCORPORATED,2026-07-30,2026-06-30,0.19,USD,NA
VALE,VALE SOCIEDAD ANÓNIMA,2026-07-30,2026-06-30,0.39,USD,NA
VCEL,VERICEL CORPORATION,2026-07-30,2026-06-30,-0.04,USD,pre-market
VCYT,VERACYTE INCORPORATED,2026-07-30,2026-06-30,0.29,USD,post-market
VIRT,VIRTU FINANCIAL INCORPORATED,2026-07-30,2026-06-30,1.49,USD,pre-market
VLO,VALERO ENERGY CORPORATION,2026-07-30,2026-06-30,9.81,USD,pre-market
VNDA,VANDA PHARMACEUTICALS INCORPORATED,2026-07-30,2026-06-30,-0.5,USD,NA
VRTS,VIRTUS INVESTMENT PARTNERS INCORPORATED,2026-07-30,2026-06-30,6.14,USD,pre-market
WBX,WALLBOX NAAMLOZE VENNOOTSCHAP,2026-07-30,2026-06-30,NA,USD,pre-market
WCC,WESCO INTERNATIONAL INCORPORATED,2026-07-30,2026-06-30,3.96,USD,pre-market
WTW,WILLIS TOWERS WATSON PUBLIC LIMITED COMPANY,2026-07-30,2026-06-30,3.13,USD,pre-market
WU,WESTERN UNION COMPANY (THE),2026-07-30,2026-06-30,0.43,USD,post-market
WVE,WAVE LIFE SCIENCES LIMITED,2026-07-30,2026-06-30,-0.31,USD,pre-market
WY,WEYERHAEUSER COMPANY,2026-07-30,2026-06-30,0.08,USD,post-market
XEL,XCEL ENERGY INCORPORATED,2026-07-30,2026-06-30,0.79,USD,pre-market
XHR,XENIA HOTELS & RESORTS INCORPORATED,2026-07-30,2026-06-30,NA,USD,pre-market
XPO,XPO INCORPORATED,2026-07-30,2026-06-30,1.49,USD,pre-market
XRX,XEROX HOLDINGS CORPORATION,2026-07-30,2026-06-30,0.06,USD,pre-market
YUM,YUM! BRANDS INCORPORATED,2026-07-30,2026-06-30,1.59,USD,pre-market
YUMC,YUM CHINA HOLDINGS INCORPORATED,2026-07-30,2026-06-30,0.69,USD,pre-market
ABBV,ABBVIE INCORPORATED,2026-07-31,2026-06-30,3.66,USD,pre-market
AN,AUTONATION INCORPORATED,2026-07-31,2026-06-30,5.43,USD,pre-market
ARES,ARES MANAGEMENT CORPORATION,2026-07-31,2026-06-30,1.29,USD,pre-market
BBUC,BROOKFIELD BUSINESS CORPORATION,2026-07-31,2026-06-30,NA,USD,pre-market
BCPC,BALCHEM CORPORATION,2026-07-31,2026-06-30,1.42,USD,pre-market
BEN,FRANKLIN RESOURCES INCORPORATED,2026-07-31,2026-06-30,0.66,USD,pre-market
BEP,BROOKFIELD RENEWABLE PARTNERS L.P.,2026-07-31,2026-06-30,-0.35,USD,pre-market
BEPC,BROOKFIELD RENEWABLE CORPORATION,2026-07-31,2026-06-30,-0.82,USD,pre-market
BLDP,BALLARD POWER SYSTEMS INCORPORATED,2026-07-31,2026-06-30,-0.04,USD,pre-market
BSAC,BANCO SANTANDER CHILE,2026-07-31,2026-06-30,0.67,USD,pre-market
BTSG,BRIGHTSPRING HEALTH SERVICES INCORPORATED,2026-07-31,2026-06-30,0.37,USD,pre-market
CBOE,CBOE GLOBAL MARKETS INCORPORATED,2026-07-31,2026-06-30,3.41,USD,pre-market
CCJ,CAMECO CORPORATION,2026-07-31,2026-06-30,0.26,USD,pre-market
CHD,CHURCH & DWIGHT COMPANY INCORPORATED,2026-07-31,2026-06-30,0.89,USD,pre-market
CL,COLGATE-PALMOLIVE COMPANY,2026-07-31,2026-06-30,0.95,USD,pre-market
CVX,CHEVRON CORPORATION,2026-07-31,2026-06-30,5.79,USD,pre-market
D,DOMINION ENERGY INCORPORATED,2026-07-31,2026-06-30,0.78,USD,pre-market
ENB,ENBRIDGE INCORPORATED,2026-07-31,2026-06-30,0.43,USD,pre-market
ETN,EATON CORPORATION PUBLIC LIMITED COMPANY,2026-07-31,2026-06-30,3.08,USD,pre-market
FRT,FEDERAL REALTY INVESTMENT TRUST,2026-07-31,2026-06-30,1.85,USD,pre-market
FTS,FORTIS INCORPORATED,2026-07-31,2026-06-30,0.55,USD,pre-market
GTES,GATES INDUSTRIAL CORPORATION LIMITED,2026-07-31,2026-06-30,0.38,USD,pre-market
IMO,IMPERIAL OIL LIMITED,2026-07-31,2026-06-30,2.99,USD,pre-market
ITUB,ITAU UNIBANCO BANCO HOLDING SA,2026-07-31,2026-06-30,0.22,USD,pre-market
KYIV,KYIVSTAR GROUP LIMITED,2026-07-31,2026-06-30,0.35,USD,pre-market
LEA,LEAR CORPORATION,2026-07-31,2026-06-30,3.89,USD,pre-market
LIN,LINDE PUBLIC LIMITED COMPANY,2026-07-31,2026-06-30,4.49,USD,pre-market
LYB,LYONDELLBASELL INDUSTRIES NV,2026-07-31,2026-06-30,3.56,USD,pre-market
MGA,MAGNA INTERNATIONAL INCORPORATED,2026-07-31,2026-06-30,1.53,USD,pre-market
MOG.A,MOOG INCORPORATED,2026-07-31,2026-06-30,2.67,USD,pre-market
MOG.B,MOOG INCORPORATED,2026-07-31,2026-06-30,NA,USD,pre-market
MRNA,MODERNA INCORPORATED,2026-07-31,2026-06-30,-1.97,USD,pre-market
NVT,NVENT ELECTRIC PUBLIC LIMITED COMPANY,2026-07-31,2026-06-30,1.16,USD,pre-market
NWG,NATWEST GROUP PUBLIC LIMITED COMPANY,2026-07-31,2026-06-30,0.45,USD,pre-market
NWL,NEWELL BRANDS INCORPORATED,2026-07-31,2026-06-30,0.19,USD,pre-market
PAYP,PAYPAY CORPORATION,2026-07-31,2026-06-30,0.16,USD,pre-market
POR,PORTLAND GENERAL ELECTRIC COMPANY,2026-07-31,2026-06-30,0.63,USD,pre-market
PRLB,PROTO LABS INCORPORATED,2026-07-31,2026-06-30,0.39,USD,pre-market
PWP,PERELLA WEINBERG PARTNERS,2026-07-31,2026-06-30,NA,USD,pre-market
RBC,RBC BEARINGS INCORPORATED,2026-07-31,2026-06-30,3.21,USD,pre-market
SMFG,SUMITOMO MITSUI FINANCIAL GROUP INCORPORATED,2026-07-31,2026-06-30,0.44,USD,pre-market
TAC,TRANSALTA CORPORATION,2026-07-31,2026-06-30,0.11,USD,pre-market
TROW,T. ROWE PRICE GROUP INCORPORATED,2026-07-31,2026-06-30,2.52,USD,pre-market
UBS,UBS AG,2026-07-31,2026-06-30,0.9,USD,pre-market
VEON,VEON LIMITED,2026-07-31,2026-06-30,1.59,USD,pre-market
WT,WISDOMTREE INCORPORATED,2026-07-31,2026-06-30,0.26,USD,pre-market
XOM,EXXONMOBIL HOLDINGS CORPORATION,2026-07-31,2026-06-30,3.79,USD,pre-market
ABTC,AMERICAN BITCOIN CORPORATION,2026-08-03,2026-06-30,NA,USD,pre-market
ADEA,ADEIA INCORPORATED,2026-08-03,2026-06-30,0.22,USD,post-market
ADTN,ADTRAN HOLDINGS INCORPORATED,2026-08-03,2026-06-30,0,USD,post-market
ADUS,ADDUS HOMECARE CORPORATION,2026-08-03,2026-06-30,1.51,USD,post-market
AEIS,ADVANCED ENERGY INDUSTRIES INCORPORATED,2026-08-03,2026-06-30,1.85,USD,post-market
AESI,ATLAS ENERGY SOLUTIONS INCORPORATED,2026-08-03,2026-06-30,-0.12,USD,post-market
AHRT,AH REALTY TRUST INCORPORATED,2026-08-03,2026-06-30,0.13,USD,NA
ALG,ALAMO GROUP INCORPORATED,2026-08-03,2026-06-30,2.74,USD,post-market
ALSN,ALLISON TRANSMISSION HOLDINGS INCORPORATED,2026-08-03,2026-06-30,2.6,USD,post-market
ALX,ALEXANDER'S INCORPORATED,2026-08-03,2026-06-30,3,USD,pre-market
AMRC,AMERESCO INCORPORATED,2026-08-03,2026-06-30,0.2,USD,post-market
ANDE,THE ANDERSONS INCORPORATED,2026-08-03,2026-06-30,NA,USD,post-market
ARE,ALEXANDRIA REAL ESTATE EQUITIES INCORPORATED,2026-08-03,2026-06-30,1.65,USD,post-market
ARTNA,ARTESIAN RESOURCES CORPORATION,2026-08-03,2026-06-30,NA,USD,NA
ATLX,ATLAS LITHIUM CORPORATION,2026-08-03,2026-06-30,NA,USD,NA
AVA,AVISTA CORPORATION,2026-08-03,2026-06-30,0.29,USD,pre-market
BCBP,BCB BANCORP INCORPORATED (NJ),2026-08-03,2026-06-30,0.25,USD,pre-market
BCC,"BOISE CASCADE, L.L.C.",2026-08-03,2026-06-30,1.23,USD,post-market
BGS,B&G FOODS INCORPORATED,2026-08-03,2026-06-30,NA,USD,NA
BLZE,BACKBLAZE INCORPORATED,2026-08-03,2026-06-30,-0.1,USD,post-market
BMRN,BIOMARIN PHARMACEUTICAL INCORPORATED,2026-08-03,2026-06-30,0.79,USD,NA
BOTJ,BANK OF THE JAMES FINANCIAL GROUP INCORPORATED,2026-08-03,2026-06-30,NA,USD,NA
BRCC,BRC INCORPORATED,2026-08-03,2026-06-30,NA,USD,post-market
BRKR,BRUKER CORPORATION,2026-08-03,2026-06-30,0.38,USD,NA
BSM,"BLACK STONE MINERALS, L.P.",2026-08-03,2026-06-30,0.22,USD,post-market
BWXT,BWX TECHNOLOGIES INCORPORATED,2026-08-03,2026-06-30,1.01,USD,post-market
CBT,CABOT CORPORATION,2026-08-03,2026-06-30,1.66,USD,post-market
CFBK,CF BANKSHARES INCORPORATED,2026-08-03,2026-06-30,0.89,USD,NA
CGEN,COMPUGEN LIMITED,2026-08-03,2026-06-30,-0.07,USD,pre-market
CLLS,CELLECTIS SOCIEDAD ANÓNIMA,2026-08-03,2026-06-30,NA,USD,NA
CLPT,CLEARPOINT NEURO INCORPORATED,2026-08-03,2026-06-30,-0.27,USD,post-market
CLX,CLOROX COMPANY (THE),2026-08-03,2026-06-30,1.64,USD,post-market
CNA,CNA FINANCIAL CORPORATION,2026-08-03,2026-06-30,1.04,USD,pre-market
CNH,CNH INDUSTRIAL NAAMLOZE VENNOOTSCHAP,2026-08-03,2026-06-30,0.11,USD,pre-market
CRD.A,CRAWFORD & COMPANY,2026-08-03,2026-06-30,NA,USD,post-market
CRD.B,CRAWFORD & COMPANY,2026-08-03,2026-06-30,0.27,USD,post-market
CRGY,CRESCENT ENERGY COMPANY,2026-08-03,2026-06-30,0.43,USD,post-market
CRSP,CRISPR THERAPEUTICS AG,2026-08-03,2026-06-30,-1.1,USD,NA
CSR,D/B/A CENTERSPACE,2026-08-03,2026-06-30,1.22,USD,post-market
CSWC,CAPITAL SOUTHWEST CORPORATION,2026-08-03,2026-06-30,0.55,USD,post-market
CTNT,CHEETAH NET SUPPLY CHAIN SERVICE INCORPORATED,2026-08-03,2026-06-30,NA,USD,NA
CTOS,CUSTOM TRUCK ONE SOURCE INCORPORATED,2026-08-03,2026-06-30,0.02,USD,post-market
CURR,CURRENC GROUP INCORPORATED,2026-08-03,2026-06-30,NA,USD,NA
CVGI,COMMERCIAL VEHICLE GROUP INCORPORATED,2026-08-03,2026-06-30,-0.05,USD,post-market
CVRX,CVRX INCORPORATED,2026-08-03,2026-06-30,-0.52,USD,NA
DAC,DANAOS CORPORATION,2026-08-03,2026-06-30,NA,USD,post-market
DDD,3D SYSTEMS CORPORATION,2026-08-03,2026-06-30,-0.12,USD,post-market
DEA,EASTERLY GOVERNMENT PROPERTIES INCORPORATED,2026-08-03,2026-06-30,0.79,USD,pre-market
DHC,DIVERSIFIED HEALTHCARE TRUST,2026-08-03,2026-06-30,0.14,USD,post-market
DORM,DORMAN PRODUCTS INCORPORATED,2026-08-03,2026-06-30,1.78,USD,post-market
EC,ECOPETROL SOCIEDAD ANÓNIMA,2026-08-03,2026-06-30,0.81,USD,post-market
ELOX,ELOXX PHARMACEUTICALS INCORPORATED,2026-08-03,2026-06-30,NA,USD,NA
EVER,EVERQUOTE INCORPORATED,2026-08-03,2026-06-30,0.42,USD,post-market
FANG,DIAMONDBACK ENERGY INCORPORATED,2026-08-03,2026-06-30,6.08,USD,post-market
GBDC,GOLUB CAPITAL BDC INCORPORATED,2026-08-03,2026-06-30,0.33,USD,post-market
GECC,GREAT ELM CAPITAL CORPORATION,2026-08-03,2026-06-30,0.34,USD,NA
GLRE,GREENLIGHT REINSURANCE LIMITED,2026-08-03,2026-06-30,NA,USD,NA
GPOR,GULFPORT ENERGY CORPORATION,2026-08-03,2026-06-30,3.99,USD,post-market
GRAB,GRAB HOLDINGS LIMITED,2026-08-03,2026-06-30,0.01,USD,post-market
HESM,HESS MIDSTREAM LIMITED PARTNERSHIP,2026-08-03,2026-06-30,0.69,USD,pre-market
HLIO,HELIOS TECHNOLOGIES INCORPORATED,2026-08-03,2026-06-30,0.8,USD,NA
HLMN,HILLMAN SOLUTIONS CORPORATION,2026-08-03,2026-06-30,0.17,USD,post-market
HSTM,HEALTHSTREAM INCORPORATED,2026-08-03,2026-06-30,0.17,USD,post-market
IBTA,IBOTTA INCORPORATED,2026-08-03,2026-06-30,0.06,USD,post-market
ICHR,ICHOR HOLDINGS,2026-08-03,2026-06-30,0.21,USD,post-market
IEP,ICAHN ENTERPRISES L.P.,2026-08-03,2026-06-30,NA,USD,NA
IIPR,INNOVATIVE INDUSTRIAL PROPERTIES INCORPORATED,2026-08-03,2026-06-30,1.7,USD,post-market
INSP,INSPIRE MEDICAL SYSTEMS INCORPORATED,2026-08-03,2026-06-30,-0.22,USD,post-market
INVX,INNOVEX INTERNATIONAL INCORPORATED,2026-08-03,2026-06-30,0.3,USD,post-market
IRT,INDEPENDENCE REALTY TRUST INCORPORATED,2026-08-03,2026-06-30,0.27,USD,post-market
IVT,INVENTRUST PROPERTIES CORPORATION,2026-08-03,2026-06-30,0.49,USD,post-market
JAZZ,JAZZ PHARMACEUTICALS PUBLIC LIMITED COMPANY,2026-08-03,2026-06-30,5.06,USD,post-market
JBTM,JBT MAREL CORPORATION,2026-08-03,2026-06-30,2.02,USD,post-market
JELD,JELD-WEN HOLDING INCORPORATED,2026-08-03,2026-06-30,NA,USD,post-market
JRVR,JAMES RIVER GROUP HOLDINGS INCORPORATED,2026-08-03,2026-06-30,NA,USD,NA
JXN,JACKSON FINANCIAL INCORPORATED,2026-08-03,2026-06-30,NA,USD,post-market
KOS,KOSMOS ENERGY LIMITED,2026-08-03,2026-06-30,NA,USD,pre-market
KRYS,KRYSTAL BIOTECH INCORPORATED,2026-08-03,2026-06-30,1.7,USD,NA
L,LOEWS CORPORATION,2026-08-03,2026-06-30,NA,USD,pre-market
LIFE,ETHOS TECHNOLOGIES INCORPORATED,2026-08-03,2026-06-30,0.19,USD,post-market
LIND,LINDBLAD EXPEDITIONS HOLDINGS INCORPORATED,2026-08-03,2026-06-30,-0.09,USD,pre-market
MAR,MARRIOTT INTERNATIONAL,2026-08-03,2026-06-30,3.06,USD,pre-market
MATX,MATSON INCORPORATED,2026-08-03,2026-06-30,4.21,USD,post-market
MED,MEDIFAST INCORPORATED,2026-08-03,2026-06-30,-0.68,USD,post-market
MELI,MERCADOLIBRE INCORPORATED,2026-08-03,2026-06-30,8.69,USD,NA
MMYT,MAKEMYTRIP LIMITED,2026-08-03,2026-06-30,0.2,USD,pre-market
MTUS,METALLUS INCORPORATED,2026-08-03,2026-06-30,0.25,USD,post-market
MUFG,MITSUBISHI UFJ FINANCIAL GROUP INCORPORATED,2026-08-03,2026-06-30,0.34,USD,NA
MWA,MUELLER WATER PRODUCTS INCORPORATED,2026-08-03,2026-06-30,0.38,USD,NA
MYPS,PLAYSTUDIOS INCORPORATED,2026-08-03,2026-06-30,NA,USD,NA
NJR,NEWJERSEY RESOURCES CORPORATION,2026-08-03,2026-06-30,0.06,USD,post-market
NMFC,NEW MOUNTAIN FINANCE CORPORATION,2026-08-03,2026-06-30,0.26,USD,post-market
NSPR,INSPIREMD INCORPORATED,2026-08-03,2026-06-30,-0.2,USD,NA
OKE,ONEOK INCORPORATED,2026-08-03,2026-06-30,1.44,USD,post-market
ON,ON SEMICONDUCTOR CORPORATION,2026-08-03,2026-06-30,0.72,USD,post-market
OPAD,OFFERPAD SOLUTIONS INCORPORATED,2026-08-03,2026-06-30,-1.6,USD,post-market
OTTR,OTTER TAIL CORPORATION,2026-08-03,2026-06-30,1.48,USD,post-market
PAY,PAYMENTUS HOLDINGS INCORPORATED,2026-08-03,2026-06-30,0.17,USD,post-market
PLMR,PALOMAR HOLDINGS INCORPORATED,2026-08-03,2026-06-30,1.94,USD,NA
PLOW,DOUGLAS DYNAMICS INCORPORATED,2026-08-03,2026-06-30,0.88,USD,pre-market
PLTR,PALANTIR TECHNOLOGIES INCORPORATED,2026-08-03,2026-06-30,0.28,USD,post-market
POWL,POWELL INDUSTRIES INCORPORATED,2026-08-03,2026-06-30,1.49,USD,post-market
PPLI,PEOPLE INCORPORATED,2026-08-03,2026-06-30,-0.51,USD,post-market
PRAA,PRA GROUP INCORPORATED,2026-08-03,2026-06-30,0.52,USD,NA
PRAX,PRAXIS PRECISION MEDICINES INCORPORATED,2026-08-03,2026-06-30,-3.6,USD,NA
PRTA,PROTHENA CORPORATION PUBLIC LIMITED COMPANY,2026-08-03,2026-06-30,-0.39,USD,NA
PSTL,POSTAL REALTY TRUST INCORPORATED,2026-08-03,2026-06-30,0.31,USD,NA
RAIL,FREIGHTCAR AMERICA INCORPORATED,2026-08-03,2026-06-30,-0.01,USD,post-market
SBAC,SBA COMMUNICATIONS CORPORATION,2026-08-03,2026-06-30,2.76,USD,post-market
SBH,SALLY BEAUTY HOLDINGS INCORPORATED,2026-08-03,2026-06-30,0.53,USD,pre-market
SBRA,SABRA HEALTH CARE REIT INCORPORATED,2026-08-03,2026-06-30,0.38,USD,post-market
SIBN,SI-BONE INCORPORATED,2026-08-03,2026-06-30,-0.15,USD,post-market
SITC,SITE CENTERS CORPORATION,2026-08-03,2026-06-30,-0.04,USD,post-market
SNAP,SNAP INCORPORATED,2026-08-03,2026-06-30,-0.08,USD,post-market
SNDX,SYNDAX PHARMACEUTICALS INCORPORATED,2026-08-03,2026-06-30,-0.45,USD,NA
SOHU,SOHU.COM LIMITED,2026-08-03,2026-06-30,NA,USD,NA
SPNT,SIRIUSPOINT LIMITED,2026-08-03,2026-06-30,0.65,USD,NA
STRL,STERLING INFRASTRUCTURE INCORPORATED,2026-08-03,2026-06-30,5,USD,post-market
TDW,TIDEWATER INCORPORATED,2026-08-03,2026-06-30,0.32,USD,NA
TGTX,TG THERAPEUTICS INCORPORATED,2026-08-03,2026-06-30,0.41,USD,NA
TKO,TKO GROUP HOLDINGS INCORPORATED,2026-08-03,2026-06-30,1.7,USD,post-market
TSN,TYSON FOODS INCORPORATED,2026-08-03,2026-06-30,1.03,USD,pre-market
TWST,TWIST BIOSCIENCE CORPORATION,2026-08-03,2026-06-30,-0.5,USD,pre-market
UCTT,ULTRA CLEAN HOLDINGS INCORPORATED,2026-08-03,2026-06-30,0.44,USD,post-market
UFCS,UNITED FIRE GROUP INCORPORATED,2026-08-03,2026-06-30,0.7,USD,post-market
UFPT,UFP TECHNOLOGIES INCORPORATED,2026-08-03,2026-06-30,2.51,USD,NA
UTL,UNITIL CORPORATION,2026-08-03,2026-06-30,NA,USD,post-market
VERX,VERTEX INCORPORATED,2026-08-03,2026-06-30,0.13,USD,post-market
VMD,VIEMED HEALTHCARE INCORPORATED,2026-08-03,2026-06-30,0.1,USD,post-market
VNO,VORNADO REALTY TRUST,2026-08-03,2026-06-30,0.57,USD,post-market
VNOM,VIPER ENERGY INCORPORATED,2026-08-03,2026-06-30,0.74,USD,post-market
VOYG,VOYAGER TECHNOLOGIES INCORPORATED,2026-08-03,2026-06-30,-1.01,USD,post-market
VRTX,VERTEX PHARMACEUTICALS INCORPORATED,2026-08-03,2026-06-30,4.3,USD,post-market
VTS,VITESSE ENERGY INCORPORATED,2026-08-03,2026-06-30,0.09,USD,post-market
VVX,V2X INCORPORATED,2026-08-03,2026-06-30,1.45,USD,post-market
WGS,GENEDX HOLDINGS CORPORATION,2026-08-03,2026-06-30,-0.19,USD,post-market
WMB,WILLIAMS COMPANIES INCORPORATED (THE),2026-08-03,2026-06-30,0.52,USD,post-market
WTI,W&T OFFSHORE INCORPORATED,2026-08-03,2026-06-30,-0.03,USD,NA
ZEPP,ZEPP HEALTH CORPORATION,2026-08-03,2026-06-30,NA,USD,NA
ACAD,ACADIA PHARMACEUTICALS INCORPORATED,2026-08-04,2026-06-30,0.06,USD,post-market
ACEL,ACCEL ENTERTAINMENT INCORPORATED,2026-08-04,2026-06-30,0.18,USD,post-market
ACIU,AC IMMUNE SA,2026-08-04,2026-06-30,-0.22,USD,NA
ACRE,ARES COMMERCIAL REAL ESTATE CORPORATION,2026-08-04,2026-06-30,0.11,USD,pre-market
ADM,ARCHER-DANIELS-MIDLAND COMPANY,2026-08-04,2026-06-30,1.27,USD,pre-market
AFG,AMERICAN FINANCIAL GROUP INCORPORATED,2026-08-04,2026-06-30,2.41,USD,post-market
AGNT,AGNT INCORPORATED,2026-08-04,2026-06-30,0.03,USD,post-market
AHCO,ADAPTHEALTH CORPORATION,2026-08-04,2026-06-30,-0.01,USD,pre-market
AIN,ALBANY INTERNATIONAL CORPORATION,2026-08-04,2026-06-30,0.75,USD,pre-market
AISP,AIRSHIP AI HOLDINGS INCORPORATED,2026-08-04,2026-06-30,-0.03,USD,NA
AIZ,ASSURANT INCORPORATED,2026-08-04,2026-06-30,5.16,USD,post-market
AKO.A,EMBOTELLADORA ANDINA SOCIEDAD ANÓNIMA,2026-08-04,2026-06-30,NA,USD,NA
AKO.B,EMBOTELLADORA ANDINA SOCIEDAD ANÓNIMA,2026-08-04,2026-06-30,0.41,USD,NA
ALAB,ASTERA LABS INCORPORATED,2026-08-04,2026-06-30,0.42,USD,post-market
ALGT,ALLEGIANT TRAVEL COMPANY,2026-08-04,2026-06-30,1.27,USD,post-market
ALIT,ALIGHT INCORPORATED,2026-08-04,2026-06-30,0.52,USD,post-market
AMBO,AMBOW EDUCATION HOLDING LIMITED,2026-08-04,2026-06-30,NA,USD,NA
AMD,ADVANCED MICRO DEVICES INCORPORATED,2026-08-04,2026-06-30,1.35,USD,post-market
AME,AMTEK INCORPORATED,2026-08-04,2026-06-30,1.99,USD,pre-market
AMGN,AMGEN INCORPORATED,2026-08-04,2026-06-30,5.6,USD,post-market
AMWL,AMERICAN WELL CORPORATION,2026-08-04,2026-06-30,-0.6,USD,NA
ANET,ARISTA NETWORKS INCORPORATED,2026-08-04,2026-06-30,0.8,USD,post-market
ANGI,ANGI INCORPORATED,2026-08-04,2026-06-30,0.2,USD,post-market
ANGX,ANGEL STUDIOS INCORPORATED,2026-08-04,2026-06-30,-0.15,USD,post-market
ANY,SPHERE 3D CORPORATION,2026-08-04,2026-06-30,NA,USD,NA
AOMR,ANGEL OAK MORTGAGE REIT INCORPORATED,2026-08-04,2026-06-30,0.34,USD,pre-market
APO,APOLLO GLOBAL MANAGEMENT INCORPORATED,2026-08-04,2026-06-30,2.01,USD,pre-market
APPS,DIGITAL TURBINE INCORPORATED,2026-08-04,2026-06-30,NA,USD,post-market
APTV,APTIV PUBLIC LIMITED COMPANY,2026-08-04,2026-06-30,1.42,USD,pre-market
AQB,AQUABOUNTY TECHNOLOGIES INCORPORATED,2026-08-04,2026-06-30,NA,USD,NA
ARDT,ARDENT HEALTH INCORPORATED,2026-08-04,2026-06-30,0.17,USD,post-market
ARI,APOLLO COMMERCIAL REAL ESTATE FINANCE,2026-08-04,2026-06-30,0.05,USD,NA
AROC,ARCHROCK INCORPORATED,2026-08-04,2026-06-30,0.46,USD,post-market
ARWR,ARROWHEAD PHARMACEUTICALS INCORPORATED,2026-08-04,2026-06-30,-1.19,USD,post-market
ASST,STRIVE INCORPORATED,2026-08-04,2026-06-30,0.38,USD,NA
ATEC,ALPHATEC HOLDINGS INCORPORATED,2026-08-04,2026-06-30,-0.12,USD,post-market
ATKR,ATKORE INCORPORATED,2026-08-04,2026-06-30,1.35,USD,pre-market
ATOM,ATOMERA INCORPORATED,2026-08-04,2026-06-30,NA,USD,post-market
AUDC,AUDIOCODES LIMITED,2026-08-04,2026-06-30,NA,USD,pre-market
AVNS,AVANOS MEDICAL INCORPORATED,2026-08-04,2026-06-30,0.22,USD,NA
AZTA,AZENTA INCORPORATED,2026-08-04,2026-06-30,NA,USD,post-market
BALL,BALL CORPORATION,2026-08-04,2026-06-30,0.99,USD,pre-market
BBBY,BED BATH & BEYOND INCORPORATED,2026-08-04,2026-06-30,-0.3,USD,post-market
BBIO,BRIDGEBIO PHARMA INCORPORATED,2026-08-04,2026-06-30,-0.63,USD,NA
BCSF,BAIN CAPITAL SPECIALTY FINANCE INCORPORATED,2026-08-04,2026-06-30,0.42,USD,NA
BEAM,BEAM THERAPEUTICS INCORPORATED,2026-08-04,2026-06-30,1,USD,NA
BIO,BIO-RAD LABORATORIES INCORPORATED,2026-08-04,2026-06-30,2.34,USD,post-market
BIO.B,BIO-RAD LABORATORIES INCORPORATED,2026-08-04,2026-06-30,NA,USD,post-market
BKNG,BOOKING HOLDINGS INCORPORATED,2026-08-04,2026-06-30,2.46,USD,post-market
BL,BLACKLINE INCORPORATED,2026-08-04,2026-06-30,0.22,USD,post-market
BMEA,BIOMEA FUSION INCORPORATED,2026-08-04,2026-06-30,-0.21,USD,NA
BNTX,BIONTECH SE,2026-08-04,2026-06-30,-2.58,USD,pre-market
BODI,THE BEACHBODY COMPANY INCORPORATED,2026-08-04,2026-06-30,-0.14,USD,NA
BOLD,BOUNDLESS BIO INCORPORATED,2026-08-04,2026-06-30,NA,USD,NA
BOW,BOWHEAD SPECIALTY HOLDINGS INCORPORATED,2026-08-04,2026-06-30,0.48,USD,pre-market
BP,BP P.L.C.,2026-08-04,2026-06-30,1.99,USD,pre-market
BR,BROADRIDGE FINANCIAL SOLUTIONS INCORPORATED,2026-08-04,2026-06-30,3.75,USD,pre-market
BRBR,BELLRING BRANDS INCORPORATED,2026-08-04,2026-06-30,0.36,USD,pre-market
BRSL,BRIGHTSTAR LOTTERY PUBLIC LIMITED COMPANY TRADING UNDER THE LEGAL NAME TO BEGIN AT,2026-08-04,2026-06-30,0,USD,pre-market
BV,BRIGHTVIEW HOLDINGS INCORPORATED,2026-08-04,2026-06-30,0.26,USD,post-market
BXC,BLUELINX HOLDINGS INCORPORATED,2026-08-04,2026-06-30,NA,USD,post-market
BXDC,BLACKSTONE DIGITAL INFRASTRUCTURE TRUST INCORPORATED,2026-08-04,2026-06-30,0.04,USD,pre-market
BZFD,BUZZFEED INCORPORATED,2026-08-04,2026-06-30,NA,USD,post-market
CAT,CATERPILLAR INCORPORATED,2026-08-04,2026-06-30,6.25,USD,pre-market
CBC,CENTRAL BANCOMPANY INCORPORATED,2026-08-04,2026-06-30,0.48,USD,pre-market
CC,CHEMOURS COMPANY (THE),2026-08-04,2026-06-30,0.43,USD,NA
CCB,COASTAL FINANCIAL CORPORATION,2026-08-04,2026-06-30,0.95,USD,NA
CCEP,COCA-COLA EUROPACIFIC PARTNERS PUBLIC LIMITED COMPANY,2026-08-04,2026-06-30,NA,USD,pre-market
CCO,CLEAR CHANNEL OUTDOOR HOLDINGS INCORPORATED,2026-08-04,2026-06-30,-0.01,USD,NA
CDRE,CADRE HOLDINGS INCORPORATED,2026-08-04,2026-06-30,0.26,USD,NA
CE,CELANESE CORPORATION,2026-08-04,2026-06-30,2.21,USD,post-market
CERT,CERTARA INCORPORATED,2026-08-04,2026-06-30,0.06,USD,pre-market
CHCT,COMMUNITY HEALTHCARE TRUST INCORPORATED,2026-08-04,2026-06-30,0.47,USD,post-market
CHT,CHUNGHWA TELECOM COMPANY LIMITED,2026-08-04,2026-06-30,NA,USD,NA
CIFR,CIPHER DIGITAL INCORPORATED,2026-08-04,2026-06-30,-0.24,USD,pre-market
CIX,COMPX INTERNATIONAL INCORPORATED,2026-08-04,2026-06-30,NA,USD,post-market
CLDT,CHATHAM LODGING TRUST (REIT),2026-08-04,2026-06-30,0.45,USD,pre-market
CMI,CUMMINS INCORPORATED,2026-08-04,2026-06-30,7.33,USD,pre-market
CMT,CORE MOLDING TECHNOLOGIES INCORPORATED,2026-08-04,2026-06-30,0.21,USD,pre-market
COGT,COGENT BIOSCIENCES INCORPORATED,2026-08-04,2026-06-30,-0.55,USD,NA
COMP,COMPASS INCORPORATED,2026-08-04,2026-06-30,0.09,USD,post-market
CPIX,CUMBERLAND PHARMACEUTICALS INCORPORATED,2026-08-04,2026-06-30,NA,USD,NA
CPNG,COUPANG INCORPORATED,2026-08-04,2026-06-30,-0.26,USD,post-market
CRBG,COREBRIDGE FINANCIAL INCORPORATED,2026-08-04,2026-06-30,1.08,USD,post-market
CRBP,CORBUS PHARMACEUTICALS HOLDINGS INCORPORATED,2026-08-04,2026-06-30,-1.3,USD,NA
CRCT,CRICUT INCORPORATED,2026-08-04,2026-06-30,0.04,USD,post-market
CRDF,CARDIFF ONCOLOGY INCORPORATED,2026-08-04,2026-06-30,-0.17,USD,NA
CRIS,CURIS INCORPORATED,2026-08-04,2026-06-30,-5.8,USD,NA
CRNX,CRINETICS PHARMACEUTICALS INCORPORATED,2026-08-04,2026-06-30,-1.23,USD,post-market
CRVL,CORVEL CORPORATION,2026-08-04,2026-06-30,NA,USD,NA
CTNM,CONTINEUM THERAPEUTICS INCORPORATED,2026-08-04,2026-06-30,-0.46,USD,NA
CVEO,CIVEO CORPORATION,2026-08-04,2026-06-30,-0.3,USD,NA
CXDO,CREXENDO INCORPORATED,2026-08-04,2026-06-30,0.09,USD,post-market
CYCN,CYCLERION THERAPEUTICS INCORPORATED,2026-08-04,2026-06-30,NA,USD,NA
DBRG,DIGITALBRIDGE GROUP INCORPORATED,2026-08-04,2026-06-30,0.05,USD,pre-market
DD,DUPONT DE NEMOURS INCORPORATED,2026-08-04,2026-06-30,1.76,USD,pre-market
DEI,DOUGLAS EMMETT INCORPORATED,2026-08-04,2026-06-30,0.36,USD,post-market
DEO,DIAGEO PUBLIC LIMITED COMPANY,2026-08-04,2026-06-30,NA,USD,NA
DMRA,DAMORA THERAPEUTICS INCORPORATED,2026-08-04,2026-06-30,-0.38,USD,NA
DOC,HEALTHPEAK PROPERTIES INCORPORATED,2026-08-04,2026-06-30,0.44,USD,post-market
DOCN,DIGITALOCEAN HOLDINGS INCORPORATED,2026-08-04,2026-06-30,0.1,USD,pre-market
DRCT,DIRECT DIGITAL HOLDINGS INCORPORATED,2026-08-04,2026-06-30,-1.94,USD,NA
DRVN,DRIVEN BRANDS HOLDINGS INCORPORATED,2026-08-04,2026-06-30,0.26,USD,NA
DUK,DUKE ENERGY CORPORATION,2026-08-04,2026-06-30,1.29,USD,pre-market
DV,DOUBLEVERIFY HOLDINGS INCORPORATED,2026-08-04,2026-06-30,0.1,USD,NA
DVA,DAVITA INCORPORATED,2026-08-04,2026-06-30,4.01,USD,post-market
DVN,DEVON ENERGY CORPORATION,2026-08-04,2026-06-30,1.3,USD,post-market
EA,ELECTRONIC ARTS INCORPORATED,2026-08-04,2026-06-30,0.27,USD,NA
EBMT,EAGLE BANCORP MONTANA INCORPORATED,2026-08-04,2026-06-30,0.5,USD,NA
ECG,EVERUS CONSTRUCTION GROUP INCORPORATED,2026-08-04,2026-06-30,1.1,USD,post-market
ECO,OKEANIS ECO TANKERS CORPORATION,2026-08-04,2026-06-30,4.41,USD,post-market
EGHT,8X8 INCORPORATED,2026-08-04,2026-06-30,0.04,USD,post-market
EHTH,EHEALTH INCORPORATED,2026-08-04,2026-06-30,-0.61,USD,post-market
ELME,ELME COMMUNITIES,2026-08-04,2026-06-30,NA,USD,NA
EMBJ,EMBRAER SOCIEDAD ANÓNIMA,2026-08-04,2026-06-30,0.61,USD,NA
EMR,EMERSON ELECTRIC COMPANY,2026-08-04,2026-06-30,1.68,USD,post-market
ENIC,ENEL CHILE SOCIEDAD ANÓNIMA,2026-08-04,2026-06-30,NA,USD,NA
ENLT,ENLIGHT RENEWABLE ENERGY LIMITED,2026-08-04,2026-06-30,0.07,USD,pre-market
ENR,ENERGIZER HOLDINGS INCORPORATED,2026-08-04,2026-06-30,0.86,USD,pre-market
ENTG,ENTEGRIS INCORPORATED,2026-08-04,2026-06-30,0.83,USD,pre-market
EOG,EOG RESOURCES INCORPORATED,2026-08-04,2026-06-30,5.1,USD,post-market
EQH,EQUITABLE HOLDINGS INCORPORATED,2026-08-04,2026-06-30,1.66,USD,post-market
ET,ENERGY TRANSFER L.P.,2026-08-04,2026-06-30,0.37,USD,pre-market
EVC,ENTRAVISION COMMUNICATIONS CORPORATION,2026-08-04,2026-06-30,NA,USD,NA
EVTC,EVERTEC INCORPORATED,2026-08-04,2026-06-30,0.81,USD,post-market
EVTL,VERTICAL AEROSPACE LIMITED,2026-08-04,2026-06-30,-0.42,USD,NA
EXPD,EXPEDITORS INTERNATIONAL OF WASHINGTON INCORPORATED,2026-08-04,2026-06-30,1.67,USD,pre-market
FBIN,FORTUNE BRANDS INNOVATIONS INCORPORATED,2026-08-04,2026-06-30,0.81,USD,post-market
FHTX,FOGHORN THERAPEUTICS INCORPORATED,2026-08-04,2026-06-30,-0.23,USD,NA
FIS,FIDELITY NATIONAL INFORMATION SERVICES INCORPORATED,2026-08-04,2026-06-30,1.47,USD,pre-market
FLYW,FLYWIRE CORPORATION,2026-08-04,2026-06-30,-0.03,USD,post-market
FMS,FRESENIUS MEDICAL CARE AG,2026-08-04,2026-06-30,NA,USD,NA
FNRN,FIRST NORTHERN COMMUNITY BANCORP,2026-08-04,2026-06-30,NA,USD,NA
FNWD,FINWARD BANCORP,2026-08-04,2026-06-30,0.62,USD,NA
FOA,FINANCE OF AMERICA COMPANIES INCORPORATED,2026-08-04,2026-06-30,1.12,USD,post-market
FOUR,SHIFT4 PAYMENTS INCORPORATED,2026-08-04,2026-06-30,0.98,USD,NA
FRPH,FRP HOLDINGS INCORPORATED,2026-08-04,2026-06-30,NA,USD,post-market
FRSH,FRESHWORKS INCORPORATED,2026-08-04,2026-06-30,-0.03,USD,post-market
FTCI,FTC SOLAR INCORPORATED,2026-08-04,2026-06-30,-0.58,USD,NA
FTEK,FUEL TECH INCORPORATED,2026-08-04,2026-06-30,-0.02,USD,post-market
FTH,FAETH THERAPEUTICS INCORPORATED,2026-08-04,2026-06-30,-0.63,USD,NA
FTK,FLOTEK INDUSTRIES INCORPORATED,2026-08-04,2026-06-30,0.13,USD,post-market
FULC,FULCRUM THERAPEUTICS INCORPORATED,2026-08-04,2026-06-30,-0.21,USD,NA
FWRG,FIRST WATCH RESTAURANT GROUP INCORPORATED,2026-08-04,2026-06-30,0.06,USD,pre-market
GBTG,GLOBAL BUSINESS TRAVEL GROUP INCORPORATED,2026-08-04,2026-06-30,0.04,USD,NA
GGB,GERDAU SOCIEDAD ANÓNIMA,2026-08-04,2026-06-30,0.15,USD,post-market
GIC,GLOBAL INDUSTRIAL COMPANY,2026-08-04,2026-06-30,0.54,USD,post-market
GILD,GILEAD SCIENCES INCORPORATED,2026-08-04,2026-06-30,-7.09,USD,post-market
GLAD,GLADSTONE CAPITAL CORPORATION,2026-08-04,2026-06-30,0.49,USD,post-market
GO,GROCERY OUTLET HOLDING CORPORATION,2026-08-04,2026-06-30,0.09,USD,NA
GOSS,GOSSAMER BIO INCORPORATED,2026-08-04,2026-06-30,-0.08,USD,NA
GPK,GRAPHIC PACKAGING HOLDING COMPANY,2026-08-04,2026-06-30,0.11,USD,pre-market
GPRK,GEOPARK LIMITED,2026-08-04,2026-06-30,NA,USD,NA
GSL,GLOBAL SHIP LEASE INCORPORATED,2026-08-04,2026-06-30,2.34,USD,NA
GSM,FERROGLOBE PUBLIC LIMITED COMPANY,2026-08-04,2026-06-30,-0.06,USD,post-market
GWW,W.W. GRAINGER INCORPORATED,2026-08-04,2026-06-30,11.28,USD,pre-market
GXO,GXO LOGISTICS INCORPORATED,2026-08-04,2026-06-30,0.58,USD,post-market
HCKT,THE HACKETT GROUP INCORPORATED,2026-08-04,2026-06-30,0.27,USD,post-market
HFBL,HOME FEDERAL BANCORP INCORPORATED OF LOUISIANA,2026-08-04,2026-06-30,NA,USD,NA
HL,HECLA MINING COMPANY,2026-08-04,2026-06-30,NA,USD,post-market
HLNE,HAMILTON LANE INCORPORATED,2026-08-04,2026-06-30,1.52,USD,pre-market
HNGE,HINGE HEALTH INCORPORATED,2026-08-04,2026-06-30,0.28,USD,post-market
HQ,HORIZON QUANTUM HOLDINGS LIMITED,2026-08-04,2026-06-30,NA,USD,pre-market
HRMY,HARMONY BIOSCIENCES HOLDINGS INCORPORATED,2026-08-04,2026-06-30,0.97,USD,pre-market
HRTG,HERITAGE INSURANCE HOLDINGS INCORPORATED,2026-08-04,2026-06-30,0.99,USD,NA
HRZN,HORIZON TECHNOLOGY FINANCE CORPORATION,2026-08-04,2026-06-30,0.13,USD,post-market
HSIC,HENRY SCHEIN INCORPORATED,2026-08-04,2026-06-30,1.22,USD,pre-market
HUT,HUT 8 CORPORATION,2026-08-04,2026-06-30,-0.31,USD,pre-market
HY,HYSTER-YALE INCORPORATED,2026-08-04,2026-06-30,-2.05,USD,NA
IBRX,IMMUNITYBIO INCORPORATED,2026-08-04,2026-06-30,-0.09,USD,NA
IDXX,IDEXX LABORATORIES INCORPORATED,2026-08-04,2026-06-30,3.95,USD,pre-market
IDYA,IDEAYA BIOSCIENCES INCORPORATED,2026-08-04,2026-06-30,-1.18,USD,NA
IE,IVANHOE ELECTRIC INCORPORATED,2026-08-04,2026-06-30,-0.15,USD,NA
IFF,INTERNATIONAL FLAVORS & FRAGRANCES INCORPORATED,2026-08-04,2026-06-30,1.13,USD,post-market
IGIC,INTERNATIONAL GENERAL INSURANCE HOLDINGS LIMITED,2026-08-04,2026-06-30,0.63,USD,post-market
IMNN,IMUNON INCORPORATED,2026-08-04,2026-06-30,-0.94,USD,NA
INDV,INDIVIOR PHARMACEUTICALS INCORPORATED,2026-08-04,2026-06-30,0.97,USD,pre-market
INFU,INFUSYSTEMS HOLDINGS INCORPORATED,2026-08-04,2026-06-30,0.12,USD,NA
INGR,INGREDION INCORPORATED,2026-08-04,2026-06-30,2.73,USD,pre-market
INTA,INTAPP INCORPORATED,2026-08-04,2026-06-30,0.06,USD,post-market
IOSP,INNOSPEC INCORPORATED,2026-08-04,2026-06-30,1.05,USD,post-market
IPAR,INTERPARFUMS INCORPORATED,2026-08-04,2026-06-30,1.08,USD,NA
IPGP,IPG PHOTONICS CORPORATION,2026-08-04,2026-06-30,0.4,USD,pre-market
IPI,INTREPID POTASH INCORPORATED,2026-08-04,2026-06-30,0.39,USD,post-market
IQMX,IQM QUANTUM COMPUTERS OYJ,2026-08-04,2026-06-30,NA,USD,pre-market
IT,GARTNER INCORPORATED,2026-08-04,2026-06-30,3.77,USD,pre-market
J,JACOBS SOLUTIONS INCORPORATED,2026-08-04,2026-06-30,1.84,USD,post-market
JAN,JANUS LIVING INCORPORATED,2026-08-04,2026-06-30,0.23,USD,post-market
JBGS,JBG SMITH PROPERTIES,2026-08-04,2026-06-30,NA,USD,post-market
KAI,KADANT INCORPORATED,2026-08-04,2026-06-30,2.94,USD,NA
KBSX,FST CORPORATION,2026-08-04,2026-06-30,0.01,USD,NA
KIDS,ORTHOPEDIATRICS CORPORATION,2026-08-04,2026-06-30,-0.31,USD,post-market
KIM,KIMCO REALTY CORPORATION,2026-08-04,2026-06-30,0.46,USD,pre-market
KMB,KIMBERLY-CLARK CORPORATION,2026-08-04,2026-06-30,2,USD,pre-market
KMPR,KEMPER CORPORATION,2026-08-04,2026-06-30,0.32,USD,NA
KNF,KNIFE RIVER CORPORATION,2026-08-04,2026-06-30,1.04,USD,pre-market
KNSA,KINIKSA PHARMACEUTICALS INTERNATIONAL PLC. - CLASS A,2026-08-04,2026-06-30,0.3,USD,NA
KPLT,KATAPULT HOLDINGS INCORPORATED,2026-08-04,2026-06-30,NA,USD,pre-market
LCID,LUCID GROUP INCORPORATED,2026-08-04,2026-06-30,-3.12,USD,post-market
LDI,LOANDEPOT INCORPORATED,2026-08-04,2026-06-30,0.01,USD,post-market
LDOS,LEIDOS HOLDINGS INCORPORATED,2026-08-04,2026-06-30,2.9,USD,pre-market
LEU,CENTRUS ENERGY CORPORATION,2026-08-04,2026-06-30,0.9,USD,NA
LFMD,LIFEMD INCORPORATED,2026-08-04,2026-06-30,-0.2,USD,NA
LGIH,LGI HOMES INCORPORATED,2026-08-04,2026-06-30,NA,USD,pre-market
LIME,NEUTRON HOLDINGS INCORPORATED,2026-08-04,2026-06-30,NA,USD,post-market
LMAT,LEMAITRE VASCULAR INCORPORATED,2026-08-04,2026-06-30,0.81,USD,post-market
LMB,LIMBACH HOLDINGS INCORPORATED,2026-08-04,2026-06-30,0.98,USD,post-market
LPCN,LIPOCINE INCORPORATED,2026-08-04,2026-06-30,-0.47,USD,NA
LRN,STRIDE INCORPORATED,2026-08-04,2026-06-30,1.94,USD,post-market
LSCC,LATTICE SEMICONDUCTOR CORPORATION,2026-08-04,2026-06-30,0.24,USD,post-market
LTM,LATAM AIRLINES GROUP SOCIEDAD ANÓNIMA,2026-08-04,2026-06-30,0.14,USD,post-market
LUMN,LUMEN TECHNOLOGIES INCORPORATED,2026-08-04,2026-06-30,-0.15,USD,post-market
MAC,MACERICH COMPANY (THE),2026-08-04,2026-06-30,0.33,USD,post-market
MASS,908 DEVICES INCORPORATED,2026-08-04,2026-06-30,-0.14,USD,NA
MAT,MATTEL INCORPORATED,2026-08-04,2026-06-30,0.03,USD,post-market
MBC,MASTERBRAND INCORPORATED,2026-08-04,2026-06-30,NA,USD,post-market
MCD,MCDONALD'S CORPORATION,2026-08-04,2026-06-30,3.32,USD,pre-market
MCY,MERCURY GENERAL CORPORATION,2026-08-04,2026-06-30,1.8,USD,NA
MD,PEDIATRIX MEDICAL GROUP INCORPORATED,2026-08-04,2026-06-30,0.54,USD,pre-market
MEC,MAYVILLE ENGINEERING COMPANY INCORPORATED,2026-08-04,2026-06-30,-0.09,USD,post-market
MLAB,MESA LABORATORIES INCORPORATED,2026-08-04,2026-06-30,NA,USD,NA
MLTX,MOONLAKE IMMUNOTHERAPEUTICS,2026-08-04,2026-06-30,-0.9,USD,NA
MNTN,MNTN INCORPORATED,2026-08-04,2026-06-30,0.22,USD,post-market
MOS,MOSAIC COMPANY (THE),2026-08-04,2026-06-30,0.09,USD,post-market
MPC,MARATHON PETROLEUM CORPORATION,2026-08-04,2026-06-30,14.67,USD,pre-market
MPLX,MPLX LIMITED PARTNERSHIP,2026-08-04,2026-06-30,1.07,USD,pre-market
MQ,MARQETA INCORPORATED,2026-08-04,2026-06-30,0,USD,post-market
MRK,MERCK & COMPANY INCORPORATED,2026-08-04,2026-06-30,-0.26,USD,pre-market
MRP,MILLROSE PROPERTIES INCORPORATED,2026-08-04,2026-06-30,NA,USD,pre-market
MTCH,MATCH GROUP INCORPORATED,2026-08-04,2026-06-30,0.75,USD,post-market
NAGE,NIAGEN BIOSCIENCE INCORPORATED,2026-08-04,2026-06-30,0,USD,post-market
NAKA,NAKAMOTO INCORPORATED,2026-08-04,2026-06-30,-0.6,USD,NA
NCMI,NATIONAL CINEMEDIA INCORPORATED,2026-08-04,2026-06-30,-0.09,USD,NA
NGL,NGL ENERGY PARTNERS LIMITED PARTNERSHIP,2026-08-04,2026-06-30,0.11,USD,post-market
NMR,NOMURA HOLDINGS INCORPORATED ADR,2026-08-04,2026-06-30,0.23,USD,NA
NPO,ENPRO INCORPORATED,2026-08-04,2026-06-30,2.3,USD,pre-market
NRG,NRG ENERGY INCORPORATED,2026-08-04,2026-06-30,1.77,USD,pre-market
NVCT,NUVECTIS PHARMA INCORPORATED,2026-08-04,2026-06-30,-0.25,USD,NA
NVGS,NAVIGATOR HOLDINGS LIMITED,2026-08-04,2026-06-30,0.76,USD,post-market
NXDR,NEXTDOOR HOLDINGS INCORPORATED,2026-08-04,2026-06-30,-0.02,USD,post-market
NXE,NEXGEN ENERGY LIMITED,2026-08-04,2026-06-30,-0.04,USD,NA
NXRT,NEXPOINT RESIDENTIAL TRUST INCORPORATED,2026-08-04,2026-06-30,0.61,USD,pre-market
OCUL,OCULAR THERAPEUTIX INCORPORATED,2026-08-04,2026-06-30,-0.4,USD,NA
OGN,ORGANON & COMPANY,2026-08-04,2026-06-30,0.85,USD,NA
OGS,ONE GAS INCORPORATED,2026-08-04,2026-06-30,0.65,USD,post-market
OLP,ONE LIBERTY PROPERTIES INCORPORATED,2026-08-04,2026-06-30,0.43,USD,NA
ONIT,ONITY GROUP INCORPORATED,2026-08-04,2026-06-30,NA,USD,NA
OPEN,OPENDOOR TECHNOLOGIES INCORPORATED,2026-08-04,2026-06-30,-0.05,USD,post-market
OPLN,OPENLANE INCORPORATED,2026-08-04,2026-06-30,0.31,USD,pre-market
OR,OR ROYALTIES INCORPORATED,2026-08-04,2026-06-30,0.31,USD,NA
OSPN,ONESPAN INCORPORATED,2026-08-04,2026-06-30,0.18,USD,post-market
OZ,BELPOINTE PREP LIMITED LIABILITY COMPANY,2026-08-04,2026-06-30,NA,USD,NA
PARR,PAR PACIFIC HOLDINGS INCORPORATED,2026-08-04,2026-06-30,8.2,USD,post-market
PCRX,PACIRA BIOSCIENCES INCORPORATED,2026-08-04,2026-06-30,0.27,USD,post-market
PCTY,PAYLOCITY HOLDING CORPORATION,2026-08-04,2026-06-30,0.98,USD,post-market
PEG,PUBLIC SERVICE ENTERPRISE GROUP INCORPORATED,2026-08-04,2026-06-30,0.8,USD,pre-market
PEN,PENUMBRA INCORPORATED,2026-08-04,2026-06-30,1.15,USD,NA
PFE,PFIZER INCORPORATED,2026-08-04,2026-06-30,0.68,USD,pre-market
PGEN,PRECIGEN INCORPORATED,2026-08-04,2026-06-30,-0.01,USD,post-market
PINS,PINTEREST INCORPORATED,2026-08-04,2026-06-30,0.05,USD,post-market
PNW,PINNACLE WEST CAPITAL CORPORATION,2026-08-04,2026-06-30,1.45,USD,pre-market
PRCT,PROCEPT BIOROBOTICS CORPORATION,2026-08-04,2026-06-30,-0.46,USD,post-market
PRIM,PRIMORIS SERVICES CORPORATION,2026-08-04,2026-06-30,-0.42,USD,post-market
PRKS,UNITED PARKS & RESORTS INCORPORATED,2026-08-04,2026-06-30,1.62,USD,pre-market
PRPL,PURPLE INNOVATION INCORPORATED,2026-08-04,2026-06-30,2,USD,NA
PRU,PRUDENTIAL FINANCIAL INCORPORATED,2026-08-04,2026-06-30,3.39,USD,post-market
PSKY,PARAMOUNT SKYDANCE CORPORATION,2026-08-04,2026-06-30,0.15,USD,post-market
PSNL,PERSONALIS INCORPORATED,2026-08-04,2026-06-30,-0.25,USD,NA
PTLO,PORTILLO'S INCORPORATED,2026-08-04,2026-06-30,0.09,USD,NA
PW,POWER REIT,2026-08-04,2026-06-30,NA,USD,NA
Q,QNITY ELECTRONICS INCORPORATED,2026-08-04,2026-06-30,1.07,USD,pre-market
QDEL,QUIDELORTHO CORPORATION,2026-08-04,2026-06-30,-0.04,USD,NA
QLYS,QUALYS INCORPORATED,2026-08-04,2026-06-30,1.27,USD,post-market
QSI,QUANTUM-SI INCORPORATED,2026-08-04,2026-06-30,-0.13,USD,NA
RARE,ULTRAGENYX PHARMACEUTICAL INCORPORATED,2026-08-04,2026-06-30,-1.27,USD,NA
RBA,RB GLOBAL INCORPORATED,2026-08-04,2026-06-30,1.05,USD,post-market
RIGL,RIGEL PHARMACEUTICALS INCORPORATED,2026-08-04,2026-06-30,0.91,USD,NA
RMAX,RE/MAX HOLDINGS INCORPORATED,2026-08-04,2026-06-30,NA,USD,NA
ROK,ROCKWELL AUTOMATION INCORPORATED,2026-08-04,2026-06-30,3.37,USD,pre-market
RRR,RED ROCK RESORTS INCORPORATED,2026-08-04,2026-06-30,0.32,USD,post-market
RSVR,RESERVOIR MEDIA INCORPORATED.,2026-08-04,2026-06-30,-0.01,USD,pre-market
RVLV,REVOLVE GROUP INCORPORATED,2026-08-04,2026-06-30,0.2,USD,post-market
RVSB,RIVERVIEW BANCORP INCORPORATED,2026-08-04,2026-06-30,0.07,USD,NA
RVTY,REVVITY INCORPORATED,2026-08-04,2026-06-30,1.23,USD,pre-market
RXRX,RECURSION PHARMACEUTICALS INCORPORATED,2026-08-04,2026-06-30,-0.25,USD,NA
RYAM,RAYONIER ADVANCED MATERIALS INCORPORATED,2026-08-04,2026-06-30,-0.17,USD,post-market
RYTM,RHYTHM PHARMACEUTICALS INCORPORATED,2026-08-04,2026-06-30,-0.82,USD,pre-market
SACH,SACHEM CAPITAL CORPORATION,2026-08-04,2026-06-30,NA,USD,NA
SCOR,COMSCORE INCORPORATED,2026-08-04,2026-06-30,NA,USD,NA
SEAT,VIVID SEATS INCORPORATED,2026-08-04,2026-06-30,-1.03,USD,pre-market
SEB,SEABOARD CORPORATION,2026-08-04,2026-06-30,NA,USD,NA
SFBC,SOUND FINANCIAL BANCORP INCORPORATED,2026-08-04,2026-06-30,NA,USD,NA
SGC,SUPERIOR GROUP OF COMPANIES INCORPORATED,2026-08-04,2026-06-30,0.09,USD,pre-market
SGHC,SUPER GROUP (SGHC) LIMITED,2026-08-04,2026-06-30,0.21,USD,post-market
SGRY,SURGERY PARTNERS INCORPORATED,2026-08-04,2026-06-30,-0.03,USD,NA
SHIP,SEANERGY MARITIME HOLDINGS CORPORATION,2026-08-04,2026-06-30,0.87,USD,NA
SHLS,SHOALS TECHNOLOGIES GROUP INCORPORATED,2026-08-04,2026-06-30,0.09,USD,pre-market
SIGA,SIGA TECHNOLOGIES INCORPORATED,2026-08-04,2026-06-30,NA,USD,NA
SKT,TANGER INCORPORATED,2026-08-04,2026-06-30,0.62,USD,post-market
SKWD,SKYWARD SPECIALTY INSURANCE GROUP INCORPORATED,2026-08-04,2026-06-30,1.15,USD,post-market
SKY,CHAMPION HOMES INCORPORATED,2026-08-04,2026-06-30,0.89,USD,post-market
SLAB,SILICON LABORATORIES INCORPORATED,2026-08-04,2026-06-30,0.17,USD,NA
SLDP,SOLID POWER INCORPORATED,2026-08-04,2026-06-30,-0.12,USD,post-market
SLRC,SLR INVESTMENT CORPORATION,2026-08-04,2026-06-30,0.34,USD,post-market
SMP,STANDARD MOTOR PRODUCTS INCORPORATED,2026-08-04,2026-06-30,1.42,USD,NA
SNEX,STONEX GROUP INCORPORATED,2026-08-04,2026-06-30,0.76,USD,NA
SOPH,SOPHIA GENETICS SA,2026-08-04,2026-06-30,-0.15,USD,pre-market
SPCX,SPACE EXPLORATION TECHNOLOGIES CORPORATION,2026-08-04,2026-06-30,-0.23,USD,post-market
SPOT,SPOTIFY TECHNOLOGY SOCIEDAD ANÓNIMA,2026-08-04,2026-06-30,3.28,USD,pre-market
SQNS,SEQUANS COMMUNICATIONS SOCIEDAD ANÓNIMA,2026-08-04,2026-06-30,-0.53,USD,pre-market
SRAD,SPORTRADAR GROUP AG,2026-08-04,2026-06-30,0.06,USD,NA
SRTA,STRATA CRITICAL MEDICAL INCORPORATED,2026-08-04,2026-06-30,-0.04,USD,pre-market
SSBI,SUMMIT STATE BANK,2026-08-04,2026-06-30,NA,USD,NA
SSRM,SSR MINING INCORPORATED,2026-08-04,2026-06-30,0.68,USD,post-market
STIM,NEURONETICS INCORPORATED,2026-08-04,2026-06-30,-0.11,USD,NA
STKS,THE ONE GROUP HOSPITALITY INCORPORATED,2026-08-04,2026-06-30,-0.21,USD,NA
STVN,STEVANATO GROUP S.P.A.,2026-08-04,2026-06-30,0.14,USD,pre-market
SU,SUNCOR ENERGY  INCORPORATED,2026-08-04,2026-06-30,2.14,USD,post-market
SUJA,SUJA LIFE INCORPORATED,2026-08-04,2026-06-30,-0.08,USD,post-market
SUN,SUNOCO LIMITED PARTNERSHIP,2026-08-04,2026-06-30,2.19,USD,pre-market
SUNC,SUNOCOCORP LIMITED LIABILITY COMPANY,2026-08-04,2026-06-30,2.12,USD,pre-market
SUPN,SUPERNUS PHARMACEUTICALS INCORPORATED,2026-08-04,2026-06-30,0.3,USD,post-market
SWIM,LATHAM GROUP INCORPORATED,2026-08-04,2026-06-30,0.15,USD,post-market
SYRE,SPYRE THERAPEUTICS INCORPORATED,2026-08-04,2026-06-30,-0.71,USD,NA
SYY,SYSCO CORPORATION,2026-08-04,2026-06-30,1.51,USD,pre-market
TALK,TALKSPACE INCORPORATED,2026-08-04,2026-06-30,0.03,USD,NA
TALO,TALOS ENERGY INCORPORATED,2026-08-04,2026-06-30,0.27,USD,post-market
TBI,TRUEBLUE INCORPORATED,2026-08-04,2026-06-30,-0.1,USD,post-market
TDC,TERADATA CORPORATION,2026-08-04,2026-06-30,0.36,USD,post-market
TDG,TRANSDIGM GROUP INCORPORATED,2026-08-04,2026-06-30,9.59,USD,NA
THRY,THRYV HOLDINGS INCORPORATED,2026-08-04,2026-06-30,0.01,USD,pre-market
TKR,TIMKEN COMPANY (THE),2026-08-04,2026-06-30,1.63,USD,pre-market
TMDX,TRANSMEDICS GROUP INCORPORATED,2026-08-04,2026-06-30,0.5,USD,post-market
TNGX,TANGO THERAPEUTICS INCORPORATED,2026-08-04,2026-06-30,-0.31,USD,NA
TOST,TOAST INCORPORATED,2026-08-04,2026-06-30,0.23,USD,post-market
TPB,TURNING POINT BRANDS INCORPORATED,2026-08-04,2026-06-30,0.09,USD,pre-market
TPG,TPG INCORPORATED,2026-08-04,2026-06-30,0.6,USD,pre-market
TREX,TREX COMPANY INCORPORATED,2026-08-04,2026-06-30,0.64,USD,pre-market
TRNS,TRANSCAT INCORPORATED,2026-08-04,2026-06-30,0.37,USD,post-market
TRVG,TRIVAGO NAAMLOZE VENNOOTSCHAP,2026-08-04,2026-06-30,-0.1,USD,NA
TSEM,TOWER SEMICONDUCTOR LIMITED,2026-08-04,2026-06-30,0.69,USD,pre-market
TSLX,SIXTH STREET SPECIALTY LENDING INCORPORATED,2026-08-04,2026-06-30,0.42,USD,post-market
TTI,TETRA TECHNOLOGIES INCORPORATED,2026-08-04,2026-06-30,0.09,USD,NA
TX,TERNIUM SOCIEDAD ANÓNIMA,2026-08-04,2026-06-30,1.28,USD,post-market
TXO,"TXO PARTNERS, L.P.",2026-08-04,2026-06-30,0.11,USD,NA
TYGO,TIGO ENERGY INCORPORATED,2026-08-04,2026-06-30,0,USD,post-market
ULS,UL SOLUTIONS INCORPORATED,2026-08-04,2026-06-30,0.52,USD,pre-market
UONE,URBAN ONE INCORPORATED,2026-08-04,2026-06-30,NA,USD,pre-market
UONEK,URBAN ONE INCORPORATED,2026-08-04,2026-06-30,NA,USD,pre-market
UPST,UPSTART HOLDINGS INCORPORATED,2026-08-04,2026-06-30,0.3,USD,post-market
URG,UR ENERGY INCORPORATED,2026-08-04,2026-06-30,-0.04,USD,NA
USAC,USA COMPRESSION PARTNERS LIMITED PARTNERSHIP,2026-08-04,2026-06-30,0.24,USD,pre-market
USAU,U.S. GOLD CORPORATION,2026-08-04,2026-04-30,-0.18,USD,NA
USNA,USANA HEALTH SCIENCES INCORPORATED,2026-08-04,2026-06-30,0.43,USD,post-market
VALU,VALUE LINE INC,2026-08-04,2026-04-30,NA,USD,NA
VATE,INNOVATE CORPORATION,2026-08-04,2026-06-30,NA,USD,NA
VERA,VERA THERAPEUTICS INCORPORATED,2026-08-04,2026-06-30,-1.6,USD,NA
VGNT,VERSIGENT PUBLIC LIMITED COMPANY,2026-08-04,2026-06-30,1.58,USD,pre-market
VOYA,VOYA FINANCIAL INCORPORATED,2026-08-04,2026-06-30,1.88,USD,post-market
VSAT,VIASAT INCORPORATED,2026-08-04,2026-06-30,-0.15,USD,NA
VSTS,VESTIS CORPORATION,2026-08-04,2026-06-30,0.11,USD,NA
VTOL,BRISTOW GROUP INCORPORATED,2026-08-04,2026-06-30,0.84,USD,NA
W,WAYFAIR INCORPORATED,2026-08-04,2026-06-30,0.31,USD,pre-market
WAT,WATERS CORPORATION,2026-08-04,2026-06-30,3.01,USD,pre-market
WATT,ENERGOUS CORPORATION,2026-08-04,2026-06-30,NA,USD,NA
WEYS,WEYCO GROUP INCORPORATED,2026-08-04,2026-06-30,NA,USD,post-market
WHLR,WHEELER REAL ESTATE INVESTMENT TRUST INCORPORATED,2026-08-04,2026-06-30,NA,USD,NA
WIX,WIX.COM LIMITED,2026-08-04,2026-06-30,-0.11,USD,pre-market
WK,WORKIVA INCORPORATED,2026-08-04,2026-06-30,0.14,USD,post-market
WLFC,WILLIS LEASE FINANCE CORPORATION,2026-08-04,2026-06-30,NA,USD,pre-market
WLK,WESTLAKE CORPORATION,2026-08-04,2026-06-30,1.74,USD,pre-market
WLKP,WESTLAKE CHEMICAL PARTNERS LIMITED PARTNERSHIP,2026-08-04,2026-06-30,0.42,USD,pre-market
WOLF,WOLFSPEED INCORPORATED,2026-08-04,2026-06-30,NA,USD,NA
WTRG,ESSENTIAL UTILITIES INCORPORATED,2026-08-04,2026-06-30,0.38,USD,post-market
WTTR,SELECT WATER SOLUTIONS INCORPORATED,2026-08-04,2026-06-30,0.11,USD,post-market
WYNN,WYNN RESORTS LIMITED,2026-08-04,2026-06-30,1.04,USD,post-market
XGN,EXAGEN INCORPORATED,2026-08-04,2026-06-30,-0.19,USD,pre-market
XMTR,XOMETRY INCORPORATED,2026-08-04,2026-06-30,-0.08,USD,pre-market
ZBRA,ZEBRA TECHNOLOGIES CORPORATION,2026-08-04,2026-06-30,3.49,USD,pre-market
ZETA,ZETA GLOBAL HOLDINGS CORPORATION,2026-08-04,2026-06-30,0.01,USD,post-market
AACG,ATA CREATIVITY GLOBAL,2026-08-05,2026-06-30,NA,USD,NA
AAUC,ALLIED GOLD CORPORATION,2026-08-05,2026-06-30,0.23,USD,NA
ABCL,ABCELLERA BIOLOGICS INCORPORATED,2026-08-05,2026-06-30,-0.17,USD,post-market
ABUS,ARBUTUS BIOPHARMA CORPORATION,2026-08-05,2026-06-30,NA,USD,NA
ACB,AURORA CANNABIS INCORPORATED,2026-08-05,2026-06-30,-0.13,USD,pre-market
ACIC,AMERICAN COASTAL INSURANCE CORPORATION,2026-08-05,2026-06-30,0.42,USD,NA
ACNT,ASCENT INDUSTRIES COMPANY,2026-08-05,2026-06-30,NA,USD,NA
ACT,ENACT HOLDINGS INCORPORATED,2026-08-05,2026-06-30,1.2,USD,post-market
ACTG,ACACIA RESEARCH CORPORATION,2026-08-05,2026-06-30,NA,USD,pre-market
ADMA,ADMA BIOLOGICS INCORPORATED,2026-08-05,2026-06-30,0.16,USD,NA
ADNT,ADIENT PUBLIC LIMITED COMPANY,2026-08-05,2026-06-30,0.53,USD,pre-market
ADV,ADVANTAGE SOLUTIONS INCORPORATED,2026-08-05,2026-06-30,1.02,USD,pre-market
AEVA,AEVA TECHNOLOGIES INCORPORATED,2026-08-05,2026-06-30,-0.56,USD,post-market
AGBK,AGI INCORPORATED,2026-08-05,2026-06-30,0.28,USD,post-market
AGL,AGILON HEALTH INCORPORATED,2026-08-05,2026-06-30,0.06,USD,post-market
AIRG,AIRGAIN INCORPORATED,2026-08-05,2026-06-30,-0.06,USD,post-market
AKA,A.K.A. BRANDS HOLDING CORPORATION,2026-08-05,2026-06-30,-0.34,USD,post-market
ALB,ALBEMARLE CORPORATION,2026-08-05,2026-06-30,3.39,USD,post-market
ALGS,ALIGOS THERAPEUTICS INCORPORATED,2026-08-05,2026-06-30,-1.4,USD,NA
ALL,ALLSTATE CORPORATION (THE),2026-08-05,2026-06-30,5.61,USD,post-market
ALNT,ALLIENT INCORPORATED,2026-08-05,2026-06-30,0.62,USD,post-market
ALTO,ALTO INGREDIENTS INCORPORATED,2026-08-05,2026-06-30,0.08,USD,NA
AMPL,AMPLITUDE INCORPORATED,2026-08-05,2026-06-30,-0.18,USD,post-market
AMPX,AMPRIUS TECHNOLOGIES INCORPORATED,2026-08-05,2026-06-30,-0.03,USD,pre-market
AMPY,MIDSTATES PETROLEUM COMPANY INCORPORATED,2026-08-05,2026-06-30,NA,USD,NA
ANAB,ANAPTYSBIO INCORPORATED,2026-08-05,2026-06-30,-0.22,USD,NA
APA,APA CORPORATION,2026-08-05,2026-06-30,1.85,USD,post-market
APLE,APPLE HOSPITALITY REIT INCORPORATED,2026-08-05,2026-06-30,0.5,USD,post-market
APP,APPLOVIN CORPORATION,2026-08-05,2026-06-30,3.72,USD,post-market
ARKO,ARKO CORPORATION,2026-08-05,2026-06-30,0.15,USD,NA
ARQT,ARCUTIS BIOTHERAPEUTICS INCORPORATED,2026-08-05,2026-06-30,0.09,USD,post-market
ARRY,ARRAY TECHNOLOGIES INCORPORATED,2026-08-05,2026-06-30,0.07,USD,post-market
ARTV,ARTIVA BIOTHERAPEUTICS INCORPORATED,2026-08-05,2026-06-30,-0.64,USD,NA
ARVN,ARVINAS INCORPORATED,2026-08-05,2026-06-30,-0.24,USD,NA
ASLE,AERSALE CORPORATION,2026-08-05,2026-06-30,0.02,USD,NA
ASMB,ASSEMBLY BIOSCIENCES INCORPORATED,2026-08-05,2026-06-30,-0.7,USD,NA
ASTE,ASTEC INDUSTRIES INCORPORATED,2026-08-05,2026-06-30,1.05,USD,pre-market
ASYS,AMTECH SYSTEMS INCORPORATED,2026-08-05,2026-06-30,0.08,USD,post-market
ATEN,A10 NETWORKS INCORPORATED,2026-08-05,2026-06-30,0.2,USD,post-market
ATO,ATMOS ENERGY CORPORATION,2026-08-05,2026-06-30,1.34,USD,post-market
ATRO,ASTRONICS CORPORATION,2026-08-05,2026-06-30,NA,USD,NA
AUGO,AURA MINERALS INCORPORATED,2026-08-05,2026-06-30,1.28,USD,post-market
AUST,AUSTIN GOLD CORPORATION,2026-08-05,2026-06-30,NA,USD,NA
AVT,AVNET INCORPORATED,2026-08-05,2026-06-30,1.76,USD,pre-market
AWR,AMERICAN STATES WATER COMPANY,2026-08-05,2026-06-30,0.93,USD,post-market
AXON,AXON ENTERPRISE INCORPORATED,2026-08-05,2026-06-30,0.3,USD,post-market
BAM,BROOKFIELD ASSET MANAGEMENT,2026-08-05,2026-06-30,0.42,USD,pre-market
BATRA,ATLANTA BRAVES HOLDINGS INCORPORATED,2026-08-05,2026-06-30,0.42,USD,pre-market
BATRK,ATLANTA BRAVES HOLDINGS INCORPORATED,2026-08-05,2026-06-30,0.31,USD,pre-market
BBD,BANCO BRADESCO SA,2026-08-05,2026-06-30,0.13,USD,post-market
BBDC,BARINGS BDC INCORPORATED,2026-08-05,2026-06-30,0.25,USD,post-market
BBDO,BANCO BRADESCO SA,2026-08-05,2026-06-30,NA,USD,post-market
BBSI,BARRETT BUSINESS SERVICES INCORPORATED,2026-08-05,2026-06-30,0.56,USD,post-market
BCO,BRINK'S COMPANY (THE),2026-08-05,2026-06-30,2.05,USD,pre-market
BCRX,BIOCRYST PHARMACEUTICALS INCORPORATED,2026-08-05,2026-06-30,0.14,USD,pre-market
BDSX,BIODESIX INCORPORATED,2026-08-05,2026-06-30,-0.86,USD,post-market
BGSF,BGSF INCORPORATED,2026-08-05,2026-06-30,NA,USD,post-market
BHR,BRAEMAR HOTELS & RESORTS INCORPORATED,2026-08-05,2026-06-30,0.04,USD,post-market
BIOA,BIOAGE LABS INCORPORATED,2026-08-05,2026-06-30,-0.65,USD,NA
BKH,BLACK HILLS CORPORATION,2026-08-05,2026-06-30,0.42,USD,post-market
BLBD,BLUE BIRD CORPORATION,2026-08-05,2026-06-30,1.15,USD,post-market
BLLN,BILLIONTOONE INCORPORATED,2026-08-05,2026-06-30,0.15,USD,post-market
BLMN,BLOOMIN' BRANDS INCORPORATED,2026-08-05,2026-06-30,0.28,USD,pre-market
BMBL,BUMBLE INCORPORATED,2026-08-05,2026-06-30,0.25,USD,post-market
BROS,DUTCH BROS INCORPORATED,2026-08-05,2026-06-30,0.27,USD,post-market
BTMD,BIOTE CORPORATION,2026-08-05,2026-06-30,0.07,USD,post-market
BVS,BIOVENTUS INCORPORATED,2026-08-05,2026-06-30,0.22,USD,NA
BWA,BORGWARNER INCORPORATED,2026-08-05,2026-06-30,1.26,USD,pre-market
BYND,BEYOND MEAT INCORPORATED,2026-08-05,2026-06-30,-0.08,USD,post-market
CACI,CACI INTERNATIONAL INCORPORATED,2026-08-05,2026-06-30,7.34,USD,post-market
CAI,CARIS LIFE SCIENCES INCORPORATED,2026-08-05,2026-06-30,-0.01,USD,post-market
CALY,CALLAWAY GOLF COMPANY,2026-08-05,2026-06-30,0.35,USD,NA
CAPL,CROSSAMERICA PARTNERS LIMITED PARTNERSHIP,2026-08-05,2026-06-30,0.38,USD,post-market
CARL,CARLSMED INCORPORATED,2026-08-05,2026-06-30,-0.4,USD,post-market
CCU,COMPANIA CERVECERIAS UNIDAS SOCIEDAD ANÓNIMA,2026-08-05,2026-06-30,NA,USD,NA
CDE,COEUR MINING INCORPORATED,2026-08-05,2026-06-30,0.22,USD,post-market
CDLX,CARDLYTICS INCORPORATED,2026-08-05,2026-06-30,NA,USD,post-market
CDW,CDW CORPORATION,2026-08-05,2026-06-30,2.66,USD,pre-market
CENT,CENTRAL GARDEN & PET COMPANY,2026-08-05,2026-06-30,1.51,USD,NA
CENTA,CENTRAL GARDEN & PET COMPANY,2026-08-05,2026-06-30,1.51,USD,NA
CF,CF INDUSTRIES HOLDINGS INCORPORATED,2026-08-05,2026-06-30,5.71,USD,post-market
CG,THE CARLYLE GROUP INCORPORATED,2026-08-05,2026-06-30,0.88,USD,pre-market
CGNX,COGNEX CORPORATION,2026-08-05,2026-06-30,0.42,USD,post-market
CHH,CHOICE HOTELS INTERNATIONAL INCORPORATED,2026-08-05,2026-06-30,1.97,USD,pre-market
CHRD,CHORD ENERGY CORPORATION,2026-08-05,2026-06-30,6.68,USD,NA
CHRS,COHERUS ONCOLOGY INCORPORATED,2026-08-05,2026-06-30,-0.16,USD,post-market
CHYM,CHIME FINANCIAL INCORPORATED,2026-08-05,2026-06-30,-0.01,USD,post-market
CIM,CHIMERA INVESTMENT CORPORATION,2026-08-05,2026-06-30,NA,USD,NA
CLFD,CLEARFIELD INCORPORATED,2026-08-05,2026-06-30,0.2,USD,post-market
CLOV,CLOVER HEALTH INVESTMENTS CORPORATION,2026-08-05,2026-06-30,NA,USD,post-market
CMP,COMPASS MINERALS INTERNATIONAL INCORPORATED,2026-08-05,2026-06-30,-0.04,USD,post-market
CNDT,CONDUENT INCORPORATED,2026-08-05,2026-06-30,-0.14,USD,NA
CNTX,CONTEXT THERAPEUTICS INCORPORATED,2026-08-05,2026-06-30,-0.1,USD,NA
COKE,COCA-COLA CONSOLIDATED INCORPORATED,2026-08-05,2026-06-30,NA,USD,post-market
COOK,TRAEGER INCORPORATED,2026-08-05,2026-06-30,-2.22,USD,post-market
COR,CENCORA INCORPORATED,2026-08-05,2026-06-30,4.37,USD,pre-market
CPA,COPA HOLDINGS SOCIEDAD ANÓNIMA,2026-08-05,2026-06-30,1.88,USD,post-market
CPAY,CORPAY INCORPORATED,2026-08-05,2026-06-30,6.17,USD,post-market
CPRI,CAPRI HOLDINGS LIMITED,2026-08-05,2026-06-30,0.4,USD,pre-market
CPS,COOPER-STANDARD HOLDINGS INCORPORATED,2026-08-05,2026-06-30,0.57,USD,post-market
CRCL,CIRCLE INTERNET GROUP INCORPORATED,2026-08-05,2026-06-30,0.18,USD,pre-market
CRL,CHARLES RIVER LABORATORIES INTERNATIONAL INCORPORATED,2026-08-05,2026-06-30,2.72,USD,pre-market
CRNC,CERENCE INCORPORATED,2026-08-05,2026-06-30,0,USD,NA
CRNT,CERAGON NETWORKS LIMITED,2026-08-05,2026-06-30,0,USD,NA
CRTO,CRITEO SOCIEDAD ANÓNIMA,2026-08-05,2026-06-30,0.46,USD,pre-market
CRUS,CIRRUS LOGIC INCORPORATED,2026-08-05,2026-06-30,1.45,USD,post-market
CSTE,CAESARSTONE LIMITED,2026-08-05,2026-06-30,NA,USD,pre-market
CSV,CARRIAGE SERVICES INCORPORATED,2026-08-05,2026-06-30,0.81,USD,post-market
CTKB,CYTEK BIOSCIENCES INCORPORATED,2026-08-05,2026-06-30,-0.06,USD,post-market
CTRE,CARETRUST REIT INCORPORATED,2026-08-05,2026-06-30,0.51,USD,NA
CTRI,CENTURI HOLDINGS INCORPORATED,2026-08-05,2026-06-30,0.16,USD,NA
CVS,CVS HEALTH CORPORATION,2026-08-05,2026-06-30,1.87,USD,pre-market
CW,CURTISS-WRIGHT CORPORATION,2026-08-05,2026-06-30,3.62,USD,post-market
CWEN,CLEARWAY ENERGY INCORPORATED,2026-08-05,2026-06-30,0.24,USD,post-market
CWK,CUSHMAN & WAKEFIELD LIMITED,2026-08-05,2026-06-30,0.36,USD,pre-market
CXT,CRANE NXT COMPANY,2026-08-05,2026-06-30,1.05,USD,post-market
CXW,CORECIVIC INCORPORATED,2026-08-05,2026-06-30,0.6,USD,post-market
CYN,CYNGN INCORPORATED,2026-08-05,2026-06-30,NA,USD,NA
DASH,DOORDASH INCORPORATED,2026-08-05,2026-06-30,0.5,USD,post-market
DAVE,DAVE INCORPORATED,2026-08-05,2026-06-30,3.13,USD,post-market
DCTH,DELCATH SYSTEMS INCORPORATED,2026-08-05,2026-06-30,-0.16,USD,NA
DEC,DIVERSIFIED ENERGY COMPANY,2026-08-05,2026-06-30,0.26,USD,NA
DGII,DIGI INTERNATIONAL INCORPORATED,2026-08-05,2026-06-30,0.57,USD,post-market
DHT,DHT HOLDINGS INCORPORATED,2026-08-05,2026-06-30,NA,USD,post-market
DHX,DHI GROUP INCORPORATED,2026-08-05,2026-06-30,0.05,USD,post-market
DIBS,1STDIBS.COM INCORPORATED,2026-08-05,2026-06-30,-0.06,USD,pre-market
DIN,DINE BRANDS GLOBAL INCORPORATED,2026-08-05,2026-06-30,1.04,USD,pre-market
DIOD,DIODES INCORPORATED,2026-08-05,2026-06-30,NA,USD,post-market
DIS,WALT DISNEY COMPANY (THE),2026-08-05,2026-06-30,1.88,USD,pre-market
DK,DELEK US HOLDINGS INCORPORATED,2026-08-05,2026-06-30,2.2,USD,pre-market
DKL,"DELEK LOGISTICS PARTNERS, L.P.",2026-08-05,2026-06-30,1.03,USD,pre-market
DLX,DELUXE CORPORATION,2026-08-05,2026-06-30,0.68,USD,post-market
DNOW,DNOW INCORPORATED,2026-08-05,2026-06-30,0.08,USD,NA
DOX,AMDOCS LIMITED,2026-08-05,2026-06-30,1.65,USD,NA
DT,DYNATRACE INCORPORATED,2026-08-05,2026-06-30,0.25,USD,pre-market
DUOL,DUOLINGO INCORPORATED,2026-08-05,2026-06-30,0.61,USD,post-market
DXPE,DXP ENTERPRISES INCORPORATED,2026-08-05,2026-06-30,1.5,USD,NA
EBAY,EBAY INCORPORATED,2026-08-05,2026-06-30,1.2,USD,post-market
EBS,EMERGENT BIOSOLUTIONS INCORPORATED,2026-08-05,2026-06-30,NA,USD,post-market
ECOR,ELECTROCORE INCORPORATED,2026-08-05,2026-06-30,-0.41,USD,NA
ECPG,ENCORE CAPITAL GROUP INCORPORATED,2026-08-05,2026-06-30,3.07,USD,post-market
ECVT,ECOVYST INCORPORATED,2026-08-05,2026-06-30,0.17,USD,pre-market
EE,EXCELERATE ENERGY INCORPORATED,2026-08-05,2026-06-30,0.35,USD,post-market
EHC,ENCOMPASS HEALTH CORPORATION,2026-08-05,2026-06-30,1.48,USD,post-market
ELA,ENVELA CORPORATION,2026-08-05,2026-06-30,0.12,USD,NA
ELAN,ELANCO ANIMAL HEALTH INCORPORATED,2026-08-05,2026-06-30,0.27,USD,pre-market
ELF,E.L.F. BEAUTY INCORPORATED,2026-08-05,2026-06-30,0.51,USD,post-market
ELPC,COMPANHIA PARANAENSE DE ENERGIA (COPEL),2026-08-05,2026-06-30,0.17,USD,post-market
EOLS,EVOLUS INCORPORATED,2026-08-05,2026-06-30,-0.09,USD,post-market
EOSE,EOS ENERGY ENTERPRISES INCORPORATED,2026-08-05,2026-06-30,-0.27,USD,pre-market
EPC,EDGEWELL PERSONAL CARE,2026-08-05,2026-06-30,0.64,USD,pre-market
ERII,ENERGY RECOVERY INCORPORATED,2026-08-05,2026-06-30,-0.07,USD,post-market
ERO,ERO COPPER CORPORATION,2026-08-05,2026-06-30,0.86,USD,post-market
ETSY,ETSY INCORPORATED,2026-08-05,2026-06-30,0.77,USD,post-market
EVCM,EVERCOMMERCE INCORPORATED,2026-08-05,2026-06-30,0.13,USD,post-market
EVEX,EVE HOLDING INCORPORATED,2026-08-05,2026-06-30,-0.17,USD,NA
EVGO,EVGO INCORPORATED,2026-08-05,2026-06-30,-0.2,USD,pre-market
EXEL,EXELIXIS INCORPORATED,2026-08-05,2026-06-30,0.75,USD,post-market
EXPE,EXPEDIA GROUP INCORPORATED,2026-08-05,2026-06-30,4.73,USD,post-market
EXTR,EXTREME NETWORKS INCORPORATED,2026-08-05,2026-06-30,0.16,USD,pre-market
EYE,NATIONAL VISION HOLDINGS INCORPORATED,2026-08-05,2026-06-30,0.09,USD,NA
EYPT,EYEPOINT INCORPORATED,2026-08-05,2026-06-30,-0.92,USD,NA
EZPW,EZCORP INCORPORATED,2026-08-05,2026-06-30,0.39,USD,post-market
FG,F&G ANNUITIES & LIFE INCORPORATED,2026-08-05,2026-06-30,0.82,USD,post-market
FIG,FIGMA INCORPORATED,2026-08-05,2026-06-30,-0.22,USD,post-market
FIP,FTAI INFRASTRUCTURE INCORPORATED,2026-08-05,2026-06-30,NA,USD,post-market
FLNC,FLUENCE ENERGY INCORPORATED,2026-08-05,2026-06-30,-0.05,USD,post-market
FNF,FIDELITY NATIONAL FINANCIAL INCORPORATED,2026-08-05,2026-06-30,1.26,USD,post-market
FRPT,FRESHPET INCORPORATED,2026-08-05,2026-06-30,0.21,USD,pre-market
FSLY,FASTLY INCORPORATED,2026-08-05,2026-06-30,-0.14,USD,post-market
FSM,FORTUNA MINING CORPORATION,2026-08-05,2026-06-30,NA,USD,post-market
FUBO,FUBOTV INCORPORATED,2026-08-05,2026-06-30,-0.02,USD,pre-market
FWRD,FORWARD AIR CORPORATION,2026-08-05,2026-06-30,-0.17,USD,post-market
GBLI,GLOBAL INDEMNITY GROUP LIMITED LIABILITY COMPANY,2026-08-05,2026-06-30,0.63,USD,NA
GDRX,GOODRX HOLDINGS INCORPORATED,2026-08-05,2026-06-30,0.04,USD,post-market
GENI,GENIUS SPORTS LIMITED,2026-08-05,2026-06-30,-0.13,USD,NA
GENK,GEN RESTAURANT GROUP INCORPORATED,2026-08-05,2026-06-30,-0.06,USD,NA
GERN,GERON CORPORATION,2026-08-05,2026-06-30,-0.01,USD,pre-market
GFF,GRIFFON CORPORATION,2026-08-05,2026-06-30,1.33,USD,NA
GFR,GREENFIRE RESOURCES LIMITED,2026-08-05,2026-06-30,NA,USD,NA
GFS,GLOBALFOUNDRIES INCORPORATED,2026-08-05,2026-06-30,0.32,USD,pre-market
GILT,GILAT SATELLITE NETWORKS LIMITED,2026-08-05,2026-06-30,0.1,USD,pre-market
GLXY,GALAXY DIGITAL INCORPORATED,2026-08-05,2026-06-30,-0.2,USD,pre-market
GNK,GENCO SHIPPING & TRADING LIMITED,2026-08-05,2026-06-30,0.51,USD,post-market
GNL,GLOBAL NET LEASE INCORPORATED,2026-08-05,2026-06-30,NA,USD,post-market
GNW,GENWORTH FINANCIAL INCORPORATED,2026-08-05,2026-06-30,NA,USD,post-market
GOOD,GLADSTONE COMMERCIAL CORPORATION,2026-08-05,2026-06-30,0.34,USD,post-market
GPCR,STRUCTURE THERAPEUTICS INCORPORATED,2026-08-05,2026-06-30,-0.39,USD,NA
GPMT,GRANITE POINT MORTGAGE TRUST INCORPORATED,2026-08-05,2026-06-30,-0.2,USD,post-market
GPN,GLOBAL PAYMENTS INCORPORATED,2026-08-05,2026-06-30,3.46,USD,pre-market
GROY,GOLD ROYALTY CORPORATION,2026-08-05,2026-06-30,0.01,USD,post-market
GRPN,GROUPON INCORPORATED,2026-08-05,2026-06-30,-0.08,USD,NA
GT,THE GOODYEAR TIRE & RUBBER COMPANY,2026-08-05,2026-06-30,-0.59,USD,post-market
GTM,ZOOMINFO TECHNOLOGIES INCORPORATED,2026-08-05,2026-06-30,0.19,USD,post-market
HCC,WARRIOR MET COAL INCORPORATED,2026-08-05,2026-06-30,1.32,USD,post-market
HDSN,HUDSON TECHNOLOGIES INCORPORATED,2026-08-05,2026-06-30,0.17,USD,post-market
HGTY,HAGERTY INCORPORATED,2026-08-05,2026-06-30,-0.08,USD,pre-market
HHH,HOWARD HUGHES HOLDINGS INCORPORATED,2026-08-05,2026-06-30,0.49,USD,post-market
HLF,HERBALIFE LIMITED,2026-08-05,2026-06-30,0.63,USD,post-market
HLLY,HOLLEY INCORPORATED,2026-08-05,2026-06-30,0.11,USD,pre-market
HMC,HONDA MOTOR COMPANY LIMITED,2026-08-05,2026-06-30,NA,USD,NA
HMH,HMH HOLDING INCORPORATED,2026-08-05,2026-06-30,0.23,USD,post-market
HMN,HORACE MANN EDUCATORS CORPORATION,2026-08-05,2026-06-30,0.67,USD,post-market
HNNA,HENNESSY ADVISORS INCORPORATED,2026-08-05,2026-06-30,NA,USD,NA
HNST,THE HONEST COMPANY INCORPORATED,2026-08-05,2026-06-30,0.02,USD,post-market
HONA,HONEYWELL AEROSPACE INCORPORATED,2026-08-05,2026-06-30,2.07,USD,post-market
HP,HELMERICH & PAYNE INCORPORATED,2026-08-05,2026-06-30,0.11,USD,post-market
HPP,HUDSON PACIFIC PROPERTIES INCORPORATED,2026-08-05,2026-06-30,0.28,USD,pre-market
HST,HOST HOTELS & RESORTS INCORPORATED,2026-08-05,2026-06-30,0.62,USD,post-market
HUBS,HUBSPOT INCORPORATED,2026-08-05,2026-06-30,0.71,USD,post-market
ICL,ICL GROUP LIMITED,2026-08-05,2026-06-30,0.11,USD,pre-market
III,INFORMATION SERVICES GROUP INCORPORATED,2026-08-05,2026-06-30,0.06,USD,post-market
IMNM,IMMUNOME INCORPORATED,2026-08-05,2026-06-30,-0.51,USD,NA
INMD,INMODE LIMITED,2026-08-05,2026-06-30,NA,USD,pre-market
INN,SUMMIT HOTEL PROPERTIES INCORPORATED,2026-08-05,2026-06-30,0.26,USD,post-market
INSG,INSEEGO CORPORATION,2026-08-05,2026-06-30,-0.22,USD,post-market
INSW,INTERNATIONAL SEAWAYS INCORPORATED,2026-08-05,2026-06-30,5.28,USD,NA
INTR,INTER & COMPANY INCORPORATED,2026-08-05,2026-06-30,0.17,USD,NA
INTT,INTEST CORPORATION,2026-08-05,2026-06-30,0.1,USD,NA
INVA,INNOVIVA INCORPORATED,2026-08-05,2026-06-30,0.56,USD,NA
INVZ,INNOVIZ TECHNOLOGIES LIMITED,2026-08-05,2026-06-30,-0.08,USD,pre-market
IONQ,IONQ INCORPORATED,2026-08-05,2026-06-30,-0.59,USD,NA
IRM,IRON MOUNTAIN INCORPORATED,2026-08-05,2026-06-30,1.28,USD,pre-market
ITIC,INVESTORS TITLE COMPANY,2026-08-05,2026-06-30,NA,USD,NA
JJSF,J & J SNACK FOODS CORPORATION,2026-08-05,2026-06-30,1.81,USD,pre-market
JOBY,JOBY AVIATION INCORPORATED,2026-08-05,2026-06-30,-0.21,USD,post-market
KD,KYNDRYL HOLDINGS INCORPORATED,2026-08-05,2026-06-30,-0.06,USD,pre-market
KHC,THE KRAFT HEINZ COMPANY,2026-08-05,2026-06-30,0.53,USD,pre-market
KLIC,KULICKE AND SOFFA INDUSTRIES INCORPORATED,2026-08-05,2026-06-30,0.87,USD,post-market
KLTR,KALTURA INCORPORATED,2026-08-05,2026-06-30,NA,USD,pre-market
KLXE,KLX ENERGY SERVICES HOLDINGS INCORPORATED,2026-08-05,2026-06-30,-0.82,USD,NA
KMT,KENNAMETAL INCORPORATED,2026-08-05,2026-06-30,1.62,USD,pre-market
KNTK,KINETIK HOLDINGS INCORPORATED,2026-08-05,2026-06-30,0.14,USD,post-market
KRMD,KORU MEDICAL SYSTEMS INCORPORATED,2026-08-05,2026-06-30,-0.01,USD,post-market
KRNT,KORNIT DIGITAL LIMITED,2026-08-05,2026-06-30,-0.13,USD,NA
KRO,KRONOS WORLDWIDE INCORPORATED,2026-08-05,2026-06-30,-0.04,USD,post-market
KROS,KEROS THERAPEUTICS INCORPORATED,2026-08-05,2026-06-30,-1.25,USD,NA
KVYO,KLAVIYO INCORPORATED,2026-08-05,2026-06-30,0.04,USD,post-market
LAB,STANDARD BIOTOOLS INCORPORATED,2026-08-05,2026-06-30,NA,USD,post-market
LAW,CS DISCO INCORPORATED,2026-08-05,2026-06-30,NA,USD,pre-market
LB,LANDBRIDGE COMPANY LIMITED LIABILITY COMPANY,2026-08-05,2026-06-30,0.37,USD,post-market
LCII,LCI INDUSTRIES,2026-08-05,2026-06-30,2.63,USD,pre-market
LESL,LESLIE'S INCORPORATED,2026-08-05,2026-06-30,NA,USD,NA
LINE,LINEAGE INCORPORATED,2026-08-05,2026-06-30,0.6,USD,pre-market
LIVN,LIVANOVA PUBLIC LIMITED COMPANY,2026-08-05,2026-06-30,0.96,USD,pre-market
LLY,ELI LILLY AND COMPANY,2026-08-05,2026-06-30,6.71,USD,pre-market
LPRO,OPEN LENDING CORPORATION,2026-08-05,2026-06-30,0.01,USD,NA
LPX,LOUISIANA-PACIFIC CORPORATION,2026-08-05,2026-06-30,0.61,USD,pre-market
LSF,LAIRD SUPERFOOD INCORPORATED,2026-08-05,2026-06-30,0.03,USD,NA
LTC,LTC PROPERTIES INCORPORATED,2026-08-05,2026-06-30,0.72,USD,post-market
LXRX,LEXICON PHARMACEUTICALS INCORPORATED,2026-08-05,2026-06-30,-0.05,USD,NA
LZ,LEGALZOOM.COM INCORPORATED,2026-08-05,2026-06-30,0.03,USD,post-market
MATV,MATIV HOLDINGS INCORPORATED,2026-08-05,2026-06-30,0.28,USD,post-market
MBI,MBIA INCORPORATED,2026-08-05,2026-06-30,-0.05,USD,NA
MCK,MCKESSON CORPORATION,2026-08-05,2026-06-30,9.59,USD,post-market
MCRB,SERES THERAPEUTICS INCORPORATED,2026-08-05,2026-06-30,-2.07,USD,NA
MDLN,MEDLINE INCORPORATED,2026-08-05,2026-06-30,0.3,USD,pre-market
MET,METLIFE INCORPORATED,2026-08-05,2026-06-30,2.3,USD,post-market
MFA,MFA FINANCIAL INCORPORATED,2026-08-05,2026-06-30,NA,USD,pre-market
MFC,MANULIFE FINANCIAL CORPORATION,2026-08-05,2026-06-30,0.78,USD,post-market
MG,MISTRAS GROUP INCORPORATED,2026-08-05,2026-06-30,0.25,USD,NA
MGEE,MGE ENERGY INCORPORATED,2026-08-05,2026-06-30,0.77,USD,NA
MGNI,MAGNITE INCORPORATED,2026-08-05,2026-06-30,0.05,USD,post-market
MGY,MAGNOLIA OIL & GAS CORPORATION,2026-08-05,2026-06-30,0.9,USD,post-market
MIAX,MIAMI INTERNATIONAL HOLDINGS INCORPORATED,2026-08-05,2026-06-30,0.4,USD,post-market
MIDD,THE MIDDLEBY CORPORATION,2026-08-05,2026-06-30,2.28,USD,NA
MIRM,MIRUM PHARMACEUTICALS INCORPORATED,2026-08-05,2026-06-30,-0.77,USD,NA
MKSI,MKS INCORPORATED,2026-08-05,2026-06-30,2.93,USD,post-market
MLR,MILLER INDUSTRIES INCORPORATED,2026-08-05,2026-06-30,0.43,USD,NA
MNKD,MANNKIND CORPORATION,2026-08-05,2026-06-30,-0.02,USD,NA
MNTK,MONTAUK RENEWABLES INCORPORATED,2026-08-05,2026-06-30,-0.02,USD,NA
MRAM,EVERSPIN TECHNOLOGIES INCORPORATED,2026-08-05,2026-06-30,0.01,USD,post-market
MRDN,MERIDIAN HOLDINGS INCORPORATED,2026-08-05,2026-06-30,0.07,USD,NA
MSI,MOTOROLA SOLUTIONS INCORPORATED,2026-08-05,2026-06-30,3.43,USD,post-market
MTDR,MATADOR RESOURCES COMPANY,2026-08-05,2026-06-30,2,USD,post-market
MTRN,MATERION CORPORATION,2026-08-05,2026-06-30,1.55,USD,pre-market
MUR,MURPHY OIL CORPORATION,2026-08-05,2026-06-30,1.5,USD,post-market
MUSA,MURPHY USA INCORPORATED,2026-08-05,2026-06-30,9.4,USD,post-market
MUX,MCEWEN INCORPORATED,2026-08-05,2026-06-30,0.25,USD,NA
NAMS,NEWAMSTERDAM PHARMA COMPANY NAAMLOZE VENNOOTSCHAP,2026-08-05,2026-06-30,-0.48,USD,NA
NATL,NCR ATLEOS CORPORATION,2026-08-05,2026-06-30,1.05,USD,pre-market
NC,NACCO INDUSTRIES INCORPORATED,2026-08-05,2026-06-30,NA,USD,NA
NEXA,NEXA RESOURCES SOCIEDAD ANÓNIMA,2026-08-05,2026-06-30,0.57,USD,post-market
NHP,NATIONAL HEALTHCARE PROPERTIES INCORPORATED,2026-08-05,2026-06-30,NA,USD,post-market
NI,NISOURCE INCORPORATED,2026-08-05,2026-06-30,0.17,USD,pre-market
NICE,NICE LIMITED,2026-08-05,2026-06-30,2.13,USD,pre-market
NINE,NINE ENERGY SERVICE INCORPORATED,2026-08-05,2026-06-30,-0.05,USD,post-market
NL,NLI HOLDINGS INCORPORATED,2026-08-05,2026-06-30,NA,USD,post-market
NLOP,NET LEASE OFFICE PROPERTIES,2026-08-05,2026-06-30,NA,USD,NA
NMRA,NEUMORA THERAPEUTICS INCORPORATED,2026-08-05,2026-06-30,-0.23,USD,NA
NN,NEXTNAV INCORPORATED,2026-08-05,2026-06-30,-0.16,USD,NA
NNBR,NN INCORPORATED,2026-08-05,2026-06-30,0.04,USD,NA
NNN,NNN REIT INCORPORATED,2026-08-05,2026-06-30,0.87,USD,pre-market
NOMD,NOMAD FOODS LIMITED,2026-08-05,2026-06-30,0.37,USD,NA
NOVT,NOVANTA INCORPORATED,2026-08-05,2026-06-30,0.82,USD,post-market
NRP,NATURAL RESOURCE PARTNERS LIMITED PARTNERSHIP,2026-08-05,2026-06-30,NA,USD,pre-market
NSLR,NEOSTELLAR CAPITAL CORPORATION,2026-08-05,2026-06-30,NA,USD,NA
NTR,NUTRIEN LIMITED,2026-08-05,2026-06-30,2.69,USD,post-market
NVAX,NOVAVAX INCORPORATED,2026-08-05,2026-06-30,-0.36,USD,NA
NVO,NOVO NORDISK A/S,2026-08-05,2026-06-30,0.81,USD,NA
NVST,ENVISTA HOLDINGS CORPORATION,2026-08-05,2026-06-30,0.33,USD,post-market
NWN,NORTHWEST NATURAL HOLDING COMPANY,2026-08-05,2026-06-30,NA,USD,pre-market
NWS,NEWS CORPORATION,2026-08-05,2026-06-30,0.15,USD,post-market
NWSA,NEWS CORPORATION,2026-08-05,2026-06-30,0.2,USD,post-market
NXL,NEXALIN TECHNOLOGY INCORPORATED,2026-08-05,2026-06-30,NA,USD,NA
NYT,NEW YORK TIMES COMPANY (THE),2026-08-05,2026-06-30,0.67,USD,pre-market
O,REALTY INCOME CORPORATION,2026-08-05,2026-06-30,1.09,USD,post-market
OBDC,BLUE OWL CAPITAL CORPORATION,2026-08-05,2026-06-30,0.32,USD,post-market
OC,OWENS CORNING INCORPORATED,2026-08-05,2026-06-30,3.06,USD,pre-market
OCSL,OAKTREE SPECIALTY LENDING CORPORATION,2026-08-05,2026-06-30,0.36,USD,pre-market
OEC,ORION SOCIEDAD ANÓNIMA,2026-08-05,2026-06-30,0.11,USD,post-market
OESX,ORION ENERGY SYSTEMS INCORPORATED,2026-08-05,2026-06-30,-0.01,USD,pre-market
OFIX,ORTHOFIX MEDICAL INCORPORATED,2026-08-05,2026-06-30,-0.46,USD,pre-market
OGC,OCEANAGOLD CORPORATION,2026-08-05,2026-06-30,0.91,USD,post-market
ONC,BEONE MEDICINES LIMITED,2026-08-05,2026-06-30,1.4,USD,pre-market
ONT,ONTERRIS INCORPORATED,2026-08-05,2026-06-30,0.18,USD,post-market
OPFI,OPPFI INCORPORATED,2026-08-05,2026-06-30,0.48,USD,NA
OPRT,OPORTUN FINANCIAL CORPORATION,2026-08-05,2026-06-30,0.23,USD,post-market
ORA,ORMAT TECHNOLOGIES INCORPORATED,2026-08-05,2026-06-30,0.29,USD,post-market
OSS,ONE STOP SYSTEMS INCORPORATED,2026-08-05,2026-06-30,-0.06,USD,pre-market
OSUR,ORASURE TECHNOLOGIES INCORPORATED,2026-08-05,2026-06-30,NA,USD,post-market
OTF,BLUE OWL TECHNOLOGY FINANCE CORPORATION,2026-08-05,2026-06-30,0.31,USD,post-market
OUT,OUTFRONT MEDIA INCORPORATED,2026-08-05,2026-06-30,0.56,USD,post-market
OXY,OCCIDENTAL PETROLEUM CORPORATION,2026-08-05,2026-06-30,1.95,USD,post-market
PACB,PACIFIC BIOSCIENCES OF CALIFORNIA INCORPORATED,2026-08-05,2026-06-30,-0.14,USD,post-market
PAM,PAMPA ENERGIA SOCIEDAD ANÓNIMA,2026-08-05,2026-06-30,1.82,USD,NA
PAYC,PAYCOM SOFTWARE INCORPORATED,2026-08-05,2026-06-30,1.87,USD,post-market
PAYS,PAYSIGN INCORPORATED,2026-08-05,2026-06-30,0.14,USD,post-market
PCVX,VAXCYTE INCORPORATED,2026-08-05,2026-06-30,-1.47,USD,NA
PFX,PHENIXFIN CORPORATION,2026-08-05,2026-06-30,0.47,USD,NA
PKOH,PARK-OHIO HOLDINGS CORPORATION,2026-08-05,2026-06-30,0.81,USD,post-market
PNTG,THE PENNANT GROUP INCORPORATED,2026-08-05,2026-06-30,0.28,USD,NA
PODD,INSULET CORPORATION,2026-08-05,2026-06-30,1.38,USD,pre-market
POWI,POWER INTEGRATIONS INCORPORATED,2026-08-05,2026-06-30,0.17,USD,post-market
PPBT,PURPLE BIOTECH LIMITED,2026-08-05,2026-06-30,-0.98,USD,NA
PR,PERMIAN RESOURCES CORPORATION,2026-08-05,2026-06-30,0.56,USD,post-market
PRGO,PERRIGO COMPANY,2026-08-05,2026-06-30,0.39,USD,pre-market
PRI,PRIMERICA INCORPORATED,2026-08-05,2026-06-30,5.96,USD,post-market
PRMB,PRIMO BRANDS CORPORATION,2026-08-05,2026-06-30,0.32,USD,pre-market
PRSU,PURSUIT ATTRACTIONS AND HOSPITALITY INCORPORATED,2026-08-05,2026-06-30,0.49,USD,post-market
PSBD,PALMER SQUARE CAPITAL BDC INCORPORATED,2026-08-05,2026-06-30,0.35,USD,pre-market
PSX,PHILLIPS 66,2026-08-05,2026-06-30,7.68,USD,pre-market
PTGX,PROTAGONIST THERAPEUTICS INCORPORATED,2026-08-05,2026-06-30,2.11,USD,NA
PTRN,PATTERN GROUP INCORPORATED,2026-08-05,2026-06-30,0.12,USD,post-market
PULM,PULMATRIX INCORPORATED,2026-08-05,2026-06-30,NA,USD,NA
QGEN,QIAGEN NAAMLOZE VENNOOTSCHAP,2026-08-05,2026-06-30,0.6,USD,post-market
QNTM,QUANTUM BIOPHARMA LIMITED,2026-08-05,2026-06-30,NA,USD,NA
QTTB,Q32 BIO INCORPORATED,2026-08-05,2026-06-30,-0.53,USD,NA
RAMP,LIVERAMP HOLDINGS INCORPORATED,2026-08-05,2026-06-30,0.33,USD,post-market
RAND,RAND CAPITAL CORPORATION,2026-08-05,2026-06-30,NA,USD,pre-market
RCMT,RCM TECHNOLOGIES INCORPORATED,2026-08-05,2026-06-30,0.44,USD,NA
RCUS,ARCUS BIOSCIENCES INCORPORATED,2026-08-05,2026-06-30,-1.01,USD,post-market
RDN,RADIAN GROUP INCORPORATED,2026-08-05,2026-06-30,1.38,USD,post-market
RDVT,RED VIOLET INCORPORATED,2026-08-05,2026-06-30,0.23,USD,NA
RDW,REDWIRE CORPORATION,2026-08-05,2026-06-30,-0.2,USD,NA
REI,RING ENERGY INCORPORATED,2026-08-05,2026-06-30,0.03,USD,post-market
RELY,REMITLY GLOBAL INCORPORATED,2026-08-05,2026-06-30,0.09,USD,post-market
REPX,RILEY EXPLORATION PERMIAN INCORPORATED,2026-08-05,2026-06-30,1.5,USD,post-market
RGLD,ROYAL GOLD INCORPORATED,2026-08-05,2026-06-30,2.63,USD,post-market
RIG,TRANSOCEAN LIMITED,2026-08-05,2026-06-30,0.01,USD,post-market
RMR,THE RMR GROUP INCORPORATED,2026-08-05,2026-06-30,0.2,USD,post-market
ROCK,GIBRALTAR INDUSTRIES INCORPORATED,2026-08-05,2026-06-30,1.02,USD,pre-market
ROOT,ROOT INCORPORATED,2026-08-05,2026-06-30,NA,USD,post-market
RPC,RIDGEPOST CAPITAL INCORPORATED,2026-08-05,2026-06-30,0.17,USD,pre-market
RPRX,ROYALTY PHARMA PUBLIC LIMITED COMPANY,2026-08-05,2026-06-30,1.27,USD,pre-market
RRX,REGAL REXNORD CORPORATION,2026-08-05,2026-06-30,2.6,USD,pre-market
RUN,SUNRUN INCORPORATED,2026-08-05,2026-06-30,0.08,USD,post-market
RVMD,REVOLUTION MEDICINES INCORPORATED,2026-08-05,2026-06-30,-1.92,USD,NA
RXST,RXSIGHT INCORPORATED,2026-08-05,2026-06-30,-0.37,USD,post-market
RYDE,RYDE GROUP LIMITED,2026-08-05,2026-06-30,NA,USD,NA
RYN,RAYONIER INCORPORATED,2026-08-05,2026-06-30,0.07,USD,post-market
SAFT,SAFETY INSURANCE GROUP INCORPORATED,2026-08-05,2026-06-30,NA,USD,NA
SATL,SATELLOGIC INCORPORATED,2026-08-05,2026-06-30,-0.03,USD,post-market
SBGI,SINCLAIR INCORPORATED,2026-08-05,2026-06-30,-0.13,USD,post-market
SBLK,STAR BULK CARRIERS CORPORATION,2026-08-05,2026-06-30,0.94,USD,post-market
SCM,STELLUS CAPITAL INVESTMENT CORPORATION,2026-08-05,2026-06-30,0.26,USD,NA
SD,SANDRIDGE ENERGY INCORPORATED,2026-08-05,2026-06-30,NA,USD,NA
SDGR,SCHRODINGER INCORPORATED,2026-08-05,2026-06-30,-0.6,USD,post-market
SEDG,SOLAREDGE TECHNOLOGIES INCORPORATED,2026-08-05,2026-06-30,-0.23,USD,pre-market
SEER,SEER INCORPORATED,2026-08-05,2026-06-30,NA,USD,NA
SEG,SEAPORT ENTERTAINMENT GROUP INCORPORATED,2026-08-05,2026-06-30,NA,USD,post-market
SEI,SOLARIS ENERGY INFRASTRUCTURE INCORPORATED,2026-08-05,2026-06-30,0.31,USD,post-market
SERA,SERA PROGNOSTICS INCORPORATED,2026-08-05,2026-06-30,-0.14,USD,NA
SGHT,SIGHT SCIENCES INCORPORATED,2026-08-05,2026-06-30,-0.15,USD,post-market
SGU,"STAR GROUP, L.P.",2026-08-05,2026-06-30,NA,USD,NA
SHAK,SHAKE SHACK INCORPORATED,2026-08-05,2026-06-30,0.33,USD,pre-market
SHOP,SHOPIFY INCORPORATED,2026-08-05,2026-06-30,0.28,USD,pre-market
SII,SPROTT INCORPORATED,2026-08-05,2026-06-30,NA,USD,NA
SITM,SITIME CORPORATION,2026-08-05,2026-06-30,0.8,USD,post-market
SKM,SK TELECOM COMPANY LIMITED,2026-08-05,2026-06-30,NA,USD,NA
SKYT,SKYWATER TECHNOLOGY INCORPORATED,2026-08-05,2026-06-30,-0.11,USD,NA
SLNG,STABILIS SOLUTIONS INCORPORATED,2026-08-05,2026-06-30,NA,USD,NA
SM,SM ENERGY COMPANY,2026-08-05,2026-06-30,1.93,USD,post-market
SMA,SMARTSTOP SELF STORAGE REIT INCORPORATED,2026-08-05,2026-06-30,0.49,USD,post-market
SMR,NUSCALE POWER CORPORATION,2026-08-05,2026-06-30,-0.13,USD,post-market
SMRT,SMARTRENT INCORPORATED,2026-08-05,2026-06-30,-0.02,USD,pre-market
SMSI,SMITH MICRO SOFTWARE INCORPORATED,2026-08-05,2026-06-30,-0.25,USD,NA
SN,SHARKNINJA INCORPORATED,2026-08-05,2026-06-30,1.02,USD,pre-market
SNDK,SANDISK CORPORATION,2026-08-05,2026-06-30,33.28,USD,post-market
SOBO,SOUTH BOW CORPORATION,2026-08-05,2026-06-30,0.44,USD,post-market
SOLV,SOLVENTUM CORPORATION,2026-08-05,2026-06-30,1.91,USD,post-market
SOUN,SOUNDHOUND AI INCORPORATED,2026-08-05,2026-06-30,-0.13,USD,post-market
SPCE,VIRGIN GALACTIC HOLDINGS INCORPORATED,2026-08-05,2026-06-30,-0.6,USD,NA
SR,SPIRE INCORPORATED,2026-08-05,2026-06-30,-0.24,USD,pre-market
SRI,STONERIDGE INCORPORATED,2026-08-05,2026-06-30,-0.14,USD,post-market
SRPT,SAREPTA THERAPEUTICS INCORPORATED,2026-08-05,2026-06-30,0.34,USD,post-market
SST,SYSTEM1 INCORPORATED,2026-08-05,2026-06-30,NA,USD,post-market
STAA,STAAR SURGICAL COMPANY,2026-08-05,2026-06-30,0.06,USD,NA
STE,STERIS PUBLIC LIMITED COMPANY,2026-08-05,2026-06-30,2.54,USD,NA
SVC,SERVICE PROPERTIES TRUST,2026-08-05,2026-06-30,0.43,USD,post-market
SVCO,SILVACO GROUP INCORPORATED,2026-08-05,2026-06-30,-0.07,USD,NA
SWX,SOUTHWEST GAS HOLDINGS INCORPORATED,2026-08-05,2026-06-30,0.47,USD,pre-market
SYM,SYMBOTIC INCORPORATED,2026-08-05,2026-06-30,0.09,USD,post-market
TACT,TRANSACT TECHNOLOGIES INCORPORATED,2026-08-05,2026-06-30,-0.01,USD,NA
TARS,TARSUS PHARMACEUTICALS INCORPORATED,2026-08-05,2026-06-30,-0.21,USD,NA
TASK,TASKUS INCORPORATED,2026-08-05,2026-06-30,0.23,USD,post-market
TATT,TAT TECHNOLOGIES LIMITED,2026-08-05,2026-06-30,0.28,USD,pre-market
TBLA,TABOOLA.COM LIMITED,2026-08-05,2026-06-30,0.09,USD,pre-market
TDUP,THREDUP INCORPORATED,2026-08-05,2026-06-30,-0.03,USD,post-market
TECH,BIO-TECHNE CORPORATION,2026-08-05,2026-06-30,0.46,USD,NA
TFPM,TRIPLE FLAG PRECIOUS METALS CORPORATION,2026-08-05,2026-06-30,0.33,USD,NA
TGB,TREKOR METALS LIMITED,2026-08-05,2026-06-30,0.08,USD,NA
TKNO,ALPHA TEKNOVA INCORPORATED,2026-08-05,2026-06-30,NA,USD,post-market
TLN,TALEN ENERGY CORPORATION,2026-08-05,2026-06-30,2.68,USD,post-market
TNC,TENNANT COMPANY,2026-08-05,2026-06-30,1.23,USD,post-market
TNYA,TENAYA THERAPEUTICS INCORPORATED,2026-08-05,2026-06-30,-0.08,USD,NA
TONX,TON STRATEGY COMPANY,2026-08-05,2026-06-30,NA,USD,NA
TPC,TUTOR PERINI CORPORATION,2026-08-05,2026-06-30,1.36,USD,NA
TPL,TEXAS PACIFIC LAND CORPORATION,2026-08-05,2026-06-30,2.14,USD,post-market
TPVG,TRIPLEPOINT VENTURE GROWTH BDC CORPORATION,2026-08-05,2026-06-30,0.24,USD,post-market
TRDA,ENTRADA THERAPEUTICS INCORPORATED,2026-08-05,2026-06-30,-1.16,USD,NA
TRI,THOMSON REUTERS CORPORATION,2026-08-05,2026-06-30,0.96,USD,pre-market
TRIN,TRINITY CAPITAL INCORPORATED,2026-08-05,2026-06-30,0.52,USD,pre-market
TRMB,TRIMBLE INCORPORATED,2026-08-05,2026-06-30,0.66,USD,NA
TRNO,TERRENO REALTY CORPORATION,2026-08-05,2026-06-30,0.69,USD,NA
TROX,TRONOX HOLDINGS PUBLIC LIMITED COMPANY,2026-08-05,2026-06-30,-0.39,USD,post-market
TRUP,TRUPANION INCORPORATED,2026-08-05,2026-06-30,0.11,USD,post-market
TS,TENARIS SOCIEDAD ANÓNIMA,2026-08-05,2026-06-30,0.78,USD,post-market
TSAT,TELESAT CORPORATION,2026-08-05,2026-06-30,-0.82,USD,NA
TSSI,TSS INCORPORATED,2026-08-05,2026-06-30,0.08,USD,NA
TTMI,TTM TECHNOLOGIES INCORPORATED,2026-08-05,2026-06-30,0.84,USD,post-market
TVTX,TRAVERE THERAPEUTICS INCORPORATED,2026-08-05,2026-06-30,-0.14,USD,NA
UBER,UBER TECHNOLOGIES INCORPORATED,2026-08-05,2026-06-30,0.83,USD,pre-market
UGI,UGI CORPORATION,2026-08-05,2026-06-30,-0.35,USD,post-market
UHAL,U-HAUL HOLDING COMPANY,2026-08-05,2026-06-30,0.85,USD,post-market
UHAL.B,U-HAUL HOLDING COMPANY,2026-08-05,2026-06-30,NA,USD,post-market
UMH,UMH PROPERTIES INCORPORATED,2026-08-05,2026-06-30,0.24,USD,post-market
UPB,UPSTREAM BIO INCORPORATED,2026-08-05,2026-06-30,-0.78,USD,NA
USEA,UNITED MARITIME CORPORATION,2026-08-05,2026-06-30,NA,USD,NA
USIO,USIO INCORPORATED,2026-08-05,2026-06-30,0,USD,NA
USPH,U.S. PHYSICAL THERAPY INCORPORATED,2026-08-05,2026-06-30,0.85,USD,post-market
UTHR,UNITED THERAPEUTICS CORPORATION,2026-08-05,2026-06-30,6.83,USD,pre-market
UTI,UNIVERSAL TECHNICAL INSTITUTE INCORPORATED,2026-08-05,2026-06-30,0.01,USD,post-market
UUUU,ENERGY FUELS INCORPORATED,2026-08-05,2026-06-30,-0.04,USD,NA
UVV,UNIVERSAL CORPORATION,2026-08-05,2026-06-30,0.25,USD,NA
VAL,VALARIS LIMITED,2026-08-05,2026-06-30,0.46,USD,post-market
VECO,VEECO INSTRUMENTS INCORPORATED,2026-08-05,2026-06-30,0.13,USD,post-market
VEL,VELOCITY FINANCIAL INCORPORATED,2026-08-05,2026-06-30,NA,USD,post-market
VELO,VELO3D INCORPORATED,2026-08-05,2026-06-30,NA,USD,NA
VIAV,VIAVI SOLUTIONS INCORPORATED,2026-08-05,2026-06-30,0.25,USD,post-market
VIR,VIR BIOTECHNOLOGY INCORPORATED,2026-08-05,2026-06-30,0.83,USD,post-market
VPG,VISHAY PRECISION GROUP INCORPORATED,2026-08-05,2026-06-30,0.19,USD,pre-market
VRDN,VIRIDIAN THERAPEUTICS INCORPORATED,2026-08-05,2026-06-30,-0.97,USD,NA
VRRM,VERRA MOBILITY CORPORATION,2026-08-05,2026-06-30,0.3,USD,NA
VSEC,VSE CORPORATION,2026-08-05,2026-06-30,0.93,USD,post-market
VSH,VISHAY INTERTECHNOLOGY INCORPORATED,2026-08-05,2026-06-30,0.15,USD,pre-market
VVV,VALVOLINE INCORPORATED,2026-08-05,2026-06-30,0.5,USD,pre-market
VYGR,VOYAGER THERAPEUTICS INCORPORATED,2026-08-05,2026-06-30,-0.55,USD,NA
WBI,WATERBRIDGE INFRASTRUCTURE LIMITED LIABILITY COMPANY,2026-08-05,2026-06-30,0.06,USD,post-market
WDC,WESTERN DIGITAL CORPORATION,2026-08-05,2026-06-30,3.24,USD,post-market
WES,WESTERN MIDSTREAM PARTNERS LIMITED PARTNERSHIP,2026-08-05,2026-06-30,0.88,USD,post-market
WMK,WEIS MARKETS INCORPORATED,2026-08-05,2026-06-30,NA,USD,NA
WTS,WATTS WATER TECHNOLOGIES INCORPORATED,2026-08-05,2026-06-30,3.34,USD,post-market
WULF,TERAWULF INCORPORATED,2026-08-05,2026-06-30,-0.2,USD,pre-market
WWW,WOLVERINE WORLD WIDE INCORPORATED,2026-08-05,2026-06-30,0.38,USD,NA
XNCR,XENCOR INCORPORATED,2026-08-05,2026-06-30,-0.84,USD,NA
XNDU,XANADU QUANTUM TECHNOLOGIES LIMITED,2026-08-05,2026-06-30,NA,USD,post-market
XPEL,XPEL INCORPORATED,2026-08-05,2026-06-30,0.61,USD,pre-market
XPER,XPERI INCORPORATED,2026-08-05,2026-06-30,0.1,USD,post-market
XPL,SOLITARIO RESOURCES CORPORATION,2026-08-05,2026-06-30,-0.01,USD,NA
XRN,CHIRON REAL ESTATE INCORPORATED,2026-08-05,2026-06-30,0.83,USD,post-market
XYZ,BLOCK INCORPORATED,2026-08-05,2026-06-30,0.48,USD,post-market
YOU,CLEAR SECURE INCORPORATED,2026-08-05,2026-06-30,0.4,USD,pre-market
Z,ZILLOW GROUP INCORPORATED,2026-08-05,2026-06-30,0.1,USD,post-market
ZBH,ZIMMER BIOMET HOLDINGS INCORPORATED,2026-08-05,2026-06-30,2.01,USD,pre-market
ZG,ZILLOW GROUP INCORPORATED,2026-08-05,2026-06-30,0.1,USD,post-market
ZIP,ZIPRECRUITER INCORPORATED,2026-08-05,2026-06-30,-0.06,USD,post-market
ZNTL,ZENTALIS PHARMACEUTICALS INCORPORATED,2026-08-05,2026-06-30,-0.45,USD,NA
ZVIA,ZEVIA PBC,2026-08-05,2026-06-30,-0.03,USD,post-market
ZVRA,ZEVRA THERAPEUTICS INCORPORATED,2026-08-05,2026-06-30,0.08,USD,post-market
AAOI,APPLIED OPTOELECTRONICS INCORPORATED,2026-08-06,2026-06-30,-0.02,USD,post-market
ABNB,AIRBNB INCORPORATED,2026-08-06,2026-06-30,1.2,USD,post-market
ABX,ABACUS GLOBAL MANAGEMENT INCORPORATED,2026-08-06,2026-06-30,0.25,USD,post-market
ACA,ARCOSA INCORPORATED,2026-08-06,2026-06-30,1.18,USD,NA
ACDC,PROFRAC HOLDING CORPORATION,2026-08-06,2026-06-30,-0.29,USD,NA
ACET,ADICET BIO INCORPORATED,2026-08-06,2026-06-30,-2.42,USD,NA
ACFN,ACORN ENERGY INCORPORATED,2026-08-06,2026-06-30,NA,USD,NA
ACHV,ACHIEVE LIFE SCIENCES INCORPORATED,2026-08-06,2026-06-30,-0.18,USD,NA
ACIW,ACI WORLDWIDE INCORPORATED,2026-08-06,2026-06-30,0.31,USD,pre-market
ACLS,AXCELIS TECHNOLOGIES INCORPORATED,2026-08-06,2026-06-30,0.69,USD,pre-market
ACRS,ACLARIS THERAPEUTICS INCORPORATED,2026-08-06,2026-06-30,-0.16,USD,NA
AEYE,AUDIOEYE INCORPORATED,2026-08-06,2026-06-30,0.1,USD,NA
AFL,AFLAC INCORPORATED,2026-08-06,2026-06-30,1.77,USD,post-market
AGO,ASSURED GUARANTY LIMITED,2026-08-06,2026-06-30,1.66,USD,post-market
AHR,AMERICAN HEALTHCARE REIT INCORPORATED,2026-08-06,2026-06-30,0.51,USD,post-market
AIG,AMERICAN INTERNATIONAL GROUP INCORPORATED,2026-08-06,2026-06-30,1.89,USD,post-market
AIP,ARTERIS INCORPORATED,2026-08-06,2026-06-30,-0.17,USD,post-market
AKAM,AKAMAI TECHNOLOGIES INCORPORATED,2026-08-06,2026-06-30,0.9,USD,post-market
AKBA,AKEBIA THERAPEUTICS INCORPORATED,2026-08-06,2026-06-30,-0.03,USD,NA
ALDX,ALDEYRA THERAPEUTICS INCORPORATED,2026-08-06,2026-06-30,-0.11,USD,NA
ALEC,ALECTOR INCORPORATED,2026-08-06,2026-06-30,-0.24,USD,NA
ALRM,ALARM.COM HOLDINGS INCORPORATED,2026-08-06,2026-06-30,0.53,USD,NA
ALTG,ALTA EQUIPMENT GROUP INCORPORATED,2026-08-06,2026-06-30,-0.26,USD,NA
AMLX,AMYLYX PHARMACEUTICALS INCORPORATED,2026-08-06,2026-06-30,-0.36,USD,NA
AMN,AMN HEALTHCARE SERVICES INCORPORATED,2026-08-06,2026-06-30,0.22,USD,post-market
AMPH,AMPHASTAR PHARMACEUTICALS INCORPORATED,2026-08-06,2026-06-30,0.58,USD,NA
AMRZ,AMRIZE LIMITED,2026-08-06,2026-06-30,0.92,USD,post-market
AMTX,AEMETIS INCORPORATED,2026-08-06,2026-06-30,-0.29,USD,pre-market
AORT,ARTIVION INCORPORATED,2026-08-06,2026-06-30,0.13,USD,NA
APPN,APPIAN CORPORATION,2026-08-06,2026-06-30,-0.15,USD,pre-market
APT,ALPHA PRO TECH LIMITED,2026-08-06,2026-06-30,NA,USD,NA
APYX,APYX MEDICAL CORPORATION,2026-08-06,2026-06-30,-0.06,USD,post-market
ARBE,ARBE ROBOTICS LIMITED,2026-08-06,2026-06-30,NA,USD,NA
ARDX,ARDELYX INCORPORATED,2026-08-06,2026-06-30,-0.05,USD,post-market
ARHS,ARHAUS INCORPORATED,2026-08-06,2026-06-30,0.16,USD,NA
ARL,AMERICAN REALTY INVESTORS INCORPORATED,2026-08-06,2026-06-30,NA,USD,NA
ARLO,ARLO TECHNOLOGIES INCORPORATED,2026-08-06,2026-06-30,0.02,USD,post-market
ARW,ARROW ELECTRONICS INCORPORATED,2026-08-06,2026-06-30,4.45,USD,post-market
ASND,ASCENDIS PHARMA A/S,2026-08-06,2026-06-30,1.29,USD,NA
ASPN,ASPEN AEROGELS INCORPORATED,2026-08-06,2026-06-30,-0.22,USD,NA
ASTH,ASTRANA HEALTH INCORPORATED,2026-08-06,2026-06-30,0.33,USD,post-market
ATI,ATI INCORPORATED,2026-08-06,2026-06-30,1.03,USD,pre-market
ATLC,ATLANTICUS HOLDINGS CORPORATION,2026-08-06,2026-06-30,2.5,USD,NA
ATNI,ATN INTERNATIONAL INCORPORATED,2026-08-06,2026-06-30,0.12,USD,NA
ATS,ATS CORPORATION,2026-08-06,2026-06-30,0.28,USD,NA
ATYR,ATYR PHARMA INCORPORATED,2026-08-06,2026-06-30,-0.15,USD,NA
AVIR,ATEA PHARMACEUTICALS INCORPORATED,2026-08-06,2026-06-30,-0.56,USD,NA
AVNT,AVIENT CORPORATION,2026-08-06,2026-06-30,0.89,USD,pre-market
AVPT,AVEPOINT INCORPORATED,2026-08-06,2026-06-30,0.03,USD,post-market
AVTX,AVALO THERAPEUTICS INCORPORATED,2026-08-06,2026-06-30,-0.66,USD,NA
AXIA,AXIA ENERGIA,2026-08-06,2026-06-30,NA,USD,NA
BAER,BRIDGER AEROSPACE GROUP HOLDINGS INCORPORATED,2026-08-06,2026-06-30,-0.01,USD,post-market
BAK,BRASKEM SOCIEDAD ANÓNIMA,2026-08-06,2026-06-30,1.68,USD,NA
BARK,BARK INCORPORATED,2026-08-06,2026-06-30,NA,USD,post-market
BCAB,BIOATLA INCORPORATED,2026-08-06,2026-06-30,NA,USD,NA
BCE,BCE INCORPORATED,2026-08-06,2026-06-30,0.46,USD,pre-market
BCIC,BCP INVESTMENT CORPORATION,2026-08-06,2026-06-30,0.32,USD,post-market
BDTX,BLACK DIAMOND THERAPEUTICS INCORPORATED,2026-08-06,2026-06-30,-0.18,USD,NA
BDX,"BECTON, DICKINSON AND COMPANY",2026-08-06,2026-06-30,3.14,USD,pre-market
BFS,SAUL CENTERS INCORPORATED,2026-08-06,2026-06-30,NA,USD,NA
BHF,BRIGHTHOUSE FINANCIAL INCORPORATED,2026-08-06,2026-06-30,4.98,USD,NA
BIRD,SMARTBIRD INCORPORATED,2026-08-06,2026-06-30,NA,USD,NA
BJDX,BLUEJAY DIAGNOSTICS INCORPORATED,2026-08-06,2026-06-30,NA,USD,NA
BKSY,BLACKSKY TECHNOLOGY INCORPORATED,2026-08-06,2026-06-30,-0.38,USD,pre-market
BKV,BKV CORPORATION,2026-08-06,2026-06-30,0.32,USD,pre-market
BLFS,BIOLIFE SOLUTIONS INCORPORATED,2026-08-06,2026-06-30,-0.02,USD,NA
BLND,BLEND LABS INCORPORATED,2026-08-06,2026-06-30,-0.01,USD,NA
BNT,BROOKFIELD WEALTH SOLUTIONS LIMITED,2026-08-06,2026-06-30,NA,USD,NA
BOBS,BOB'S DISCOUNT FURNITURE INCORPORATED,2026-08-06,2026-06-30,0.2,USD,pre-market
BRLT,BRILLIANT EARTH GROUP INCORPORATED,2026-08-06,2026-06-30,-0.03,USD,pre-market
BRNS,BARINTHUS BIOTHERAPEUTICS PUBLIC LIMITED COMPANY,2026-08-06,2026-06-30,NA,USD,NA
BRT,BRT APARTMENTS CORPORATION,2026-08-06,2026-06-30,0.37,USD,NA
BSY,BENTLEY SYSTEMS INCORPORATED,2026-08-06,2026-06-30,0.28,USD,pre-market
BTG,B2GOLD CORPORATION,2026-08-06,2026-06-30,0.07,USD,post-market
BUR,BURFORD CAPITAL LIMITED,2026-08-06,2026-06-30,0.08,USD,NA
BXSL,BLACKSTONE SECURED LENDING FUND,2026-08-06,2026-06-30,0.67,USD,pre-market
CABA,CABALETTA BIO INCORPORATED,2026-08-06,2026-06-30,-0.37,USD,NA
CARG,CARGURUS INCORPORATED,2026-08-06,2026-06-30,0.5,USD,post-market
CARS,CARS.COM INCORPORATED,2026-08-06,2026-06-30,0.35,USD,NA
CART,MAPLEBEAR INCORPORATED,2026-08-06,2026-06-30,0.55,USD,post-market
CBL,CBL & ASSOCIATES PROPERTIES INCORPORATED,2026-08-06,2026-06-30,NA,USD,post-market
CCCC,C4 THERAPEUTICS INCORPORATED,2026-08-06,2026-06-30,-0.23,USD,NA
CCLD,CARECLOUD INCORPORATED,2026-08-06,2026-06-30,0.09,USD,pre-market
CCOI,COGENT COMMUNICATIONS HOLDINGS INCORPORATED,2026-08-06,2026-06-30,-1.12,USD,pre-market
CCSI,CONSENSUS CLOUD SOLUTIONS INCORPORATED,2026-08-06,2026-06-30,1.3,USD,post-market
CECO,CECO ENVIRONMENTAL CORPORATION,2026-08-06,2026-06-30,0.22,USD,pre-market
CEG,CONSTELLATION ENERGY CORPORATION,2026-08-06,2026-06-30,2.34,USD,pre-market
CELH,CELSIUS HOLDINGS INCORPORATED,2026-08-06,2026-06-30,0.43,USD,NA
CENX,CENTURY ALUMINUM COMPANY,2026-08-06,2026-06-30,2.4,USD,NA
CEPL,CAPSTONE ENERGY PLUS INCORPORATED,2026-08-06,2026-06-30,-0.01,USD,NA
CGBD,CARLYLE SECURED LENDING INCORPORATED,2026-08-06,2026-06-30,0.32,USD,post-market
CGEM,CULLINAN THERAPEUTICS INCORPORATED,2026-08-06,2026-06-30,-0.71,USD,NA
CGTX,COGNITION THERAPEUTICS INCORPORATED,2026-08-06,2026-06-30,-0.06,USD,NA
CHCI,COMSTOCK HOLDING COMPANIES INCORPORATED,2026-08-06,2026-06-30,NA,USD,NA
CHGG,CHEGG INCORPORATED,2026-08-06,2026-06-30,-0.06,USD,pre-market
CHMI,CHERRY HILL MORTGAGE INVESTMENT CORPORATION,2026-08-06,2026-06-30,0.13,USD,NA
CIA,CITIZENS INCORPORATED,2026-08-06,2026-06-30,0.07,USD,NA
CIB,GRUPO CIBEST SOCIEDAD ANÓNIMA,2026-08-06,2026-06-30,2.14,USD,NA
CION,CION INVESTMENT CORPORATION,2026-08-06,2026-06-30,0.26,USD,pre-market
CLDX,CELLDEX THERAPEUTICS INCORPORATED,2026-08-06,2026-06-30,-1.04,USD,NA
CLNE,CLEAN ENERGY FUELS CORPORATION,2026-08-06,2026-06-30,-0.08,USD,post-market
CLPR,CLIPPER REALTY INCORPORATED,2026-08-06,2026-06-30,0.05,USD,post-market
CLSK,CLEANSPARK INCORPORATED,2026-08-06,2026-06-30,-0.29,USD,NA
CMRC,COMMERCE.COM INCORPORATED,2026-08-06,2026-06-30,-0.04,USD,pre-market
CNCK,COINCHECK GROUP NAAMLOZE VENNOOTSCHAP,2026-08-06,2026-06-30,-0.04,USD,NA
CNQ,CANADIAN NATURAL RESOURCES LIMITED,2026-08-06,2026-06-30,1.43,USD,pre-market
CNR,CORE NATURAL RESOURCES INCORPORATED,2026-08-06,2026-06-30,0.37,USD,pre-market
CNTY,CENTURY CASINOS INCORPORATED,2026-08-06,2026-06-30,-0.4,USD,NA
COLD,AMERICOLD REALTY TRUST INCORPORATED,2026-08-06,2026-06-30,0.3,USD,pre-market
COLL,COLLEGIUM PHARMACEUTICAL INCORPORATED,2026-08-06,2026-06-30,1.48,USD,pre-market
CON,CONCENTRA GROUP HOLDINGS PARENT INCORPORATED,2026-08-06,2026-06-30,0.42,USD,post-market
COP,CONOCOPHILLIPS,2026-08-06,2026-06-30,2.96,USD,pre-market
CPHC,CANTERBURY PARK HOLDING CORPORATION,2026-08-06,2026-06-30,NA,USD,NA
CPK,CHESAPEAKE UTILITIES CORPORATION,2026-08-06,2026-06-30,NA,USD,post-market
CQP,CHENIERE ENERGY PARTNERS LIMITED PARTNERSHIP,2026-08-06,2026-06-30,0.94,USD,NA
CRAI,"CRA INTERNATIONAL,INCORPORATED",2026-08-06,2026-06-30,2.12,USD,pre-market
CRMD,CORMEDIX INCORPORATED,2026-08-06,2026-06-30,0.26,USD,NA
CRON,CRONOS GROUP INCORPORATED,2026-08-06,2026-06-30,0.01,USD,pre-market
CRSR,CORSAIR GAMING INCORPORATED,2026-08-06,2026-06-30,-0.02,USD,post-market
CRVS,CORVUS PHARMACEUTICALS INCORPORATED,2026-08-06,2026-06-30,-0.17,USD,NA
CTMX,CYTOMX THERAPEUTICS INCORPORATED,2026-08-06,2026-06-30,-0.11,USD,NA
CTSO,CYTOSORBENTS CORPORATION,2026-08-06,2026-06-30,-0.05,USD,post-market
CVSA,COVISTA INCORPORATED,2026-08-06,2026-06-30,1.89,USD,post-market
CWST,CASELLA WASTE SYSTEMS INCORPORATED,2026-08-06,2026-06-30,0.27,USD,post-market
CYRX,CRYOPORT INCORPORATED,2026-08-06,2026-06-30,-0.2,USD,post-market
CYTK,CYTOKINETICS INCORPORATED,2026-08-06,2026-06-30,-1.63,USD,NA
DAN,DANA INCORPORATED,2026-08-06,2026-06-30,0.64,USD,pre-market
DBX,DROPBOX INCORPORATED,2026-08-06,2026-06-30,0.48,USD,post-market
DCGO,DOCGO INCORPORATED,2026-08-06,2026-06-30,-0.04,USD,NA
DCO,DUCOMMUN INCORPORATED,2026-08-06,2026-06-30,0.94,USD,pre-market
DDOG,DATADOG INCORPORATED,2026-08-06,2026-06-30,0.13,USD,pre-market
DH,DEFINITIVE HEALTHCARE CORPORATION,2026-08-06,2026-06-30,0.01,USD,NA
DKNG,DRAFTKINGS INCORPORATED,2026-08-06,2026-06-30,0.08,USD,post-market
DMLP,"DORCHESTER MINERALS, L.P.",2026-08-06,2026-06-30,NA,USD,NA
DNA,GINKGO BIOWORKS HOLDINGS INCORPORATED,2026-08-06,2026-06-30,NA,USD,NA
DNN,DENISON MINE CORPORATION,2026-08-06,2026-06-30,-0.01,USD,NA
DNTH,DIANTHUS THERAPEUTICS INCORPORATED,2026-08-06,2026-06-30,-0.93,USD,NA
DNUT,KRISPY KREME INCORPORATED,2026-08-06,2026-06-30,-0.04,USD,pre-market
DOCS,DOXIMITY INCORPORATED,2026-08-06,2026-06-30,0.16,USD,post-market
DSGN,DESIGN THERAPEUTICS INCORPORATED,2026-08-06,2026-06-30,-0.36,USD,NA
DSGR,DISTRIBUTION SOLUTIONS GROUP INCORPORATED,2026-08-06,2026-06-30,0.38,USD,pre-market
DTI,DRILLING TOOLS INTERNATIONAL CORPORATION,2026-08-06,2026-06-30,-0.04,USD,post-market
DTIL,PRECISION BIOSCIENCES INCORPORATED,2026-08-06,2026-06-30,-0.71,USD,NA
ED,CONSOLIDATED EDISON INCORPORATED,2026-08-06,2026-06-30,0.74,USD,post-market
EFC,ELLINGTON FINANCIAL INCORPORATED,2026-08-06,2026-06-30,0.46,USD,NA
EFXT,ENERFLEX LIMITED,2026-08-06,2026-06-30,NA,USD,NA
EGY,VAALCO ENERGY INCORPORATED,2026-08-06,2026-06-30,0.05,USD,NA
ELTX,ELICIO THERAPEUTICS INCORPORATED,2026-08-06,2026-06-30,-0.53,USD,NA
ENOV,ENOVIS CORPORATION,2026-08-06,2026-06-30,0.79,USD,pre-market
EPAM,EPAM SYSTEMS INCORPORATED,2026-08-06,2026-06-30,2.44,USD,pre-market
ESAB,ESAB CORPORATION,2026-08-06,2026-06-30,1.37,USD,pre-market
ESE,ESCO TECHNOLOGIES INCORPORATED,2026-08-06,2026-06-30,2.12,USD,post-market
ESTA,ESTABLISHMENT LABS HOLDINGS INCORPORATED,2026-08-06,2026-06-30,-0.34,USD,pre-market
ETON,ETON PHARMACEUTICALS INCORPORATED,2026-08-06,2026-06-30,0.13,USD,NA
EVH,EVOLENT HEALTH INCORPORATED,2026-08-06,2026-06-30,-0.1,USD,pre-market
EVMN,EVOMMUNE INCORPORATED,2026-08-06,2026-06-30,-0.68,USD,NA
EVRG,EVERGY INCORPORATED,2026-08-06,2026-06-30,0.81,USD,pre-market
EWTX,EDGEWISE THERAPEUTICS INCORPORATED,2026-08-06,2026-06-30,-0.48,USD,NA
EXFY,EXPENSIFY INCORPORATED,2026-08-06,2026-06-30,NA,USD,post-market
FA,FIRST ADVANTAGE CORPORATION,2026-08-06,2026-06-30,0.27,USD,pre-market
FDUS,FIDUS INVESTMENT CORPORATION,2026-08-06,2026-06-30,0.5,USD,NA
FGNX,FG NEXUS INCORPORATED,2026-08-06,2026-06-30,-6.45,USD,NA
FIGS,FIGS INCORPORATED,2026-08-06,2026-06-30,0.07,USD,post-market
FIRY,FIRY INCORPORATED,2026-08-06,2026-06-30,NA,USD,NA
FISV,FISERV INCORPORATED,2026-08-06,2026-06-30,1.89,USD,pre-market
FIVN,FIVE9 INCORPORATED,2026-08-06,2026-06-30,0.21,USD,post-market
FLL,FULL HOUSE RESORTS INCORPORATED,2026-08-06,2026-06-30,NA,USD,NA
FLUT,FLUTTER ENTERTAINMENT PUBLIC LIMITED COMPANY,2026-08-06,2026-06-30,0.23,USD,NA
FNKO,FUNKO INCORPORATED,2026-08-06,2026-06-30,NA,USD,post-market
FOX,FOX CORPORATION,2026-08-06,2026-06-30,1.15,USD,pre-market
FOXA,FOX CORPORATION,2026-08-06,2026-06-30,1.34,USD,pre-market
FOXF,FOX FACTORY HOLDING CORPORATION,2026-08-06,2026-06-30,0.16,USD,post-market
FRD,FRIEDMAN INDUSTRIES INCORPORATED,2026-08-06,2026-06-30,NA,USD,NA
FROG,JFROG LIMITED,2026-08-06,2026-06-30,-0.04,USD,post-market
FSK,FS KKR CAPITAL CORPORATION,2026-08-06,2026-06-30,0.41,USD,pre-market
FTDR,FRONTDOOR INCORPORATED,2026-08-06,2026-06-30,1.78,USD,pre-market
FUN,SIX FLAGS ENTERTAINMENT CORPORATION,2026-08-06,2026-06-30,0.28,USD,pre-market
FVR,FRONTVIEW REIT INCORPORATED,2026-08-06,2026-06-30,0.31,USD,pre-market
FWONA,LIBERTY MEDIA CORPORATION,2026-08-06,2026-06-30,0.2,USD,pre-market
FWONK,LIBERTY MEDIA CORPORATION,2026-08-06,2026-06-30,0.18,USD,pre-market
G,GENPACT LIMITED,2026-08-06,2026-06-30,0.85,USD,post-market
GAIN,GLADSTONE INVESTMENT CORPORATION,2026-08-06,2026-06-30,0.24,USD,post-market
GAU,GALIANO GOLD INCORPORATED,2026-08-06,2026-06-30,0.09,USD,post-market
GCMG,GCM GROSVENOR INCORPORATED,2026-08-06,2026-06-30,0.15,USD,NA
GCT,GIGACLOUD TECHNOLOGY INCORPORATED,2026-08-06,2026-06-30,0.85,USD,NA
GEL,"GENESIS ENERGY, L.P.",2026-08-06,2026-06-30,NA,USD,pre-market
GEN,GEN DIGITAL INCORPORATED,2026-08-06,2026-06-30,0.62,USD,post-market
GENB,GENERATE BIOMEDICINES INCORPORATED,2026-08-06,2026-06-30,-0.48,USD,NA
GEO,GEO GROUP INCORPORATED (THE),2026-08-06,2026-06-30,0.28,USD,pre-market
GEOS,GEOSPACE TECHNOLOGIES CORPORATION,2026-08-06,2026-06-30,NA,USD,NA
GEVO,GEVO INCORPORATED,2026-08-06,2026-06-30,-0.02,USD,post-market
GHI,GREYSTONE HOUSING IMPACT INVESTORS LIMITED PARTNERSHIP,2026-08-06,2026-06-30,NA,USD,NA
GHM,GRAHAM CORPORATION,2026-08-06,2026-06-30,0.36,USD,pre-market
GHRS,GH RESEARCH PUBLIC LIMITED COMPANY,2026-08-06,2026-06-30,-0.31,USD,NA
GLIBA,LIBERTY CAPITAL CORPORATION,2026-08-06,2026-06-30,1.15,USD,pre-market
GLIBK,LIBERTY CAPITAL CORPORATION,2026-08-06,2026-06-30,1.15,USD,pre-market
GLP,GLOBAL PARTNERS LIMITED PARTNERSHIP,2026-08-06,2026-06-30,1.24,USD,NA
GLUE,MONTE ROSA THERAPEUTICS INCORPORATED,2026-08-06,2026-06-30,-0.25,USD,NA
GMAB,GENMAB A/S,2026-08-06,2026-06-30,0.37,USD,pre-market
GMED,GLOBUS MEDICAL INCORPORATED,2026-08-06,2026-06-30,1.12,USD,post-market
GNE,GENIE ENERGY LIMITED,2026-08-06,2026-06-30,NA,USD,pre-market
GNLX,GENELUX CORPORATION,2026-08-06,2026-06-30,-0.2,USD,NA
GOGO,GOGO INCORPORATED,2026-08-06,2026-06-30,0.09,USD,NA
GOLF,ACUSHNET HOLDINGS CORPORATION,2026-08-06,2026-06-30,1.61,USD,pre-market
GPGI,GPGI INCORPORATED,2026-08-06,2026-06-30,0.13,USD,pre-market
GRDN,GUARDIAN PHARMACY SERVICES INCORPORATED,2026-08-06,2026-06-30,0.24,USD,post-market
GRND,GRINDR INCORPORATED,2026-08-06,2026-06-30,0.14,USD,NA
GRNT,GRANITE RIDGE RESOURCES INCORPORATED,2026-08-06,2026-06-30,0.06,USD,post-market
GROV,GROVE COLLABORATIVE HOLDINGS INCORPORATED,2026-08-06,2026-06-30,NA,USD,NA
GSAT,GLOBALSTAR INCORPORATED,2026-08-06,2026-06-30,-0.09,USD,NA
GSBD,GOLDMAN SACHS BDC INCORPORATED,2026-08-06,2026-06-30,0.31,USD,post-market
GTIM,GOOD TIMES RESTAURANTS INCORPORATED,2026-08-06,2026-06-30,NA,USD,NA
HAE,HAEMONETICS CORPORATION,2026-08-06,2026-06-30,1.07,USD,pre-market
HALO,HALOZYME THERAPEUTICS INCORPORATED,2026-08-06,2026-06-30,1.73,USD,post-market
HASI,HA SUSTAINABLE INFRASTRUCTURE CAPITAL INCORPORATED,2026-08-06,2026-06-30,0.67,USD,post-market
HCAT,HEALTH CATALYST INCORPORATED,2026-08-06,2026-06-30,-0.05,USD,NA
HCI,HCI GROUP INCORPORATED,2026-08-06,2026-06-30,5.08,USD,post-market
HEPS,D-MARKET ELECTRONIC SERVICES & TRADING,2026-08-06,2026-06-30,NA,USD,post-market
HG,HAMILTON INSURANCE GROUP LIMITED,2026-08-06,2026-06-30,0.96,USD,post-market
HGBL,HERITAGE GLOBAL INCORPORATED,2026-08-06,2026-06-30,NA,USD,post-market
HHS,HARTE HANKS INCORPORATED,2026-08-06,2026-06-30,NA,USD,NA
HIMX,HIMAX TECHNOLOGIES INCORPORATED,2026-08-06,2026-06-30,0.1,USD,pre-market
HQI,HIREQUEST INCORPORATED,2026-08-06,2026-06-30,0.12,USD,NA
HTZ,HERTZ GLOBAL HOLDINGS INCORPORATED,2026-08-06,2026-06-30,-0.29,USD,pre-market
HWM,HOWMET AEROSPACE INCORPORATED,2026-08-06,2026-06-30,1.23,USD,pre-market
IAG,IAMGOLD CORPORATION,2026-08-06,2026-06-30,0.43,USD,post-market
IBOC,INTERNATIONAL BANCSHARES CORPORATION,2026-08-06,2026-06-30,NA,USD,NA
IBP,INSTALLED BUILDING PRODUCTS INCORPORATED,2026-08-06,2026-06-30,2.41,USD,pre-market
ICFI,ICF INTERNATIONAL INCORPORATED,2026-08-06,2026-06-30,1.69,USD,post-market
ICUI,ICU MEDICAL INCORPORATED,2026-08-06,2026-06-30,1.49,USD,post-market
IDR,IDAHO STRATEGIC RESOURCES INCORPORATED,2026-08-06,2026-06-30,0.33,USD,NA
IFRX,INFLARX NAAMLOZE VENNOOTSCHAP,2026-08-06,2026-06-30,-0.08,USD,NA
IIIV,I3 VERTICALS INCORPORATED,2026-08-06,2026-06-30,0.13,USD,post-market
IMCR,IMMUNOCORE HOLDINGS PUBLIC LIMITED COMPANY,2026-08-06,2026-06-30,-0.01,USD,NA
IMKTA,INGLES MARKETS INCORPORATED,2026-08-06,2026-06-30,NA,USD,NA
IMUX,IMMUNIC INCORPORATED,2026-08-06,2026-06-30,-1.24,USD,NA
INAB,IN8BIO INCORPORATED,2026-08-06,2026-06-30,-0.61,USD,NA
INDI,INDIE SEMICONDUCTOR INCORPORATED,2026-08-06,2026-06-30,-0.14,USD,post-market
INGN,INOGEN INCORPORATED,2026-08-06,2026-06-30,-0.17,USD,post-market
INMB,INMUNE BIO INCORPORATED,2026-08-06,2026-06-30,NA,USD,NA
INOD,INNODATA INCORPORATED,2026-08-06,2026-06-30,0.2,USD,post-market
INSE,INSPIRED ENTERTAINMENT INCORPORATED,2026-08-06,2026-06-30,0.01,USD,pre-market
INSM,INSMED INCORPORATED,2026-08-06,2026-06-30,-0.69,USD,pre-market
INTS,INTENSITY THERAPEUTICS INCORPORATED,2026-08-06,2026-06-30,-0.81,USD,NA
INUV,INUVO INCORPORATED,2026-08-06,2026-06-30,NA,USD,NA
INVE,IDENTIV INCORPORATED,2026-08-06,2026-06-30,-0.16,USD,NA
IOR,INCOME OPPORTUNITY REALTY INVESTORS INCORPORATED,2026-08-06,2026-06-30,NA,USD,NA
IOVA,IOVANCE BIOTHERAPEUTICS INCORPORATED,2026-08-06,2026-06-30,-0.17,USD,NA
IRON,DISC MEDICINE INCORPORATED,2026-08-06,2026-06-30,-1.58,USD,NA
IRTC,IRHYTHM HOLDINGS INCORPORATED,2026-08-06,2026-06-30,-0.01,USD,post-market
IRWD,IRONWOOD PHARMACEUTICALS INCORPORATED,2026-08-06,2026-06-30,0.26,USD,NA
ITGR,INTEGER HOLDINGS CORPORATION,2026-08-06,2026-06-30,1.38,USD,pre-market
ITT,ITT INCORPORATED,2026-08-06,2026-06-30,1.93,USD,pre-market
IX,ORIX CORPORATION,2026-08-06,2026-06-30,NA,USD,NA
JANX,JANUX THERAPEUTICS INCORPORATED,2026-08-06,2026-06-30,-0.26,USD,NA
JHX,JAMES HARDIE INDUSTRIES PUBLIC LIMITED COMPANY,2026-08-06,2026-06-30,0.29,USD,post-market
JMIA,JUMIA TECHNOLOGIES AG,2026-08-06,2026-06-30,NA,USD,NA
JYNT,THE JOINT CORPORATION,2026-08-06,2026-06-30,0.11,USD,NA
KDK,KODIAK AI INCORPORATED,2026-08-06,2026-06-30,-0.17,USD,post-market
KDP,KEURIG DR PEPPER INCORPORATED,2026-08-06,2026-06-30,0.55,USD,pre-market
KELYA,KELLY SERVICES INCORPORATED,2026-08-06,2026-06-30,0.24,USD,pre-market
KELYB,KELLY SERVICES INCORPORATED,2026-08-06,2026-06-30,NA,USD,pre-market
KGS,KODIAK GAS SERVICES INCORPORATED,2026-08-06,2026-06-30,0.68,USD,post-market
KINS,KINGSTONE COMPANIES INCORPORATED,2026-08-06,2026-06-30,0.95,USD,post-market
KOP,KOPPERS HOLDINGS INCORPORATED,2026-08-06,2026-06-30,1.12,USD,pre-market
KRMN,KARMAN HOLDINGS INCORPORATED,2026-08-06,2026-06-30,0.13,USD,NA
KRT,KARAT PACKAGING INCORPORATED,2026-08-06,2026-06-30,0.5,USD,post-market
KURA,KURA ONCOLOGY INCORPORATED,2026-08-06,2026-06-30,-0.89,USD,NA
KVHI,KVH INDUSTRIES INCORPORATED,2026-08-06,2026-06-30,NA,USD,NA
KVUE,KENVUE INCORPORATED,2026-08-06,2026-06-30,0.32,USD,pre-market
KWY,KINGSWAY CORPORATION,2026-08-06,2026-06-30,NA,USD,NA
LAMR,LAMAR ADVERTISING COMPANY,2026-08-06,2026-06-30,2.21,USD,pre-market
LASR,NLIGHT INCORPORATED,2026-08-06,2026-06-30,-0.03,USD,post-market
LBRDA,LIBERTY BROADBAND CORPORATION,2026-08-06,2026-06-30,NA,USD,NA
LBRDK,LIBERTY BROADBAND CORPORATION,2026-08-06,2026-06-30,NA,USD,NA
LCLN,LINCOLN INTERNATIONAL INCORPORATED,2026-08-06,2026-06-30,0.14,USD,pre-market
LCUT,LIFETIME BRANDS INCORPORATED,2026-08-06,2026-06-30,-0.2,USD,pre-market
LEE,LEE ENTERPRISES INCORPORATED,2026-08-06,2026-06-30,NA,USD,NA
LEG,LEGGETT & PLATT INCORPORATED,2026-08-06,2026-06-30,0.29,USD,pre-market
LEGH,LEGACY HOUSING CORPORATION,2026-08-06,2026-06-30,0.75,USD,NA
LFST,LIFESTANCE HEALTH GROUP INCORPORATED,2026-08-06,2026-06-30,0.02,USD,pre-market
LGND,LIGAND PHARMACEUTICALS INCORPORATED,2026-08-06,2026-06-30,1.23,USD,pre-market
LIDR,AEYE INCORPORATED,2026-08-06,2026-06-30,NA,USD,post-market
LILA,LIBERTY LATIN AMERICA LIMITED,2026-08-06,2026-06-30,-0.09,USD,NA
LILAK,LIBERTY LATIN AMERICA LIMITED,2026-08-06,2026-06-30,NA,USD,NA
LION,LIONSGATE STUDIOS CP,2026-08-06,2026-06-30,-0.08,USD,post-market
LIVE,LIVE VENTURES INCORPORATED,2026-08-06,2026-06-30,NA,USD,NA
LLYVA,LIBERTY LIVE HOLDINGS INCORPORATED,2026-08-06,2026-06-30,0.42,USD,NA
LLYVK,LIBERTY LIVE HOLDINGS INCORPORATED,2026-08-06,2026-06-30,0.42,USD,NA
LNG,CHENIERE ENERGY INCORPORATED,2026-08-06,2026-06-30,2.65,USD,pre-market
LNSR,LENSAR INCORPORATED,2026-08-06,2026-06-30,NA,USD,NA
LNTH,LANTHEUS HOLDINGS INCORPORATED,2026-08-06,2026-06-30,1.11,USD,pre-market
LOAR,LOAR HOLDINGS INCORPORATED,2026-08-06,2026-06-30,0.27,USD,pre-market
LOCO,EL POLLO LOCO HOLDINGS INCORPORATED,2026-08-06,2026-06-30,0.29,USD,post-market
LOMA,LOMA NEGRA COMPANIA INDUSTRIAL ARGENTINA SOCIEDAD ANONIMA,2026-08-06,2026-06-30,NA,USD,NA
LONA,LEONABIO INCORPORATED,2026-08-06,2026-06-30,-1.9,USD,NA
LQDT,LIQUIDITY SERVICES INCORPORATED,2026-08-06,2026-06-30,0.23,USD,pre-market
LSTA,LISATA THERAPEUTICS INCORPORATED,2026-08-06,2026-06-30,NA,USD,NA
LUNR,INTUITIVE MACHINES INCORPORATED,2026-08-06,2026-06-30,-0.08,USD,NA
LX,LEXINFINTECH HOLDINGS LIMITED,2026-08-06,2026-06-30,NA,USD,NA
LYFT,LYFT INCORPORATED,2026-08-06,2026-06-30,0.17,USD,post-market
MAGN,MAGNERA CORPORATION,2026-08-06,2026-06-30,NA,USD,pre-market
MAIN,MAIN STREET CAPITAL CORPORATION,2026-08-06,2026-06-30,0.95,USD,post-market
MARA,MARA HOLDINGS INCORPORATED,2026-08-06,2026-06-30,-0.56,USD,post-market
MATW,MATTHEWS INTERNATIONAL CORPORATION,2026-08-06,2026-06-30,0.41,USD,post-market
MBX,MBX BIOSCIENCES INCORPORATED,2026-08-06,2026-06-30,-0.68,USD,NA
MCHP,MICROCHIP TECHNOLOGY INCORPORATED,2026-08-06,2026-06-30,0.59,USD,NA
MDRR,MEDALIST DIVERSIFIED INCORPORATED,2026-08-06,2026-06-30,NA,USD,NA
MDU,MDU RESOURCES GROUP INCORPORATED,2026-08-06,2026-06-30,0.08,USD,pre-market
MDV,MODIV INDUSTRIAL INCORPORATED,2026-08-06,2026-06-30,0.37,USD,NA
MERC,MERCER INTERNATIONAL INCORPORATED,2026-08-06,2026-06-30,NA,USD,post-market
MFIC,MIDCAP FINANCIAL INVESTMENT CORPORATION,2026-08-06,2026-06-30,0.36,USD,pre-market
MITK,MITEK SYSTEMS INCORPORATED,2026-08-06,2026-06-30,0.21,USD,NA
MKTW,MARKETWISE INCORPORATED,2026-08-06,2026-06-30,0.55,USD,NA
MMI,MARCUS & MILLICHAP INCORPORATED,2026-08-06,2026-06-30,NA,USD,pre-market
MMS,MAXIMUS INCORPORATED,2026-08-06,2026-06-30,2.2,USD,pre-market
MNR,MACH NATURAL RESOURCES LIMITED PARTNERSHIP,2026-08-06,2026-06-30,0.34,USD,NA
MNST,MONSTER BEVERAGE CORPORATION,2026-08-06,2026-06-30,0.59,USD,NA
MP,MP MATERIALS CORPORATION,2026-08-06,2026-06-30,-0.01,USD,post-market
MRVI,MARAVAI LIFESCIENCES HOLDINGS INCORPORATED,2026-08-06,2026-06-30,-0.07,USD,post-market
MSDL,MORGAN STANLEY DIRECT LENDING FUND,2026-08-06,2026-06-30,0.44,USD,post-market
MTSI,MACOM TECHNOLOGY SOLUTIONS HOLDINGS INCORPORATED,2026-08-06,2026-06-30,1.04,USD,pre-market
MTVA,METAVIA INCORPORATED,2026-08-06,2026-06-30,-0.85,USD,NA
MTW,MANITOWOC COMPANY INCORPORATED (THE),2026-08-06,2026-06-30,NA,USD,NA
MVIS,MICROVISION INCORPORATED,2026-08-06,2026-06-30,NA,USD,NA
NABL,N-ABLE INCORPORATED,2026-08-06,2026-06-30,0.05,USD,NA
NAVI,NAVIENT CORPORATION,2026-08-06,2026-06-30,0.19,USD,post-market
NBIS,NEBIUS GROUP NAAMLOZE VENNOOTSCHAP,2026-08-06,2026-06-30,-0.67,USD,NA
NCDL,NUVEEN CHURCHILL DIRECT LENDING CORPORATION,2026-08-06,2026-06-30,0.38,USD,pre-market
NEPH,NEPHROS INCORPORATED,2026-08-06,2026-06-30,0.01,USD,NA
NET,CLOUDFLARE INCORPORATED,2026-08-06,2026-06-30,-0.03,USD,post-market
NGVC,NATURAL GROCERS BY VITAMIN COTTAGE INCORPORATED,2026-08-06,2026-06-30,NA,USD,NA
NKTR,NEKTAR THERAPEUTICS,2026-08-06,2026-06-30,-1.94,USD,NA
NMAD,NOMAD POWER SOLUTIONS INCORPORATED,2026-08-06,2026-06-30,NA,USD,NA
NNI,NELNET INCORPORATED,2026-08-06,2026-06-30,NA,USD,post-market
NOG,NORTHERN OIL AND GAS INCORPORATED,2026-08-06,2026-06-30,1,USD,post-market
NRDS,NERDWALLET INCORPORATED,2026-08-06,2026-06-30,0.08,USD,post-market
NRDY,NERDY INCORPORATED,2026-08-06,2026-06-30,-0.04,USD,NA
NREF,NEXPOINT REAL ESTATE FINANCE INCORPORATED,2026-08-06,2026-06-30,0.38,USD,pre-market
NSIT,INSIGHT ENTERPRISES INCORPORATED,2026-08-06,2026-06-30,2.82,USD,pre-market
NSYS,NORTECH SYSTEMS INCORPORATED,2026-08-06,2026-06-30,NA,USD,NA
NTCT,NETSCOUT SYSTEMS INCORPORATED,2026-08-06,2026-06-30,0.2,USD,pre-market
NTGR,NETGEAR INCORPORATED,2026-08-06,2026-06-30,-0.16,USD,post-market
NTLA,INTELLIA THERAPEUTICS INCORPORATED,2026-08-06,2026-06-30,-0.8,USD,NA
NTRA,NATERA INCORPORATED,2026-08-06,2026-06-30,-0.47,USD,NA
NUTX,NUTEX HEALTH INCORPORATED,2026-08-06,2026-06-30,5.26,USD,post-market
NUVB,NUVATION BIO INCORPORATED,2026-08-06,2026-06-30,-0.15,USD,pre-market
NVMI,NOVA LIMITED,2026-08-06,2026-06-30,2.23,USD,pre-market
NXST,NEXSTAR MEDIA GROUP INCORPORATED,2026-08-06,2026-06-30,6.54,USD,pre-market
NXTC,NEXTCURE INCORPORATED,2026-08-06,2026-06-30,-1.98,USD,NA
OABI,OMNIAB INCORPORATED,2026-08-06,2026-06-30,-0.11,USD,post-market
OFRM,"ONCE UPON A FARM, PBC",2026-08-06,2026-06-30,-0.18,USD,NA
OM,OUTSET MEDICAL INCORPORATED,2026-08-06,2026-06-30,-0.88,USD,post-market
OMDA,OMADA HEALTH INCORPORATED,2026-08-06,2026-06-30,-0.01,USD,post-market
ONL,ORION PROPERTIES INCORPORATED,2026-08-06,2026-06-30,NA,USD,post-market
ONTO,ONTO INNOVATION INCORPORATED,2026-08-06,2026-06-30,1.68,USD,post-market
OPAL,OPAL FUELS INCORPORATED,2026-08-06,2026-06-30,NA,USD,NA
OPRX,OPTIMIZERX CORPORATION,2026-08-06,2026-06-30,0.01,USD,NA
OPTU,OPTIMUM COMMUNICATIONS INCORPORATED,2026-08-06,2026-06-30,-0.17,USD,NA
ORGO,ORGANOGENESIS HOLDINGS INCORPORATED,2026-08-06,2026-06-30,NA,USD,post-market
ORIO,ORION DIGITAL CORPORATION,2026-08-06,2026-06-30,0.01,USD,NA
OSCR,OSCAR HEALTH INCORPORATED,2026-08-06,2026-06-30,0.45,USD,pre-market
OSG,OCTAVE SPECIALTY GROUP INCORPORATED,2026-08-06,2026-06-30,-0.01,USD,post-market
OTEX,OPEN TEXT CORPORATION,2026-08-06,2026-06-30,1.03,USD,pre-market
OUST,OUSTER INCORPORATED,2026-08-06,2026-06-30,-0.31,USD,post-market
OWLT,OWLET INCORPORATED,2026-08-06,2026-06-30,-0.08,USD,NA
OXSQ,OXFORD SQUARE CAPITAL CORPORATION,2026-08-06,2026-06-30,NA,USD,NA
PANL,PANGAEA LOGISTICS SOLUTIONS LIMITED,2026-08-06,2026-06-30,0.21,USD,NA
PAR,PAR TECHNOLOGY CORPORATION,2026-08-06,2026-06-30,-0.09,USD,post-market
PAYO,PAYONEER GLOBAL INCORPORATED,2026-08-06,2026-06-30,0.05,USD,pre-market
PBH,PRESTIGE CONSUMER HEALTHCARE INCORPORATED,2026-08-06,2026-06-30,0.89,USD,pre-market
PBR,PETROLEO BRASILEIRO SOCIEDAD ANÓNIMA- PETROBRAS,2026-08-06,2026-06-30,1.35,USD,post-market
PBR.A,PETROLEO BRASILEIRO SOCIEDAD ANÓNIMA- PETROBRAS,2026-08-06,2026-06-30,NA,USD,post-market
PBYI,PUMA BIOTECHNOLOGY INCORPORATED,2026-08-06,2026-06-30,0.08,USD,NA
PCSA,PROCESSA PHARMACEUTICALS INCORPORATED,2026-08-06,2026-06-30,NA,USD,NA
PCT,PURECYCLE TECHNOLOGIES INCORPORATED,2026-08-06,2026-06-30,-0.27,USD,NA
PDFS,PDF SOLUTIONS INCORPORATED,2026-08-06,2026-06-30,0.12,USD,post-market
PDYN,PALLADYNE AI CORPORATION,2026-08-06,2026-06-30,-0.23,USD,pre-market
PENN,PENN ENTERTAINMENT INCORPORATED,2026-08-06,2026-06-30,0.35,USD,pre-market
PEPG,PEPGEN INCORPORATED,2026-08-06,2026-06-30,-0.3,USD,NA
PESI,PERMA-FIX ENVIRONMENTAL SERVICES INCORPORATED,2026-08-06,2026-06-30,NA,USD,NA
PGNY,PROGYNY INCORPORATED,2026-08-06,2026-06-30,0.28,USD,post-market
PH,PARKER-HANNIFIN CORPORATION,2026-08-06,2026-06-30,8.3,USD,NA
PK,PARK HOTELS & RESORTS INCORPORATED,2026-08-06,2026-06-30,0.57,USD,post-market
PLNT,PLANET FITNESS INCORPORATED,2026-08-06,2026-06-30,0.85,USD,pre-market
PLRX,PLIANT THERAPEUTICS INCORPORATED,2026-08-06,2026-06-30,-0.33,USD,NA
PLSE,PULSE BIOSCIENCES INCORPORATED,2026-08-06,2026-06-30,-0.31,USD,post-market
PLTK,PLAYTIKA HOLDING CORPORATION,2026-08-06,2026-06-30,0.15,USD,pre-market
PLUS,EPLUS INCORPORATED,2026-08-06,2026-06-30,0.97,USD,NA
PMVP,PMV PHARMACEUTICALS INCORPORATED,2026-08-06,2026-06-30,-0.38,USD,NA
POST,POST HOLDINGS INCORPORATED,2026-08-06,2026-06-30,1.63,USD,post-market
PRDO,PERDOCEO EDUCATION CORPORATION,2026-08-06,2026-06-30,0.8,USD,post-market
PRM,"PERIMETER SOLUTIONS, SA",2026-08-06,2026-06-30,0.43,USD,NA
PRME,PRIME MEDICINE INCORPORATED,2026-08-06,2026-06-30,-0.24,USD,NA
PROF,PROFOUND MEDICAL CORPORATION,2026-08-06,2026-06-30,-0.22,USD,post-market
PRQR,PROQR THERAPEUTICS NAAMLOZE VENNOOTSCHAP,2026-08-06,2026-06-30,-0.14,USD,NA
PRTH,PRIORITY TECHNOLOGY HOLDINGS INCORPORATED,2026-08-06,2026-06-30,0.28,USD,pre-market
PRVA,PRIVIA HEALTH GROUP INCORPORATED,2026-08-06,2026-06-30,0.08,USD,pre-market
PSIX,POWER SOLUTIONS INTERNATIONAL INCORPORATED,2026-08-06,2026-06-30,NA,USD,post-market
PTON,PELOTON INTERACTIVE INCORPORATED,2026-08-06,2026-06-30,0.11,USD,NA
PUBM,PUBMATIC INCORPORATED,2026-08-06,2026-06-30,-0.16,USD,post-market
PZZA,PAPA JOHN'S INTERNATIONAL INCORPORATED,2026-08-06,2026-06-30,0.43,USD,pre-market
QBTS,D-WAVE QUANTUM INCORPORATED,2026-08-06,2026-06-30,-0.12,USD,pre-market
QNRX,QUOIN PHARMACEUTICALS LIMITED,2026-08-06,2026-06-30,-1.83,USD,NA
QNST,QUINSTREET INCORPORATED,2026-08-06,2026-06-30,0.3,USD,post-market
QSR,RESTAURANT BRANDS INTERNATIONAL INCORPORATED,2026-08-06,2026-06-30,1.03,USD,pre-market
QTI,QT IMAGING HOLDINGS INCORPORATED,2026-08-06,2026-06-30,NA,USD,NA
QTRX,QUANTERIX CORPORATION,2026-08-06,2026-06-30,NA,USD,NA
RANI,RANI THERAPEUTICS HOLDINGS INCORPORATED,2026-08-06,2026-06-30,-0.05,USD,NA
RAPP,RAPPORT THERAPEUTICS INCORPORATED,2026-08-06,2026-06-30,-0.93,USD,NA
RC,READY CAPITAL CORPORATION,2026-08-06,2026-06-30,-0.25,USD,NA
RCAT,RED CAT HOLDINGS INCORPORATED,2026-08-06,2026-06-30,-0.2,USD,post-market
RCEL,AVITA MEDICAL INCORPORATED,2026-08-06,2026-06-30,NA,USD,post-market
RCKT,ROCKET PHARMACEUTICALS INCORPORATED,2026-08-06,2026-06-30,0.28,USD,NA
REAL,THE REALREAL INCORPORATED,2026-08-06,2026-06-30,-0.08,USD,post-market
REAX,THE REAL BROKERAGE INCORPORATED,2026-08-06,2026-06-30,0,USD,pre-market
REFR,RESEARCH FRONTIERS INCORPORATED,2026-08-06,2026-06-30,NA,USD,NA
REPL,REPLIMUNE GROUP INCORPORATED,2026-08-06,2026-06-30,-0.66,USD,NA
REVB,REVELATION BIOSCIENCES INCORPORATED,2026-08-06,2026-06-30,-0.83,USD,NA
RGA,REINSURANCE GROUP OF AMERICA INCORPORATED,2026-08-06,2026-06-30,6.51,USD,post-market
RGNX,REGENXBIO INCORPORATED,2026-08-06,2026-06-30,0.12,USD,NA
RHLD,RESOLUTE HOLDINGS MANAGEMENT,2026-08-06,2026-06-30,NA,USD,NA
RHP,RYMAN HOSPITALITY PROPERTIES INCORPORATED,2026-08-06,2026-06-30,2.53,USD,post-market
RILY,BRC GROUP HOLDINGS INCORPORATED,2026-08-06,2026-06-30,NA,USD,post-market
RL,RALPH LAUREN CORPORATION,2026-08-06,2026-06-30,4.26,USD,pre-market
RLAY,RELAY THERAPEUTICS INCORPORATED,2026-08-06,2026-06-30,-0.41,USD,NA
RLJ,RLJ LODGING TRUST,2026-08-06,2026-06-30,0.44,USD,post-market
RLMD,RELMADA THERAPEUTICS INCORPORATED,2026-08-06,2026-06-30,-0.21,USD,post-market
RLYB,RALLYBIO CORPORATION,2026-08-06,2026-06-30,NA,USD,NA
RMD,RESMED INCORPORATED,2026-08-06,2026-06-30,2.9,USD,post-market
RNAC,CARTESIAN THERAPEUTICS INCORPORATED,2026-08-06,2026-06-30,-0.82,USD,NA
RSG,REPUBLIC SERVICES INCORPORATED,2026-08-06,2026-06-30,1.81,USD,post-market
RWAY,RUNWAY GROWTH FINANCE CORPORATION,2026-08-06,2026-06-30,0.29,USD,post-market
RXO,RXO INCORPORATED,2026-08-06,2026-06-30,0.04,USD,pre-market
RXT,RACKSPACE TECHNOLOGY INCORPORATED,2026-08-06,2026-06-30,-0.09,USD,NA
RZC,REINSURANCE GROUP OF AMERICA INCORPORATED,2026-08-06,2026-06-30,NA,USD,post-market
SABR,SABRE CORPORATION,2026-08-06,2026-06-30,-0.1,USD,pre-market
SABS,SAB BIOTHERAPEUTICS INCORPORATED,2026-08-06,2026-06-30,-0.29,USD,NA
SARO,STANDARDAERO INCORPORATED,2026-08-06,2026-06-30,0.34,USD,post-market
SDHC,SMITH DOUGLAS HOMES CORPORATION,2026-08-06,2026-06-30,0.12,USD,pre-market
SENEA,SENECA FOODS CORPORATION,2026-08-06,2026-06-30,NA,USD,NA
SENEB,SENECA FOODS CORPORATION,2026-08-06,2026-06-30,NA,USD,NA
SENS,SENSEONICS HOLDINGS INCORPORATED,2026-08-06,2026-06-30,-0.55,USD,post-market
SERV,SERVE ROBOTICS INCORPORATED,2026-08-06,2026-06-30,-0.69,USD,post-market
SEZL,SEZZLE INCORPORATED,2026-08-06,2026-06-30,0.95,USD,post-market
SG,SWEETGREEN INCORPORATED,2026-08-06,2026-06-30,-0.13,USD,post-market
SGA,SAGA COMMUNICATIONS INCORPORATED,2026-08-06,2026-06-30,-0.18,USD,NA
SGI,SOMNIGROUP INTERNATIONAL INCORPORATED,2026-08-06,2026-06-30,0.58,USD,pre-market
SHC,SOTERA HEALTH COMPANY,2026-08-06,2026-06-30,0.22,USD,pre-market
SHO,SUNSTONE HOTEL INVESTORS INCORPORATED,2026-08-06,2026-06-30,0.29,USD,pre-market
SI,SHOULDER INNOVATIONS INCORPORATED,2026-08-06,2026-06-30,-0.46,USD,post-market
SKIN,SKINHEALTH SYSTEMS INCORPORATED,2026-08-06,2026-06-30,-0.04,USD,post-market
SKYE,SKYE BIOSCIENCE INCORPORATED,2026-08-06,2026-06-30,-0.29,USD,NA
SLF,SUN LIFE FINANCIAL INCORPORATED,2026-08-06,2026-06-30,1.39,USD,post-market
SLN,SILENCE THERAPEUTICS PUBLIC LIMITED COMPANY,2026-08-06,2026-06-30,-0.32,USD,NA
SNES,SENESTECH INCORPORATED,2026-08-06,2026-06-30,-0.37,USD,NA
SNOA,SONOMA PHARMACEUTICALS INCORPORATED,2026-08-06,2026-06-30,NA,USD,NA
SNTI,SENTI BIOSCIENCES HOLDINGS INCORPORATED,2026-08-06,2026-06-30,-0.33,USD,NA
SOBR,SOBR SAFE INCORPORATED,2026-08-06,2026-06-30,NA,USD,NA
SONY,SONY GROUP CORPORATION,2026-08-06,2026-06-30,0.33,USD,NA
SPH,"SUBURBAN PROPANE PARTNERS, L.P.",2026-08-06,2026-06-30,-0.17,USD,pre-market
SPT,SPROUT SOCIAL INCORPORATED,2026-08-06,2026-06-30,-0.15,USD,post-market
SRE,SEMPRA,2026-08-06,2026-06-30,1.01,USD,pre-market
SRRK,SCHOLAR ROCK HOLDING CORPORATION,2026-08-06,2026-06-30,-0.84,USD,pre-market
SRTS,SENSUS HEALTHCARE INCORPORATED,2026-08-06,2026-06-30,NA,USD,NA
SSII,SS INNOVATIONS INTERNATIONAL INCORPORATED,2026-08-06,2026-06-30,NA,USD,NA
SSP,E.W. SCRIPPS COMPANY (THE),2026-08-06,2026-06-30,-0.31,USD,post-market
SSTK,SHUTTERSTOCK INCORPORATED,2026-08-06,2026-06-30,0.28,USD,pre-market
STEP,STEPSTONE GROUP INCORPORATED,2026-08-06,2026-06-30,0.52,USD,post-market
STHO,STAR HOLDINGS,2026-08-06,2026-06-30,NA,USD,NA
STRO,SUTRO BIOPHARMA INCORPORATED,2026-08-06,2026-06-30,-2.09,USD,NA
STRW,STRAWBERRY FIELDS REIT INCORPORATED,2026-08-06,2026-06-30,0.34,USD,post-market
STWD,STARWOOD PROPERTY TRUST INCORPORATED,2026-08-06,2026-06-30,0.37,USD,pre-market
SUIG,SUI GROUP HOLDINGS LIMITED,2026-08-06,2026-06-30,-0.12,USD,post-market
SUNS,SUNRISE REALTY TRUST INCORPORATED,2026-08-06,2026-06-30,0.27,USD,pre-market
SYNA,SYNAPTICS INCORPORATED,2026-08-06,2026-06-30,0.38,USD,post-market
TAP,MOLSON COORS BEVERAGE COMPANY,2026-08-06,2026-06-30,1.52,USD,pre-market
TAP.A,MOLSON COORS BEVERAGE COMPANY,2026-08-06,2026-06-30,NA,USD,pre-market
TBCH,TURTLE BEACH CORPORATION,2026-08-06,2026-06-30,-0.3,USD,NA
TCBS,TEXAS COMMUNITY BANCSHARES INCORPORATED,2026-08-06,2026-06-30,NA,USD,NA
TCI,TRANSCONTINENTAL REALTY INVESTORS INCORPORATED,2026-08-06,2026-06-30,NA,USD,NA
TCPC,BLACKROCK TCP CAPITAL CORPORATION,2026-08-06,2026-06-30,0.2,USD,pre-market
TCX,TUCOWS INCORPORATED,2026-08-06,2026-06-30,NA,USD,NA
TDAY,USA TODAY COMPANY INCORPORATED,2026-08-06,2026-06-30,NA,USD,pre-market
TEAD,TEADS HOLDING COMPANY,2026-08-06,2026-06-30,NA,USD,NA
TEAM,ATLASSIAN CORPORATION,2026-08-06,2026-06-30,0.32,USD,post-market
TECX,TECTONIC THERAPEUTIC INCORPORATED,2026-08-06,2026-06-30,-1.4,USD,NA
TFX,TELEFLEX INCORPORATED,2026-08-06,2026-06-30,1.28,USD,pre-market
TH,TARGET HOSPITALITY CORPORATION,2026-08-06,2026-06-30,-0.1,USD,NA
TIGO,MILLICOM INTERNATIONAL CELLULAR SOCIEDAD ANÓNIMA,2026-08-06,2026-06-30,0.54,USD,NA
TLSI,TRISALUS LIFE SCIENCES INCORPORATED,2026-08-06,2026-06-30,NA,USD,post-market
TM,TOYOTA MOTOR CORPORATION LIMITED ORD,2026-08-06,2026-06-30,NA,USD,NA
TMCI,TREACE MEDICAL CONCEPTS INCORPORATED,2026-08-06,2026-06-30,-0.3,USD,NA
TNDM,TANDEM DIABETES CARE INCORPORATED,2026-08-06,2026-06-30,-0.34,USD,post-market
TRC,TEJON RANCH COMPANY,2026-08-06,2026-06-30,0.02,USD,NA
TRGP,TARGA RESOURCES INCORPORATED,2026-08-06,2026-06-30,2.65,USD,NA
TRIP,TRIPADVISOR INCORPORATED,2026-08-06,2026-06-30,0.24,USD,pre-market
TRVI,TREVI THERAPEUTICS INCORPORATED,2026-08-06,2026-06-30,-0.11,USD,NA
TSQ,TOWNSQUARE MEDIA INCORPORATED,2026-08-06,2026-06-30,0.19,USD,pre-market
TTD,THE TRADE DESK INCORPORATED,2026-08-06,2026-06-30,0.22,USD,post-market
TTEC,TTEC HOLDINGS INCORPORATED,2026-08-06,2026-06-30,0.17,USD,NA
TTGT,TECHTARGET INCORPORATED,2026-08-06,2026-06-30,NA,USD,post-market
TWLO,TWILIO INCORPORATED,2026-08-06,2026-06-30,0.59,USD,post-market
TXG,10X GENOMICS INCORPORATED,2026-08-06,2026-06-30,-0.23,USD,post-market
TXRH,TEXAS ROADHOUSE INCORPORATED,2026-08-06,2026-06-30,1.9,USD,post-market
U,UNITY SOFTWARE INCORPORATED,2026-08-06,2026-06-30,0.08,USD,pre-market
UE,URBAN EDGE PROPERTIES,2026-08-06,2026-06-30,0.38,USD,post-market
UEIC,UNIVERSAL ELECTRONICS INCORPORATED,2026-08-06,2026-06-30,NA,USD,NA
ULBI,ULTRALIFE CORPORATION,2026-08-06,2026-06-30,NA,USD,NA
UP,WHEELS UP EXPERIENCE INCORPORATED,2026-08-06,2026-06-30,NA,USD,NA
URGN,UROGEN PHARMA LIMITED,2026-08-06,2026-06-30,-0.38,USD,NA
USFD,US FOODS HOLDING CORPORATION,2026-08-06,2026-06-30,1.3,USD,pre-market
UWMC,UWM HOLDINGS CORPORATION,2026-08-06,2026-06-30,0.09,USD,NA
VAC,MARRIOTT VACATIONS WORLDWIDE CORPORATION,2026-08-06,2026-06-30,1.98,USD,pre-market
VCTR,VICTORY CAPITAL HOLDINGS INCORPORATED,2026-08-06,2026-06-30,1.78,USD,NA
VEEE,TWIN VEE POWERCATS COMPANY,2026-08-06,2026-06-30,NA,USD,NA
VERI,VERITONE INCORPORATED,2026-08-06,2026-06-30,NA,USD,NA
VHI,VALHI INCORPORATED,2026-08-06,2026-06-30,NA,USD,post-market
VIA,VIA TRANSPORTATION INCORPORATED,2026-08-06,2026-06-30,-0.2,USD,pre-market
VISN,VISTANCE NETWORKS INCORPORATED,2026-08-06,2026-06-30,0.25,USD,pre-market
VITL,VITAL FARMS INCORPORATED,2026-08-06,2026-06-30,-0.45,USD,pre-market
VNT,VONTIER CORPORATION,2026-08-06,2026-06-30,0.81,USD,pre-market
VREX,VAREX IMAGING CORPORATION,2026-08-06,2026-06-30,0.22,USD,NA
VRM,VROOM INCORPORATED,2026-08-06,2026-06-30,NA,USD,NA
VSNT,VERSANT MEDIA GROUP INCORPORATED,2026-08-06,2026-06-30,1.39,USD,pre-market
VSTM,VERASTEM INCORPORATED,2026-08-06,2026-06-30,-0.46,USD,post-market
VTEX,VTEX,2026-08-06,2026-06-30,0.04,USD,post-market
VTGN,VISTAGEN THERAPEUTICS INCORPORATED,2026-08-06,2026-06-30,-0.29,USD,NA
VTRS,VIATRIS INCORPORATED,2026-08-06,2026-06-30,0.62,USD,pre-market
VYX,NCR VOYIX CORPORATION,2026-08-06,2026-06-30,0.09,USD,NA
WBD,WARNER BROS. DISCOVERY INCORPORATED,2026-08-06,2026-06-30,-0.12,USD,NA
WD,WALKER & DUNLOP INCORPORATED,2026-08-06,2026-06-30,NA,USD,pre-market
WEAV,WEAVE COMMUNICATIONS INCORPORATED,2026-08-06,2026-06-30,-0.07,USD,post-market
WEST,WESTROCK COFFEE COMPANY,2026-08-06,2026-06-30,-0.05,USD,post-market
WFCF,WHERE FOOD COMES FROM INCORPORATED,2026-08-06,2026-06-30,NA,USD,NA
WHF,WHITEHORSE FINANCE INCORPORATED,2026-08-06,2026-06-30,0.26,USD,NA
WHG,WESTWOOD HOLDINGS GROUP INCORPORATED,2026-08-06,2026-06-30,NA,USD,post-market
WHWK,WHITEHAWK THERAPEUTICS INCORPORATED,2026-08-06,2026-06-30,-0.3,USD,NA
WLDN,WILLDAN GROUP INCORPORATED,2026-08-06,2026-06-30,1.02,USD,post-market
WMG,WARNER MUSIC GROUP CORPORATION,2026-08-06,2026-06-30,0.38,USD,post-market
WMS,ADVANCED DRAINAGE SYSTEMS INCORPORATED,2026-08-06,2026-06-30,2.19,USD,pre-market
WPM,WHEATON PRECIOUS METALS CORPORATION,2026-08-06,2026-06-30,1.13,USD,post-market
WRBY,WARBY PARKER INCORPORATED,2026-08-06,2026-06-30,0.05,USD,pre-market
WRN,WESTERN COPPER AND GOLD CORPORATION,2026-08-06,2026-06-30,-0.01,USD,NA
WSC,WILLSCOT HOLDINGS CORPORATION,2026-08-06,2026-06-30,0.24,USD,post-market
WTM,WHITE MOUNTAINS INSURANCE GROUP LIMITED,2026-08-06,2026-06-30,NA,USD,NA
WW,WW INTERNATIONAL INCORPORATED,2026-08-06,2026-06-30,1.15,USD,NA
WWR,WESTWATER RESOURCES INCORPORATED,2026-08-06,2026-06-30,NA,USD,NA
XERS,XERIS BIOPHARMA HOLDINGS INCORPORATED,2026-08-06,2026-06-30,0.02,USD,pre-market
XPOF,XPONENTIAL FITNESS INCORPORATED,2026-08-06,2026-06-30,0.09,USD,NA
XRAY,DENTSPLY SIRONA INCORPORATED,2026-08-06,2026-06-30,0.36,USD,post-market
XZO,EXZEO GROUP INCORPORATED,2026-08-06,2026-06-30,0.24,USD,post-market
YELP,YELP INCORPORATED,2026-08-06,2026-06-30,0.32,USD,NA
YPF,YPF SOCIEDAD ANONIMA,2026-08-06,2026-06-30,2.84,USD,NA
ZD,ZIFF DAVIS INCORPORATED,2026-08-06,2026-06-30,NA,USD,post-market
ZLAB,ZAI LAB LIMITED,2026-08-06,2026-06-30,NA,USD,pre-market
ZTS,ZOETIS INCORPORATED,2026-08-06,2026-06-30,1.84,USD,pre-market
ZYME,ZYMEWORKS INCORPORATED,2026-08-06,2026-06-30,-0.39,USD,post-market
ABR,ARBOR REALTY TRUST,2026-08-07,2026-06-30,0.07,USD,NA
ACMR,ACM RESEARCH INCORPORATED,2026-08-07,2026-06-30,0.21,USD,pre-market
AIRS,AIRSCULPT TECHNOLOGIES INCORPORATED,2026-08-07,2026-06-30,NA,USD,NA
ASIX,ADVANSIX INCORPORATED,2026-08-07,2026-06-30,NA,USD,pre-market
ATMU,ATMUS FILTRATION TECHNOLOGIES INCORPORATED,2026-08-07,2026-06-30,0.79,USD,pre-market
AU,ANGLOGOLD ASHANTI PUBLIC LIMITED COMPANY,2026-08-07,2026-06-30,2.02,USD,NA
BRK.A,BERKSHIRE HATHAWAY INCORPORATED,2026-08-07,2026-06-30,NA,USD,NA
BRK.B,BERKSHIRE HATHAWAY INCORPORATED,2026-08-07,2026-06-30,5.24,USD,NA
CLMT,CALUMET INCORPORATED,2026-08-07,2026-06-30,-0.23,USD,pre-market
CTEV,CLARITEV CORPORATION,2026-08-07,2026-06-30,-4.1,USD,pre-market
DCBO,DOCEBO INCORPORATED,2026-08-07,2026-06-30,0.24,USD,pre-market
ECHO,ECHOSTAR CORPORATION,2026-08-07,2026-06-30,-0.28,USD,NA
EMA,EMERA INCORPORATED,2026-08-07,2026-06-30,0.51,USD,pre-market
ESCA,ESCALADE INCORPORATED,2026-08-07,2026-06-30,NA,USD,NA
ESNT,ESSENT GROUP LIMITED,2026-08-07,2026-06-30,1.77,USD,pre-market
FLR,FLUOR CORPORATION,2026-08-07,2026-06-30,0.73,USD,pre-market
GTN,GRAY MEDIA INCORPORATED,2026-08-07,2026-06-30,-0.08,USD,pre-market
GTN.A,GRAY MEDIA INCORPORATED,2026-08-07,2026-06-30,NA,USD,pre-market
HE,HAWAIIAN ELECTRIC INDUSTRIES INCORPORATED,2026-08-07,2026-06-30,NA,USD,post-market
IESC,IES HOLDINGS INCORPORATED,2026-08-07,2026-06-30,NA,USD,NA
IMMR,IMMERSION CORPORATION,2026-08-07,2026-04-30,0.05,USD,NA
IRMD,IRADIMED CORPORATION,2026-08-07,2026-06-30,0.42,USD,NA
JOUT,JOHNSON OUTDOORS INCORPORATED,2026-08-07,2026-06-30,0.68,USD,pre-market
KRP,KIMBELL ROYALTY PARTNERS,2026-08-07,2026-06-30,0.25,USD,pre-market
LPG,DORIAN LPG LIMITED,2026-08-07,2026-06-30,NA,USD,NA
MBGL,MOBILITY GLOBAL INCORPORATED,2026-08-07,2026-06-30,NA,USD,pre-market
MDA,MDA SPACE LIMITED,2026-08-07,2026-06-30,0.24,USD,pre-market
MITT,TPG MORTGAGE INVESTMENT TRUST INCORPORATED,2026-08-07,2026-06-30,0.26,USD,NA
MKTX,MARKETAXESS HOLDINGS INCORPORATED,2026-08-07,2026-06-30,1.88,USD,pre-market
OCGN,OCUGEN INCORPORATED,2026-08-07,2026-06-30,-0.05,USD,NA
OPY,OPPENHEIMER HOLDINGS INCORPORATED,2026-08-07,2026-06-30,NA,USD,NA
PAA,"PLAINS ALL AMERICAN PIPELINE, L.P.",2026-08-07,2026-06-30,0.4,USD,pre-market
PAX,PATRIA INVESTMENTS LIMITED,2026-08-07,2026-06-30,0.29,USD,NA
PPL,PPL CORPORATION,2026-08-07,2026-06-30,0.35,USD,pre-market
ROAD,CONSTRUCTION PARTNERS INCORPORATED,2026-08-07,2026-06-30,1.06,USD,pre-market
SLVM,SYLVAMO CORPORATION,2026-08-07,2026-06-30,0.2,USD,pre-market
SPB,SPECTRUM BRANDS HOLDINGS INCORPORATED,2026-08-07,2026-06-30,1.49,USD,pre-market
TILE,INTERFACE INCORPORATED,2026-08-07,2026-06-30,0.63,USD,pre-market
TRLV,TRULIEVE CANNABIS CORPORATION,2026-08-07,2026-06-30,0.06,USD,pre-market
TTWO,TAKE-TWO INTERACTIVE SOFTWARE INCORPORATED,2026-08-07,2026-06-30,0.08,USD,pre-market
TU,TELUS CORPORATION,2026-08-07,2026-06-30,0.16,USD,NA
TUSK,MAMMOTH ENERGY SERVICES INCORPORATED,2026-08-07,2026-06-30,NA,USD,pre-market
TXNM,TXNM ENERGY INCORPORATED,2026-08-07,2026-06-30,NA,USD,NA
UA,UNDER ARMOUR INCORPORATED,2026-08-07,2026-06-30,NA,USD,pre-market
UAA,UNDER ARMOUR INCORPORATED,2026-08-07,2026-06-30,0.02,USD,pre-market
VST,VISTRA CORPORATION,2026-08-07,2026-06-30,2.41,USD,pre-market
WEN,WENDY'S COMPANY (THE),2026-08-07,2026-06-30,0.16,USD,pre-market
ZSTK,ZEROSTACK CORPORATION,2026-08-07,2026-06-30,NA,USD,NA
AAON,AAON INCORPORATED,2026-08-10,2026-06-30,0.53,USD,post-market
ACH,ACCENDRA HEALTH INCORPORATED,2026-08-10,2026-06-30,-0.13,USD,NA
ACHR,ARCHER AVIATION INCORPORATED,2026-08-10,2026-06-30,-0.34,USD,NA
ACM,AECOM,2026-08-10,2026-06-30,1.54,USD,post-market
ACVA,ACV AUCTIONS INCORPORATED,2026-08-10,2026-06-30,-0.05,USD,post-market
AD,ARRAY DIGITAL INFRASTRUCTURE INCORPORATED,2026-08-10,2026-06-30,0.27,USD,NA
AGEN,AGENUS INCORPORATED,2026-08-10,2026-06-30,0.05,USD,NA
AIOT,POWERFLEET INCORPORATED,2026-08-10,2026-06-30,0.02,USD,NA
AIV,APARTMENT INVESTMENT AND MANAGEMENT COMPANY,2026-08-10,2026-06-30,NA,USD,NA
AKTS,AKTIS ONCOLOGY INCORPORATED,2026-08-10,2026-06-30,-0.44,USD,NA
ALC,ALCON INCORPORATED,2026-08-10,2026-06-30,0.77,USD,post-market
ALMR,ALAMAR BIOSCIENCES INCORPORATED,2026-08-10,2026-06-30,-0.36,USD,post-market
ALTI,ALTI GLOBAL INCORPORATED,2026-08-10,2026-06-30,0.05,USD,NA
AMOD,ALPHA MODUS HOLDINGS INCORPORATED,2026-08-10,2026-06-30,NA,USD,NA
APC,ARKO PETROLEUM CORPORATION,2026-08-10,2026-06-30,0.36,USD,NA
APEI,AMERICAN PUBLIC EDUCATION INCORPORATED,2026-08-10,2026-06-30,0.36,USD,post-market
APGE,APOGEE THERAPEUTICS INCORPORATED,2026-08-10,2026-06-30,-1.1,USD,NA
APVO,APTEVO THERAPEUTICS INCORPORATED,2026-08-10,2026-06-30,-6.01,USD,NA
AQST,AQUESTIVE THERAPEUTICS INCORPORATED,2026-08-10,2026-06-30,-0.1,USD,NA
ARCT,ARCTURUS THERAPEUTICS HOLDINGS INCORPORATED,2026-08-10,2026-06-30,-1.07,USD,NA
ARKR,ARK RESTAURANTS CORPORATION,2026-08-10,2026-06-30,NA,USD,NA
ARQ,ARQ INCORPORATED,2026-08-10,2026-06-30,0,USD,post-market
ASTS,AST SPACEMOBILE INCORPORATED,2026-08-10,2026-06-30,-0.28,USD,NA
ATRA,ATARA BIOTHERAPEUTICS INCORPORATED,2026-08-10,2026-06-30,NA,USD,NA
AVBP,ARRIVENT BIOPHARMA INCORPORATED,2026-08-10,2026-06-30,-0.98,USD,NA
AVR,ANTERIS TECHNOLOGIES GLOBAL CORPORATION,2026-08-10,2026-06-30,NA,USD,NA
AXSM,AXSOME THERAPEUTICS INCORPORATED,2026-08-10,2026-06-30,-0.99,USD,pre-market
AZTR,AZITRA INCORPORATED,2026-08-10,2026-06-30,-0.21,USD,NA
B,BARRICK MINING CORPORATION,2026-08-10,2026-06-30,0.81,USD,pre-market
BALY,BALLY'S CORPORATION,2026-08-10,2026-06-30,-2.1,USD,NA
BCDA,BIOCARDIA INCORPORATED,2026-08-10,2026-06-30,-0.19,USD,NA
BHST,BIOHARVEST SCIENCES INCORPORATED,2026-08-10,2026-06-30,-0.13,USD,NA
BHVN,BIOHAVEN LIMITED,2026-08-10,2026-06-30,-0.77,USD,NA
BKD,BROOKDALE SENIOR LIVING INCORPORATED,2026-08-10,2026-06-30,-0.04,USD,post-market
BKKT,BAKKT INCORPORATED,2026-08-10,2026-06-30,NA,USD,NA
BLTE,BELITE BIO INCORPORATED,2026-08-10,2026-06-30,-0.73,USD,NA
BW,BABCOCK & WILCOX ENTERPRISES INCORPORATED,2026-08-10,2026-06-30,0.03,USD,NA
BWMN,BOWMAN CONSULTING GROUP LIMITED,2026-08-10,2026-06-30,0.23,USD,post-market
BZH,BEAZER HOMES USA INCORPORATED,2026-08-10,2026-06-30,-0.34,USD,post-market
CAMT,CAMTEK LIMITED,2026-08-10,2026-06-30,0.67,USD,pre-market
CAPR,CAPRICOR THERAPEUTICS INCORPORATED,2026-08-10,2026-06-30,-0.58,USD,NA
CBLL,CERIBELL INCORPORATED,2026-08-10,2026-06-30,-0.45,USD,post-market
CEVA,CEVA INCORPORATED,2026-08-10,2026-06-30,-0.12,USD,pre-market
CMCL,CALEDONIA MINING CORPORATION PUBLIC LIMITED COMPANY,2026-08-10,2026-06-30,NA,USD,NA
CMPX,COMPASS THERAPEUTICS INCORPORATED,2026-08-10,2026-06-30,-0.1,USD,NA
CNNE,CANNAE HOLDINGS INCORPORATED,2026-08-10,2026-06-30,-0.5,USD,NA
CPSS,CONSUMER PORTFOLIO SERVICES INCORPORATED,2026-08-10,2026-06-30,NA,USD,NA
CRC,CALIFORNIA RESOURCES CORPORATION,2026-08-10,2026-06-30,1.31,USD,pre-market
CVKD,CADRENAL THERAPEUTICS INCORPORATED,2026-08-10,2026-06-30,-1.42,USD,NA
CWCO,CONSOLIDATED WATER COMPANY LIMITED,2026-08-10,2026-06-30,0.22,USD,NA
DNLI,DENALI THERAPEUTICS INCORPORATED,2026-08-10,2026-06-30,-0.72,USD,NA
DOLE,DOLE PUBLIC LIMITED COMPANY,2026-08-10,2026-06-30,0.5,USD,pre-market
DOMH,DOMINARI HOLDINGS INCORPORATED,2026-08-10,2026-06-30,NA,USD,NA
DPRO,DRAGANFLY INCORPORATED,2026-08-10,2026-06-30,-0.11,USD,NA
DRTS,ALPHA TAU MEDICAL LIMITED,2026-08-10,2026-06-30,-0.14,USD,NA
DSP,VIANT TECHNOLOGY INCORPORATED,2026-08-10,2026-06-30,-0.1,USD,post-market
EDN,EMPRESA DISTRIBUIDORA Y COMERCIALIZADORA NORTE SOCIEDAD ANÓNIMA (EDENOR),2026-08-10,2026-06-30,NA,USD,NA
EDRY,EURODRY LIMITED,2026-08-10,2026-06-30,1.18,USD,NA
EIKN,EIKON THERAPEUTICS INCORPORATED,2026-08-10,2026-06-30,-1.61,USD,NA
ENTA,ENANTA PHARMACEUTICALS INCORPORATED,2026-08-10,2026-06-30,-0.37,USD,NA
ESOA,ENERGY SERVICES OF AMERICA CORPORATION,2026-08-10,2026-06-30,NA,USD,NA
EU,ENCORE ENERGY CORPORATION,2026-08-10,2026-06-30,-0.1,USD,NA
EXOD,EXODUS MOVEMENT INCORPORATED,2026-08-10,2026-06-30,-0.14,USD,NA
FCUV,FOCUS UNIVERSAL INCORPORATED,2026-08-10,2026-06-30,NA,USD,NA
FDMT,4D MOLECULAR THERAPEUTICS INCORPORATED,2026-08-10,2026-06-30,-1.04,USD,NA
FERG,FERGUSON ENTERPRISES INCORPORATED,2026-08-10,2026-06-30,3.23,USD,pre-market
FF,FUTUREFUEL CORPORATION,2026-08-10,2026-06-30,NA,USD,NA
FGI,FGI INDUSTRIES LIMITED,2026-08-10,2026-06-30,-0.23,USD,NA
FSTR,L.B. FOSTER COMPANY,2026-08-10,2026-06-30,0.41,USD,NA
GAIA,GAIA INCORPORATED,2026-08-10,2026-06-30,-0.13,USD,NA
GDOT,GREEN DOT CORPORATION,2026-08-10,2026-06-30,0.31,USD,NA
GETY,GETTY IMAGES HOLDINGS INCORPORATED,2026-08-10,2026-06-30,0.01,USD,NA
GPRE,GREEN PLAINS INCORPORATED,2026-08-10,2026-06-30,0.78,USD,NA
GPRO,GOPRO INCORPORATED,2026-08-10,2026-06-30,-0.01,USD,NA
GRWG,GROWGENERATION CORPORATION,2026-08-10,2026-06-30,-0.04,USD,NA
GYRE,GYRE THERAPEUTICS INCORPORATED,2026-08-10,2026-06-30,-0.08,USD,NA
HBIO,HARVARD BIOSCIENCE INCORPORATED,2026-08-10,2026-06-30,NA,USD,NA
HFFG,HF FOODS GROUP INCORPORATED,2026-08-10,2026-06-30,0.05,USD,NA
HIMS,HIMS & HERS HEALTH INCORPORATED,2026-08-10,2026-06-30,-0.07,USD,post-market
HMR,HEIDMAR MARITIME HOLDINGS CORPORATION,2026-08-10,2026-06-30,0.1,USD,NA
HNRG,HALLADOR ENERGY COMPANY,2026-08-10,2026-06-30,-0.11,USD,NA
HPK,HIGHPEAK ENERGY INCORPORATED,2026-08-10,2026-06-30,0.02,USD,NA
HROW,HARROW INCORPORATED,2026-08-10,2026-06-30,-0.23,USD,NA
HUMA,HUMACYTE INCORPORATED,2026-08-10,2026-06-30,-0.1,USD,NA
IAUX,I-80 GOLD CORPORATION,2026-08-10,2026-06-30,-0.03,USD,post-market
IHRT,IHEARTMEDIA INCORPORATED,2026-08-10,2026-06-30,-0.21,USD,post-market
IMDX,INSIGHT MOLECULAR DIAGNOSTICS INCORPORATED,2026-08-10,2026-06-30,NA,USD,NA
IMVT,IMMUNOVANT INCORPORATED,2026-08-10,2026-06-30,-0.66,USD,NA
IMXI,INTERNATIONAL MONEY EXPRESS INCORPORATED,2026-08-10,2026-06-30,0.51,USD,NA
INR,INFINITY NATURAL RESOURCES INCORPORATED,2026-08-10,2026-06-30,0.88,USD,NA
JBS,JBS NAAMLOZE VENNOOTSCHAP,2026-08-10,2026-06-30,0.26,USD,post-market
KBDC,KAYNE ANDERSON BDC INCORPORATED,2026-08-10,2026-06-30,0.39,USD,post-market
KGEI,KOLIBRI GLOBAL ENERGY INCORPORATED,2026-08-10,2026-06-30,0.21,USD,NA
KODK,EASTMAN KODAK COMPANY,2026-08-10,2026-06-30,NA,USD,NA
KPTI,KARYOPHARM THERAPEUTICS INCORPORATED,2026-08-10,2026-06-30,-1.25,USD,NA
KSPI,JOINT STOCK COMPANY KASPI.KZ,2026-08-10,2026-06-30,2.78,USD,pre-market
KYMR,KYMERA THERAPEUTICS INCORPORATED,2026-08-10,2026-06-30,-0.64,USD,NA
KYNB,KYNTRA BIO INCORPORATED,2026-08-10,2026-06-30,-3.18,USD,NA
LEGN,LEGEND BIOTECH CORPORATION,2026-08-10,2026-06-30,0.12,USD,NA
LIF,LIFE360 INCORPORATED,2026-08-10,2026-06-30,NA,USD,NA
LINC,LINCOLN EDUCATIONAL SERVICES CORPORATION,2026-08-10,2026-06-30,0,USD,pre-market
LPSN,LIVEPERSON INCORPORATED,2026-08-10,2026-06-30,-1.22,USD,NA
LTBR,LIGHTBRIDGE CORPORATION,2026-08-10,2026-06-30,NA,USD,NA
MAIA,MAIA BIOTECHNOLOGY INCORPORATED,2026-08-10,2026-06-30,-0.11,USD,NA
MDCX,MEDICUS PHARMA LIMITED,2026-08-10,2026-06-30,-0.14,USD,NA
MDIA,MEDIACO HOLDING INCORPORATED,2026-08-10,2026-06-30,NA,USD,NA
MNDO,MIND C.T.I. LIMITED,2026-08-10,2026-06-30,NA,USD,NA
MNDY,MONDAY.COM LIMITED,2026-08-10,2026-06-30,0.34,USD,pre-market
MPAA,MOTORCAR PARTS OF AMERICA INCORPORATED,2026-08-10,2026-06-30,NA,USD,NA
MRCY,MERCURY SYSTEMS INCORPORATED,2026-08-10,2026-06-30,0.2,USD,NA
MVST,MICROVAST HOLDINGS INCORPORATED,2026-08-10,2026-06-30,NA,USD,NA
MYO,MYOMO INCORPORATED,2026-08-10,2026-06-30,-0.09,USD,NA
NGNE,NEUROGENE INCORPORATED,2026-08-10,2026-06-30,-1.39,USD,NA
NGS,NATURAL GAS SERVICES GROUP INCORPORATED,2026-08-10,2026-06-30,0.37,USD,NA
NHI,NATIONAL HEALTH INVESTORS INCORPORATED,2026-08-10,2026-06-30,1.26,USD,post-market
NIQ,NIQ GLOBAL INTELLIGENCE PUBLIC LIMITED COMPANY,2026-08-10,2026-06-30,0.18,USD,post-market
NIU,NIU TECHNOLOGIES,2026-08-10,2026-06-30,NA,USD,pre-market
NPWR,NET POWER INCORPORATED,2026-08-10,2026-06-30,NA,USD,NA
NUS,NU SKIN ENTERPRISES INCORPORATED,2026-08-10,2026-06-30,0.2,USD,post-market
NYAX,NAYAX LIMITED,2026-08-10,2026-06-30,0.09,USD,pre-market
OKLO,OKLO INCORPORATED,2026-08-10,2026-06-30,-0.17,USD,NA
OLMA,OLEMA PHARMACEUTICALS INCORPORATED,2026-08-10,2026-06-30,-0.53,USD,NA
ORKA,ORUKA THERAPEUTICS INCORPORATED,2026-08-10,2026-06-30,-0.49,USD,NA
ORLA,ORLA MINING LIMITED,2026-08-10,2026-06-30,0.33,USD,NA
PAL,PROFICIENT AUTO LOGISTICS INCORPORATED,2026-08-10,2026-06-30,0.01,USD,NA
PALI,PALISADE BIO INCORPORATED,2026-08-10,2026-06-30,-0.05,USD,NA
PERI,PERION NETWORK LIMITED,2026-08-10,2026-06-30,-0.1,USD,pre-market
PFLT,PENNANTPARK FLOATING RATE CAPITAL LIMITED,2026-08-10,2026-06-30,0.27,USD,post-market
PIII,P3 HEALTH PARTNERS INCORPORATED,2026-08-10,2026-06-30,NA,USD,post-market
PLUG,PLUG POWER INCORPORATED,2026-08-10,2026-06-30,-0.08,USD,NA
PNNT,PENNANTPARK INVESTMENT CORPORATION,2026-08-10,2026-06-30,0.14,USD,post-market
POET,POET TECHNOLOGIES INCORPORATED,2026-08-10,2026-06-30,-0.08,USD,NA
POWW,OUTDOOR HOLDING COMPANY,2026-08-10,2026-06-30,-0.02,USD,pre-market
PRSO,PERASO INCORPORATED,2026-08-10,2026-06-30,-0.19,USD,NA
QNCX,QUINCE THERAPEUTICS INCORPORATED,2026-08-10,2026-06-30,NA,USD,NA
QRHC,QUEST RESOURCE HOLDING CORPORATION,2026-08-10,2026-06-30,-0.06,USD,NA
RDNT,RADNET INCORPORATED,2026-08-10,2026-06-30,0.18,USD,pre-market
RDNW,RIDENOW GROUP INCORPORATED,2026-08-10,2026-06-30,NA,USD,NA
RGCO,RGC RESOURCES INCORPORATED,2026-08-10,2026-06-30,NA,USD,NA
RICK,RCI HOSPITALITY HOLDINGS INCORPORATED,2026-08-10,2026-06-30,NA,USD,NA
RKLB,ROCKET LAB CORPORATION,2026-08-10,2026-06-30,-0.07,USD,post-market
ROIV,ROIVANT SCIENCES LIMITED,2026-08-10,2026-06-30,-0.45,USD,NA
RPAY,REPAY HOLDINGS CORPORATION,2026-08-10,2026-06-30,0.15,USD,NA
RPD,RAPID7 INCORPORATED,2026-08-10,2026-06-30,0.11,USD,post-market
RR,RICHTECH ROBOTICS INCORPORATED,2026-08-10,2026-06-30,NA,USD,NA
RUM,RUM GROUP INCORPORATED,2026-08-10,2026-06-30,-0.1,USD,NA
SANA,SANA BIOTECHNOLOGY INCORPORATED,2026-08-10,2026-06-30,-0.15,USD,NA
SBS,COMPANHIA DE SANEAMENTO BASICO DO ESTADO DE SAO PAULO - SABESP,2026-08-10,2026-06-30,NA,USD,NA
SDRL,SEADRILL LIMITED,2026-08-10,2026-06-30,0.29,USD,pre-market
SEPN,SEPTERNA INCORPORATED,2026-08-10,2026-06-30,-0.48,USD,NA
SER,SERINA THERAPEUTICS INCORPORATED,2026-08-10,2026-06-30,NA,USD,NA
SION,SIONNA THERAPEUTICS INCORPORATED,2026-08-10,2026-06-30,-0.64,USD,NA
SMC,SUMMIT MIDSTREAM CORPORATION,2026-08-10,2026-06-30,-0.37,USD,NA
SNDA,SONIDA SENIOR LIVING INCORPORATED,2026-08-10,2026-06-30,-0.09,USD,NA
SPG,SIMON PROPERTY GROUP INCORPORATED,2026-08-10,2026-06-30,3.18,USD,post-market
SPRU,SPRUCE POWER HOLDING CORPORATION,2026-08-10,2026-06-30,NA,USD,NA
SVM,SILVERCORP METALS INCORPORATED,2026-08-10,2026-06-30,0.21,USD,post-market
TARA,PROTARA THERAPEUTICS INCORPORATED,2026-08-10,2026-06-30,-0.33,USD,NA
TCMD,TACTILE SYSTEMS TECHNOLOGY INCORPORATED,2026-08-10,2026-06-30,0.14,USD,post-market
TDS,TELEPHONE AND DATA SYSTEMS INCORPORATED,2026-08-10,2026-06-30,0.09,USD,NA
TELA,TELA BIO INCORPORATED,2026-08-10,2026-06-30,-0.17,USD,post-market
TLF,TANDY LEATHER FACTORY INCORPORATED,2026-08-10,2026-06-30,NA,USD,NA
TLS,TELOS CORPORATION,2026-08-10,2026-06-30,-0.08,USD,NA
TNXP,TONIX PHARMACEUTICALS HOLDING CORPORATION,2026-08-10,2026-06-30,-2.71,USD,NA
TOVX,THERIVA BIOLOGICS INCORPORATED,2026-08-10,2026-06-30,NA,USD,NA
TPST,TEMPEST THERAPEUTICS INCORPORATED,2026-08-10,2026-06-30,-0.3,USD,NA
TTRX,TURN THERAPEUTICS INCORPORATED,2026-08-10,2026-06-30,NA,USD,NA
UPWK,UPWORK INCORPORATED,2026-08-10,2026-06-30,NA,USD,post-market
USAR,USA RARE EARTH INCORPORATED,2026-08-10,2026-06-30,-0.07,USD,NA
USAS,AMERICAS GOLD AND SILVER CORPORATION,2026-08-10,2026-06-30,0.02,USD,NA
VFF,VILLAGE FARMS INTERNATIONAL INCORPORATED,2026-08-10,2026-06-30,0.01,USD,pre-market
VHUB,VENHUB GLOBAL INCORPORATED,2026-08-10,2026-06-30,NA,USD,NA
VTAK,CATHETER PRECISION INCORPORATED,2026-08-10,2026-06-30,NA,USD,NA
VTSI,VIRTRA INCORPORATED,2026-08-10,2026-06-30,-0.09,USD,NA
WPRT,WESTPORT FUEL SYSTEMS INCORPORATED,2026-08-10,2026-06-30,-0.45,USD,NA
XENE,XENON PHARMACEUTICALS INCORPORATED,2026-08-10,2026-06-30,-1.16,USD,NA
YALA,YALLA GROUP LIMITED,2026-08-10,2026-06-30,NA,USD,NA
AAME,ATLANTIC AMERICAN CORPORATION,2026-08-11,2026-06-30,NA,USD,NA
ABOS,ACUMEN PHARMACEUTICALS INCORPORATED,2026-08-11,2026-06-30,-0.39,USD,NA
ABSI,ABSCI CORPORATION,2026-08-11,2026-06-30,-0.17,USD,post-market
ACCS,ACCESS NEWSWIRE INCORPORATED,2026-08-11,2026-06-30,0.07,USD,NA
ADCT,ADC THERAPEUTICS SA,2026-08-11,2026-06-30,-0.19,USD,NA
AEON,AEON BIOPHARMA INCORPORATED,2026-08-11,2026-06-30,NA,USD,NA
AIB,AIB DATA CENTERS INCORPORATED,2026-08-11,2026-06-30,-0.01,USD,NA
AII,AMERICAN INTEGRITY INSURANCE GROUP INCORPORATED,2026-08-11,2026-06-30,0.81,USD,NA
ALCO,ALICO INCORPORATED,2026-08-11,2026-06-30,-0.73,USD,NA
ALH,ALLIANCE LAUNDRY HOLDINGS INCORPORATED,2026-08-11,2026-06-30,0.35,USD,NA
ALT,ALTIMMUNE INCORPORATED,2026-08-11,2026-06-30,-0.15,USD,NA
ALXO,ALX ONCOLOGY HOLDINGS INCORPORATED,2026-08-11,2026-06-30,-0.15,USD,NA
AMTM,AMENTUM HOLDINGS INCORPORATED,2026-08-11,2026-06-30,0.59,USD,pre-market
ANTA,ANTALPHA PLATFORM HOLDING COMPANY,2026-08-11,2026-06-30,0.08,USD,NA
ANTX,AN2 THERAPEUTICS INCORPORATED,2026-08-11,2026-06-30,NA,USD,NA
ANVS,ANNOVIS BIO INCORPORATED,2026-08-11,2026-06-30,-0.44,USD,NA
AP,AMPCO-PITTSBURGH CORPORATION,2026-08-11,2026-06-30,NA,USD,NA
APRE,APREA THERAPEUTICS INCORPORATED,2026-08-11,2026-06-30,-0.23,USD,NA
ARMK,ARAMARK,2026-08-11,2026-06-30,0.48,USD,pre-market
ARMP,ARMATA PHARMACEUTICALS INCORPORATED,2026-08-11,2026-06-30,-0.48,USD,NA
ASTI,ASCENT SOLAR TECHNOLOGIES INCORPORATED,2026-08-11,2026-06-30,-0.19,USD,NA
ATEX,ANTERIX INCORPORATED,2026-08-11,2026-06-30,-0.58,USD,NA
ATOS,ATOSSA THERAPEUTICS INCORPORATED,2026-08-11,2026-06-30,-1.04,USD,NA
AUTL,AUTOLUS THERAPEUTICS PUBLIC LIMITED COMPANY,2026-08-11,2026-06-30,-0.28,USD,NA
AVAL,GRUPO AVAL ACCIONES Y VALORES SOCIEDAD ANÓNIMA,2026-08-11,2026-06-30,0.12,USD,NA
AVXL,ANAVEX LIFE SCIENCES CORPORATION,2026-08-11,2026-06-30,-0.08,USD,NA
BBGI,BEASLEY BROADCAST GROUP INCORPORATED,2026-08-11,2026-06-30,NA,USD,NA
BBOT,BRIDGEBIO ONCOLOGY THERAPEUTICS INCORPORATED,2026-08-11,2026-06-30,-0.55,USD,NA
BCAX,BICARA THERAPEUTICS INCORPORATED,2026-08-11,2026-06-30,-0.77,USD,NA
BDCI,BTC DEVELOPMENT CORPORATION,2026-08-11,2026-06-30,NA,USD,NA
BDL,FLANIGAN'S ENTERPRISES INCORPORATED,2026-08-11,2026-06-30,NA,USD,NA
BEEP,MOBILE INFRASTRUCTURE CORPORATION,2026-08-11,2026-06-30,-0.09,USD,post-market
BORR,BORR DRILLING LIMITED,2026-08-11,2026-06-30,-0.11,USD,post-market
BRCB,BLACK ROCK COFFEE BAR INCORPORATED,2026-08-11,2026-06-30,0.07,USD,post-market
BRTX,BIORESTORATIVE THERAPIES INCORPORATED,2026-08-11,2026-06-30,-0.15,USD,NA
BSIN,BIG SKY INDUSTRIAL INCORPORATED,2026-08-11,2026-06-30,-0.05,USD,NA
BTAI,BIOXCEL THERAPEUTICS INCORPORATED,2026-08-11,2026-06-30,-0.5,USD,NA
BWEN,BROADWIND INCORPORATED,2026-08-11,2026-06-30,-0.01,USD,NA
CABR,CARING BRANDS INCORPORATED,2026-08-11,2026-06-30,NA,USD,NA
CAH,CARDINAL HEALTH INCORPORATED,2026-08-11,2026-06-30,2.42,USD,pre-market
CALC,CALCIMEDICA INCORPORATED,2026-08-11,2026-06-30,-0.33,USD,NA
CAVA,CAVA GROUP INCORPORATED,2026-08-11,2026-06-30,0.17,USD,post-market
CDNL,CARDINAL INFRASTRUCTURE GROUP INCORPORATED,2026-08-11,2026-06-30,0.46,USD,NA
CENN,CENNTRO INCORPORATED,2026-08-11,2026-06-30,NA,USD,NA
CLYM,CLIMB BIO INCORPORATED,2026-08-11,2026-06-30,-0.22,USD,NA
CMCT,CREATIVE MEDIA,2026-08-11,2026-06-30,-0.51,USD,NA
COYA,COYA THERAPEUTICS INCORPORATED,2026-08-11,2026-06-30,-0.36,USD,NA
CPBI,CENTRAL PLAINS BANCSHARES INCORPORATED,2026-08-11,2026-06-30,NA,USD,NA
CRBU,CARIBOU BIOSCIENCES INCORPORATED,2026-08-11,2026-06-30,-0.33,USD,NA
CRWV,COREWEAVE INCORPORATED,2026-08-11,2026-06-30,-1.31,USD,NA
CSHR,COINSHARES PUBLIC LIMITED COMPANY,2026-08-11,2026-06-30,NA,USD,NA
CTOR,CITIUS ONCOLOGY INCORPORATED,2026-08-11,2026-06-30,NA,USD,NA
CTXR,CITIUS PHARMACEUTICALS INCORPORATED,2026-08-11,2026-06-30,-0.36,USD,NA
CUB,LIONHEART HOLDINGS,2026-08-11,2026-06-30,NA,USD,NA
CUE,CUE BIOPHARMA INCORPORATED,2026-08-11,2026-06-30,NA,USD,NA
CVV,CVD EQUIPMENT CORPORATION,2026-08-11,2026-06-30,NA,USD,NA
CXAI,CXAPP INCORPORATED,2026-08-11,2026-06-30,NA,USD,NA
DCOY,DECOY THERAPEUTICS INCORPORATED,2026-08-11,2026-06-30,NA,USD,NA
DDI,DOUBLEDOWN INTERACTIVE COMPANY LIMITED,2026-08-11,2026-06-30,0.61,USD,NA
DERM,JOURNEY MEDICAL CORPORATION,2026-08-11,2026-06-30,-0.01,USD,NA
DFSC,DEFSEC TECHNOLOGIES INCORPORATED,2026-08-11,2026-06-30,NA,USD,NA
DMAC,DIAMEDICA THERAPEUTICS INCORPORATED,2026-08-11,2026-06-30,-0.19,USD,NA
DPC,DPC HOLDINGS PUBLIC LIMITED COMPANY,2026-08-11,2026-06-30,0.08,USD,pre-market
DRIO,DARIOHEALTH CORPORATION,2026-08-11,2026-06-30,-1.19,USD,NA
DWSN,DAWSON GEOPHYSICAL COMPANY,2026-08-11,2026-06-30,NA,USD,NA
EDIT,EDITAS MEDICINE INCORPORATED,2026-08-11,2026-06-30,-0.3,USD,NA
EFOI,ENERGY FOCUS INCORPORATED,2026-08-11,2026-06-30,NA,USD,NA
EHLD,EUROHOLDINGS LIMITED,2026-08-11,2026-06-30,NA,USD,NA
ELAB,PMGC HOLDINGS INCORPORATED,2026-08-11,2026-06-30,NA,USD,NA
ELSE,ELECTRO-SENSORS INCORPORATED,2026-08-11,2026-06-30,NA,USD,NA
EML,EASTERN COMPANY (THE),2026-08-11,2026-06-30,NA,USD,post-market
EMPD,EMPERY DIGITAL INCORPORATED,2026-08-11,2026-06-30,NA,USD,NA
EPRX,EUPRAXIA PHARMACEUTICALS INCORPORATED,2026-08-11,2026-06-30,-0.25,USD,NA
ERAS,ERASCA INCORPORATED,2026-08-11,2026-06-30,-0.12,USD,NA
EROC,EROCK INCORPORATED,2026-08-11,2026-06-30,-0.31,USD,post-market
ESLT,ELBIT SYSTEMS LIMITED,2026-08-11,2026-06-30,3.57,USD,pre-market
ETOR,ETORO GROUP LIMITED,2026-08-11,2026-06-30,0.61,USD,pre-market
EVLV,EVOLV TECHNOLOGIES HOLDINGS INCORPORATED,2026-08-11,2026-06-30,-0.06,USD,post-market
EXOZ,EXOZYMES INCORPORATED,2026-08-11,2026-06-30,NA,USD,NA
FATE,FATE THERAPEUTICS INCORPORATED,2026-08-11,2026-06-30,-0.28,USD,NA
FDSB,FIFTH DISTRICT BANCORP INCORPORATED,2026-08-11,2026-06-30,NA,USD,NA
FENG,PHOENIX NEW MEDIA LIMITED,2026-08-11,2026-06-30,NA,USD,NA
FLD,FOLD HOLDINGS INCORPORATED,2026-08-11,2026-06-30,-0.16,USD,NA
FLOC,FLOWCO HOLDINGS INCORPORATED,2026-08-11,2026-06-30,0.37,USD,pre-market
FLY,FIREFLY AEROSPACE INCORPORATED,2026-08-11,2026-06-30,-0.5,USD,post-market
FMST,FOREMOST CLEAN ENERGY LIMITED,2026-08-11,2026-06-30,NA,USD,NA
FNV,FRANCO-NEVADA CORPORATION,2026-08-11,2026-06-30,1.95,USD,post-market
FTHM,FATHOM HOLDINGS INCORPORATED,2026-08-11,2026-06-30,NA,USD,NA
FTW,PRESIDIO PRODUCTION COMPANY,2026-08-11,2026-06-30,0.08,USD,post-market
GANX,GAIN THERAPEUTICS INCORPORATED,2026-08-11,2026-06-30,-0.14,USD,NA
GBR,NEW CONCEPT ENERGY INCORPORATED,2026-08-11,2026-06-30,NA,USD,NA
GCTS,GCT SEMICONDUCTOR HOLDING INCORPORATED,2026-08-11,2026-06-30,-0.08,USD,NA
GDC,GD CULTURE GROUP LIMITED,2026-08-11,2026-06-30,NA,USD,NA
GGR,GOGORO INCORPORATED,2026-08-11,2026-06-30,NA,USD,NA
GRAL,GRAIL INCORPORATED,2026-08-11,2026-06-30,-2.91,USD,NA
GRCE,GRACE THERAPEUTICS INCORPORATED,2026-08-11,2026-06-30,NA,USD,NA
GRNQ,GREENPRO CAPITAL CORPORATION,2026-08-11,2026-06-30,NA,USD,NA
GTEN,GORES HOLDINGS X INCORPORATED,2026-08-11,2026-06-30,NA,USD,NA
GUTS,FRACTYL HEALTH INCORPORATED,2026-08-11,2026-06-30,-0.15,USD,NA
HOUR,HOUR LOOP INCORPORATED,2026-08-11,2026-06-30,NA,USD,NA
HRB,H&R BLOCK INCORPORATED,2026-08-11,2026-06-30,2.23,USD,NA
HSLV,HIGHLANDER SILVER CORPORATION,2026-08-11,2026-06-30,NA,USD,NA
HUYA,HUYA INCORPORATED,2026-08-11,2026-06-30,NA,USD,pre-market
HYFM,HYDROFARM HOLDINGS GROUP INCORPORATED,2026-08-11,2026-06-30,NA,USD,NA
HYLN,HYLIION HOLDINGS CORPORATION,2026-08-11,2026-06-30,-0.09,USD,NA
HYNE,HOYNE BANCORP INCORPORATED,2026-08-11,2026-06-30,NA,USD,NA
ICMB,INVESTCORP CREDIT MANAGEMENT BDC INCORPORATED,2026-08-11,2026-06-30,NA,USD,NA
IDN,INTELLICHECK INCORPORATED,2026-08-11,2026-06-30,0.03,USD,NA
IFS,INTERCORP FINANCIAL SERVICES INCORPORATED,2026-08-11,2026-06-30,1.45,USD,post-market
IHS,IHS HOLDING LIMITED,2026-08-11,2026-06-30,NA,USD,NA
IMCC,IM CANNABIS CORPORATION,2026-08-11,2026-06-30,NA,USD,NA
IMOS,CHIPMOS TECHNOLOGIES INCORPORATED,2026-08-11,2026-06-30,NA,USD,NA
INO,INOVIO PHARMACEUTICALS INCORPORATED,2026-08-11,2026-06-30,-0.25,USD,NA
INTZ,INTRUSION INCORPORATED,2026-08-11,2026-06-30,-0.1,USD,NA
IPM,INTELLIGENT PROTECTION MANAGEMENT CORPORATION,2026-08-11,2026-06-30,NA,USD,NA
IRIX,IRIDEX CORPORATION,2026-08-11,2026-06-30,NA,USD,NA
IZEA,IZEA WORLDWIDE INCORPORATED,2026-08-11,2026-06-30,NA,USD,NA
JBI,JANUS INTERNATIONAL GROUP INCORPORATED,2026-08-11,2026-06-30,0.13,USD,pre-market
JRSH,JERASH HOLDINGS (US) INCORPORATED,2026-08-11,2026-06-30,NA,USD,NA
KAPA,KAIROS PHARMA LIMITED,2026-08-11,2026-06-30,-0.09,USD,NA
KEEL,KEEL INFRASTRUCTURE CORPORATION,2026-08-11,2026-06-30,-0.08,USD,NA
KITT,NAUTICUS ROBOTICS INCORPORATED,2026-08-11,2026-06-30,NA,USD,NA
KLC,KINDERCARE LEARNING COMPANIES INCORPORATED,2026-08-11,2026-06-30,0.1,USD,NA
KOPN,KOPIN CORPORATION,2026-08-11,2026-06-30,-0.01,USD,NA
KRRO,KORRO BIO INCORPORATED,2026-08-11,2026-06-30,-1.54,USD,NA
KSCP,KNIGHTSCOPE INCORPORATED,2026-08-11,2026-06-30,-0.49,USD,NA
KYTX,KYVERNA THERAPEUTICS INCORPORATED,2026-08-11,2026-06-30,-0.67,USD,NA
LAND,GLADSTONE LAND CORPORATION,2026-08-11,2026-06-30,0.02,USD,post-market
LBRX,LB PHARMACEUTICALS INCORPORATED,2026-08-11,2026-06-30,-0.84,USD,NA
LCTX,LINEAGE CELL THERAPEUTICS INCORPORATED,2026-08-11,2026-06-30,-0.03,USD,NA
LGO,LARGO INCORPORATED,2026-08-11,2026-06-30,NA,USD,NA
LHAI,LINKHOME HOLDINGS INCORPORATED,2026-08-11,2026-06-30,NA,USD,NA
LITE,LUMENTUM HOLDINGS INCORPORATED,2026-08-11,2026-06-30,2.62,USD,post-market
LMRI,LUMEXA IMAGING HOLDINGS INCORPORATED,2026-08-11,2026-06-30,0.03,USD,NA
LQDA,LIQUIDIA CORPORATION,2026-08-11,2026-06-30,0.7,USD,NA
LWAY,LIFEWAY FOODS INCORPORATED,2026-08-11,2026-06-30,NA,USD,NA
LYEL,LYELL IMMUNOPHARMA INCORPORATED,2026-08-11,2026-06-30,-1.94,USD,NA
MANE,VERADERMICS INCORPORATED,2026-08-11,2026-06-30,-0.58,USD,NA
MAZE,MAZE THERAPEUTICS INCORPORATED,2026-08-11,2026-06-30,-0.76,USD,NA
MBOT,MICROBOT MEDICAL INCORPORATED,2026-08-11,2026-06-30,-0.08,USD,NA
MBRX,MOLECULIN BIOTECH INCORPORATED,2026-08-11,2026-06-30,-1.53,USD,NA
MCHX,MARCHEX INCORPORATED,2026-08-11,2026-06-30,0.01,USD,NA
MDAI,SPECTRAL AI INCORPORATED,2026-08-11,2026-06-30,-0.16,USD,NA
MGX,METAGENOMI THERAPEUTICS INCORPORATED,2026-08-11,2026-06-30,-0.63,USD,NA
MIST,MILESTONE PHARMACEUTICALS INCORPORATED,2026-08-11,2026-06-30,-0.18,USD,NA
MLYS,MINERALYS THERAPEUTICS INCORPORATED,2026-08-11,2026-06-30,-0.57,USD,NA
MNPR,MONOPAR THERAPEUTICS INCORPORATED,2026-08-11,2026-06-30,-0.67,USD,NA
MOBI,MOBIA MEDICAL INCORPORATED,2026-08-11,2026-06-30,-0.82,USD,post-market
MPTI,M-TRON INDUSTRIES INCORPORATED,2026-08-11,2026-06-30,0.47,USD,NA
MREO,MEREO BIOPHARMA GROUP PUBLIC LIMITED COMPANY,2026-08-11,2026-06-30,-0.01,USD,NA
MSGS,MADISON SQUARE GARDEN SPORTS CORPORATION,2026-08-11,2026-06-30,0.78,USD,NA
MTEX,MANNATECH INCORPORATED,2026-08-11,2026-06-30,NA,USD,NA
MVO,MV OIL TRUST,2026-08-11,2026-06-30,NA,USD,NA
MXC,MEXCO ENERGY CORPORATION,2026-08-11,2026-06-30,NA,USD,NA
NCPL,NETCAPITAL INCORPORATED,2026-08-11,2026-04-30,NA,USD,NA
NKTX,NKARTA INCORPORATED,2026-08-11,2026-06-30,-0.39,USD,NA
NNOX,NANO-X IMAGING LIMITED,2026-08-11,2026-06-30,NA,USD,NA
NOEM,CO2 ENERGY TRANSITION CORPORATION,2026-08-11,2026-06-30,NA,USD,NA
NPCE,NEUROPACE INCORPORATED,2026-08-11,2026-06-30,-0.19,USD,NA
NRGV,ENERGY VAULT HOLDINGS INCORPORATED,2026-08-11,2026-06-30,-0.2,USD,post-market
NRXS,NEURAXIS INCORPORATED,2026-08-11,2026-06-30,NA,USD,NA
NVRI,ENVIRI CORPORATION,2026-08-11,2026-06-30,-0.45,USD,pre-market
NXGL,NEXGEL INCORPORATED,2026-08-11,2026-06-30,NA,USD,NA
OBIO,ORCHESTRA BIOMED HOLDINGS INCORPORATED,2026-08-11,2026-06-30,-0.35,USD,NA
OKUR,ONKURE THERAPEUTICS INCORPORATED,2026-08-11,2026-06-30,-0.58,USD,NA
ONDS,ONDAS INCORPORATED,2026-08-11,2026-06-30,-0.09,USD,NA
ONON,ON HOLDING AG,2026-08-11,2026-06-30,0.38,USD,NA
OPXS,OPTEX SYSTEMS HOLDINGS INCORPORATED,2026-08-11,2026-06-30,NA,USD,NA
ORIC,ORIC PHARMACEUTICALS INCORPORATED,2026-08-11,2026-06-30,-0.36,USD,NA
PASG,PASSAGE BIO INCORPORATED,2026-08-11,2026-06-30,-2.2,USD,NA
PHI,PLDT INCORPORATED,2026-08-11,2026-06-30,NA,USD,NA
PHVS,PHARVARIS NAAMLOZE VENNOOTSCHAP,2026-08-11,2026-06-30,-0.74,USD,NA
PLBY,PLAYBOY INCORPORATED,2026-08-11,2026-06-30,0,USD,NA
PPHC,PUBLIC POLICY HOLDING COMPANY INCORPORATED,2026-08-11,2026-06-30,0.1,USD,NA
PROK,PROKIDNEY CORPORATION,2026-08-11,2026-06-30,-0.13,USD,NA
PROP,PRAIRIE OPERATING COMPANY,2026-08-11,2026-06-30,0.01,USD,NA
PRTS,CARPARTS.COM INCORPORATED,2026-08-11,2026-06-30,NA,USD,NA
PSFE,PAYSAFE LIMITED,2026-08-11,2026-06-30,NA,USD,NA
PSQH,PSQ HOLDINGS INCORPORATED,2026-08-11,2026-06-30,NA,USD,NA
PXLW,PIXELWORKS INCORPORATED,2026-08-11,2026-06-30,-0.32,USD,NA
QUIK,QUICKLOGIC CORPORATION,2026-08-11,2026-06-30,-0.11,USD,NA
REED,REED'S INCORPORATED,2026-08-11,2026-06-30,NA,USD,NA
REFI,CHICAGO ATLANTIC REAL ESTATE FINANCE INCORPORATED,2026-08-11,2026-06-30,0.44,USD,pre-market
REKR,REKOR SYSTEMS INCORPORATED,2026-08-11,2026-06-30,-0.03,USD,NA
RGTI,RIGETTI COMPUTING INCORPORATED,2026-08-11,2026-06-30,-0.05,USD,NA
RKTO,ROCKET ONE INCORPORATED,2026-08-11,2026-06-30,NA,USD,NA
ROLR,HIGH ROLLER TECHNOLOGIES INCORPORATED,2026-08-11,2026-06-30,NA,USD,NA
RPID,RAPID MICRO BIOSYSTEMS INCORPORATED,2026-08-11,2026-06-30,-0.26,USD,NA
SBFM,SUNSHINE BIOPHARMA INCORPORATED,2026-08-11,2026-06-30,NA,USD,NA
SBXD,SILVERBOX CORPORATION IV,2026-08-11,2026-06-30,NA,USD,NA
SBXE,SILVERBOX CORPORATION V,2026-08-11,2026-06-30,NA,USD,NA
SCNX,SCIENTURE HOLDINGS INCORPORATED,2026-08-11,2026-06-30,NA,USD,NA
SCWO,374WATER INCORPORATED,2026-08-11,2026-06-30,NA,USD,NA
SE,SEA LIMITED,2026-08-11,2026-06-30,0.78,USD,NA
SES,SES AI CORPORATION,2026-08-11,2026-06-30,-0.05,USD,post-market
SFD,SMITHFIELD FOODS INCORPORATED,2026-08-11,2026-06-30,0.59,USD,pre-market
SHPH,SHUTTLE PHARMACEUTICALS HOLDINGS INCORPORATED,2026-08-11,2026-06-30,NA,USD,NA
SIEB,SIEBERT FINANCIAL CORPORATION,2026-08-11,2026-06-30,NA,USD,NA
SKYH,SKY HARBOUR GROUP CORPORATION,2026-08-11,2026-06-30,-0.14,USD,NA
SKYX,SKYX PLATFORMS CORPORATION,2026-08-11,2026-06-30,-0.07,USD,NA
SLDB,SOLID BIOSCIENCES INCORPORATED,2026-08-11,2026-06-30,-0.43,USD,NA
SLND,SOUTHLAND HOLDINGS INCORPORATED,2026-08-11,2026-06-30,-0.53,USD,NA
SLS,SELLAS LIFE SCIENCES GROUP INCORPORATED,2026-08-11,2026-06-30,NA,USD,NA
SLXN,SILEXION THERAPEUTICS CORPORATION,2026-08-11,2026-06-30,NA,USD,NA
SMCI,SUPER MICRO COMPUTER INCORPORATED,2026-08-11,2026-06-30,0.56,USD,post-market
SMTK,SMARTKEM INCORPORATED,2026-08-11,2026-06-30,NA,USD,NA
SMWB,SIMILARWEB LIMITED,2026-08-11,2026-06-30,-0.02,USD,NA
SND,SMART SAND INCORPORATED,2026-08-11,2026-06-30,NA,USD,NA
SOC,SABLE OFFSHORE CORPORATION,2026-08-11,2026-06-30,0.21,USD,NA
SPMC,SOUND POINT MERIDIAN CAPITAL INCORPORATED,2026-08-11,2026-06-30,0.3,USD,NA
SPRO,SPERO THERAPEUTICS INCORPORATED,2026-08-11,2026-06-30,NA,USD,NA
SRFM,SURF AIR MOBILITY INCORPORATED,2026-08-11,2026-06-30,-0.18,USD,NA
SSTI,SOUNDTHINKING INCORPORATED,2026-08-11,2026-06-30,-0.27,USD,NA
STOK,STOKE THERAPEUTICS INCORPORATED,2026-08-11,2026-06-30,-0.82,USD,NA
STRS,STRATUS PROPERTIES INCORPORATED,2026-08-11,2026-06-30,NA,USD,NA
STXS,STEREOTAXIS INCORPORATED,2026-08-11,2026-06-30,-0.03,USD,post-market
SWAG,STRAN & COMPANY INCORPORATED,2026-08-11,2026-06-30,NA,USD,NA
SYPR,SYPRIS SOLUTIONS INCORPORATED,2026-08-11,2026-06-30,NA,USD,NA
TBPH,THERAVANCE BIOPHARMA INCORPORATED,2026-08-11,2026-06-30,0.14,USD,NA
TCRX,TSCAN THERAPEUTICS INCORPORATED,2026-08-11,2026-06-30,-0.29,USD,NA
TEO,TELECOM ARGENTINA STET - FRANCE TELECOM SOCIEDAD ANÓNIMA,2026-08-11,2026-06-30,0.35,USD,NA
TGEN,TECOGEN INCORPORATED,2026-08-11,2026-06-30,-0.09,USD,NA
TII,TITAN MINING CORPORATION,2026-08-11,2026-06-30,NA,USD,NA
TISI,TEAM INCORPORATED,2026-08-11,2026-06-30,NA,USD,NA
TMCR,THE METALS ROYALTY COMPANY INCORPORATED,2026-08-11,2026-06-30,-0.09,USD,NA
TME,TENCENT MUSIC ENTERTAINMENT GROUP,2026-08-11,2026-06-30,0.23,USD,pre-market
TRAX,FIRST TRACKS BIOTHERAPEUTICS INCORPORATED,2026-08-11,2026-06-30,-0.74,USD,NA
TSHA,TAYSHA GENE THERAPIES INCORPORATED,2026-08-11,2026-06-30,-0.11,USD,NA
TWFG,TWFG INCORPORATED,2026-08-11,2026-06-30,0.23,USD,NA
TXMD,THERAPEUTICSMD INCORPORATED,2026-08-11,2026-06-30,NA,USD,NA
UAMY,UNITED STATES ANTIMONY CORPORATION,2026-08-11,2026-06-30,-0.02,USD,NA
UPXI,UPEXI INCORPORATED,2026-08-11,2026-06-30,NA,USD,NA
VERU,VERU INCORPORATED,2026-08-11,2026-06-30,-0.34,USD,NA
VG,VENTURE GLOBAL INCORPORATED,2026-08-11,2026-06-30,0.5,USD,pre-market
VGZ,VISTA GOLD CORPORATION,2026-08-11,2026-06-30,NA,USD,NA
VHC,VIRNETX HOLDING CORPORATION,2026-08-11,2026-06-30,NA,USD,NA
VINP,VINCI COMPASS INVESTMENTS LIMITED,2026-08-11,2026-06-30,0.23,USD,post-market
VIVS,VIVOSIM LABS INCORPORATED,2026-08-11,2026-06-30,NA,USD,NA
VOC,VOC ENERGY TRUST,2026-08-11,2026-06-30,NA,USD,NA
VOR,VOR BIOPHARMA INCORPORATED,2026-08-11,2026-06-30,-0.69,USD,NA
VRCA,VERRICA PHARMACEUTICALS INCORPORATED,2026-08-11,2026-06-30,NA,USD,NA
VTVT,VTV THERAPEUTICS INCORPORATED,2026-08-11,2026-06-30,-0.75,USD,NA
WBTN,WEBTOON ENTERTAINMENT INCORPORATED,2026-08-11,2026-06-30,-0.04,USD,NA
WILC,G. WILLI-FOOD INTERNATIONAL LIMITED,2026-08-11,2026-06-30,NA,USD,NA
WVVI,WILLAMETTE VALLEY VINEYARDS INCORPORATED,2026-08-11,2026-06-30,NA,USD,NA
XAIR,BEYOND AIR INCORPORATED,2026-08-11,2026-06-30,NA,USD,NA
XBIO,XENETIC BIOSCIENCES INCORPORATED,2026-08-11,2026-06-30,NA,USD,NA
XTNT,XTANT MEDICAL HOLDINGS INCORPORATED,2026-08-11,2026-06-30,NA,USD,NA
YHC,LQR HOUSE INCORPORATED,2026-08-11,2026-06-30,NA,USD,NA
YORW,THE YORK WATER COMPANY,2026-08-11,2026-06-30,NA,USD,NA
ZBIO,ZENAS BIOPHARMA INCORPORATED,2026-08-11,2026-06-30,-0.89,USD,NA
ZENA,ZENATECH INCORPORATED,2026-08-11,2026-06-30,-0.21,USD,NA
AADX,APPLIED AEROSPACE & DEFENSE INCORPORATED,2026-08-12,2026-06-30,0.01,USD,pre-market
AARD,AARDVARK THERAPEUTICS INCORPORATED,2026-08-12,2026-06-30,-0.87,USD,NA
ABVC,ABVC BIOPHARMA INCORPORATED,2026-08-12,2026-06-30,NA,USD,NA
ACRV,ACRIVON THERAPEUTICS INCORPORATED,2026-08-12,2026-06-30,-0.49,USD,NA
ADGM,ADAGIO MEDICAL HOLDINGS INCORPORATED,2026-08-12,2026-06-30,-0.38,USD,NA
ADIL,ADIAL PHARMACEUTICALS INCORPORATED,2026-08-12,2026-06-30,NA,USD,NA
AEMD,AETHLON MEDICAL INCORPORATED,2026-08-12,2026-06-30,-0.52,USD,NA
AEXA,AMERICAN EXCEPTIONALISM ACQUISITION CORPORATION A,2026-08-12,2026-06-30,NA,USD,NA
AFJK,AIMEI HEALTH TECHNOLOGY COMPANY LIMITED,2026-08-12,2026-06-30,NA,USD,NA
AFYA,AFYA LIMITED,2026-08-12,2026-06-30,0.49,USD,NA
AGPU,AXE COMPUTE INCORPORATED,2026-08-12,2026-06-30,NA,USD,NA
AIFF,FIREFLY NEUROSCIENCE INCORPORATED,2026-08-12,2026-06-30,NA,USD,NA
AIMD,AINOS INCORPORATED,2026-08-12,2026-06-30,NA,USD,NA
AIRJ,AIRJOULE TECHNOLOGIES CORPORATION,2026-08-12,2026-06-30,-0.08,USD,NA
AIRO,AIRO GROUP HOLDINGS INCORPORATED,2026-08-12,2026-06-30,NA,USD,NA
AIRT,AIR T INCORPORATED,2026-08-12,2026-06-30,NA,USD,NA
AKTX,AKARI THERAPEUTICS PUBLIC LIMITED COMPANY,2026-08-12,2026-06-30,NA,USD,NA
ALLO,ALLOGENE THERAPEUTICS INCORPORATED,2026-08-12,2026-06-30,-0.16,USD,NA
ALMS,ALUMIS INCORPORATED,2026-08-12,2026-06-30,-0.7,USD,NA
ALVO,ALVOTECH,2026-08-12,2026-06-30,-0.05,USD,NA
AMIX,AUTONOMIX MEDICAL INCORPORATED,2026-08-12,2026-06-30,NA,USD,NA
AMS,AMERICAN SHARED HOSPITAL SERVICES,2026-08-12,2026-06-30,-0.02,USD,NA
ANDG,ANDERSEN GROUP INCORPORATED,2026-08-12,2026-06-30,-0.16,USD,post-market
ANRO,ALTO NEUROSCIENCE INCORPORATED,2026-08-12,2026-06-30,-0.71,USD,NA
AOSL,ALPHA AND OMEGA SEMICONDUCTOR LIMITED,2026-08-12,2026-06-30,-0.51,USD,post-market
ARAY,ACCURAY INCORPORATED,2026-08-12,2026-06-30,NA,USD,NA
ARTL,ARTELO BIOSCIENCES INCORPORATED,2026-08-12,2026-06-30,NA,USD,NA
ASBP,ASPIRE BIOPHARMA HOLDINGS INCORPORATED,2026-08-12,2026-06-30,NA,USD,NA
ASM,AVINO SILVER,2026-08-12,2026-06-30,0.09,USD,NA
ATCH,ATLASCLEAR HOLDINGS INCORPORATED,2026-08-12,2026-06-30,-0.01,USD,NA
ATER,ATERIAN INCORPORATED,2026-08-12,2026-06-30,NA,USD,NA
ATPC,AGAPE ATP CORPORATION,2026-08-12,2026-06-30,NA,USD,NA
AURA,AURA BIOSCIENCES INCORPORATED,2026-08-12,2026-06-30,-0.41,USD,NA
AZ,A2Z CUST2MATE SOLUTIONS CORPORATION,2026-08-12,2026-06-30,-0.16,USD,NA
BCG,BINAH CAPITAL GROUP INCORPORATED,2026-08-12,2026-06-30,NA,USD,NA
BEAT,HEARTBEAM INCORPORATED,2026-08-12,2026-06-30,-0.09,USD,NA
BEBE,TGE VALUE CREATIVE SOLUTIONS CORPORATION,2026-08-12,2026-06-30,NA,USD,NA
BETA,BETA TECHNOLOGIES INCORPORATED,2026-08-12,2026-06-30,-0.59,USD,pre-market
BETR,BETTER HOME & FINANCE HOLDING COMPANY,2026-08-12,2026-06-30,NA,USD,NA
BFRG,BULLFROG AI HOLDINGS INCORPORATED,2026-08-12,2026-06-30,-0.11,USD,NA
BFRI,BIOFRONTERA INCORPORATED,2026-08-12,2026-06-30,-0.17,USD,NA
BGMS,BIO GREEN MED SOLUTION INCORPORATED,2026-08-12,2026-06-30,NA,USD,NA
BGSI,BOYD GROUP SERVICES INCORPORATED,2026-08-12,2026-06-30,1.03,USD,pre-market
BHM,BLUEROCK HOMES TRUST INCORPORATED,2026-08-12,2026-06-30,NA,USD,NA
BKYI,BIO-KEY INTERNATIONAL INCORPORATED,2026-08-12,2026-06-30,NA,USD,NA
BOC,BOSTON OMAHA CORPORATION,2026-08-12,2026-06-30,NA,USD,NA
BOF,BRANCHOUT FOOD INCORPORATED,2026-08-12,2026-06-30,NA,USD,NA
BOXL,BOXLIGHT CORPORATION,2026-08-12,2026-06-30,NA,USD,NA
BRFH,BARFRESH FOOD GROUP INCORPORATED,2026-08-12,2026-06-30,-0.05,USD,NA
BRN,BARNWELL INDUSTRIES INCORPORATED,2026-08-12,2026-06-30,NA,USD,NA
BTCS,BTCS INCORPORATED,2026-08-12,2026-06-30,NA,USD,NA
BTGO,BITGO HOLDINGS INCORPORATED,2026-08-12,2026-06-30,0.06,USD,NA
BUDA,BUDA JUICE INCORPORATED,2026-08-12,2026-06-30,NA,USD,NA
BWAY,BRAINSWAY LIMITED,2026-08-12,2026-06-30,0.1,USD,NA
BYSI,BEYONDSPRING INCORPORATED,2026-08-12,2026-06-30,NA,USD,NA
CAAS,CHINA AUTOMOTIVE SYSTEMS INCORPORATED,2026-08-12,2026-06-30,NA,USD,NA
CAE,CAE INCORPORATED,2026-08-12,2026-06-30,0.17,USD,post-market
CATX,PERSPECTIVE THERAPEUTICS INCORPORATED,2026-08-12,2026-06-30,-0.27,USD,NA
CBRS,CEREBRAS SYSTEMS INCORPORATED,2026-08-12,2026-06-30,-0.21,USD,post-market
CCAP,CRESCENT CAPITAL BDC INCORPORATED,2026-08-12,2026-06-30,0.37,USD,NA
CCIX,CHURCHILL CAPITAL CORPORATION IX,2026-08-12,2026-06-30,NA,USD,NA
CDXS,CODEXIS INCORPORATED,2026-08-12,2026-06-30,-0.17,USD,NA
CDZI,CADIZ INCORPORATED,2026-08-12,2026-06-30,-0.1,USD,NA
CINT,CI&T INCORPORATED,2026-08-12,2026-06-30,0.06,USD,NA
CIRC,CIRCLE8 GROUP INCORPORATED,2026-08-12,2026-06-30,NA,USD,NA
CMDB,COSTAMARE BULKERS HOLDINGS LIMITED,2026-08-12,2026-06-30,NA,USD,NA
CNL,COLLECTIVE MINING LIMITED,2026-08-12,2026-06-30,-0.13,USD,NA
CNTB,CONNECT BIOPHARMA HOLDINGS LIMITED,2026-08-12,2026-06-30,-0.32,USD,NA
COHR,COHERENT CORPORATION,2026-08-12,2026-06-30,1.43,USD,post-market
CREX,CREATIVE REALITIES INCORPORATED,2026-08-12,2026-06-30,NA,USD,NA
CRT,CROSS TIMBERS ROYALTY TRUST,2026-08-12,2026-06-30,NA,USD,NA
CRWS,CROWN CRAFTS INCORPORATED,2026-08-12,2026-06-30,NA,USD,NA
CSCO,CISCO SYSTEMS INCORPORATED,2026-08-12,2026-07-31,0.99,USD,NA
CTGO,CONTANGO SILVER & GOLD INCORPORATED,2026-08-12,2026-06-30,NA,USD,NA
CURI,CURIOSITYSTREAM INCORPORATED,2026-08-12,2026-06-30,0.04,USD,post-market
CWD,CALIBERCOS INCORPORATED,2026-08-12,2026-06-30,-0.18,USD,NA
CYCU,CYCURION INCORPORATED,2026-08-12,2026-06-30,-0.56,USD,NA
DC,DAKOTA GOLD CORPORATION,2026-08-12,2026-06-30,NA,USD,NA
DLPN,DOLPHIN ENTERTAINMENT INCORPORATED,2026-08-12,2026-06-30,NA,USD,NA
DRMA,DERMATA THERAPEUTICS INCORPORATED,2026-08-12,2026-06-30,NA,USD,NA
DUKR,DUKE ROBOTICS CORPORATION,2026-08-12,2026-06-30,NA,USD,NA
DWTX,DOGWOOD THERAPEUTICS INCORPORATED,2026-08-12,2026-06-30,-0.13,USD,NA
DYAI,DYADIC INTERNATIONAL INCORPORATED,2026-08-12,2026-06-30,-0.03,USD,NA
EAT,BRINKER INTERNATIONAL INCORPORATED,2026-08-12,2026-06-30,3.07,USD,NA
ELE,ELEMENTAL ROYALTY CORPORATION,2026-08-12,2026-06-30,0.13,USD,NA
ELVA,ELECTROVAYA INCORPORATED,2026-08-12,2026-06-30,0.03,USD,NA
ELVN,ENLIVEN THERAPEUTICS INCORPORATED,2026-08-12,2026-06-30,-0.38,USD,NA
ENS,ENERSYS,2026-08-12,2026-06-30,2.82,USD,post-market
ENSC,ENSYSCE BIOSCIENCES INCORPORATED,2026-08-12,2026-06-30,-0.5,USD,NA
ENVX,ENOVIX CORPORATION,2026-08-12,2026-06-30,-0.2,USD,post-market
EP,EMPIRE PETROLEUM CORPORATION,2026-08-12,2026-06-30,NA,USD,NA
EPSN,EPSILON ENERGY LIMITED,2026-08-12,2026-06-30,NA,USD,NA
EQPT,EQUIPMENTSHARE.COM INCORPORATED,2026-08-12,2026-06-30,-0.1,USD,NA
EQX,EQUINOX GOLD CORPORATION,2026-08-12,2026-06-30,0.15,USD,NA
ERNA,ERNEXA THERAPEUTICS INCORPORATED,2026-08-12,2026-06-30,-3.3,USD,NA
ESEA,EUROSEAS LIMITED,2026-08-12,2026-06-30,4.47,USD,NA
EXK,ENDEAVOUR SILVER CORPORATION,2026-08-12,2026-06-30,0.15,USD,NA
FLYX,FLYEXCLUSIVE INCORPORATED,2026-08-12,2026-06-30,NA,USD,NA
FOSL,FOSSIL GROUP INCORPORATED,2026-08-12,2026-06-30,-0.29,USD,post-market
FURY,FURY GOLD MINES LIMITED,2026-08-12,2026-06-30,NA,USD,NA
GAUZ,GAUZY LIMITED,2026-08-12,2026-06-30,NA,USD,NA
GIFT,GIFTIFY INCORPORATED,2026-08-12,2026-06-30,NA,USD,NA
GLBE,GLOBAL-E ONLINE LIMITED,2026-08-12,2026-06-30,0.22,USD,NA
GLND,GREENLAND ENERGY COMPANY,2026-08-12,2026-06-30,NA,USD,NA
GRAF,GRAF GLOBAL CORPORATION,2026-08-12,2026-06-30,NA,USD,NA
GRO,BRAZIL POTASH CORPORATION,2026-08-12,2026-06-30,-0.13,USD,NA
GTEC,GREENLAND TECHNOLOGIES HOLDING CORPORATION,2026-08-12,2026-06-30,NA,USD,NA
GURE,GULF RESOURCES INCORPORATED,2026-08-12,2026-06-30,NA,USD,NA
GXAI,GAXOS.AI INCORPORATED,2026-08-12,2026-06-30,-0.15,USD,NA
HELP,CYBIN INCORPORATED,2026-08-12,2026-06-30,-0.8,USD,NA
HTCR,HEARTCORE ENTERPRISES INCORPORATED,2026-08-12,2026-06-30,NA,USD,NA
HTT,HIGH TEMPLAR TECH LIMITED,2026-08-12,2026-06-30,NA,USD,NA
HYPD,HYPERION DEFI INCORPORATED,2026-08-12,2026-06-30,NA,USD,NA
HYPR,HYPERFINE INCORPORATED,2026-08-12,2026-06-30,-0.09,USD,NA
ICCM,ICECURE MEDICAL LIMITED,2026-08-12,2026-06-30,-0.95,USD,NA
ICU,SEASTAR MEDICAL HOLDING CORPORATION,2026-08-12,2026-06-30,-0.91,USD,NA
IMRX,IMMUNEERING CORPORATION,2026-08-12,2026-06-30,-0.25,USD,NA
IMTX,IMMATICS NAAMLOZE VENNOOTSCHAP,2026-08-12,2026-06-30,-0.43,USD,NA
INBX,INHIBRX BIOSCIENCES INCORPORATED,2026-08-12,2026-06-30,-2.5,USD,NA
INDP,INDAPTUS THERAPEUTICS INCORPORATED,2026-08-12,2026-06-30,NA,USD,NA
INLX,INTELLINETICS INCORPORATED,2026-08-12,2026-06-30,NA,USD,NA
IRD,OPUS GENETICS INCORPORATED,2026-08-12,2026-06-30,-0.15,USD,NA
ITG,ITG INCORPORATED,2026-08-12,2026-06-30,NA,USD,post-market
ITRG,INTEGRA RESOURCES CORPORATION,2026-08-12,2026-06-30,0.08,USD,NA
ITRN,ITURAN LOCATION AND CONTROL LIMITED,2026-08-12,2026-06-30,0.86,USD,pre-market
JACK,JACK IN THE BOX INCORPORATED,2026-08-12,2026-06-30,0.9,USD,post-market
JBIO,JADE BIOSCIENCES INCORPORATED,2026-08-12,2026-06-30,-0.66,USD,NA
JOB,GEE GROUP INCORPORATED,2026-08-12,2026-06-30,NA,USD,NA
JSPR,JASPER THERAPEUTICS INCORPORATED,2026-08-12,2026-06-30,-0.38,USD,NA
KE,KIMBALL ELECTRONICS INCORPORATED,2026-08-12,2026-06-30,0.34,USD,NA
KLRS,KALARIS THERAPEUTICS INCORPORATED,2026-08-12,2026-06-30,-0.5,USD,NA
KMDA,KAMADA LIMITED,2026-08-12,2026-06-30,0.12,USD,NA
KOD,KODIAK SCIENCES INCORPORATED,2026-08-12,2026-06-30,-0.97,USD,NA
KTB,KONTOOR BRANDS INCORPORATED,2026-08-12,2026-06-30,1.05,USD,pre-market
LFTO,LIFTOFF MOBILE INCORPORATED,2026-08-12,2026-06-30,-0.52,USD,post-market
LGVN,LONGEVERON INCORPORATED,2026-08-12,2026-06-30,-0.19,USD,NA
LIQT,LIQTECH INTERNATIONAL INCORPORATED,2026-08-12,2026-06-30,-0.19,USD,NA
LKSP,LAKE SUPERIOR ACQUISITION CORPORATION,2026-08-12,2026-06-30,NA,USD,NA
LOCL,LOCAL BOUNTI CORPORATION,2026-08-12,2026-06-30,NA,USD,NA
LPA,LOGISTIC PROPERTIES OF THE AMERICAS,2026-08-12,2026-06-30,0.04,USD,NA
LTRN,LANTERN PHARMA INCORPORATED,2026-08-12,2026-06-30,NA,USD,NA
LUCD,LUCID DIAGNOSTICS INCORPORATED,2026-08-12,2026-06-30,-0.05,USD,NA
LVLU,LULU'S FASHION LOUNGE HOLDINGS INCORPORATED,2026-08-12,2026-06-30,NA,USD,post-market
LVO,LIVEONE INCORPORATED,2026-08-12,2026-06-30,-0.24,USD,NA
MHH,MASTECH DIGITAL INCORPORATED,2026-08-12,2026-06-30,0.09,USD,NA
MINE,MAYFAIR GOLD CORPORATION,2026-08-12,2026-06-30,NA,USD,NA
MOBX,MOBIX LABS INCORPORATED,2026-08-12,2026-06-30,NA,USD,NA
MRX,MAREX GROUP LIMITED,2026-08-12,2026-06-30,1.36,USD,NA
MSAI,MULTISENSOR AI HOLDINGS INCORPORATED,2026-08-12,2026-06-30,-1.2,USD,NA
MSGE,MADISON SQUARE GARDEN ENTERTAINMENT CORPORATION,2026-08-12,2026-06-30,-0.42,USD,NA
MSGM,MOTORSPORT GAMES INCORPORATED,2026-08-12,2026-06-30,0.02,USD,NA
MSLE,SATELLOS BIOSCIENCE INCORPORATED,2026-08-12,2026-06-30,-0.38,USD,NA
MSS,MAISON SOLUTIONS INCORPORATED,2026-08-12,2026-04-30,-0.88,USD,NA
MXCT,MAXCYTE INCORPORATED,2026-08-12,2026-06-30,-0.12,USD,post-market
NAK,NORTHERN DYNASTY MINERALS LIMITED,2026-08-12,2026-06-30,NA,USD,NA
NEON,NEONODE INCORPORATED,2026-08-12,2026-06-30,NA,USD,NA
NEXM,NEXMETALS MINING CORPORATION,2026-08-12,2026-06-30,NA,USD,NA
NEXN,NEXXEN INTERNATIONAL LIMITED,2026-08-12,2026-06-30,0.1,USD,NA
NIXX,NIXXY INCORPORATED,2026-08-12,2026-06-30,NA,USD,NA
NOA,NORTH AMERICAN CONSTRUCTION GROUP LIMITED,2026-08-12,2026-06-30,0.25,USD,post-market
NXPL,NEXTPLAT CORPORATION,2026-08-12,2026-06-30,-0.21,USD,NA
ODYS,ODYSIGHT.AI INCORPORATED,2026-08-12,2026-06-30,NA,USD,NA
OGI,ORGANIGRAM GLOBAL INCORPORATED,2026-08-12,2026-06-30,0,USD,NA
ONMD,ONEMEDNET CORPORATION,2026-08-12,2026-06-30,NA,USD,NA
OVID,OVID THERAPEUTICS INCORPORATED,2026-08-12,2026-06-30,-0.1,USD,NA
PAAS,PAN AMERICAN SILVER CORPORATION,2026-08-12,2026-06-30,0.88,USD,post-market
PARK,PARK DENTAL PARTNERS INCORPORATED,2026-08-12,2026-06-30,0.04,USD,post-market
PBT,PERMIAN BASIN ROYALTY TRUST,2026-08-12,2026-06-30,NA,USD,NA
PDSB,PDS BIOTECHNOLOGY CORPORATION,2026-08-12,2026-06-30,-0.13,USD,NA
PEW,GRABAGUN DIGITAL HOLDINGS INCORPORATED,2026-08-12,2026-06-30,-0.09,USD,NA
PFGC,PERFORMANCE FOOD GROUP COMPANY,2026-08-12,2026-06-30,1.62,USD,pre-market
PHGE,BIOMX INCORPORATED,2026-08-12,2026-06-30,NA,USD,NA
PLGO,PELAGOS INSURANCE CAPITAL LIMITED,2026-08-12,2026-06-30,0.88,USD,post-market
PMN,PROMIS NEUROSCIENCES INCORPORATED,2026-08-12,2026-06-30,-1.45,USD,NA
PODC,PODCASTONE INCORPORATED,2026-08-12,2026-06-30,0,USD,NA
PPTA,PERPETUA RESOURCES CORPORATION,2026-08-12,2026-06-30,-0.49,USD,NA
PRHI,PRESURANCE HOLDINGS INCORPORATED,2026-08-12,2026-06-30,NA,USD,NA
PRPO,PRECIPIO INCORPORATED,2026-08-12,2026-06-30,NA,USD,NA
PRT,PERMROCK ROYALTY TRUST,2026-08-12,2026-06-30,NA,USD,NA
PTHS,PELTHOS THERAPEUTICS INCORPORATED,2026-08-12,2026-06-30,-3.02,USD,NA
PTN,PALATIN TECHNOLOGIES INCORPORATED,2026-08-12,2026-06-30,NA,USD,NA
PURR,HYPERLIQUID STRATEGIES INCORPORATED,2026-08-12,2026-06-30,NA,USD,NA
PYPD,POLYPID LIMITED,2026-08-12,2026-06-30,-0.34,USD,NA
RDCM,RADCOM LIMITED,2026-08-12,2026-06-30,0.2,USD,pre-market
RDZN,ROADZEN INCORPORATED,2026-08-12,2026-06-30,-0.06,USD,NA
REZI,RESIDEO TECHNOLOGIES INCORPORATED,2026-08-12,2026-06-30,0.61,USD,post-market
RNW,RENEW ENERGY GLOBAL PUBLIC LIMITED COMPANY,2026-08-12,2026-06-30,0.12,USD,NA
RRGB,RED ROBIN GOURMET BURGERS INCORPORATED,2026-08-12,2026-06-30,0.28,USD,NA
SBC,SBC MEDICAL GROUP HOLDINGS INCORPORATED,2026-08-12,2026-06-30,0.12,USD,NA
SCLX,SCILEX HOLDING COMPANY,2026-08-12,2026-06-30,NA,USD,NA
SCYX,SCYNEXIS INCORPORATED,2026-08-12,2026-06-30,-0.4,USD,NA
SDST,STARDUST POWER INCORPORATED,2026-08-12,2026-06-30,NA,USD,NA
SEV,APTERA MOTORS CORPORATION,2026-08-12,2026-06-30,-0.3,USD,NA
SGMT,SAGIMET BIOSCIENCES INCORPORATED,2026-08-12,2026-06-30,-0.28,USD,NA
SID,NATIONAL STEEL COMPANY,2026-08-12,2026-06-30,0,USD,post-market
SILO,SILO PHARMA INCORPORATED,2026-08-12,2026-06-30,NA,USD,NA
SJT,SAN JUAN BASIN ROYALTY TRUST,2026-08-12,2026-06-30,NA,USD,NA
SKYA,SKYAI INCORPORATED,2026-08-12,2026-06-30,NA,USD,NA
SLSR,SOLARIS RESOURCES INCORPORATED,2026-08-12,2026-06-30,NA,USD,NA
SMTI,SANARA MEDTECH INCORPORATED,2026-08-12,2026-06-30,0.02,USD,NA
SPRY,ARS PHARMACEUTICALS INCORPORATED,2026-08-12,2026-06-30,-0.55,USD,NA
SSYS,STRATASYS LIMITED,2026-08-12,2026-06-30,-0.05,USD,NA
STEM,STEM INCORPORATED,2026-08-12,2026-06-30,-2.11,USD,post-market
STN,STANTEC INCORPORATED,2026-08-12,2026-06-30,1.15,USD,post-market
STUB,STUBHUB HOLDINGS INCORPORATED,2026-08-12,2026-06-30,0.09,USD,post-market
SUPV,GRUPO SUPERVIELLE SOCIEDAD ANÓNIMA,2026-08-12,2026-06-30,0.12,USD,NA
SURG,SURGEPAYS INCORPORATED,2026-08-12,2026-06-30,-0.11,USD,NA
SUZ,SUZANO SOCIEDAD ANÓNIMA,2026-08-12,2026-06-30,0.06,USD,post-market
SVRA,SAVARA INCORPORATED,2026-08-12,2026-06-30,-0.14,USD,NA
SWMR,SWARMER INCORPORATED,2026-08-12,2026-06-30,NA,USD,NA
SXTP,60 DEGREES PHARMACEUTICALS INCORPORATED,2026-08-12,2026-06-30,-0.74,USD,NA
TBBB,BBB FOODS INCORPORATED,2026-08-12,2026-06-30,-0.17,USD,post-market
TENX,TENAX THERAPEUTICS INCORPORATED,2026-08-12,2026-06-30,-0.38,USD,NA
TGS,TRANSPORTADORA DE GAS SA ORD B,2026-08-12,2026-06-30,0.62,USD,NA
TIL,INSTIL BIO INCORPORATED,2026-08-12,2026-06-30,-0.51,USD,NA
TKC,TURKCELL ILETISIM HIZMETLERI AS,2026-08-12,2026-06-30,NA,USD,NA
TNON,TENON MEDICAL INCORPORATED,2026-08-12,2026-06-30,NA,USD,NA
TOI,THE ONCOLOGY INSTITUTE INCORPORATED,2026-08-12,2026-06-30,-0.07,USD,NA
UCL,UCLOUDLINK GROUP INCORPORATED,2026-08-12,2026-06-30,-0.05,USD,NA
UGP,ULTRAPAR PARTICIPACOES SOCIEDAD ANÓNIMA,2026-08-12,2026-06-30,0.24,USD,NA
USBC,USBC INCORPORATED,2026-08-12,2026-06-30,NA,USD,NA
VANI,VIVANI MEDICAL INCORPORATED,2026-08-12,2026-06-30,-0.08,USD,NA
VGAS,VERDE CLEAN FUELS INCORPORATED,2026-08-12,2026-06-30,NA,USD,NA
VIP,VULCAN INFRASTRUCTURE AND POWER INCORPORATED,2026-08-12,2026-06-30,NA,USD,NA
VLN,VALENS SEMICONDUCTOR LIMITED,2026-08-12,2026-06-30,-0.08,USD,pre-market
VOXR,VOX ROYALTY CORPORATION,2026-08-12,2026-06-30,0.06,USD,NA
VRME,VERIFYME INCORPORATED,2026-08-12,2026-06-30,NA,USD,NA
WHK,WHITEHAWK MINERALS CORPORATION,2026-08-12,2026-06-30,0.44,USD,post-market
WKSP,WORKSPORT LIMITED,2026-08-12,2026-06-30,NA,USD,NA
WRD,WERIDE INCORPORATED,2026-08-12,2026-06-30,NA,USD,pre-market
XBIT,XBIOTECH INCORPORATED,2026-08-12,2026-06-30,NA,USD,NA
XOS,XOS INCORPORATED,2026-08-12,2026-06-30,-0.6,USD,NA
XPON,EXPION360 INCORPORATED,2026-08-12,2026-06-30,NA,USD,NA
XTIA,XTI AEROSPACE INCORPORATED COMMON STOCK,2026-08-12,2026-06-30,NA,USD,pre-market
XXI,TWENTY ONE CAPITAL INCORPORATED,2026-08-12,2026-06-30,NA,USD,NA
YYAI,AIRWA INCORPORATED,2026-08-12,2026-04-30,NA,USD,NA
ZEO,ZEO ENERGY CORPORATION,2026-08-12,2026-06-30,NA,USD,NA
AAP,ADVANCE AUTO PARTS INCORPORATED,2026-08-13,2026-06-30,0.81,USD,NA
ABEO,ABEONA THERAPEUTICS INCORPORATED,2026-08-13,2026-06-30,-0.23,USD,NA
ACOG,ALPHA COGNITION INCORPORATED,2026-08-13,2026-06-30,-0.39,USD,NA
ACON,ACLARION INCORPORATED,2026-08-13,2026-06-30,-1.05,USD,NA
ACTU,ACTUATE THERAPEUTICS INCORPORATED,2026-08-13,2026-06-30,-0.2,USD,NA
AEBI,AEBI SCHMIDT HOLDING AG,2026-08-13,2026-06-30,0.13,USD,pre-market
AEI,ALSET INCORPORATED,2026-08-13,2026-06-30,NA,USD,NA
AERT,AERIES TECHNOLOGY INCORPORATED,2026-08-13,2026-06-30,NA,USD,NA
AFCG,ADVANCED FLOWER CAPITAL INCORPORATED,2026-08-13,2026-06-30,0.13,USD,pre-market
AGIG,ABUNDIA GLOBAL IMPACT GROUP INCORPORATED,2026-08-13,2026-06-30,NA,USD,NA
AIFA,ALL IN FUTURETECH ALLIANCE INCORPORATED,2026-08-13,2026-06-30,NA,USD,NA
AIM,AIM IMMUNOTECH INCORPORATED,2026-08-13,2026-06-30,-0.12,USD,NA
AIRE,REALPHA TECH CORPORATION,2026-08-13,2026-06-30,NA,USD,NA
AIRI,AIR INDUSTRIES GROUP,2026-08-13,2026-06-30,NA,USD,NA
AIT,APPLIED INDUSTRIAL TECHNOLOGIES INCORPORATED,2026-08-13,2026-06-30,2.91,USD,pre-market
AIXC,AIXCRYPTO HOLDINGS INCORPORATED,2026-08-13,2026-06-30,NA,USD,NA
ALLT,ALLOT LIMITED,2026-08-13,2026-06-30,0.04,USD,NA
ALM,ALMONTY INDUSTRIES INCORPORATED,2026-08-13,2026-06-30,0.1,USD,NA
ALOY,REALLOYS INCORPORATED,2026-08-13,2026-06-30,NA,USD,NA
AMAT,APPLIED MATERIALS INCORPORATED,2026-08-13,2026-07-31,3.36,USD,post-market
AMCR,AMCOR PUBLIC LIMITED COMPANY,2026-08-13,2026-06-30,1.2,USD,NA
AMPG,AMPLITECH GROUP INCORPORATED,2026-08-13,2026-06-30,NA,USD,NA
AMZE,AMAZE HOLDINGS INCORPORATED,2026-08-13,2026-06-30,NA,USD,NA
ANNA,ALEANNA INCORPORATED,2026-08-13,2026-06-30,NA,USD,NA
ANNX,ANNEXON INCORPORATED,2026-08-13,2026-06-30,-0.23,USD,NA
APWC,ASIA PACIFIC WIRE & CABLE CORPORATION LIMITED,2026-08-13,2026-06-30,NA,USD,NA
ARAI,ARRIVE AI INCORPORATED,2026-08-13,2026-06-30,NA,USD,NA
ARCO,ARCOS DORADOS HOLDINGS INCORPORATED,2026-08-13,2026-06-30,0.14,USD,pre-market
AREN,THE ARENA GROUP HOLDINGS INCORPORATED,2026-08-13,2026-06-30,NA,USD,NA
ASPI,ASP ISOTOPES INCORPORATED,2026-08-13,2026-06-30,NA,USD,NA
ATAI,ATAIBECKLEY INCORPORATED,2026-08-13,2026-06-30,-0.1,USD,NA
ATXG,ADDENTAX GROUP CORPORATION,2026-08-13,2026-06-30,NA,USD,NA
AUID,AUTHID INCORPORATED,2026-08-13,2026-06-30,NA,USD,NA
AVAH,AVEANNA HEALTHCARE HOLDINGS INCORPORATED,2026-08-13,2026-06-30,0.16,USD,pre-market
AVX,AVAX ONE TECHNOLOGY LIMITED,2026-08-13,2026-06-30,NA,USD,NA
AYA,AYA GOLD & SILVER INCORPORATED,2026-08-13,2026-06-30,0.37,USD,NA
BAP,CREDICORP LIMITED,2026-08-13,2026-06-30,7.2,USD,post-market
BATL,BATTALION OIL CORPORATION,2026-08-13,2026-06-30,NA,USD,NA
BBLG,BONE BIOLOGICS CORPORATION,2026-08-13,2026-06-30,-0.39,USD,NA
BCHT,BIRCHTECH CORPORATION,2026-08-13,2026-06-30,NA,USD,NA
BCSS,BAIN CAPITAL GSS INVESTMENT CORPORATION,2026-08-13,2026-06-30,NA,USD,NA
BEEM,BEAM GLOBAL,2026-08-13,2026-06-30,-0.17,USD,NA
BESS,BIMERGEN ENERGY CORPORATION,2026-08-13,2026-06-30,-0.39,USD,NA
BGDE,BIG DIGITAL ENERGY INCORPORATED,2026-08-13,2026-06-30,NA,USD,NA
BIAF,BIOAFFINITY TECHNOLOGIES INCORPORATED,2026-08-13,2026-06-30,NA,USD,NA
BIRK,BIRKENSTOCK HOLDING PUBLIC LIMITED COMPANY,2026-08-13,2026-06-30,0.86,USD,pre-market
BKTI,BK TECHNOLOGIES CORPORATION,2026-08-13,2026-06-30,NA,USD,NA
BLIN,BRIDGELINE DIGITAL INCORPORATED,2026-08-13,2026-06-30,NA,USD,NA
BLNE,BEELINE HOLDINGS INCORPORATED,2026-08-13,2026-06-30,NA,USD,post-market
BLRX,BIOLINERX LIMITED,2026-08-13,2026-06-30,0,USD,NA
BN,BROOKFIELD CORPORATION,2026-08-13,2026-06-30,0.64,USD,pre-market
BNGO,BIONANO GENOMICS INCORPORATED,2026-08-13,2026-06-30,-0.7,USD,NA
BNKK,BONK INCORPORATED,2026-08-13,2026-06-30,NA,USD,NA
BNZI,BANZAI INTERNATIONAL INCORPORATED,2026-08-13,2026-06-30,-2.92,USD,NA
BOLT,BOLT BIOTHERAPEUTICS INCORPORATED,2026-08-13,2026-06-30,-2.97,USD,NA
BRAG,BRAGG GAMING GROUP INCORPORATED,2026-08-13,2026-06-30,NA,USD,NA
BRR,PROCAP FINANCIAL INCORPORATED,2026-08-13,2026-06-30,NA,USD,NA
BTBT,BIT DIGITAL INCORPORATED,2026-08-13,2026-06-30,-0.05,USD,NA
BTTC,BLACK TITAN CORPORATION,2026-08-13,2026-06-30,NA,USD,NA
BZAI,BLAIZE HOLDINGS INCORPORATED,2026-08-13,2026-06-30,-0.2,USD,NA
CADL,CANDEL THERAPEUTICS INCORPORATED,2026-08-13,2026-06-30,-0.22,USD,NA
CAMP,CAMP4 THERAPEUTICS CORPORATION,2026-08-13,2026-06-30,-0.23,USD,NA
CAN,CANAAN INCORPORATED,2026-08-13,2026-06-30,-0.1,USD,NA
CAST,FREECAST INCORPORATED,2026-08-13,2026-06-30,-0.08,USD,NA
CBUS,CIBUS INCORPORATED,2026-08-13,2026-06-30,-0.26,USD,NA
CDIO,CARDIO DIAGNOSTICS HOLDINGS INCORPORATED,2026-08-13,2026-06-30,NA,USD,NA
CDT,CDT EQUITY INCORPORATED,2026-08-13,2026-06-30,NA,USD,NA
CELC,CELCUITY INCORPORATED,2026-08-13,2026-06-30,-1.08,USD,NA
CEPF,CANTOR EQUITY PARTNERS IV INCORPORATED,2026-08-13,2026-06-30,NA,USD,NA
CEPO,CANTOR EQUITY PARTNERS I INCORPORATED,2026-08-13,2026-06-30,NA,USD,NA
CEPU,CENTRAL PUERTO SOCIEDAD ANÓNIMA,2026-08-13,2026-06-30,NA,USD,NA
CEPV,CANTOR EQUITY PARTNERS V INCORPORATED,2026-08-13,2026-06-30,NA,USD,NA
CETX,CEMTREX INCORPORATED,2026-08-13,2026-06-30,NA,USD,NA
CHAI,CORE AI HOLDINGS INCORPORATED,2026-08-13,2026-06-30,NA,USD,NA
CHGA,CHANGE AGENTS CORPORATION,2026-08-13,2026-06-30,NA,USD,NA
CIG,COMP EN DE MN CEMIG ADS,2026-08-13,2026-06-30,NA,USD,NA
CISO,CISO GLOBAL INCORPORATED,2026-08-13,2026-06-30,NA,USD,NA
CITR,CITROTECH INCORPORATED,2026-08-13,2026-06-30,-0.21,USD,NA
CJMB,CALLAN JMB INCORPORATED,2026-08-13,2026-06-30,NA,USD,NA
CLBT,CELLEBRITE DI LIMITED,2026-08-13,2026-06-30,0.09,USD,pre-market
CLIR,CLEARSIGN TECHNOLOGIES CORPORATION,2026-08-13,2026-06-30,-0.25,USD,NA
CLNN,CLENE INCORPORATED,2026-08-13,2026-06-30,-0.37,USD,NA
CLRB,CELLECTAR BIOSCIENCES INCORPORATED,2026-08-13,2026-06-30,-0.55,USD,NA
CLRO,CLEARONE INCORPORATED,2026-08-13,2026-06-30,NA,USD,NA
CMMB,CHEMOMAB THERAPEUTICS LIMITED,2026-08-13,2026-06-30,0,USD,NA
CNET,ZW DATA ACTION TECHNOLOGIES INCORPORATED,2026-08-13,2026-06-30,NA,USD,NA
CNSP,CNS PHARMACEUTICALS INCORPORATED,2026-08-13,2026-06-30,NA,USD,NA
CNTN,CANTON STRATEGIC HOLDINGS INCORPORATED,2026-08-13,2026-06-30,NA,USD,NA
CNVS,CINEVERSE CORPORATION,2026-08-13,2026-06-30,NA,USD,NA
COCP,COCRYSTAL PHARMA INCORPORATED,2026-08-13,2026-06-30,-0.17,USD,NA
CODX,COMPANY-DIAGNOSTICS INCORPORATED,2026-08-13,2026-06-30,NA,USD,NA
CPHI,CHINA PHARMA HOLDINGS INCORPORATED,2026-08-13,2026-06-30,NA,USD,NA
CRDL,CARDIOL THERAPEUTICS INCORPORATED,2026-08-13,2026-06-30,-0.08,USD,NA
CSAN,COSAN SOCIEDAD ANÓNIMA,2026-08-13,2026-06-30,NA,USD,NA
CSPI,CSP INCORPORATED,2026-08-13,2026-06-30,NA,USD,NA
CV,CAPSOVISION INCORPORATED,2026-08-13,2026-06-30,NA,USD,NA
CVM,CEL-SCI CORPORATION,2026-08-13,2026-06-30,NA,USD,NA
CYPH,CYPHERPUNK TECHNOLOGIES INCORPORATED,2026-08-13,2026-06-30,NA,USD,NA
DAO,YOUDAO INCORPORATED,2026-08-13,2026-06-30,NA,USD,NA
DARE,DARE BIOSCIENCE INCORPORATED,2026-08-13,2026-06-30,-0.33,USD,NA
DDS,DILLARD'S INCORPORATED,2026-08-13,2026-07-31,4.03,USD,NA
DEFT,DEFI TECHNOLOGIES INCORPORATED,2026-08-13,2026-06-30,0,USD,NA
DFDV,DEFI DEVELOPMENT CORPORATION,2026-08-13,2026-06-30,NA,USD,NA
DFLI,DRAGONFLY ENERGY HOLDINGS CORPORATION,2026-08-13,2026-06-30,-0.34,USD,NA
DGXX,DIGI POWER X INCORPORATED,2026-08-13,2026-06-30,NA,USD,NA
DJCO,DAILY JOURNAL CORPORATION (S.C.),2026-08-13,2026-06-30,NA,USD,NA
DLO,DLOCAL LIMITED,2026-08-13,2026-06-30,0.2,USD,post-market
DMRC,DIGIMARC CORPORATION,2026-08-13,2026-06-30,NA,USD,NA
DNMX,DYNAMIX CORPORATION III,2026-08-13,2026-06-30,NA,USD,NA
DRUG,BRIGHT MINDS BIOSCIENCES INCORPORATED,2026-08-13,2026-06-30,-1.39,USD,NA
DSS,DSS INCORPORATED,2026-08-13,2026-06-30,NA,USD,NA
DTCX,DATACENTREX INCORPORATED,2026-08-13,2026-06-30,NA,USD,NA
DTST,DATA STORAGE CORPORATION,2026-08-13,2026-06-30,NA,USD,NA
DUOT,DUOS TECHNOLOGIES GROUP INCORPORATED,2026-08-13,2026-06-30,-0.02,USD,NA
EDBL,EDIBLE GARDEN AG INCORPORATED,2026-08-13,2026-06-30,NA,USD,NA
ELBM,ELECTRA BATTERY MATERIALS CORPORATION,2026-08-13,2026-06-30,NA,USD,NA
ELDN,ELEDON PHARMACEUTICALS INCORPORATED,2026-08-13,2026-06-30,-0.19,USD,NA
ELTK,ELTEK LIMITED,2026-08-13,2026-06-30,NA,USD,NA
ELUT,ELUTIA INCORPORATED,2026-08-13,2026-06-30,NA,USD,NA
ELWT,ELAUWIT CONNECTION INCORPORATED,2026-08-13,2026-06-30,NA,USD,NA
ENVB,ENVERIC BIOSCIENCES INCORPORATED,2026-08-13,2026-06-30,NA,USD,NA
EONR,EON RESOURCES INCORPORATED,2026-08-13,2026-06-30,NA,USD,NA
EQ,EQUILLIUM INCORPORATED,2026-08-13,2026-06-30,-0.05,USD,NA
FABC,FABRIC.AI INCORPORATED,2026-08-13,2026-06-30,NA,USD,NA
FAC,FACTORIAL ENERGY INCORPORATED,2026-08-13,2026-06-30,NA,USD,pre-market
FBIO,FORTRESS BIOTECH INCORPORATED,2026-08-13,2026-06-30,NA,USD,NA
FBLA,FB BANCORP INCORPORATED,2026-08-13,2026-06-30,NA,USD,NA
FBRX,FORTE BIOSCIENCES INCORPORATED,2026-08-13,2026-06-30,-1.08,USD,NA
FBYD,FALCON'S BEYOND GLOBAL INCORPORATED,2026-08-13,2026-06-30,NA,USD,NA
FENC,FENNEC PHARMACEUTICALS INCORPORATED,2026-08-13,2026-06-30,0.01,USD,NA
FIGR,FIGURE TECHNOLOGY SOLUTIONS INCORPORATED,2026-08-13,2026-06-30,0.23,USD,pre-market
FLNA,FILANA THERAPEUTICS INCORPORATED,2026-08-13,2026-06-30,NA,USD,NA
FRMI,FERMI INCORPORATED,2026-08-13,2026-06-30,NA,USD,pre-market
FSI,FLEXIBLE SOLUTIONS INTERNATIONAL INCORPORATED,2026-08-13,2026-06-30,0.01,USD,NA
FTLF,FITLIFE BRANDS INCORPORATED,2026-08-13,2026-06-30,0.18,USD,NA
FWDI,FORWARD INDUSTRIES INCORPORATED,2026-08-13,2026-06-30,0.02,USD,NA
GALT,GALECTIN THERAPEUTICS INCORPORATED,2026-08-13,2026-06-30,-0.09,USD,NA
GAME,GAMESQUARE HOLDINGS INCORPORATED,2026-08-13,2026-06-30,-0.03,USD,NA
GCTK,GLUCOTRACK INCORPORATED,2026-08-13,2026-06-30,NA,USD,NA
GEMI,GEMINI SPACE STATION INCORPORATED,2026-08-13,2026-06-30,-0.71,USD,post-market
GLNG,GOLAR LNG LIMITED,2026-08-13,2026-06-30,0.3,USD,NA
GLOB,GLOBANT SOCIEDAD ANÓNIMA,2026-08-13,2026-06-30,1.16,USD,NA
GLSI,GREENWICH LIFESCIENCES INCORPORATED,2026-08-13,2026-06-30,-0.33,USD,NA
GMRS,GMR SOLUTIONS INCORPORATED,2026-08-13,2026-06-30,0.04,USD,pre-market
GNLN,GREENLANE HOLDINGS INCORPORATED,2026-08-13,2026-06-30,NA,USD,NA
GNPX,GENPREX INCORPORATED,2026-08-13,2026-06-30,NA,USD,NA
GNSS,GENASYS INCORPORATED,2026-08-13,2026-06-30,0.03,USD,NA
GRDX,GRIDAI TECHNOLOGIES CORPORATION,2026-08-13,2026-06-30,NA,USD,NA
GRI,GRI BIO INCORPORATED,2026-08-13,2026-06-30,-1.2,USD,NA
GRRR,GORILLA TECHNOLOGY GROUP INCORPORATED,2026-08-13,2026-06-30,0.35,USD,NA
GRSD,GRANDSTAND LIMITED,2026-08-13,2026-06-30,-0.04,USD,NA
GTBP,GT BIOPHARMA INCORPORATED,2026-08-13,2026-06-30,-0.08,USD,NA
GWH,ESS TECH INCORPORATED,2026-08-13,2026-06-30,-0.44,USD,NA
GWRS,GLOBAL WATER RESOURCES INCORPORATED,2026-08-13,2026-06-30,0.03,USD,pre-market
HCTI,HEALTHCARE TRIANGLE INCORPORATED,2026-08-13,2026-06-30,-3.43,USD,NA
HCWC,HEALTHY CHOICE WELLNESS CORPORATION,2026-08-13,2026-06-30,NA,USD,NA
HIND,VYOME HOLDINGS INCORPORATED,2026-08-13,2026-06-30,NA,USD,NA
HIVE,HIVE DIGITAL TECHNOLOGIES LIMITED,2026-08-13,2026-06-30,-0.2,USD,NA
HOWL,WEREWOLF THERAPEUTICS INCORPORATED,2026-08-13,2026-06-30,-0.28,USD,NA
HSAI,HESAI GROUP,2026-08-13,2026-06-30,NA,USD,NA
HSDT,SOLANA COMPANY,2026-08-13,2026-06-30,-0.02,USD,NA
HWH,HWH INTERNATIONAL INCORPORATED,2026-08-13,2026-06-30,NA,USD,NA
IBO,IMPACT BIOMEDICAL INCORPORATED,2026-08-13,2026-06-30,NA,USD,NA
ICCC,IMMUCELL CORPORATION,2026-08-13,2026-06-30,NA,USD,NA
ICG,INTCHAINS GROUP LIMITED,2026-08-13,2026-06-30,NA,USD,NA
IDAI,T STAMP INCORPORATED,2026-08-13,2026-06-30,-0.34,USD,NA
IGC,IGC PHARMA INCORPORATED,2026-08-13,2026-06-30,-0.02,USD,NA
IKT,INHIBIKASE THERAPEUTICS INCORPORATED,2026-08-13,2026-06-30,-0.09,USD,NA
IMSR,TERRESTRIAL ENERGY INCORPORATED,2026-08-13,2026-06-30,-0.1,USD,NA
INFQ,INFLEQTION INCORPORATED,2026-08-13,2026-06-30,-0.07,USD,NA
INKT,MINK THERAPEUTICS INCORPORATED,2026-08-13,2026-06-30,-0.6,USD,NA
INV,INNVENTURE INCORPORATED,2026-08-13,2026-06-30,-0.25,USD,NA
IPDN,PROFESSIONAL DIVERSITY NETWORK INCORPORATED,2026-08-13,2026-06-30,NA,USD,NA
IPSC,CENTURY THERAPEUTICS INCORPORATED,2026-08-13,2026-06-30,-0.11,USD,NA
IPST,IP STRATEGY HOLDINGS INCORPORATED,2026-08-13,2026-06-30,NA,USD,NA
IPWR,IDEAL POWER INCORPORATED,2026-08-13,2026-06-30,NA,USD,NA
IQST,IQSTEL INCORPORATED,2026-08-13,2026-06-30,-0.23,USD,NA
ISPC,ISPECIMEN INCORPORATED,2026-08-13,2026-06-30,NA,USD,NA
ISSC,INNOVATIVE SOLUTIONS AND SUPPORT INCORPORATED,2026-08-13,2026-06-30,0.24,USD,NA
ITP,IT TECH PACKAGING INCORPORATED,2026-08-13,2026-06-30,NA,USD,NA
IVDA,IVEDA SOLUTIONS INCORPORATED,2026-08-13,2026-06-30,NA,USD,NA
IVF,INVO FERTILITY INCORPORATED,2026-08-13,2026-06-30,NA,USD,NA
IVVD,INVIVYD INCORPORATED,2026-08-13,2026-06-30,-0.15,USD,NA
JAGU,JAGUAR URANIUM CORPORATION,2026-08-13,2026-06-30,-0.06,USD,NA
JAGX,JAGUAR HEALTH INCORPORATED,2026-08-13,2026-06-30,NA,USD,NA
JCAP,JEFFERSON CAPITAL INCORPORATED,2026-08-13,2026-06-30,0.63,USD,NA
JD,JD.COM INCORPORATED,2026-08-13,2026-06-30,0.77,USD,NA
JFB,JFB CONSTRUCTION HOLDINGS,2026-08-13,2026-06-30,NA,USD,NA
JTAI,JET.AI INCORPORATED,2026-08-13,2026-06-30,NA,USD,NA
KB,KB FINANCIAL GROUP INCORPORATED,2026-08-13,2026-06-30,3.51,USD,NA
KIDZ,KIDZ AI INCORPORATED,2026-08-13,2026-06-30,NA,USD,NA
KTTA,PASITHEA THERAPEUTICS CORPORATION,2026-08-13,2026-06-30,-0.16,USD,NA
KULR,KULR TECHNOLOGY GROUP INCORPORATED,2026-08-13,2026-06-30,NA,USD,NA
LAC,LITHIUM AMERICAS CORPORATION,2026-08-13,2026-06-30,-0.04,USD,NA
LFWD,LIFEWARD LIMITED,2026-08-13,2026-06-30,-1.49,USD,NA
LGL,LGL GROUP INCORPORATED (THE),2026-08-13,2026-06-30,0,USD,NA
LGN,LEGENCE CORPORATION,2026-08-13,2026-06-30,0.26,USD,NA
LIEN,CHICAGO ATLANTIC BDC INCORPORATED,2026-08-13,2026-06-30,0.4,USD,pre-market
LINK,INTERLINK ELECTRONICS INCORPORATED,2026-08-13,2026-06-30,NA,USD,NA
LPL,LG DISPLAY COMPANY LIMITED,2026-08-13,2026-06-30,-0.13,USD,NA
LRMR,LARIMAR THERAPEUTICS INCORPORATED,2026-08-13,2026-06-30,-0.39,USD,NA
LUCY,INNOVATIVE EYEWEAR INCORPORATED,2026-08-13,2026-06-30,NA,USD,NA
LWLG,LIGHTWAVE LOGIC INCORPORATED,2026-08-13,2026-06-30,NA,USD,NA
LXEO,LEXEO THERAPEUTICS INCORPORATED,2026-08-13,2026-06-30,-0.3,USD,NA
MAMO,MASSIMO GROUP,2026-08-13,2026-06-30,NA,USD,NA
MDBH,MDB CAPITAL HOLDINGS LIMITED LIABILITY COMPANY,2026-08-13,2026-06-30,NA,USD,NA
MDWD,MEDIWOUND LIMITED,2026-08-13,2026-06-30,-0.76,USD,NA
MDXH,MDXHEALTH SA,2026-08-13,2026-06-30,-0.12,USD,post-market
MGNX,MACROGENICS INCORPORATED,2026-08-13,2026-06-30,-0.34,USD,NA
MGRX,MANGOCEUTICALS INCORPORATED,2026-08-13,2026-06-30,NA,USD,NA
MGTX,MEIRAGTX HOLDINGS PUBLIC LIMITED COMPANY,2026-08-13,2026-06-30,-0.39,USD,NA
MH,MCGRAW HILL INCORPORATED,2026-08-13,2026-06-30,0.47,USD,pre-market
MIRA,MIRA PHARMACEUTICALS INCORPORATED,2026-08-13,2026-06-30,NA,USD,NA
MLCI,MOUNT LOGAN CAPITAL INCORPORATED,2026-08-13,2026-06-30,NA,USD,NA
MLP,MAUI LAND & PINEAPPLE COMPANY INCORPORATED,2026-08-13,2026-06-30,NA,USD,NA
MLSS,MILESTONE SCIENTIFIC INCORPORATED,2026-08-13,2026-06-30,NA,USD,NA
MNOV,MEDICINOVA INCORPORATED,2026-08-13,2026-06-30,-0.06,USD,NA
MODD,MODULAR MEDICAL INCORPORATED,2026-08-13,2026-06-30,NA,USD,NA
MPLT,MAPLIGHT THERAPEUTICS INCORPORATED,2026-08-13,2026-06-30,-1.37,USD,NA
MRKR,MARKER THERAPEUTICS INCORPORATED,2026-08-13,2026-06-30,-0.25,USD,NA
MSN,EMERSON RADIO CORPORATION,2026-08-13,2026-06-30,NA,USD,NA
MTA,METALLA ROYALTY & STREAMING LIMITED,2026-08-13,2026-06-30,NA,USD,NA
MTNB,MATINAS BIOPHARMA HOLDINGS INCORPORATED,2026-08-13,2026-06-30,NA,USD,NA
MTR,MESA ROYALTY TRUST,2026-08-13,2026-06-30,NA,USD,NA
MWH,SOLV ENERGY INCORPORATED,2026-08-13,2026-06-30,0.26,USD,pre-market
MYSE,MYSEUM.AI INCORPORATED,2026-08-13,2026-06-30,NA,USD,NA
MYSZ,MY SIZE INCORPORATED,2026-08-13,2026-06-30,NA,USD,NA
NCRA,NOCERA INCORPORATED,2026-08-13,2026-06-30,NA,USD,NA
NDRA,ENDRA LIFE SCIENCES INCORPORATED,2026-08-13,2026-06-30,-0.84,USD,NA
NERV,MINERVA NEUROSCIENCES INCORPORATED,2026-08-13,2026-06-30,-0.01,USD,NA
NHIC,NEWHOLD INVESTMENT CORPORATION III,2026-08-13,2026-06-30,NA,USD,NA
NMG,NOUVEAU MONDE GRAPHITE INCORPORATED,2026-08-13,2026-06-30,-0.03,USD,NA
NMTC,NEUROONE MEDICAL TECHNOLOGIES CORPORATION,2026-08-13,2026-06-30,NA,USD,NA
NNE,NANO NUCLEAR ENERGY INCORPORATED,2026-08-13,2026-06-30,-0.28,USD,NA
NSTS,NSTS BANCORP INCORPORATED,2026-08-13,2026-06-30,NA,USD,NA
NTES,NETEASE INCORPORATED,2026-08-13,2026-06-30,2.2,USD,NA
NU,NU HOLDINGS LIMITED,2026-08-13,2026-06-30,0.2,USD,NA
NUAI,NEW ERA ENERGY & DIGITAL INCORPORATED,2026-08-13,2026-06-30,-0.09,USD,NA
NUWE,NUWELLIS INCORPORATED,2026-08-13,2026-06-30,NA,USD,NA
NWTG,NEWTON GOLF COMPANY INCORPORATED,2026-08-13,2026-06-30,NA,USD,NA
NXB,NEXTBOAT INCORPORATED,2026-08-13,2026-06-30,NA,USD,NA
NXTS,NEXENTIS TECHNOLOGIES INCORPORATED,2026-08-13,2026-06-30,NA,USD,NA
NXXT,NEXTNRG INCORPORATED,2026-08-13,2026-06-30,-0.06,USD,NA
OLOX,OLENOX INDUSTRIES INCORPORATED,2026-08-13,2026-06-30,NA,USD,NA
OMER,OMEROS CORPORATION,2026-08-13,2026-06-30,-0.27,USD,NA
ONCO,ONCONETIX INCORPORATED,2026-08-13,2026-06-30,NA,USD,NA
ONFO,ONFOLIO HOLDINGS INCORPORATED,2026-08-13,2026-06-30,NA,USD,NA
ORMP,ORAMED PHARMACEUTICALS INCORPORATED,2026-08-13,2026-06-30,0.43,USD,NA
OSRH,OSR HEALTH INCORPORATED,2026-08-13,2026-06-30,NA,USD,NA
OTLK,OUTLOOK THERAPEUTICS INCORPORATED,2026-08-13,2026-06-30,-0.09,USD,NA
OXBR,OXBRIDGE RE HOLDINGS LIMITED,2026-08-13,2026-06-30,0.04,USD,NA
PAGS,PAGSEGURO DIGITAL LIMITED,2026-08-13,2026-06-30,0.4,USD,NA
PAVM,PAVMED INCORPORATED,2026-08-13,2026-06-30,-0.66,USD,NA
PED,PEDEVCO CORPORATION,2026-08-13,2026-06-30,0.36,USD,NA
PFSA,PROFUSA INCORPORATED,2026-08-13,2026-06-30,NA,USD,NA
PHIO,PHIO PHARMACEUTICALS CORPORATION,2026-08-13,2026-06-30,-0.36,USD,NA
PLAG,PLANET GREEN HOLDINGS CORPORATION,2026-08-13,2026-06-30,NA,USD,NA
PLX,PROTALIX BIOTHERAPEUTICS INCORPORATED,2026-08-13,2026-06-30,-0.01,USD,NA
PLYX,POLARYX THERAPEUTICS INCORPORATED,2026-08-13,2026-06-30,-0.05,USD,NA
PNBK,PATRIOT NATIONAL BANCORP INCORPORATED,2026-08-13,2026-06-30,NA,USD,NA
POLA,POLAR POWER INCORPORATED,2026-08-13,2026-06-30,NA,USD,NA
PPSI,PIONEER POWER SOLUTIONS INCORPORATED,2026-08-13,2026-06-30,-0.16,USD,NA
PRLD,PRELUDE THERAPEUTICS INCORPORATED,2026-08-13,2026-06-30,-0.17,USD,NA
PSTV,PLUS THERAPEUTICS INCORPORATED,2026-08-13,2026-06-30,-0.96,USD,NA
PUSA,AUREUS GREENWAY HOLDINGS INCORPORATED,2026-08-13,2026-06-30,NA,USD,NA
PVL,PERMIANVILLE ROYALTY TRUST,2026-08-13,2026-06-30,NA,USD,NA
PVLA,PALVELLA THERAPEUTICS INCORPORATED,2026-08-13,2026-06-30,-1.16,USD,NA
PWCM,POWERCOMPUTE INCORPORATED,2026-08-13,2026-06-30,NA,USD,NA
PYXS,PYXIS ONCOLOGY INCORPORATED,2026-08-13,2026-06-30,-0.34,USD,NA
QFIN,QFIN HOLDINGS INCORPORATED,2026-08-13,2026-06-30,0.99,USD,NA
QUBT,QUANTUM COMPUTING INCORPORATED,2026-08-13,2026-06-30,-0.05,USD,NA
QXO,QXO INCORPORATED,2026-08-13,2026-06-30,0.09,USD,NA
RAIN,RAIN ENHANCEMENT TECHNOLOGIES HOLDCO INCORPORATED,2026-08-13,2026-06-30,NA,USD,NA
RDI,READING INTERNATIONAL INCORPORATED,2026-08-13,2026-06-30,NA,USD,NA
REBN,REBORN COFFEE INCORPORATED,2026-08-13,2026-06-30,NA,USD,NA
RENX,RENX ENTERPRISES CORPORATION,2026-08-13,2026-06-30,-1.56,USD,NA
RKDA,ARCADIA BIOSCIENCES INCORPORATED,2026-08-13,2026-06-30,NA,USD,NA
RMTI,ROCKWELL MEDICAL INCORPORATED,2026-08-13,2026-06-30,-0.17,USD,pre-market
RNA,ATRIUM THERAPEUTICS INCORPORATED,2026-08-13,2026-06-30,NA,USD,NA
RNAZ,TRANSCODE THERAPEUTICS INCORPORATED,2026-08-13,2026-06-30,NA,USD,NA
RNTX,REIN THERAPEUTICS INCORPORATED,2026-08-13,2026-06-30,-0.27,USD,NA
RNXT,RENOVORX INCORPORATED,2026-08-13,2026-06-30,-0.08,USD,NA
ROC,RANK ONE COMPUTING CORPORATION,2026-08-13,2026-06-30,NA,USD,NA
RTB,RTB DIGITAL INCORPORATED,2026-08-13,2026-06-30,NA,USD,NA
RVP,RETRACTABLE TECHNOLOGIES INCORPORATED,2026-08-13,2026-06-30,NA,USD,NA
SBET,SHARPLINK INCORPORATED,2026-08-13,2026-06-30,0.02,USD,NA
SBEV,SPLASH BEVERAGE GROUP INCORPORATED,2026-08-13,2026-06-30,NA,USD,NA
SBMT,SILVER BOW MINING CORPORATION,2026-08-13,2026-06-30,NA,USD,NA
SDEV,STABLECOIN DEVELOPMENT CORPORATION,2026-08-13,2026-06-30,NA,USD,NA
SDOT,SADOT GROUP INCORPORATED,2026-08-13,2026-06-30,NA,USD,NA
SGML,SIGMA LITHIUM CORPORATION,2026-08-13,2026-06-30,0.15,USD,NA
SGP,SPYGLASS PHARMA INCORPORATED,2026-08-13,2026-06-30,-0.48,USD,NA
SHFS,SHF HOLDINGS INCORPORATED,2026-08-13,2026-06-30,NA,USD,NA
SHIM,SHIMMICK CORPORATION,2026-08-13,2026-06-30,-0.05,USD,NA
SIDU,SIDUS SPACE INCORPORATED,2026-08-13,2026-06-30,NA,USD,NA
SIF,SIFCO INDUSTRIES INCORPORATED,2026-08-13,2026-06-30,NA,USD,NA
SKE,SKEENA RESOURCES LIMITED,2026-08-13,2026-06-30,-0.11,USD,NA
SKYQ,SKY QUARRY INCORPORATED,2026-08-13,2026-06-30,NA,USD,NA
SLE,SUPER LEAGUE ENTERPRISE INCORPORATED,2026-08-13,2026-06-30,-2.28,USD,NA
SLNH,SOLUNA HOLDINGS INCORPORATED,2026-08-13,2026-06-30,-0.11,USD,NA
SMID,SMITH-MIDLAND CORPORATION,2026-08-13,2026-06-30,NA,USD,NA
SMXT,SOLARMAX TECHNOLOGY INCORPORATED,2026-08-13,2026-06-30,NA,USD,NA
SNFCA,SECURITY NATIONAL FINANCIAL CORPORATION,2026-08-13,2026-06-30,NA,USD,NA
SNGX,SOLIGENIX INCORPORATED,2026-08-13,2026-06-30,-0.22,USD,NA
SNYR,SYNERGY CHC CORPORATION,2026-08-13,2026-06-30,-0.01,USD,NA
SOAR,VOLATO GROUP INCORPORATED,2026-08-13,2026-06-30,NA,USD,NA
SOWG,SOW GOOD INCORPORATED,2026-08-13,2026-06-30,NA,USD,NA
SPAI,SAFE PRO GROUP INCORPORATED,2026-08-13,2026-06-30,-0.14,USD,NA
SPCB,SUPERCOM LIMITED,2026-08-13,2026-06-30,NA,USD,NA
SPRB,SPRUCE BIOSCIENCES INCORPORATED,2026-08-13,2026-06-30,-4.79,USD,NA
SQFT,PRESIDIO PROPERTY TRUST INCORPORATED,2026-08-13,2026-06-30,NA,USD,NA
SRG,SERITAGE GROWTH PROPERTIES,2026-08-13,2026-06-30,NA,USD,NA
STG,SUNLANDS TECHNOLOGY GROUP,2026-08-13,2026-06-30,NA,USD,NA
STNE,STONECO LIMITED,2026-08-13,2026-06-30,0.46,USD,post-market
STRT,STRATTEC SECURITY CORPORATION,2026-08-13,2026-06-30,1.29,USD,NA
STTK,SHATTUCK LABS INCORPORATED,2026-08-13,2026-06-30,-0.15,USD,NA
TCRT,ALAUNOS THERAPEUTICS INCORPORATED,2026-08-13,2026-06-30,NA,USD,NA
TELO,TELOMIR PHARMACEUTICALS INCORPORATED,2026-08-13,2026-06-30,NA,USD,NA
TGLS,TECNOGLASS INCORPORATED,2026-08-13,2026-06-30,-0.69,USD,NA
TIC,TIC SOLUTIONS INCORPORATED,2026-08-13,2026-06-30,0.1,USD,NA
TLNC,TALON CAPITAL CORPORATION,2026-08-13,2026-06-30,NA,USD,NA
TLPH,TALPHERA INCORPORATED,2026-08-13,2026-06-30,-0.07,USD,NA
TMC,TMC THE METALS COMPANY INCORPORATED,2026-08-13,2026-06-30,-0.06,USD,NA
TOMZ,TOMI ENVIRONMENTAL SOLUTIONS INCORPORATED,2026-08-13,2026-06-30,-0.12,USD,NA
TOON,KARTOON STUDIOS INCORPORATED,2026-08-13,2026-06-30,NA,USD,NA
TOPP,TOPPOINT HOLDINGS INCORPORATED,2026-08-13,2026-06-30,NA,USD,NA
TPR,TAPESTRY INCORPORATED,2026-08-13,2026-06-30,1.25,USD,NA
TRAW,TRAWS PHARMA INCORPORATED,2026-08-13,2026-06-30,-0.22,USD,NA
TVRD,TVARDI THERAPEUTICS INCORPORATED,2026-08-13,2026-06-30,-0.65,USD,NA
TWAV,TAOWEAVE INCORPORATED,2026-08-13,2026-06-30,NA,USD,NA
TYRA,TYRA BIOSCIENCES INCORPORATED,2026-08-13,2026-06-30,-0.67,USD,NA
UAVS,AGEAGLE AERIAL SYSTEMS INCORPORATED,2026-08-13,2026-06-30,NA,USD,NA
UMAC,UNUSUAL MACHINES INCORPORATED,2026-08-13,2026-06-30,-0.2,USD,NA
UNCY,UNICYCIVE THERAPEUTICS INCORPORATED,2026-08-13,2026-06-30,-0.34,USD,NA
VALN,VALNEVA SE,2026-08-13,2026-06-30,-0.28,USD,pre-market
VBIO,VALION BIO INCORPORATED,2026-08-13,2026-06-30,NA,USD,NA
VENU,VENU HOLDING CORPORATION,2026-08-13,2026-06-30,NA,USD,NA
VIPS,VIPSHOP HOLDINGS LIMITED,2026-08-13,2026-06-30,0.49,USD,NA
VNRX,VOLITIONRX LIMITED,2026-08-13,2026-06-30,-0.7,USD,NA
VS,VERSUS SYSTEMS INCORPORATED,2026-08-13,2026-06-30,NA,USD,NA
VTIX,VIRTUIX HOLDINGS INCORPORATED,2026-08-13,2026-06-30,-0.25,USD,pre-market
VUZI,VUZIX CORPORATION,2026-08-13,2026-06-30,NA,USD,NA
VYNE,VYNE THERAPEUTICS INCORPORATED,2026-08-13,2026-06-30,NA,USD,NA
WAVE,ECO WAVE POWER GLOBAL AB (PUBL),2026-08-13,2026-06-30,NA,USD,NA
WB,WEIBO CORPORATION,2026-08-13,2026-06-30,0.33,USD,NA
WKHS,WORKHORSE GROUP INCORPORATED,2026-08-13,2026-06-30,-1.23,USD,post-market
WRAP,WRAP TECHNOLOGIES INCORPORATED,2026-08-13,2026-06-30,NA,USD,NA
WYFI,WHITEFIBER INCORPORATED,2026-08-13,2026-06-30,-0.5,USD,NA
WYY,WIDEPOINT CORPORATION,2026-08-13,2026-06-30,0.01,USD,NA
XBP,XBP GLOBAL HOLDINGS INCORPORATED,2026-08-13,2026-06-30,NA,USD,NA
XELB,XCEL BRANDS INCORPORATED,2026-08-13,2026-06-30,-0.38,USD,NA
XHLD,TEN HOLDINGS INCORPORATED,2026-08-13,2026-06-30,NA,USD,NA
XLO,XILIO THERAPEUTICS INCORPORATED,2026-08-13,2026-06-30,NA,USD,NA
XMAX,XMAX INCORPORATED,2026-08-13,2026-06-30,NA,USD,NA
XNET,XUNLEI LIMITED,2026-08-13,2026-06-30,NA,USD,NA
XRTX,XORTX THERAPEUTICS INCORPORATED,2026-08-13,2026-06-30,NA,USD,NA
XWEL,XWELL INCORPORATED,2026-08-13,2026-06-30,NA,USD,NA
XXII,22ND CENTURY GROUP INCORPORATED,2026-08-13,2026-06-30,NA,USD,NA
YCBD,CBDMD INCORPORATED,2026-08-13,2026-06-30,NA,USD,NA
YETI,YETI HOLDINGS INCORPORATED,2026-08-13,2026-06-30,0.44,USD,pre-market
YHGJ,YUNHONG GREEN CTI LIMITED,2026-08-13,2026-06-30,NA,USD,NA
YSS,YORK SPACE SYSTEMS INCORPORATED,2026-08-13,2026-06-30,-0.19,USD,NA
ZSQR,Z SQUARED INCORPORATED,2026-08-13,2026-06-30,NA,USD,NA
ZTEK,ZENTEK LIMITED,2026-08-13,2026-06-30,NA,USD,NA
ZURA,ZURA BIO LIMITED,2026-08-13,2026-06-30,-0.2,USD,NA
ACXP,ACURX PHARMACEUTICALS INCORPORATED,2026-08-14,2026-06-30,-0.42,USD,pre-market
AMR,ALPHA METALLURGICAL RESOURCES INCORPORATED,2026-08-14,2026-06-30,0.65,USD,NA
ANIP,ANI PHARMACEUTICALS INCORPORATED,2026-08-14,2026-06-30,1.67,USD,NA
AQN,ALGONQUIN POWER & UTILITIES CORPORATION,2026-08-14,2026-06-30,0.06,USD,NA
ATLO,AMES NATIONAL CORPORATION,2026-08-14,2026-06-30,0.65,USD,NA
ATNM,ACTINIUM PHARMACEUTICALS INCORPORATED,2026-08-14,2026-06-30,-0.2,USD,NA
AUUD,AUDDIA INCORPORATED,2026-08-14,2026-06-30,NA,USD,NA
AWX,AVALON HOLDINGS CORPORATION,2026-08-14,2026-06-30,NA,USD,NA
BCYC,BICYCLE THERAPEUTICS PUBLIC LIMITED COMPANY,2026-08-14,2026-06-30,-0.37,USD,NA
BH,BIGLARI HOLDINGS INCORPORATED,2026-08-14,2026-06-30,NA,USD,NA
BH.A,BIGLARI HOLDINGS INCORPORATED,2026-08-14,2026-06-30,NA,USD,NA
CELZ,CREATIVE MEDICAL TECHNOLOGY HOLDINGS INCORPORATED,2026-08-14,2026-06-30,-0.39,USD,NA
CGC,CANOPY GROWTH CORPORATION,2026-08-14,2026-06-30,-0.04,USD,NA
CGON,CG ONCOLOGY INCORPORATED,2026-08-14,2026-06-30,-0.7,USD,NA
CKX,CKX LANDS INCORPORATED,2026-08-14,2026-06-30,NA,USD,NA
CLDI,CALIDI BIOTHERAPEUTICS INCORPORATED,2026-08-14,2026-06-30,NA,USD,NA
CORZ,CORE SCIENTIFIC INCORPORATED,2026-08-14,2026-06-30,-0.02,USD,NA
CRVO,CERVOMED INCORPORATED,2026-08-14,2026-06-30,-0.87,USD,NA
CTM,CASTELLUM INCORPORATED,2026-08-14,2026-06-30,NA,USD,NA
CVR,CHICAGO RIVET & MACHINE COMPANY,2026-08-14,2026-06-30,NA,USD,NA
CZNC,CITIZENS & NORTHERN CORP,2026-08-14,2026-06-30,0.63,USD,NA
DCH,DAUCH CORPORATION,2026-08-14,2026-06-30,0.14,USD,NA
EDSA,EDESA BIOTECH INCORPORATED,2026-08-14,2026-06-30,-0.44,USD,NA
EMBC,EMBECTA CORPORATION,2026-08-14,2026-06-30,0.26,USD,NA
ENTX,ENTERA BIO LIMITED,2026-08-14,2026-06-30,-0.08,USD,NA
FEMY,FEMASYS INCORPORATED,2026-08-14,2026-06-30,NA,USD,NA
FRHC,FREEDOM HOLDING CORPORATION,2026-08-14,2026-06-30,NA,USD,NA
FSEA,FIRST SEACOAST BANCORP INCORPORATED,2026-08-14,2026-06-30,NA,USD,NA
GENC,GENCOR INDUSTRIES INCORPORATED,2026-08-14,2026-06-30,NA,USD,NA
GRVY,GRAVITY COMPANY LIMITED,2026-08-14,2026-06-30,NA,USD,NA
HDRN,HADRON ENERGY INCORPORATED,2026-08-14,2026-06-30,NA,USD,NA
HRTX,HERON THERAPEUTICS INCORPORATED,2026-08-14,2026-06-30,-0.02,USD,NA
HSHP,HIMALAYA SHIPPING LIMITED,2026-08-14,2026-06-30,NA,USD,NA
IMMX,IMMIX BIOPHARMA INCORPORATED,2026-08-14,2026-06-30,-0.17,USD,NA
KALA,KALA BIO INCORPORATED,2026-08-14,2026-06-30,NA,USD,NA
KPRX,KIORA PHARMACEUTICALS INCORPORATED,2026-08-14,2026-06-30,NA,USD,NA
LFT,LUMENT FINANCE TRUST INCORPORATED,2026-08-14,2026-06-30,NA,USD,NA
LNZA,LANZATECH GLOBAL INCORPORATED,2026-08-14,2026-06-30,-0.76,USD,pre-market
MBIO,MUSTANG BIO INCORPORATED,2026-08-14,2026-06-30,NA,USD,NA
NATH,NATHAN'S FAMOUS INCORPORATED,2026-08-14,2026-06-30,NA,USD,NA
NEN,NEW ENGLAND REALTY ASSOCIATES LIMITED PARTNERSHIP,2026-08-14,2026-06-30,NA,USD,NA
NFGC,NEW FOUND GOLD CORPORATION,2026-08-14,2026-06-30,-0.02,USD,NA
NHC,NATIONAL HEALTHCARE CORPORATION,2026-08-14,2026-06-30,NA,USD,NA
NODK,NI HOLDINGS INCORPORATED,2026-08-14,2026-06-30,NA,USD,NA
NPK,NATIONAL PRESTO INDUSTRIES INCORPORATED,2026-08-14,2026-06-30,NA,USD,NA
NTIP,NETWORK-1 TECHNOLOGIES INCORPORATED,2026-08-14,2026-06-30,NA,USD,NA
NXTT,NEXT TECHNOLOGY HOLDING INCORPORATED,2026-08-14,2026-06-30,NA,USD,NA
NYC,AMERICAN STRATEGIC INVESTMENT COMPANY,2026-08-14,2026-06-30,NA,USD,NA
OGEN,ORAGENICS INCORPORATED,2026-08-14,2026-06-30,NA,USD,NA
ONCY,ONCOLYTICS BIOTECH INCORPORATED,2026-08-14,2026-06-30,-0.06,USD,NA
OPHC,OPTIMUMBANK HOLDINGS INCORPORATED,2026-08-14,2026-06-30,0.2,USD,NA
PAGP,"PLAINS GP HOLDINGS, L.P.",2026-08-14,2026-06-30,0.43,USD,NA
PBFS,PIONEER BANCORP INCORPORATED,2026-08-14,2026-06-30,NA,USD,NA
PHUN,PHUNWARE INCORPORATED,2026-08-14,2026-06-30,NA,USD,NA
PMCB,PHARMACYTE  BIOTECH INCORPORATED,2026-08-14,2026-04-30,NA,USD,NA
PMTS,CPI CARD GROUP INCORPORATED,2026-08-14,2026-06-30,0.37,USD,NA
PXS,PYXIS TANKERS INCORPORATED,2026-08-14,2026-06-30,NA,USD,NA
RMCO,ROYALTY MANAGEMENT HOLDING CORPORATION,2026-08-14,2026-06-30,NA,USD,NA
RMIX,SUNCRETE INCORPORATED,2026-08-14,2026-06-30,0.02,USD,pre-market
RYM,RYTHM INCORPORATED,2026-08-14,2026-06-30,NA,USD,NA
SBR,SABINE ROYALTY TRUST,2026-08-14,2026-06-30,NA,USD,NA
SECZ,SECURITIZE CORPORATION,2026-08-14,2026-06-30,NA,USD,NA
SELF,GLOBAL SELF STORAGE INCORPORATED,2026-08-14,2026-06-30,NA,USD,NA
SNWV,SANUWAVE HEALTH INCORPORATED,2026-08-14,2026-06-30,NA,USD,NA
SONM,DNA X INCORPORATED,2026-08-14,2026-06-30,NA,USD,NA
SRZN,SURROZEN INCORPORATED,2026-08-14,2026-06-30,-1.34,USD,NA
STRR,STAR EQUITY HOLDINGS INCORPORATED,2026-08-14,2026-06-30,-0.07,USD,NA
TG,TREDEGAR CORPORATION,2026-08-14,2026-06-30,NA,USD,NA
THM,INTERNATIONAL TOWER HILL MINES LIMITED,2026-08-14,2026-06-30,NA,USD,NA
TRNR,INTERACTIVE STRENGTH INCORPORATED,2026-08-14,2026-06-30,NA,USD,pre-market
TRON,TRON INCORPORATED,2026-08-14,2026-06-30,NA,USD,NA
UG,UNITED-GUARDIAN INCORPORATED,2026-08-14,2026-06-30,NA,USD,NA
XCUR,EXICURE INCORPORATED,2026-08-14,2026-06-30,NA,USD,NA
XFOR,X4 PHARMACEUTICALS INCORPORATED,2026-08-14,2026-06-30,-0.19,USD,NA
YTRA,YATRA ONLINE INCORPORATED,2026-08-14,2026-06-30,NA,USD,NA
AGRO,ADECOAGRO SOCIEDAD ANÓNIMA,2026-08-17,2026-06-30,NA,USD,NA
AMCI,AMC ROBOTICS CORPORATION,2026-08-17,2026-06-30,NA,USD,NA
API,AGORA INCORPORATED,2026-08-17,2026-06-30,NA,USD,NA
AZIO,AZIO AI HOLDINGS INCORPORATED,2026-08-17,2026-06-30,NA,USD,NA
BGLC,BIONEXUS GENE LAB CORPORATION,2026-08-17,2026-06-30,NA,USD,NA
BLNK,BLINK CHARGING COMPANY,2026-08-17,2026-06-30,-0.05,USD,NA
BTBD,BT BRANDS INCORPORATED,2026-08-17,2026-06-30,NA,USD,NA
BTDR,BITDEER TECHNOLOGIES GROUP,2026-08-17,2026-06-30,-0.27,USD,NA
CBAT,CBAK ENERGY TECHNOLOGY LIMITED,2026-08-17,2026-06-30,-0.06,USD,NA
COSM,COSMOS HEALTH INCORPORATED,2026-08-17,2026-06-30,0.01,USD,NA
CRGO,FREIGHTOS LIMITED,2026-08-17,2026-06-30,NA,USD,NA
DOYU,DOUYU INTERNATIONAL HOLDINGS LIMITED,2026-08-17,2026-06-30,NA,USD,NA
FGBI,FIRST GUARANTY BANCSHARES INCORPORATED,2026-08-17,2026-06-30,0.09,USD,NA
FLXS,FLEXSTEEL INDUSTRIES INCORPORATED,2026-08-17,2026-06-30,1.15,USD,NA
FN,FABRINET,2026-08-17,2026-06-30,3.69,USD,NA
FRGT,FREIGHT TECHNOLOGIES INCORPORATED,2026-08-17,2026-06-30,NA,USD,NA
FRSX,FORESIGHT AUTONOMOUS HOLDINGS LIMITED,2026-08-17,2026-06-30,NA,USD,NA
GRML,GREENLAND MINES LIMITED,2026-08-17,2026-06-30,NA,USD,NA
HCWB,HCW BIOLOGICS INCORPORATED,2026-08-17,2026-06-30,NA,USD,NA
JUNS,JUPITER NEUROSCIENCES INCORPORATED,2026-08-17,2026-06-30,NA,USD,NA
KUST,KUSTOM ENTERTAINMENT INCORPORATED,2026-08-17,2026-06-30,NA,USD,NA
LRHC,LA ROSA HOLDINGS CORPORATION,2026-08-17,2026-06-30,NA,USD,NA
NRXP,NRX PHARMACEUTICALS INCORPORATED,2026-08-17,2026-06-30,-0.09,USD,NA
NTHI,NEONC TECHNOLOGIES HOLDINGS INCORPORATED,2026-08-17,2026-06-30,-0.16,USD,NA
NYXH,NYXOAH SA,2026-08-17,2026-06-30,-0.47,USD,NA
OSTX,OS THERAPIES INCORPORATED,2026-08-17,2026-06-30,-0.25,USD,NA
PANW,PALO ALTO NETWORKS INCORPORATED,2026-08-17,2026-07-31,0.51,USD,NA
RSKD,RISKIFIED LIMITED,2026-08-17,2026-06-30,-0.05,USD,NA
TOYO,TOYO COMPANY LIMITED,2026-08-17,2026-06-30,0.52,USD,NA
XP,XP INCORPORATED,2026-08-17,2026-06-30,0.51,USD,NA
XYF,X FINANCIAL,2026-08-17,2026-06-30,NA,USD,NA
AIHS,SENMIAO TECHNOLOGY LIMITED,2026-08-18,2026-06-30,NA,USD,NA
AREC,AMERICAN RESOURCES CORPORATION,2026-08-18,2026-06-30,-0.13,USD,NA
AS,AMER SPORTS INCORPORATED,2026-08-18,2026-06-30,0.1,USD,NA
AUNA,AUNA SA,2026-08-18,2026-06-30,0.24,USD,post-market
BHP,BHP GROUP LIMITED,2026-08-18,2026-06-30,NA,USD,NA
BRLS,BOREALIS FOODS INCORPORATED,2026-08-18,2026-06-30,NA,USD,NA
CETY,CLEAN ENERGY TECHNOLOGIES INCORPORATED,2026-08-18,2026-06-30,NA,USD,NA
CING,CINGULATE INCORPORATED,2026-08-18,2026-06-30,-0.63,USD,NA
CVU,CPI AEROSTRUCTURES INCORPORATED,2026-08-18,2026-06-30,NA,USD,NA
DVLT,DATAVAULT AI INCORPORATED,2026-08-18,2026-06-30,NA,USD,NA
EARN,ELLINGTON CREDIT COMPANY,2026-08-18,2026-06-30,0.2,USD,NA
EVGN,EVOGENE LIMITED,2026-08-18,2026-06-30,NA,USD,NA
FEED,ENVUE MEDICAL INCORPORATED,2026-08-18,2026-06-30,NA,USD,NA
FLNT,FLUENT INCORPORATED,2026-08-18,2026-06-30,-0.18,USD,NA
FLX,BINGEX LIMITED,2026-08-18,2026-06-30,NA,USD,NA
FLYE,FLY-E GROUP INCORPORATED,2026-08-18,2026-06-30,NA,USD,NA
FORTY,FORMULA SYSTEMS (1985) LIMITED,2026-08-18,2026-06-30,NA,USD,NA
FTFT,FUTURE FINTECH GROUP INCORPORATED,2026-08-18,2026-06-30,NA,USD,NA
HD,HOME DEPOT INCORPORATED (THE),2026-08-18,2026-07-31,4.71,USD,pre-market
JKHY,JACK HENRY & ASSOCIATES INCORPORATED,2026-08-18,2026-06-30,1.43,USD,NA
KEYS,KEYSIGHT TECHNOLOGIES INCORPORATED,2026-08-18,2026-07-31,2.16,USD,NA
KLAR,KLARNA GROUP PUBLIC LIMITED COMPANY,2026-08-18,2026-06-30,-0.07,USD,pre-market
LZB,LA-Z-BOY INCORPORATED,2026-08-18,2026-07-31,0.48,USD,NA
MEDS,DATAMEDS AI INCORPORATED,2026-08-18,2026-06-30,NA,USD,NA
MNTS,MOMENTUS INCORPORATED,2026-08-18,2026-06-30,NA,USD,NA
NCL,NORTHANN CORPORATION,2026-08-18,2026-06-30,NA,USD,NA
NMAX,NEWSMAX INCORPORATED,2026-08-18,2026-06-30,-0.02,USD,NA
OLB,THE OLB GROUP INCORPORATED,2026-08-18,2026-06-30,NA,USD,NA
OMEX,ODYSSEY MARINE EXPLORATION INCORPORATED,2026-08-18,2026-06-30,NA,USD,NA
OPRA,OPERA LIMITED,2026-08-18,2026-06-30,0.26,USD,NA
ORBS,EIGHTCO HOLDINGS INCORPORATED,2026-08-18,2026-06-30,NA,USD,NA
PNRG,PRIMEENERGY RESOURCES CORPORATION,2026-08-18,2026-06-30,NA,USD,NA
PONY,PONY AI INCORPORATED,2026-08-18,2026-06-30,NA,USD,pre-market
QCLS,Q/C TECHNOLOGIES INCORPORATED,2026-08-18,2026-06-30,NA,USD,NA
QXL,QUANTUM X LABS INCORPORATED,2026-08-18,2026-06-30,NA,USD,NA
RIME,ALGORHYTHM HOLDINGS INCORPORATED,2026-08-18,2026-06-30,-0.36,USD,NA
SEGG,SPORTS ENTERTAINMENT GAMING GLOBAL CORPORATION,2026-08-18,2026-06-30,NA,USD,NA
SFL,SFL CORPORATION LIMITED,2026-08-18,2026-06-30,NA,USD,NA
SNAL,SNAIL INCORPORATED,2026-08-18,2026-06-30,1.55,USD,NA
SSM,SONO GROUP NAAMLOZE VENNOOTSCHAP,2026-08-18,2026-06-30,NA,USD,NA
STI,SOLIDION TECHNOLOGY INCORPORATED,2026-08-18,2026-06-30,NA,USD,NA
TE,T1 ENERGY INCORPORATED,2026-08-18,2026-06-30,-0.13,USD,NA
TOL,TOLL BROTHERS INCORPORATED,2026-08-18,2026-07-31,2.9,USD,NA
TRUG,TRUGOLF HOLDINGS INCORPORATED,2026-08-18,2026-06-30,NA,USD,NA
TVGN,TEVOGEN BIO HOLDINGS INCORPORATED,2026-08-18,2026-06-30,NA,USD,NA
UUU,UNIVERSAL SAFETY PRODUCTS INCORPORATED,2026-08-18,2026-06-30,NA,USD,NA
VEEA,VEEA INCORPORATED,2026-08-18,2026-06-30,NA,USD,NA
VIK,VIKING HOLDINGS LIMITED,2026-08-18,2026-06-30,1.25,USD,NA
VIVK,VIVAKOR INCORPORATED,2026-08-18,2026-06-30,NA,USD,NA
VSTD,VESTAND INCORPORATED,2026-08-18,2026-06-30,NA,USD,NA
VVOS,VIVOS THERAPEUTICS INCORPORATED,2026-08-18,2026-06-30,-0.42,USD,NA
VWAV,VISIONWAVE HOLDINGS INCORPORATED,2026-08-18,2026-06-30,NA,USD,NA
XPEV,XPENG INCORPORATED,2026-08-18,2026-06-30,NA,USD,NA
ZTO,ZTO EXPRESS (CAYMAN) INCORPORATED,2026-08-18,2026-06-30,NA,USD,NA
ADI,ANALOG DEVICES INCORPORATED,2026-08-19,2026-07-31,3.33,USD,NA
AIDX,20/20 BIOLABS INCORPORATED,2026-08-19,2026-06-30,NA,USD,NA
AVEX,AEVEX CORPORATION,2026-08-19,2026-06-30,0.06,USD,NA
BBAR,BANCO BBVA ARGENTINA SOCIEDAD ANÓNIMA,2026-08-19,2026-06-30,0.35,USD,NA
BIDU,BAIDU INCORPORATED,2026-08-19,2026-06-30,1.19,USD,NA
BILL,BILL HOLDINGS INCORPORATED,2026-08-19,2026-06-30,0.25,USD,post-market
BZ,KANZHUN LIMITED,2026-08-19,2026-06-30,0.25,USD,NA
CAAP,CORPORACION AMERICA AIRPORTS SA,2026-08-19,2026-06-30,0.51,USD,NA
CLGN,COLLPLANT BIOTECHNOLOGIES LIMITED,2026-08-19,2026-06-30,NA,USD,NA
COTY,COTY INCORPORATED,2026-08-19,2026-06-30,-0.01,USD,NA
DRD,DRDGOLD LIMITED,2026-08-19,2026-06-30,NA,USD,NA
DY,DYCOM INDUSTRIES INCORPORATED,2026-08-19,2026-07-31,4.36,USD,NA
EL,ESTEE LAUDER COMPANIES INCORPORATED (THE),2026-08-19,2026-06-30,0.31,USD,pre-market
FINV,FINVOLUTION GROUP,2026-08-19,2026-06-30,NA,USD,NA
FJET,STARFIGHTERS SPACE INCORPORATED,2026-08-19,2026-06-30,NA,USD,NA
FLNG,FLEX LNG LIMITED,2026-08-19,2026-06-30,NA,USD,NA
FUTU,FUTU HOLDINGS LIMITED,2026-08-19,2026-06-30,NA,USD,NA
GDS,GDS HOLDINGS LIMITED,2026-08-19,2026-06-30,1.35,USD,NA
HTHT,H WORLD GROUP LIMITED,2026-08-19,2026-06-30,0.65,USD,NA
IQ,IQIYI INCORPORATED,2026-08-19,2026-06-30,-0.03,USD,NA
JBSS,JOHN B. SANFILIPPO & SON INCORPORATED,2026-08-19,2026-06-30,1.3,USD,NA
JFIN,JIAYIN GROUP INCORPORATED,2026-08-19,2026-06-30,NA,USD,NA
KC,KINGSOFT CLOUD HOLDINGS LIMITED,2026-08-19,2026-06-30,-0.14,USD,NA
LOW,LOWE'S COMPANIES INCORPORATED,2026-08-19,2026-07-31,4.26,USD,pre-market
NBP,NOVABRIDGE BIOSCIENCES,2026-08-19,2026-06-30,-0.14,USD,NA
NCNA,NUCANA PUBLIC LIMITED COMPANY,2026-08-19,2026-06-30,NA,USD,NA
NDSN,NORDSON CORPORATION,2026-08-19,2026-07-31,3.09,USD,NA
NESR,NATIONAL ENERGY SERVICES REUNITED CORPORATION,2026-08-19,2026-06-30,0.35,USD,NA
RERE,ATRENEW INCORPORATED,2026-08-19,2026-06-30,0.09,USD,NA
SQM,SOCIEDAD QUIMICA Y MINERA SOCIEDAD ANÓNIMA,2026-08-19,2026-06-30,1.89,USD,NA
TGT,TARGET CORPORATION,2026-08-19,2026-07-31,2.21,USD,pre-market
TJX,TJX COMPANIES INCORPORATED (THE),2026-08-19,2026-07-31,1.17,USD,NA
UFI,UNIFI INCORPORATED,2026-08-19,2026-06-30,-0.06,USD,NA
ZIM,ZIM INTEGRATED SHIPPING SERVICES LIMITED,2026-08-19,2026-06-30,-0.1,USD,NA
AEG,AEGON LIMITED,2026-08-20,2026-06-30,NA,USD,pre-market
AXIL,AXIL BRANDS INCORPORATED,2026-08-20,2026-05-31,NA,USD,NA
BILI,BILIBILI INCORPORATED,2026-08-20,2026-06-30,0.13,USD,NA
BOSC,B.O.S. BETTER ONLINE SOLUTIONS,2026-08-20,2026-06-30,NA,USD,pre-market
CATO,CATO CORPORATION (THE),2026-08-20,2026-07-31,NA,USD,NA
COAG,HEMAB THERAPEUTICS HOLDINGS INCORPORATED,2026-08-20,2026-06-30,-0.63,USD,NA
CSIQ,CANADIAN SOLAR INCORPORATED,2026-08-20,2026-06-30,-1.01,USD,NA
DDL,DINGDONG (CAYMAN) LIMITED,2026-08-20,2026-06-30,NA,USD,NA
DE,DEERE & COMPANY,2026-08-20,2026-07-31,4.85,USD,pre-market
EVAX,EVAXION A/S,2026-08-20,2026-06-30,NA,USD,pre-market
HOV,HOVNANIAN ENTERPRISES INCORPORATED,2026-08-20,2026-07-31,NA,USD,NA
INTU,INTUIT INCORPORATED,2026-08-20,2026-07-31,2.14,USD,NA
LYTS,LSI INDUSTRIES INCORPORATED,2026-08-20,2026-06-30,0.28,USD,NA
MNSO,MINISO GROUP HOLDING LIMITED,2026-08-20,2026-06-30,NA,USD,NA
MRT,MARTI TECHNOLOGIES INCORPORATED,2026-08-20,2026-06-30,NA,USD,NA
MZTI,THE MARZETTI COMPANY,2026-08-20,2026-06-30,NA,USD,NA
NMM,NAVIOS MARITIME PARTNERS LIMITED PARTNERSHIP,2026-08-20,2026-06-30,NA,USD,NA
OCS,OCULIS HOLDING AG,2026-08-20,2026-06-30,-0.48,USD,NA
OSIS,OSI SYSTEMS INCORPORATED,2026-08-20,2026-06-30,3.75,USD,NA
ROST,ROSS STORES INCORPORATED,2026-08-20,2026-07-31,1.9,USD,NA
SCSC,SCANSOURCE INCORPORATED,2026-08-20,2026-06-30,1.11,USD,NA
SLQT,SELECTQUOTE INCORPORATED,2026-08-20,2026-06-30,-0.15,USD,NA
TPCS,TECHPRECISION CORPORATION,2026-08-20,2026-06-30,NA,USD,NA
TWIN,TWIN DISC INCORPORATED,2026-08-20,2026-06-30,NA,USD,NA
VNET,VNET GROUP INCORPORATED,2026-08-20,2026-06-30,-0.06,USD,NA
WDAY,WORKDAY INCORPORATED,2026-08-20,2026-07-31,1.26,USD,NA
WMT,WALMART INCORPORATED,2026-08-20,2026-07-31,0.74,USD,pre-market
YMM,FULL TRUCK ALLIANCE COMPANY LIMITED,2026-08-20,2026-06-30,0.18,USD,NA
YRD,YIREN DIGITAL LIMITED,2026-08-20,2026-06-30,NA,USD,NA
YSG,YATSEN HOLDING LIMITED,2026-08-20,2026-06-30,NA,USD,NA
ZM,ZOOM COMMUNICATIONS INCORPORATED,2026-08-20,2026-07-31,1.01,USD,NA
ALLR,ALLARITY THERAPEUTICS INCORPORATED,2026-08-21,2026-06-30,-0.25,USD,NA
BIVI,BIOVIE INCORPORATED,2026-08-21,2026-06-30,NA,USD,NA
BJ,BJ'S WHOLESALE CLUB HOLDINGS INCORPORATED,2026-08-21,2026-07-31,1.15,USD,pre-market
CAPS,CAPSTONE HOLDING CORPORATION,2026-08-21,2026-06-30,NA,USD,NA
CYAB,CYABRA INCORPORATED,2026-08-21,2026-06-30,NA,USD,NA
FLO,FLOWERS FOODS INCORPORATED,2026-08-21,2026-06-30,0.23,USD,NA
FUFU,BITFUFU INCORPORATED,2026-08-21,2026-06-30,-0.01,USD,NA
FUSE,FUSEMACHINES INCORPORATED,2026-08-21,2026-06-30,NA,USD,NA
GIPR,GENERATION INCOME PROPERTIES INCORPORATED,2026-08-21,2026-06-30,NA,USD,NA
GITS,GLOBAL INTERACTIVE TECHNOLOGIES INCORPORATED COMMON STOCK,2026-08-21,2026-06-30,NA,USD,NA
GP,GREENPOWER MOTOR COMPANY INCORPORATED,2026-08-21,2026-06-30,NA,USD,NA
GPUS,HYPERSCALE DATA INCORPORATED,2026-08-21,2026-06-30,NA,USD,NA
HODO,HOUSE OF DOGE INCORPORATED,2026-08-21,2026-06-30,NA,USD,NA
INBS,INTELLIGENT BIO SOLUTIONS INCORPORATED,2026-08-21,2026-06-30,NA,USD,NA
KG,KESTREL GROUP LIMITED,2026-08-21,2026-06-30,NA,USD,NA
LASE,LASER PHOTONICS CORPORATION,2026-08-21,2026-06-30,NA,USD,NA
LNAI,LUNAI BIOWORKS INCORPORATED,2026-08-21,2026-06-30,NA,USD,NA
MAKO,MAKO MINING CORPORATION,2026-08-21,2026-06-30,0.18,USD,NA
MRLN,MERLIN INCORPORATED,2026-08-21,2026-06-30,-0.28,USD,NA
NGEN,NERVGEN PHARMA CORPORATION,2026-08-21,2026-06-30,-0.09,USD,NA
NICM,NICOLA MINING INCORPORATED,2026-08-21,2026-06-30,NA,USD,NA
NOMA,NOMADAR CORPORATION,2026-08-21,2026-06-30,NA,USD,NA
OBAI,OUR BOND INCORPORATED,2026-08-21,2026-06-30,NA,USD,NA
QNC,QUANTUM EMOTION CORPORATION,2026-08-21,2026-06-30,NA,USD,NA
QUCY,QUANTUM CYBER NAAMLOZE VENNOOTSCHAP,2026-08-21,2026-06-30,NA,USD,NA
SCZM,SANTACRUZ SILVER MINING LIMITED,2026-08-21,2026-06-30,0.37,USD,NA
SHAZ,SHARONAI HOLDINGS INCORPORATED,2026-08-21,2026-06-30,-0.21,USD,NA
SLGL,SOL-GEL TECHNOLOGIES LIMITED,2026-08-21,2026-06-30,-2.31,USD,NA
STEX,STREAMEX CORPORATION,2026-08-21,2026-06-30,NA,USD,NA
SUNE,SUNATION ENERGY INCORPORATED,2026-08-21,2026-06-30,NA,USD,NA
SY,SO-YOUNG INTERNATIONAL INCORPORATED,2026-08-21,2026-06-30,NA,USD,NA
TAOX,TAO SYNERGIES INCORPORATED,2026-08-21,2026-06-30,NA,USD,NA
TAYD,TAYLOR DEVICES INCORPORATED,2026-08-21,2026-05-31,NA,USD,NA
TOUR,TUNIU CORPORATION,2026-08-21,2026-06-30,NA,USD,NA
TWLV,TWELVE SEAS INVESTMENT COMPANY III,2026-08-21,2026-06-30,NA,USD,NA
GASS,STEALTHGAS INCORPORATED,2026-08-24,2026-06-30,NA,USD,NA
HEI,HEICO CORPORATION,2026-08-24,2026-07-31,1.5,USD,NA
HEI.A,HEICO CORPORATION,2026-08-24,2026-07-31,NA,USD,NA
MOLN,MOLECULAR PARTNERS AG,2026-08-24,2026-06-30,-0.45,USD,NA
NSSC,NAPCO SECURITY TECHNOLOGIES INCORPORATED,2026-08-24,2026-06-30,0.41,USD,NA
PDD,PDD HOLDINGS INCORPORATED,2026-08-24,2026-06-30,2.69,USD,NA
SMTC,SEMTECH CORPORATION,2026-08-24,2026-07-31,0.41,USD,NA
SNT,SENSTAR TECHNOLOGIES CORPORATION,2026-08-24,2026-06-30,NA,USD,NA
SSL,SASOL LIMITED,2026-08-24,2026-06-30,NA,USD,NA
ALPS,ALPS GROUP INCORPORATED,2026-08-25,2026-06-30,NA,USD,NA
ATAT,ATOUR LIFESTYLE HOLDINGS LIMITED,2026-08-25,2026-06-30,0.55,USD,NA
BEKE,KE HOLDINGS INCORPORATED,2026-08-25,2026-06-30,0.25,USD,NA
BMO,BANK OF MONTREAL,2026-08-25,2026-07-31,3.02,USD,pre-market
BNS,BANK OF NOVA SCOTIA (THE),2026-08-25,2026-07-31,1.53,USD,pre-market
BOX,BOX INCORPORATED,2026-08-25,2026-07-31,0.09,USD,NA
CDLR,CADELER A/S,2026-08-25,2026-06-30,NA,USD,NA
CTRN,CITI TRENDS INCORPORATED,2026-08-25,2026-07-31,NA,USD,NA
DQ,DAQO NEW ENERGY CORPORATION,2026-08-25,2026-06-30,-0.28,USD,NA
ECX,ECARX HOLDINGS INCORPORATED,2026-08-25,2026-06-30,NA,USD,NA
EH,EHANG HOLDINGS LIMITED,2026-08-25,2026-06-30,NA,USD,NA
ELMD,ELECTROMED INCORPORATED,2026-08-25,2026-06-30,0.32,USD,NA
GGAL,GRUPO FINANCIERO GALICIA SOCIEDAD ANÓNIMA,2026-08-25,2026-06-30,0.84,USD,NA
GOTU,GAOTU TECHEDU INCORPORATED,2026-08-25,2026-06-30,NA,USD,NA
HDL,SUPER HI INTERNATIONAL HOLDING LIMITED,2026-08-25,2026-06-30,0.03,USD,NA
JOYY,JOYY INCORPORATED,2026-08-25,2026-06-30,0.83,USD,NA
KLRA,KAILERA THERAPEUTICS INCORPORATED,2026-08-25,2026-06-30,-0.74,USD,NA
MDB,MONGODB INCORPORATED,2026-08-25,2026-07-31,0.08,USD,NA
NCNO,NCINO INCORPORATED,2026-08-25,2026-07-31,0.11,USD,NA
OKTA,OKTA INCORPORATED,2026-08-25,2026-07-31,0.44,USD,NA
OOMA,OOMA INCORPORATED,2026-08-25,2026-07-31,0.2,USD,NA
PDCC,PEARL DIVER CREDIT COMPANY INCORPORATED,2026-08-25,2026-06-30,NA,USD,NA
PSEC,PROSPECT CAPITAL CORPORATION,2026-08-25,2026-06-30,NA,USD,NA
PVH,PVH CORPORATION,2026-08-25,2026-07-31,3.09,USD,NA
SHMD,SCHMID GROUP NAAMLOZE VENNOOTSCHAP,2026-08-25,2026-06-30,NA,USD,pre-market
THCH,TH INTERNATIONAL LIMITED,2026-08-25,2026-06-30,NA,USD,NA
TUYA,TUYA INCORPORATED,2026-08-25,2026-06-30,0.02,USD,NA
A,AGILENT TECHNOLOGIES INCORPORATED,2026-08-26,2026-07-31,1.48,USD,NA
ANF,ABERCROMBIE & FITCH COMPANY,2026-08-26,2026-07-31,1.9,USD,NA
BMA,MACRO BANK INCORPORATED,2026-08-26,2026-06-30,1.25,USD,NA
COO,THE COOPER COMPANIES INCORPORATED,2026-08-26,2026-07-31,1.11,USD,NA
CRWD,CROWDSTRIKE HOLDINGS INCORPORATED,2026-08-26,2026-07-31,0.05,USD,NA
DCI,DONALDSON COMPANY INCORPORATED,2026-08-26,2026-07-31,1.12,USD,NA
DOMO,DOMO INCORPORATED,2026-08-26,2026-07-31,NA,USD,NA
DXLG,DESTINATION XL GROUP INCORPORATED,2026-08-26,2026-07-31,NA,USD,NA
FIVE,FIVE BELOW INCORPORATED,2026-08-26,2026-07-31,1.28,USD,NA
HAFN,HAFNIA LIMITED,2026-08-26,2026-06-30,NA,USD,NA
HPQ,HP INCORPORATED,2026-08-26,2026-07-31,0.66,USD,NA
KSS,KOHL'S CORPORATION,2026-08-26,2026-07-31,0.56,USD,NA
KTCC,KEY TRONIC CORPORATION,2026-08-26,2026-06-30,NA,USD,NA
LTRX,LANTRONIX INCORPORATED,2026-08-26,2026-06-30,-0.01,USD,NA
MCFT,MASTERCRAFT BOAT HOLDINGS INCORPORATED,2026-08-26,2026-06-30,0.56,USD,NA
NOAH,NOAH HOLDINGS LIMITED,2026-08-26,2026-06-30,NA,USD,NA
NTAP,NETAPP INCORPORATED,2026-08-26,2026-07-31,1.7,USD,NA
NTNX,NUTANIX INCORPORATED,2026-08-26,2026-07-31,0.18,USD,NA
NVDA,NVIDIA CORPORATION,2026-08-26,2026-07-31,2.01,USD,NA
P,EVERPURE INCORPORATED,2026-08-26,2026-07-31,0.19,USD,NA
PAHC,PHIBRO ANIMAL HEALTH CORPORATION,2026-08-26,2026-06-30,0.72,USD,NA
PDC,PERPETUALS.COM LIMITED,2026-08-26,2026-04-30,NA,USD,NA
PLAB,PHOTRONICS INCORPORATED,2026-08-26,2026-07-31,0.42,USD,NA
REX,REX AMERICAN RESOURCES CORPORATION,2026-08-26,2026-07-31,NA,USD,NA
RY,ROYAL BANK OF CANADA,2026-08-26,2026-07-31,2.88,USD,NA
SJ,SCIENJOY HOLDING CORPORATION,2026-08-26,2026-06-30,NA,USD,NA
SJM,THE J.M. SMUCKER COMPANY,2026-08-26,2026-07-31,2.18,USD,NA
SNOW,SNOWFLAKE INCORPORATED,2026-08-26,2026-07-31,-0.51,USD,NA
SNPS,SYNOPSYS INCORPORATED,2026-08-26,2026-07-31,2.67,USD,post-market
TCOM,TRIP.COM GROUP LIMITED,2026-08-26,2026-06-30,0.84,USD,NA
TIGR,UP FINTECH HOLDING LIMITED,2026-08-26,2026-06-30,NA,USD,NA
TRMD,TORM PUBLIC LIMITED COMPANY,2026-08-26,2026-06-30,NA,USD,pre-market
URBN,URBAN OUTFITTERS INCORPORATED,2026-08-26,2026-07-31,1.72,USD,NA
VEEV,VEEVA SYSTEMS INCORPORATED,2026-08-26,2026-07-31,1.62,USD,NA
VMET,VERSAMET ROYALTIES CORPORATION,2026-08-26,2026-06-30,0.1,USD,NA
WSM,WILLIAMS-SONOMA INCORPORATED,2026-08-26,2026-07-31,2.03,USD,NA
YB,YUANBAO INCORPORATED,2026-08-26,2026-06-30,NA,USD,NA
ZH,ZHIHU INCORPORATED,2026-08-26,2026-06-30,NA,USD,NA
ADSK,AUTODESK INCORPORATED,2026-08-27,2026-07-31,2.35,USD,NA
AFRM,AFFIRM HOLDINGS INCORPORATED,2026-08-27,2026-06-30,0.33,USD,NA
ALAR,ALARUM TECHNOLOGIES LIMITED,2026-08-27,2026-06-30,NA,USD,NA
AMBA,AMBARELLA INCORPORATED,2026-08-27,2026-07-31,-0.3,USD,NA
ARX,ACCELERANT HOLDINGS,2026-08-27,2026-06-30,0.16,USD,NA
ATHE,ALTERITY THERAPEUTICS LIMITED,2026-08-27,2026-06-30,NA,USD,NA
BBW,BUILD-A-BEAR WORKSHOP INCORPORATED,2026-08-27,2026-07-31,0.7,USD,NA
BBWI,BATH & BODY WORKS INCORPORATED,2026-08-27,2026-07-31,0.24,USD,NA
BBY,BEST BUY COMPANY INCORPORATED,2026-08-27,2026-07-31,1.34,USD,NA
BF.A,BROWN FORMAN CORPORATION,2026-08-27,2026-07-31,NA,USD,NA
BF.B,BROWN FORMAN CORPORATION,2026-08-27,2026-07-31,0.38,USD,NA
BULL,WEBULL CORPORATION,2026-08-27,2026-06-30,0,USD,NA
BURL,BURLINGTON STORES INCORPORATED,2026-08-27,2026-07-31,2.17,USD,NA
BWLP,BW LPG LIMITED,2026-08-27,2026-06-30,NA,USD,pre-market
BZUN,BAOZUN INCORPORATED,2026-08-27,2026-06-30,NA,USD,NA
CM,CANADIAN IMPERIAL BANK OF COMMERCE,2026-08-27,2026-07-31,1.78,USD,NA
CMBT,CMB.TECH NV,2026-08-27,2026-06-30,NA,USD,NA
DELL,DELL TECHNOLOGIES INCORPORATED,2026-08-27,2026-07-31,4.65,USD,NA
DG,DOLLAR GENERAL CORPORATION,2026-08-27,2026-07-31,2,USD,NA
DKS,DICK'S SPORTING GOODS INCORPORATED,2026-08-27,2026-07-31,3.8,USD,NA
ESTC,ELASTIC NAAMLOZE VENNOOTSCHAP,2026-08-27,2026-07-31,-0.14,USD,NA
FOCL,EDAP TMS SOCIEDAD ANÓNIMA,2026-08-27,2026-06-30,-0.2,USD,NA
GAP,GAP INCORPORATED (THE),2026-08-27,2026-07-31,0.5,USD,NA
GCO,GENESCO INCORPORATED,2026-08-27,2026-07-31,-1.34,USD,NA
GLMD,GALMED PHARMACEUTICALS LIMITED,2026-08-27,2026-06-30,NA,USD,NA
HMY,HARMONY GOLD MINING COMPANY LIMITED,2026-08-27,2026-06-30,NA,USD,NA
HRL,HORMEL FOODS CORPORATION,2026-08-27,2026-07-31,0.36,USD,NA
IMRN,IMMURON LIMITED,2026-08-27,2026-06-30,NA,USD,NA
IREN,IREN LIMITED,2026-08-27,2026-06-30,-0.79,USD,NA
JG,AURORA MOBILE LIMITED,2026-08-27,2026-06-30,NA,USD,NA
KEN,KENON HOLDINGS LIMITED,2026-08-27,2026-06-30,NA,USD,NA
KOSS,KOSS CORPORATION,2026-08-27,2026-06-30,NA,USD,NA
LI,LI AUTO INCORPORATED,2026-08-27,2026-06-30,-0.01,USD,NA
LUCK,LUCKY STRIKE ENTERTAINMENT CORPORATION,2026-08-27,2026-06-30,-0.05,USD,NA
MBUU,MALIBU BOATS INCORPORATED,2026-08-27,2026-06-30,0.8,USD,NA
MOV,MOVADO GROUP INCORPORATED,2026-08-27,2026-07-31,0.36,USD,NA
MRVL,MARVELL TECHNOLOGY INCORPORATED,2026-08-27,2026-07-31,0.65,USD,NA
MTLS,MATERIALISE NV,2026-08-27,2026-06-30,NA,USD,pre-market
NAT,NORDIC AMERICAN TANKERS LIMITED,2026-08-27,2026-06-30,0.23,USD,NA
OLLI,OLLIE'S BARGAIN OUTLET HOLDINGS INCORPORATED,2026-08-27,2026-07-31,1.15,USD,NA
S,SENTINELONE INCORPORATED,2026-08-27,2026-07-31,-0.13,USD,NA
TD,TORONTO DOMINION BANK (THE),2026-08-27,2026-07-31,1.72,USD,pre-market
TITN,TITAN MACHINERY INCORPORATED,2026-08-27,2026-07-31,-0.33,USD,NA
TULP,BLOOMIA HOLDINGS INCORPORATED,2026-08-27,2026-06-30,NA,USD,NA
ULTA,ULTA BEAUTY INCORPORATED,2026-08-27,2026-07-31,6.16,USD,NA
WOOF,PETCO HEALTH AND WELLNESS COMPANY INCORPORATED,2026-08-27,2026-07-31,0.03,USD,NA
BKE,BUCKLE INCORPORATED (THE),2026-08-28,2026-07-31,NA,USD,NA
BRID,BRIDGFORD FOODS CORPORATION,2026-08-28,2026-07-31,NA,USD,NA
LABT,LAKEWOOD-AMEDEX BIOTHERAPEUTICS INCORPORATED,2026-08-28,2026-06-30,0.65,USD,NA
RLX,RLX TECHNOLOGY INCORPORATED,2026-08-28,2026-06-30,NA,USD,NA
UI,UBIQUITI INCORPORATED,2026-08-28,2026-06-30,3.67,USD,NA
ZKH,ZKH GROUP LIMITED,2026-08-28,2026-06-30,NA,USD,NA
ZONE,CLEANCORE SOLUTIONS INCORPORATED,2026-08-28,2026-06-30,NA,USD,NA
ASO,ACADEMY SPORTS AND OUTDOORS INCORPORATED,2026-09-01,2026-07-31,2.07,USD,NA
CISS,C3IS INCORPORATED,2026-09-01,2026-06-30,NA,USD,NA
GDEV,GDEV INCORPORATED,2026-09-01,2026-06-30,1.08,USD,NA
GEG,GREAT ELM GROUP INCORPORATED,2026-09-01,2026-06-30,NA,USD,NA
HQY,HEALTHEQUITY INCORPORATED,2026-09-01,2026-07-31,0.99,USD,NA
IRS,IRSA INVERSIONES Y REPRESENTACIONES SOCIEDAD ANÓNIMA,2026-09-01,2026-06-30,NA,USD,NA
MDT,MEDTRONIC PUBLIC LIMITED COMPANY,2026-09-01,2026-07-31,1.38,USD,pre-market
MMED,MINIMED GROUP INCORPORATED,2026-09-01,2026-07-31,0.09,USD,pre-market
NIO,NIO INCORPORATED,2026-09-01,2026-06-30,-0.07,USD,NA
PICS,PICS NAAMLOZE VENNOOTSCHAP,2026-09-01,2026-06-30,0.45,USD,NA
SIG,SIGNET JEWELERS LIMITED,2026-09-01,2026-07-31,1.67,USD,NA
ZS,ZSCALER INCORPORATED,2026-09-01,2026-07-31,0.06,USD,NA
AEO,AMERICAN EAGLE OUTFITTERS INCORPORATED,2026-09-02,2026-07-31,0.21,USD,NA
AI,C3.AI INCORPORATED,2026-09-02,2026-07-31,-0.63,USD,NA
ASAN,ASANA INCORPORATED,2026-09-02,2026-07-31,-0.11,USD,NA
AVLN,AVALYN PHARMA INCORPORATED,2026-09-02,2026-06-30,-1.03,USD,NA
CHPT,CHARGEPOINT HOLDINGS INCORPORATED,2026-09-02,2026-07-31,-1.58,USD,NA
COE,51TALK ONLINE EDUCATION GROUP,2026-09-02,2026-06-30,NA,USD,NA
CPB,THE CAMPBELL'S COMPANY,2026-09-02,2026-07-31,0.4,USD,NA
CRDO,CREDO TECHNOLOGY GROUP HOLDING LIMITED,2026-09-02,2026-07-31,0.91,USD,NA
CRM,SALESFORCE INCORPORATED,2026-09-02,2026-07-31,2.35,USD,NA
CXM,SPRINKLR INCORPORATED,2026-09-02,2026-07-31,0.03,USD,NA
DLTR,DOLLAR TREE INCORPORATED,2026-09-02,2026-07-31,1.11,USD,NA
DSGX,THE DESCARTES SYSTEMS GROUP INCORPORATED,2026-09-02,2026-07-31,0.57,USD,NA
GTLB,GITLAB INCORPORATED,2026-09-02,2026-07-31,-0.07,USD,NA
HPE,HEWLETT PACKARD ENTERPRISE COMPANY,2026-09-02,2026-07-31,0.8,USD,NA
JILL,J. JILL INCORPORATED,2026-09-02,2026-07-31,0.58,USD,NA
LND,BRASILAGRO CIA BRASILEIRA DE PROPRIEDADES AGRICOLAS,2026-09-02,2026-06-30,NA,USD,NA
M,MACY'S INCORPORATED,2026-09-02,2026-07-31,0.35,USD,NA
NEWP,NEW PACIFIC METALS CORPORATION,2026-09-02,2026-06-30,0,USD,NA
PD,PAGERDUTY INCORPORATED,2026-09-02,2026-07-31,0.12,USD,NA
RGS,REGIS CORPORATION,2026-09-02,2026-06-30,NA,USD,NA
TLYS,TILLY'S INCORPORATED,2026-09-02,2026-07-31,0.17,USD,NA
YQ,17 EDUCATION & TECHNOLOGY GROUP INCORPORATED,2026-09-02,2026-06-30,NA,USD,NA
AGX,ARGAN INCORPORATED,2026-09-03,2026-07-31,2.67,USD,NA
AMBQ,AMBIQ MICRO INCORPORATED,2026-09-03,2026-06-30,-0.41,USD,NA
AOUT,AMERICAN OUTDOOR BRANDS INCORPORATED,2026-09-03,2026-07-31,-0.22,USD,NA
AVGO,BROADCOM INCORPORATED,2026-09-03,2026-07-31,2.83,USD,NA
BBCP,CONCRETE PUMPING HOLDINGS INCORPORATED,2026-09-03,2026-07-31,0.08,USD,NA
BRC,BRADY CORPORATION,2026-09-03,2026-07-31,NA,USD,NA
BRZE,BRAZE INCORPORATED,2026-09-03,2026-07-31,-0.21,USD,NA
CAL,CALERES INCORPORATED,2026-09-03,2026-07-31,0.38,USD,NA
CANG,CANGO INCORPORATED,2026-09-03,2026-06-30,-0.9,USD,NA
CIEN,CIENA CORPORATION,2026-09-03,2026-07-31,1.45,USD,NA
CPRT,COPART INCORPORATED,2026-09-03,2026-07-31,0.39,USD,NA
CRESY,CRESUD SOCIEDAD ANÓNIMAC.I.F. Y A.,2026-09-03,2026-06-30,NA,USD,NA
CRMT,AMERICA'S CAR-MART INCORPORATED,2026-09-03,2026-07-31,NA,USD,NA
CURV,TORRID HOLDINGS INCORPORATED,2026-09-03,2026-07-31,-0.03,USD,NA
DAVA,ENDAVA PUBLIC LIMITED COMPANY,2026-09-03,2026-06-30,0.05,USD,NA
DLTH,DULUTH HOLDINGS INCORPORATED,2026-09-03,2026-07-31,-0.05,USD,NA
DOCU,DOCUSIGN INCORPORATED,2026-09-03,2026-07-31,0.44,USD,NA
EGAN,EGAIN CORPORATION,2026-09-03,2026-06-30,0,USD,NA
FLWS,1-800-FLOWERS.COM INCORPORATED,2026-09-03,2026-06-30,-0.72,USD,NA
GIII,G-III APPAREL GROUP LIMITED,2026-09-03,2026-07-31,0.25,USD,NA
GWRE,GUIDEWIRE SOFTWARE INCORPORATED,2026-09-03,2026-07-31,0.49,USD,NA
IOT,SAMSARA INCORPORATED,2026-09-03,2026-07-31,0.02,USD,NA
LFVN,LIFEVANTAGE CORPORATION,2026-09-03,2026-06-30,0.15,USD,NA
LULU,LULULEMON ATHLETICA INCORPORATED,2026-09-03,2026-07-31,1.79,USD,NA
NX,QUANEX BUILDING PRODUCTS CORPORATION,2026-09-03,2026-07-31,0.68,USD,NA
PATH,UIPATH INCORPORATED,2026-09-03,2026-07-31,0.04,USD,NA
PDEX,PRO-DEX INCORPORATED,2026-09-03,2026-06-30,0.67,USD,NA
PHR,PHREESIA INCORPORATED,2026-09-03,2026-07-31,0.1,USD,NA
REA,RARE EARTHS AMERICAS INCORPORATED,2026-09-03,2026-06-30,NA,USD,NA
SAIC,SCIENCE APPLICATIONS INTERNATIONAL CORPORATION,2026-09-03,2026-07-31,2.25,USD,NA
SHOE,SHOE STATION GROUP INCORPORATED,2026-09-03,2026-07-31,0.32,USD,NA
SPWH,SPORTSMAN'S WAREHOUSE HOLDINGS INCORPORATED,2026-09-03,2026-07-31,-0.12,USD,NA
SWBI,SMITH & WESSON BRANDS INCORPORATED,2026-09-03,2026-07-31,NA,USD,NA
TTAN,SERVICETITAN INCORPORATED,2026-09-03,2026-07-31,-0.09,USD,NA
TTC,TORO COMPANY (THE),2026-09-03,2026-07-31,1.3,USD,NA
VBNK,VERSABANK,2026-09-03,2026-07-31,0.35,USD,NA
VFS,VINFAST AUTO LIMITED,2026-09-03,2026-06-30,-0.26,USD,NA
WDH,WATERDROP INCORPORATED,2026-09-03,2026-06-30,NA,USD,NA
WLY,JOHN WILEY & SONS INCORPORATED,2026-09-03,2026-07-31,0.4,USD,NA
WLYB,JOHN WILEY & SONS INCORPORATED,2026-09-03,2026-07-31,NA,USD,NA
ZUMZ,ZUMIEZ INCORPORATED,2026-09-03,2026-07-31,-0.11,USD,NA
ABM,ABM INDUSTRIES INCORPORATED,2026-09-04,2026-07-31,1.01,USD,NA
BABA,ALIBABA GROUP HOLDING LIMITED,2026-09-04,2026-06-30,1.77,USD,NA
BMRA,BIOMERICA INCORPORATED,2026-09-04,2026-05-31,NA,USD,NA
CELU,CELULARITY INCORPORATED,2026-09-04,2026-06-30,NA,USD,NA
CHA,CHAGEE HOLDINGS LIMITED,2026-09-04,2026-06-30,0.33,USD,NA
DOO,BRP INCORPORATED,2026-09-04,2026-07-31,-0.46,USD,NA
ELMT,THE ELMET GROUP COMPANY,2026-09-04,2026-06-30,0.07,USD,NA
ENLV,ENLIVEX LIMITED,2026-09-04,2026-06-30,-0.3,USD,NA
FRO,FRONTLINE PUBLIC LIMITED COMPANY,2026-09-04,2026-06-30,NA,USD,NA
HTLM,HOMESTOLIFE LIMITED,2026-09-04,2026-06-30,NA,USD,NA
HURC,HURCO COMPANIES INCORPORATED,2026-09-04,2026-07-31,NA,USD,NA
IBIO,IBIO INCORPORATED,2026-09-04,2026-06-30,-0.07,USD,NA
IMMP,IMMUTEP LIMITED,2026-09-04,2026-06-30,NA,USD,NA
IMPP,IMPERIAL PETROLEUM INCORPORATED,2026-09-04,2026-06-30,NA,USD,NA
KT,KT CORPORATION,2026-09-04,2026-06-30,NA,USD,NA
LOT,LOTUS TECHNOLOGY INCORPORATED,2026-09-04,2026-06-30,-0.18,USD,NA
MESO,MESOBLAST LIMITED,2026-09-04,2026-06-30,NA,USD,NA
NFE,NEW FORTRESS ENERGY INCORPORATED,2026-09-04,2026-06-30,NA,USD,NA
NRT,NORTH EUROPEAN OIL ROYALITY TRUST,2026-09-04,2026-07-31,NA,USD,NA
NUTR,NUSATRIP INCORPORATED,2026-09-04,2026-06-30,NA,USD,NA
PLCE,CHILDREN'S PLACE INCORPORATED (THE),2026-09-04,2026-07-31,NA,USD,NA
VIRC,VIRCO MANUFACTURING CORPORATION,2026-09-04,2026-07-31,NA,USD,NA
DETX,LIBERTY DEFENSE HOLDINGS LIMITED,2026-09-07,2026-06-30,NA,USD,NA
OPTH,OPTIMI HEALTH CORPORATION,2026-09-07,2026-06-30,-0.26,USD,NA
ALMU,AELUMA INC,2026-09-08,2026-06-30,-0.07,USD,NA
ALOT,ASTRONOVA INC,2026-09-08,2026-07-31,NA,USD,NA
AOHLF,AOHLF,2026-09-08,2026-06-30,NA,USD,NA
AVAV,AEROVIRONMENT INC,2026-09-08,2026-07-31,0.34,USD,NA
AXR,AMREP CORP,2026-09-08,2026-07-31,NA,USD,NA
BIOX,BIOCERES CROP SOLUTIONS CORP,2026-09-08,2026-06-30,NA,USD,NA
CGNT,COGNYTE SOFTWARE LTD,2026-09-08,2026-07-31,0.01,USD,NA
CNM,CORE & MAIN INC CLASS A,2026-09-08,2026-07-31,0.91,USD,NA
CURX,CURANEX PHARMACEUTICALS INC,2026-09-08,2026-06-30,NA,USD,NA
DBI,DESIGNER BRANDS INC - CLASS A,2026-09-08,2026-07-31,0.25,USD,NA
FCEL,FUELCELL ENERGY INC,2026-09-08,2026-07-31,-0.35,USD,NA
FDCHF,FDCHF,2026-09-08,2026-06-30,NA,USD,NA
GLOO,GLOO HOLDINGS INC - CLASS A,2026-09-08,2026-07-31,-0.13,USD,NA
GME,GAMESTOP CORPORATION - CLASS A,2026-09-08,2026-07-31,NA,USD,NA
GOLD,GOLD.COM INC,2026-09-08,2026-06-30,0.96,USD,NA
ICON,ICON ENERGY CORP,2026-09-08,2026-06-30,NA,USD,NA
INNV,INNOVAGE HOLDING CORP,2026-09-08,2026-06-30,0.07,USD,NA
KFY,KORN FERRY,2026-09-08,2026-07-31,1.35,USD,NA
LAKE,LAKELAND INDUSTRIES INC,2026-09-08,2026-07-31,-0.02,USD,NA
LE,LANDS` END INC,2026-09-08,2026-07-31,0.1,USD,NA
LITB,LIGHTINTHEBOX HOLDING CO LTD,2026-09-08,2026-06-30,NA,USD,NA
LMNR,LIMONEIRA COMPANY,2026-09-08,2026-07-31,0.13,USD,NA
MEI,METHODE ELECTRONICS INC,2026-09-08,2026-07-31,-0.47,USD,NA
MIND,MIND TECHNOLOGY INC,2026-09-08,2026-07-31,NA,USD,NA
MOMO,HELLO GROUP INC,2026-09-08,2026-06-30,NA,USD,NA
MTRX,MATRIX SERVICE COMPANY,2026-09-08,2026-06-30,0.17,USD,NA
NNWWF,NNWWF,2026-09-08,2026-07-31,0.76,USD,NA
NTRB,NUTRIBAND INC,2026-09-08,2026-07-31,NA,USD,NA
ORCL,ORACLE CORP,2026-09-08,2026-08-31,1.39,USD,NA
RBRK,RUBRIK INC - CLASS A,2026-09-08,2026-07-31,-0.34,USD,NA
RUBSF,RUBSF,2026-09-08,2026-06-30,NA,USD,NA
SAIL,SAILPOINT INC,2026-09-08,2026-07-31,0.08,USD,NA
SKIL,SKILLSOFT CORP - CLASS A,2026-09-08,2026-07-31,0.54,USD,NA
SRTSF,SRTSF,2026-09-08,2026-06-30,NA,USD,NA
SYAAF,SYAAF,2026-09-08,2026-06-30,NA,USD,NA
AENT,ALLIANCE ENTERTAINMENT HOLDING CORPORATION - CLASS A,2026-09-09,2026-06-30,0.02,USD,NA
ALZN,ALZAMEND NEURO INC,2026-09-09,2026-07-31,-0.67,USD,NA
AMBR,AMBER ROAD INC,2026-09-09,2026-06-30,NA,USD,NA
ANIX,ANIXA BIOSCIENCES INC,2026-09-09,2026-07-31,-0.08,USD,NA
AVNW,AVIAT NETWORKS INC,2026-09-09,2026-06-30,0.4,USD,NA
CHWY,CHEWY INC - CLASS A,2026-09-09,2026-07-31,0.18,USD,NA
CULP,CULP INC,2026-09-09,2026-07-31,0.44,USD,NA
CURN,CURN,2026-09-09,2026-07-31,NA,USD,NA
DAKT,DAKTRONICS INC,2026-09-09,2026-07-31,0.36,USD,NA
DTLIF,DTLIF,2026-09-09,2026-07-31,0.06,USD,NA
EERGF,EERGF,2026-09-09,2026-06-30,NA,USD,NA
GWWTF,GWWTF,2026-09-09,2026-06-30,NA,USD,NA
HAIVF,HAIVF,2026-09-09,2026-07-31,-0.03,USD,NA
IDEXF,IDEXF,2026-09-09,2026-07-31,0.49,USD,NA
KEQU,KEWAUNEE SCIENTIFIC CORPORATION,2026-09-09,2026-07-31,NA,USD,NA
LAES,SEALSQ CORP,2026-09-09,2026-06-30,NA,USD,NA
LSAK,LESAKA TECHNOLOGIES INC,2026-09-09,2026-06-30,0.03,USD,NA
MEDGF,MEDGF,2026-09-09,2026-06-30,NA,USD,NA
MHTCF,MHTCF,2026-09-09,2026-07-31,5.3,USD,NA
ODD,ODDITY TECH LTD - CLASS A,2026-09-09,2026-06-30,0,USD,pre-market
ODMUF,ODMUF,2026-09-09,2026-06-30,NA,USD,NA
OXM,OXFORD INDUSTRIES INC,2026-09-09,2026-07-31,1.32,USD,NA
QMCO,QUANTUM CORP,2026-09-09,2026-06-30,-0.2,USD,NA
RROTF,RROTF,2026-09-09,2026-07-31,-0.1,USD,NA
SCNI,SCINAI IMMUNOTHERAPEUTICS LTD,2026-09-09,2026-06-30,NA,USD,NA
SIEVF,SIEVF,2026-09-09,2026-06-30,NA,USD,NA
TCLAF,TCLAF,2026-09-09,2026-07-31,0.37,USD,NA
TCLCF,TCLCF,2026-09-09,2026-07-31,NA,USD,NA
TEN,TSAKOS ENERGY NAVIGATION LTD,2026-09-09,2026-06-30,NA,USD,NA
TNIPF,TNIPF,2026-09-09,2026-06-30,NA,USD,NA
VNCE,VINCE HOLDING CORP,2026-09-09,2026-07-31,0.27,USD,NA
WFICF,WFICF,2026-09-09,2026-07-31,NA,USD,NA
ADBE,ADOBE INC,2026-09-10,2026-08-31,4.86,USD,NA
ADFJF,ADFJF,2026-09-10,2026-07-31,0.21,USD,NA
AKOBF,AKOBF,2026-09-10,2026-06-30,NA,USD,NA
BLKLF,BLKLF,2026-09-10,2026-07-31,-0.01,USD,NA
CMCM,CHEETAH MOBILE INC,2026-09-10,2026-06-30,NA,USD,NA
CMND,CLEARMIND MEDICINE INC,2026-09-10,2026-07-31,NA,USD,NA
CTLP,CTLP,2026-09-10,2026-06-30,0.12,USD,NA
ELEAF,ELEAF,2026-09-10,2026-06-30,NA,USD,NA
EMLAF,EMLAF,2026-09-10,2026-07-31,1.03,USD,NA
ENGN,ENGENE HOLDINGS INC,2026-09-10,2026-07-31,-0.47,USD,NA
EVI,EVI INDUSTRIES INC,2026-09-10,2026-06-30,NA,USD,NA
FANDF,FANDF,2026-09-10,2026-06-30,NA,USD,NA
FANDY,FANDY,2026-09-10,2026-06-30,NA,USD,NA
FEIM,FREQUENCY ELECTRONICS INC,2026-09-10,2026-07-31,NA,USD,NA
FIZZ,NATIONAL BEVERAGE CORP,2026-09-10,2026-07-31,NA,USD,NA
FQVTF,FQVTF,2026-09-10,2026-06-30,NA,USD,NA
GENSF,GENSF,2026-09-10,2026-06-30,NA,USD,NA
GKTRF,GKTRF,2026-09-10,2026-06-30,NA,USD,NA
GUROF,GUROF,2026-09-10,2026-07-31,0.01,USD,NA
HOFT,HOOKER FURNISHINGS CORPORATION,2026-09-10,2026-07-31,-0.02,USD,NA
HSCS,HEART TEST LABORATORIES INC,2026-09-10,2026-07-31,-0.77,USD,NA
IBEX,IBEX LTD,2026-09-10,2026-06-30,NA,USD,NA
IDWM,IDWM,2026-09-10,2026-07-31,NA,USD,NA
KMTS,KESTRA MEDICAL TECHNOLOGIES LTD,2026-09-10,2026-07-31,-0.61,USD,NA
KOBNF,KOBNF,2026-09-10,2026-07-31,33.87,USD,NA
KR,KROGER COMPANY,2026-09-10,2026-07-31,1.05,USD,NA
LOVE,LOVESAC COMPANY,2026-09-10,2026-07-31,-0.39,USD,NA
MJDLF,MJDLF,2026-09-10,2026-07-31,0.18,USD,NA
OCC,OPTICAL CABLE CORP,2026-09-10,2026-07-31,NA,USD,NA
OLVRF,OLVRF,2026-09-10,2026-07-31,NA,USD,NA
PMI,PICARD MEDICAL INC,2026-09-10,2026-06-30,-0.03,USD,NA
PYTCF,PYTCF,2026-09-10,2026-06-30,NA,USD,NA
RENT,RENT THE RUNWAY INC - CLASS A,2026-09-10,2026-07-31,NA,USD,NA
RFIL,RF INDUSTRIES LTD,2026-09-10,2026-07-31,0.18,USD,NA
RH,RH - CLASS A,2026-09-10,2026-07-31,0.29,USD,NA
SEOVF,SEOVF,2026-09-10,2026-07-31,-0.01,USD,NA
SLMAF,SLMAF,2026-09-10,2026-06-30,NA,USD,NA
SLNFF,SLNFF,2026-09-10,2026-07-31,NA,USD,NA
SNBIF,SNBIF,2026-09-10,2026-07-31,NA,USD,NA
SVBL,SVBL,2026-09-10,2026-07-31,NA,USD,NA
THGPF,THGPF,2026-09-10,2026-06-30,NA,USD,NA
TRZBF,TRZBF,2026-09-10,2026-07-31,-1.52,USD,NA
UROY,URANIUM ROYALTY CORP,2026-09-10,2026-07-31,0.01,USD,NA
VISIF,VISIF,2026-09-10,2026-07-31,91.45,USD,NA
VRA,VERA BRADLEY INC,2026-09-10,2026-07-31,-0.08,USD,NA
ASKLF,ASKLF,2026-09-11,2026-08-31,-3.13,USD,NA
ASRHF,ASRHF,2026-09-11,2026-07-31,NA,USD,NA
HUIZ,HUIZE HOLDING LTD,2026-09-11,2026-06-30,NA,CNY,NA
IHT,INNSUITES HOSPITALITY TRUST,2026-09-11,2026-07-31,NA,USD,NA
JVA,COFFEE HOLDING CO INC,2026-09-11,2026-07-31,NA,USD,NA
PRE,PRENETICS GLOBAL LTD - CLASS A,2026-09-11,2026-06-30,-0.32,USD,NA
SHVLF,SHVLF,2026-09-11,2026-07-31,NA,USD,NA
TKURF,TKURF,2026-09-11,2026-07-31,NA,USD,NA
TPET,TRIO PETROLEUM CORP,2026-09-11,2026-07-31,NA,USD,NA
VETOF,VETOF,2026-09-11,2026-06-30,NA,USD,NA
ABVX,ABIVAX,2026-09-14,2026-06-30,-1.08,EUR,NA
AEORF,AEORF,2026-09-14,2026-07-31,NA,USD,NA
AVO,MISSION PRODUCE INC,2026-09-14,2026-07-31,0.05,USD,NA
BNR,BURNING ROCK BIOTECH LTD,2026-09-14,2026-06-30,NA,USD,NA
CASY,CASEY`S GENERAL STORES INC,2026-09-14,2026-07-31,6.58,USD,NA
CPFXF,CPFXF,2026-09-14,2026-07-31,NA,USD,NA
DLNG,DYNAGAS LNG PARTNERS LP,2026-09-14,2026-06-30,NA,USD,NA
EVTZF,EVTZF,2026-09-14,2026-07-31,0.13,USD,NA
GROW,U.S. GLOBAL INVESTORS INC - CLASS A,2026-09-14,2026-06-30,NA,USD,NA
MAMA,MAMA`S CREATIONS INC,2026-09-14,2026-07-31,0.05,USD,NA
MWC,MICWARE CO. LTD,2026-09-14,2026-08-31,NA,USD,NA
PL,PLANET LABS PBC - CLASS A,2026-09-14,2026-07-31,-0.18,USD,NA
SESPF,SESPF,2026-09-14,2026-07-31,NA,USD,NA
SPTX,SEAPORT THERAPEUTICS INC,2026-09-14,2026-06-30,-0.71,USD,NA
VZLA,VIZSLA SILVER CORP (NEW SHARES),2026-09-14,2026-07-31,0,USD,NA
YEXT,YEXT INC,2026-09-14,2026-07-31,0.1,USD,NA
ASYTF,ASYTF,2026-09-15,2026-06-30,NA,USD,NA
CLIUF,CLIUF,2026-09-15,2026-06-30,NA,USD,NA
DTEAF,DTEAF,2026-09-15,2026-07-31,NA,USD,NA
EPM,EVOLUTION PETROLEUM CORPORATION,2026-09-15,2026-06-30,0.02,USD,NA
ESP,ESPEY MANUFACTURING & ELECTRONICS CORP,2026-09-15,2026-06-30,NA,USD,NA
EXALF,EXALF,2026-09-15,2026-06-30,NA,USD,NA
FLUX,FLUX POWER HOLDINGS INC,2026-09-15,2026-06-30,-0.09,USD,NA
GRGDF,GRGDF,2026-09-15,2026-07-31,0.44,USD,NA
IPZYF,IPZYF,2026-09-15,2026-06-30,NA,USD,NA
JTCPF,JTCPF,2026-09-15,2026-06-30,NA,USD,NA
KIERF,KIERF,2026-09-15,2026-06-30,NA,USD,NA
MCBRF,MCBRF,2026-09-15,2026-06-30,NA,USD,NA
MQMIF,MQMIF,2026-09-15,2026-07-31,NA,USD,NA
NHPEF,NHPEF,2026-09-15,2026-07-31,NA,USD,NA
NNXPF,NNXPF,2026-09-15,2026-06-30,-0.01,USD,NA
PBMLF,PBMLF,2026-09-15,2026-07-31,NA,USD,NA
PPOEF,PPOEF,2026-09-15,2026-06-30,NA,USD,NA
RMRHF,RMRHF,2026-09-15,2026-06-30,NA,USD,NA
RNSHF,RNSHF,2026-09-15,2026-06-30,NA,USD,NA
SCPPF,SCPPF,2026-09-15,2026-06-30,NA,USD,NA
TRTPF,TRTPF,2026-09-15,2026-06-30,NA,USD,NA
VDTAF,VDTAF,2026-09-15,2026-08-31,NA,USD,NA
ADZZF,ADZZF,2026-09-16,2026-07-31,NA,USD,NA
AGZNF,AGZNF,2026-09-16,2026-06-30,NA,USD,NA
BADVF,BADVF,2026-09-16,2026-07-31,NA,USD,NA
BLSH,BULLISH,2026-09-16,2026-06-30,0.09,USD,NA
BOIVF,BOIVF,2026-09-16,2026-06-30,NA,USD,NA
BTDPF,BTDPF,2026-09-16,2026-06-30,NA,USD,NA
CBRL,CRACKER BARREL OLD COUNTRY STORE INC,2026-09-16,2026-07-31,0.02,USD,NA
DSWL,DESWELL INDUSTRIES INC,2026-09-16,2026-06-30,NA,USD,NA
FCODF,FCODF,2026-09-16,2026-06-30,NA,USD,NA
GIS,GENERAL MILLS INC,2026-09-16,2026-08-31,0.73,USD,NA
HERE,HERE GROUP LTD,2026-09-16,2026-06-30,NA,USD,NA
MANU,MANCHESTER UNITED PLC. - CLASS A,2026-09-16,2026-06-30,NA,USD,NA
NNDM,NANO DIMENSION LTD,2026-09-16,2026-06-30,NA,USD,NA
NXGPF,NXGPF,2026-09-16,2026-07-31,NA,USD,NA
ODTX,ODYSSEY THERAPEUTICS INC,2026-09-16,2026-06-30,-0.83,USD,NA
PAFRF,PAFRF,2026-09-16,2026-06-30,NA,USD,NA
PLUR,PLURI INC,2026-09-16,2026-06-30,NA,USD,NA
RZLT,REZOLUTE INC,2026-09-16,2026-06-30,-0.13,USD,NA
SANG,SANGSTAT MEDICAL CORP,2026-09-16,2026-06-30,-0.06,USD,NA
YI,111 INC,2026-09-16,2026-06-30,NA,USD,NA
ABAT,ADVANCED BATTERY TECHNOLOGIES INC,2026-09-17,2026-06-30,NA,USD,NA
ALEGF,ALEGF,2026-09-17,2026-06-30,3.68,USD,NA
CAFZF,CAFZF,2026-09-17,2026-07-31,NA,USD,NA
CZGZF,CZGZF,2026-09-17,2026-06-30,NA,USD,NA
DRI,DARDEN RESTAURANTS INC,2026-09-17,2026-08-31,2.07,USD,NA
FDS,FACTSET RESEARCH SYSTEMS INC,2026-09-17,2026-08-31,4.3,USD,NA
HELNF,HELNF,2026-09-17,2026-06-30,NA,USD,NA
HRFEF,HRFEF,2026-09-17,2026-07-31,NA,USD,NA
IH,IHUMAN INC,2026-09-17,2026-06-30,NA,USD,NA
IPHA,INNATE PHARMA,2026-09-17,2026-06-30,-0.08,EUR,NA
IPHYF,IPHYF,2026-09-17,2026-06-30,NA,USD,NA
JDSEF,JDSEF,2026-09-17,2026-06-30,NA,USD,NA
LEN,LENNAR CORP - CLASS A,2026-09-17,2026-08-31,1.31,USD,NA
LEN-B,LENNAR CORP - CLASS B,2026-09-17,2026-08-31,NA,USD,NA
LEN.B,LENNAR CORPORATION,2026-09-17,2026-08-31,NA,USD,NA
MMTHF,MMTHF,2026-09-17,2026-06-30,NA,USD,NA
NXFNF,NXFNF,2026-09-17,2026-07-31,NA,USD,NA
OONEF,OONEF,2026-09-17,2026-07-31,NA,USD,NA
RBTEF,RBTEF,2026-09-17,2026-06-30,NA,USD,NA
RSSS,RESEARCH SOLUTIONS INC,2026-09-17,2026-06-30,0.03,USD,NA
RTMAF,RTMAF,2026-09-17,2026-07-31,NA,USD,NA
SCHL,SCHOLASTIC CORP,2026-09-17,2026-08-31,-3.34,USD,NA
SCPKF,SCPKF,2026-09-17,2026-06-30,NA,USD,NA
SEYMF,SEYMF,2026-09-17,2026-06-30,0.31,USD,NA
SFFFF,SFFFF,2026-09-17,2026-06-30,NA,USD,NA
SLUNF,SLUNF,2026-09-17,2026-06-30,NA,USD,NA
VRBCF,VRBCF,2026-09-17,2026-06-30,NA,USD,NA
ELLKF,ELLKF,2026-09-18,2026-06-30,NA,USD,NA
GLBS,GLOBUS MARITIME LTD,2026-09-18,2026-06-30,0.1,USD,NA
KFFB,KENTUCKY FIRST FEDERAL BANCORP,2026-09-18,2026-06-30,NA,USD,NA
LEMIF,LEMIF,2026-09-18,2026-07-31,NA,USD,NA
MNY,MONEYHERO LTD - CLASS A,2026-09-18,2026-06-30,-0.02,USD,NA
TRT,TRIO-TECH INTERNATIONAL,2026-09-18,2026-06-30,NA,USD,NA
AAVXF,AAVXF,2026-09-21,2026-06-30,NA,USD,NA
CODA,CODA OCTOPUS GROUP INC,2026-09-21,2026-07-31,0.12,USD,NA
CSBR,CHAMPIONS ONCOLOGY INC,2026-09-21,2026-07-31,NA,USD,NA
EBF,ENNIS INC,2026-09-21,2026-08-31,0.39,USD,NA
GENPF,GENPF,2026-09-21,2026-07-31,NA,USD,NA
HAIN,HAIN CELESTIAL GROUP INC,2026-09-21,2026-06-30,-0.03,USD,NA
HITI,HIGH TIDE INC,2026-09-21,2026-07-31,0.01,USD,NA
HYFT,MINDWALK HOLDINGS CORP,2026-09-21,2026-07-31,-0.05,USD,NA
ISPR,ISPIRE TECHNOLOGY INC,2026-09-21,2026-06-30,-0.02,USD,NA
KEP,KOREA ELECTRIC POWER,2026-09-21,2026-06-30,0.33,KRW,NA
MSB,MESABI TRUST,2026-09-21,2026-07-31,NA,USD,NA
OPTT,OCEAN POWER TECHNOLOGIES - REG S,2026-09-21,2026-07-31,0.03,USD,NA
PLAY,DAVE & BUSTER`S ENTERTAINMENT INC,2026-09-21,2026-07-31,0.19,USD,NA
PPIH,PERMA-PIPE INTERNATIONAL HOLDINGS INC,2026-09-21,2026-07-31,NA,USD,NA
RLGT,RADIANT LOGISTICS INC,2026-09-21,2026-06-30,0.09,USD,NA
SGPLF,SGPLF,2026-09-21,2026-07-31,NA,USD,NA
SRBEF,SRBEF,2026-09-21,2026-06-30,NA,USD,NA
TORVF,TORVF,2026-09-21,2026-07-31,NA,USD,NA
ABCCF,ABCCF,2026-09-22,2026-06-30,NA,USD,NA
ABRMF,ABRMF,2026-09-22,2026-07-31,NA,USD,NA
AIR,AAR CORP,2026-09-22,2026-08-31,1.32,USD,NA
AUUAF,AUUAF,2026-09-22,2026-07-31,NA,USD,NA
AYTU,AYTU BIOPHARMA INC,2026-09-22,2026-06-30,-0.22,USD,NA
AZO,AUTOZONE INC,2026-09-22,2026-08-31,55.08,USD,NA
BAGFF,BAGFF,2026-09-22,2026-07-31,NA,USD,NA
BNTC,BENITEC BIOPHARMA INC,2026-09-22,2026-06-30,-0.28,AUD,NA
EXXRF,EXXRF,2026-09-22,2026-06-30,NA,USD,NA
KGFHF,KGFHF,2026-09-22,2026-07-31,NA,USD,NA
MLKN,MILLERKNOLL INC,2026-09-22,2026-08-31,0.35,USD,NA
MU,MICRON TECHNOLOGY INC,2026-09-22,2026-08-31,31.17,USD,NA
NAII,NATURAL ALTERNATIVES INTERNATIONAL INC,2026-09-22,2026-06-30,NA,USD,NA
OPHRF,OPHRF,2026-09-22,2026-08-31,NA,USD,NA
RMGOF,RMGOF,2026-09-22,2026-06-30,NA,USD,NA
SGOZF,SGOZF,2026-09-22,2026-06-30,NA,USD,NA
SMGKF,SMGKF,2026-09-22,2026-07-31,NA,USD,NA
TMGEF,TMGEF,2026-09-22,2026-08-31,NA,USD,NA
WOR,WORTHINGTON ENTERPRISES INC,2026-09-22,2026-08-31,0.76,USD,NA
AAGFF,AAGFF,2026-09-23,2026-08-31,NA,USD,NA
AGFMF,AGFMF,2026-09-23,2026-08-31,0.59,USD,NA
ARXRF,ARXRF,2026-09-23,2026-07-31,NA,USD,NA
BITTF,BITTF,2026-09-23,2026-07-31,NA,USD,NA
BTEAF,BTEAF,2026-09-23,2026-06-30,NA,USD,NA
CONXF,CONXF,2026-09-23,2026-07-31,NA,USD,NA
CTAS,CINTAS CORPORATION,2026-09-23,2026-08-31,1.35,USD,NA
FUL,H.B. FULLER COMPANY,2026-09-23,2026-08-31,1.46,USD,NA
INM,INMED PHARMACEUTICALS INC,2026-09-23,2026-06-30,NA,USD,NA
JDDSF,JDDSF,2026-09-23,2026-07-31,NA,USD,NA
KBH,KB HOME,2026-09-23,2026-08-31,0.88,USD,NA
KNKZF,KNKZF,2026-09-23,2026-06-30,NA,USD,NA
KNXFF,KNXFF,2026-09-23,2026-08-31,NA,USD,NA
MOVE,MOVANO INC,2026-09-23,2026-06-30,NA,USD,NA
NPACF,NPACF,2026-09-23,2026-07-31,NA,USD,NA
OBGRF,OBGRF,2026-09-23,2026-06-30,NA,USD,NA
ORPEF,ORPEF,2026-09-23,2026-06-30,NA,USD,NA
OXBDF,OXBDF,2026-09-23,2026-06-30,NA,USD,NA
SFIX,STITCH FIX INC - CLASS A,2026-09-23,2026-07-31,-0.06,USD,NA
SOCLF,SOCLF,2026-09-23,2026-06-30,NA,USD,NA
THO,THOR INDUSTRIES INC,2026-09-23,2026-07-31,0.94,USD,NA
UEC,URANIUM ENERGY CORP,2026-09-23,2026-07-31,-0.04,USD,NA
WS,WORTHINGTON STEEL INC,2026-09-23,2026-08-31,1.16,USD,NA
WSOUF,WSOUF,2026-09-23,2026-07-31,NA,USD,NA
ABLGF,ABLGF,2026-09-24,2026-06-30,NA,USD,NA
ACN,ACCENTURE PLC - CLASS A,2026-09-24,2026-08-31,3.18,USD,NA
AHWSF,AHWSF,2026-09-24,2026-06-30,NA,USD,NA
ARRKF,ARRKF,2026-09-24,2026-07-31,NA,USD,NA
BB,BLACKBERRY LTD,2026-09-24,2026-08-31,0.04,USD,NA
BRIOF,BRIOF,2026-09-24,2026-08-31,NA,USD,NA
BVHMF,BVHMF,2026-09-24,2026-06-30,NA,USD,NA
CBBLF,CBBLF,2026-09-24,2026-08-31,NA,USD,NA
CGTL,CREATIVE GLOBAL TECHNOLOGY HOLDINGS LTD,2026-09-24,2026-06-30,NA,USD,NA
CNXC,CONCENTRIX CORP,2026-09-24,2026-08-31,2.81,USD,NA
COOSF,COOSF,2026-09-24,2026-06-30,NA,USD,NA
COST,COSTCO WHOLESALE CORP,2026-09-24,2026-08-31,6.56,USD,NA
CRNCY,CRNCY,2026-09-24,2026-06-30,NA,USD,NA
CRNZF,CRNZF,2026-09-24,2026-06-30,NA,USD,NA
CVSGF,CVSGF,2026-09-24,2026-06-30,NA,USD,NA
CVVUF,CVVUF,2026-09-24,2026-07-31,NA,USD,NA
ENQUF,ENQUF,2026-09-24,2026-06-30,NA,USD,NA
EREPF,EREPF,2026-09-24,2026-07-31,NA,USD,NA
FCLIF,FCLIF,2026-09-24,2026-06-30,NA,USD,NA
FEERF,FEERF,2026-09-24,2026-07-31,NA,USD,NA
GCFFF,GCFFF,2026-09-24,2026-07-31,NA,USD,NA
GGIFF,GGIFF,2026-09-24,2026-07-31,NA,USD,NA
GLVHF,GLVHF,2026-09-24,2026-06-30,NA,USD,NA
HANNF,HANNF,2026-09-24,2026-08-31,NA,USD,NA
HNNMY,HNNMY,2026-09-24,2026-08-31,NA,USD,NA
IMRFF,IMRFF,2026-09-24,2026-08-31,NA,USD,NA
JBL,JABIL INC,2026-09-24,2026-08-31,4.07,USD,NA
JUMSF,JUMSF,2026-09-24,2026-06-30,NA,USD,NA
LGCY,LEGACY EDUCATION INC,2026-09-24,2026-06-30,0.17,USD,NA
LINRF,LINRF,2026-09-24,2026-06-30,NA,USD,NA
LMSQF,LMSQF,2026-09-24,2026-07-31,NA,USD,NA
LPTH,LIGHTPATH TECHNOLOGIES INC - CLASS A,2026-09-24,2026-06-30,NA,USD,NA
LUXE,MYT NETHERLANDS PARENT BV,2026-09-24,2026-06-30,-0.08,USD,NA
NDGPF,NDGPF,2026-09-24,2026-06-30,NA,USD,NA
NMYSF,NMYSF,2026-09-24,2026-07-31,NA,USD,NA
NWSGY,NWSGY,2026-09-24,2026-06-30,NA,USD,NA
NWSZF,NWSZF,2026-09-24,2026-06-30,NA,USD,NA
OCLCF,OCLCF,2026-09-24,2026-08-31,123.29,USD,NA
ORFDF,ORFDF,2026-09-24,2026-07-31,NA,USD,NA
PDLMF,PDLMF,2026-09-24,2026-06-30,NA,USD,NA
PGZFF,PGZFF,2026-09-24,2026-07-31,NA,USD,NA
PMCGF,PMCGF,2026-09-24,2026-06-30,-0.01,USD,NA
PSSOF,PSSOF,2026-09-24,2026-06-30,NA,USD,NA
QCCUF,QCCUF,2026-09-24,2026-07-31,NA,USD,NA
SGGTF,SGGTF,2026-09-24,2026-07-31,NA,USD,NA
SLTFF,SLTFF,2026-09-24,2026-08-31,NA,USD,NA
SNX,TD SYNNEX CORP,2026-09-24,2026-08-31,4.63,USD,NA
SSEBF,SSEBF,2026-09-24,2026-07-31,NA,USD,NA
TBN,TAMBORAN RESOURCES CORP,2026-09-24,2026-06-30,-0.15,USD,NA
TRYXF,TRYXF,2026-09-24,2026-07-31,NA,USD,NA
VAUCF,VAUCF,2026-09-24,2026-07-31,NA,USD,NA
VBVBF,VBVBF,2026-09-24,2026-06-30,NA,USD,NA
VNWTF,VNWTF,2026-09-24,2026-06-30,0.22,USD,NA
WIMI,WIMI HOLOGRAM CLOUD INC,2026-09-24,2026-06-30,NA,CNY,NA
WLDBF,WLDBF,2026-09-24,2026-06-30,0.01,USD,NA
CGMLF,CGMLF,2026-09-25,2026-06-30,NA,USD,NA
DMXCF,DMXCF,2026-09-25,2026-06-30,-0.01,USD,NA
GPTRF,GPTRF,2026-09-25,2026-07-31,NA,USD,NA
GSRCF,GSRCF,2026-09-25,2026-08-31,NA,USD,NA
IVA,INVENTIVA,2026-09-25,2026-06-30,NA,USD,NA
IVEVF,IVEVF,2026-09-25,2026-06-30,NA,USD,NA
MITQ,MOVING IMAGE TECHNOLOGIES INC,2026-09-25,2026-06-30,NA,USD,NA
MIVOF,MIVOF,2026-09-25,2026-08-31,NA,USD,NA
NVTQF,NVTQF,2026-09-25,2026-07-31,NA,USD,NA
NWWDF,NWWDF,2026-09-25,2026-06-30,NA,USD,NA
PGXFF,PGXFF,2026-09-25,2026-07-31,NA,USD,NA
SMPEF,SMPEF,2026-09-25,2026-07-31,NA,USD,NA
QPTFF,QPTFF,2026-09-27,2026-07-31,NA,USD,NA
BKRRF,BKRRF,2026-09-28,2026-07-31,-0.01,USD,NA
BVLDF,BVLDF,2026-09-28,2026-07-31,NA,USD,NA
CAXPF,CAXPF,2026-09-28,2026-07-31,NA,USD,NA
CCL,CARNIVAL CORPORATION LTD (PAIRED STOCK),2026-09-28,2026-08-31,1.35,USD,NA
CLRMF,CLRMF,2026-09-28,2026-07-31,NA,USD,NA
FANCF,FANCF,2026-09-28,2026-07-31,NA,USD,NA
FLMTF,FLMTF,2026-09-28,2026-08-31,NA,USD,NA
FOXTF,FOXTF,2026-09-28,2026-07-31,NA,USD,NA
GGRP,GLIMPSE GROUP INC (THE),2026-09-28,2026-06-30,NA,USD,NA
HPYCF,HPYCF,2026-09-28,2026-07-31,NA,USD,NA
JEF,JEFFERIES FINANCIAL GROUP INC,2026-09-28,2026-08-31,0.87,USD,NA
LITS,LITE STRATEGY INC,2026-09-28,2026-06-30,NA,USD,NA
MTN,VAIL RESORTS INC,2026-09-28,2026-07-31,-5.22,USD,NA
NPT,TEXXON HOLDING LTD,2026-09-28,2026-06-30,NA,USD,NA
NTWK,NETSOL TECHNOLOGIES INC,2026-09-28,2026-06-30,NA,USD,NA
NXSGF,NXSGF,2026-09-28,2026-07-31,NA,USD,NA
OROXF,OROXF,2026-09-28,2026-08-31,NA,USD,NA
PGPGF,PGPGF,2026-09-28,2026-07-31,NA,USD,NA
POCI,PRECISION OPTICS CORP INC,2026-09-28,2026-06-30,-0.06,USD,NA
PRGS,PROGRESS SOFTWARE CORP,2026-09-28,2026-08-31,1.52,USD,NA
RCGCF,RCGCF,2026-09-28,2026-07-31,NA,USD,NA
RCTFF,RCTFF,2026-09-28,2026-08-31,NA,USD,NA
SHAOF,SHAOF,2026-09-28,2026-08-31,55.63,USD,NA
TGL,TREASURE GLOBAL INC,2026-09-28,2026-06-30,NA,USD,NA
TRAK,DEALERTRACK TECHNOLOGIES INC,2026-09-28,2026-06-30,0.09,USD,NA
VPRIF,VPRIF,2026-09-28,2026-07-31,NA,USD,NA
VRAR,VRAR,2026-09-28,2026-06-30,NA,USD,NA
WTCZD,WTCZD,2026-09-28,2026-07-31,NA,USD,NA
WTCZF,WTCZF,2026-09-28,2026-07-31,NA,USD,NA
AURWF,AURWF,2026-09-29,2026-06-30,NA,USD,NA
AZMTF,AZMTF,2026-09-29,2026-08-31,NA,USD,NA
BELMF,BELMF,2026-09-29,2026-07-31,NA,USD,NA
CBGPF,CBGPF,2026-09-29,2026-07-31,NA,USD,NA
CHKKF,CHKKF,2026-09-29,2026-08-31,NA,USD,NA
CMILF,CMILF,2026-09-29,2026-08-31,NA,USD,NA
CMTL,COMTECH TELECOMMUNICATIONS CORP,2026-09-29,2026-07-31,-0.27,USD,NA
CNIKF,CNIKF,2026-09-29,2026-07-31,NA,USD,NA
CRFCF,CRFCF,2026-09-29,2026-07-31,NA,USD,NA
CSSPF,CSSPF,2026-09-29,2026-06-30,NA,USD,NA
GMGMF,GMGMF,2026-09-29,2026-06-30,-0.02,USD,NA
GNFTF,GNFTF,2026-09-29,2026-06-30,NA,USD,NA
HBBHF,HBBHF,2026-09-29,2026-08-31,NA,USD,NA
IDT,IDT CORP - CLASS B,2026-09-29,2026-07-31,0.98,USD,NA
KMX,CARMAX INC,2026-09-29,2026-08-31,0.69,USD,NA
MMMRF,MMMRF,2026-09-29,2026-07-31,NA,USD,NA
NBTX,NANOBIOTIX,2026-09-29,2026-06-30,NA,USD,NA
NEXNF,NEXNF,2026-09-29,2026-08-31,NA,USD,NA
NKE,NIKE INC - CLASS B,2026-09-29,2026-08-31,0.45,USD,NA
NSRCF,NSRCF,2026-09-29,2026-06-30,-0.03,USD,NA
ORRCF,ORRCF,2026-09-29,2026-08-31,NA,USD,NA
PAYX,PAYCHEX INC,2026-09-29,2026-08-31,1.32,USD,NA
RMDFF,RMDFF,2026-09-29,2026-08-31,NA,USD,NA
RSGLF,RSGLF,2026-09-29,2026-07-31,NA,USD,NA
SXLXF,SXLXF,2026-09-29,2026-07-31,NA,USD,NA
TWRFF,TWRFF,2026-09-29,2026-07-31,NA,USD,NA
UCPLF,UCPLF,2026-09-29,2026-06-30,NA,USD,NA
UNFI,UNITED NATURAL FOODS INC,2026-09-29,2026-07-31,0.62,USD,NA
UXIN,UXIN LTD,2026-09-29,2026-06-30,NA,USD,NA
ACOLF,ACOLF,2026-09-30,2026-08-31,52.83,USD,NA
AYI,ACUITY BRANDS INC,2026-09-30,2026-08-31,5.66,USD,NA
CAG,CONAGRA BRANDS INC,2026-09-30,2026-08-31,0.28,USD,NA
ENEVF,ENEVF,2026-09-30,2026-08-31,NA,USD,NA
EUEMF,EUEMF,2026-09-30,2026-08-31,NA,USD,NA
LCRXF,LCRXF,2026-09-30,2026-06-30,NA,USD,NA
LEVI,LEVI STRAUSS & CO. CLS A,2026-09-30,2026-08-31,0.36,USD,NA
LW,LAMB WESTON HOLDINGS INC,2026-09-30,2026-08-31,0.59,USD,NA
NG,NOVAGOLD RESOURCES INC,2026-09-30,2026-08-31,-0.09,USD,NA
TMQ,TRILOGY METALS INC,2026-09-30,2026-08-31,-0.04,USD,NA
ALVLF,ALVLF,2026-10-01,2026-09-30,NA,USD,NA
ANGO,ANGIODYNAMIC INC,2026-10-01,2026-08-31,-0.11,USD,NA
CKHGF,CKHGF,2026-10-01,2026-08-31,NA,USD,NA
CMCXF,CMCXF,2026-10-01,2026-09-30,NA,USD,NA
CPWHF,CPWHF,2026-10-01,2026-09-30,NA,USD,NA
FOBIF,FOBIF,2026-10-01,2026-09-30,NA,USD,NA
RZLV,REZOLVE AI LTD,2026-10-01,2026-09-30,NA,USD,NA
SOIEF,SOIEF,2026-10-01,2026-08-31,1.05,USD,NA
TORO,TORO CORP,2026-10-01,2026-09-30,NA,USD,NA
USSHF,USSHF,2026-10-01,2026-08-31,NA,USD,NA
JDWPF,JDWPF,2026-10-02,2026-07-31,NA,USD,NA
JDWPY,JDWPY,2026-10-02,2026-07-31,NA,USD,NA
KARNF,KARNF,2026-10-02,2026-09-30,NA,USD,NA
NXAGF,NXAGF,2026-10-05,2026-08-31,NA,USD,NA
STZ,CONSTELLATION BRANDS INC - CLASS A,2026-10-05,2026-08-31,3.61,USD,NA
CLGMF,CLGMF,2026-10-06,2026-09-30,NA,USD,NA
DHBUF,DHBUF,2026-10-06,2026-09-30,NA,USD,NA
MKC,MCCORMICK & CO. INC (NON VOTING),2026-10-06,2026-08-31,0.76,USD,NA
PFFOD,PFFOD,2026-10-06,2026-08-31,NA,USD,NA
PFFOF,PFFOF,2026-10-06,2026-08-31,NA,USD,NA
SAR,SARATOGA INVESTMENT CORP,2026-10-06,2026-08-31,0.5,USD,NA
SKSDF,SKSDF,2026-10-06,2026-08-31,NA,USD,NA
VCIG,VCI GLOBAL LTD,2026-10-06,2026-09-30,NA,USD,NA
VLGEA,VILLAGE SUPER MARKET INC - CLASS A,2026-10-06,2026-07-31,NA,USD,NA
AHELF,AHELF,2026-10-07,2026-09-30,NA,USD,NA
AZZ,AZZ INC,2026-10-07,2026-08-31,1.84,USD,NA
FTGFF,FTGFF,2026-10-07,2026-08-31,0.16,USD,NA
JFROF,JFROF,2026-10-07,2026-08-31,26,USD,NA
RELL,RICHARDSON ELECTRONICS LTD,2026-10-07,2026-08-31,0.1,USD,NA
RGP,RESOURCES CONNECTION INC,2026-10-07,2026-08-31,-0.17,USD,NA
RVLGF,RVLGF,2026-10-07,2026-09-30,NA,USD,NA
AEHR,AEHR TEST SYSTEMS,2026-10-08,2026-08-31,0.09,USD,NA
AEOJF,AEOJF,2026-10-08,2026-08-31,30.9,USD,NA
APOG,APOGEE ENTERPRISES INC,2026-10-08,2026-08-31,0.64,USD,NA
ATZAF,ATZAF,2026-10-08,2026-08-31,0.87,USD,NA
BAGGF,BAGGF,2026-10-08,2026-08-31,NA,USD,NA
BKSC,BKSC,2026-10-08,2026-09-30,NA,USD,NA
BSET,BASSETT FURNITURE INDUSTRIES INC,2026-10-08,2026-08-31,0.12,USD,NA
BYRN,BYRNA TECHNOLOGIES INC,2026-10-08,2026-08-31,-0.11,USD,NA
DAL,DELTA AIR LINES INC,2026-10-08,2026-09-30,2.23,USD,NA
EGMLF,EGMLF,2026-10-08,2026-08-31,NA,USD,NA
FRCOF,FRCOF,2026-10-08,2026-08-31,334.26,USD,NA
FRCOY,FRCOY,2026-10-08,2026-08-31,NA,USD,NA
GFGSF,GFGSF,2026-10-08,2026-09-30,NA,USD,NA
HELE,HELEN OF TROY LTD,2026-10-08,2026-08-31,0.51,USD,NA
JNDOF,JNDOF,2026-10-08,2026-08-31,119.81,USD,NA
NRIX,NURIX THERAPEUTICS INC,2026-10-08,2026-08-31,-0.61,USD,NA
ODC,OIL-DRI CORP OF AMERICA,2026-10-08,2026-07-31,NA,USD,NA
PEP,PEPSICO INC,2026-10-08,2026-09-30,2.43,USD,NA
PKE,PARK AEROSPACE CORP,2026-10-08,2026-09-30,0.16,USD,NA
RHUHF,RHUHF,2026-10-08,2026-08-31,0.51,USD,NA
RKIGF,RKIGF,2026-10-08,2026-07-31,NA,USD,NA
SGIPF,SGIPF,2026-10-08,2026-08-31,48.13,USD,NA
SUEZF,SUEZF,2026-10-08,2026-08-31,NA,USD,NA
SVNDF,SVNDF,2026-10-08,2026-08-31,22.17,USD,NA
SVNDY,SVNDY,2026-10-08,2026-08-31,NA,USD,NA
TSCDF,TSCDF,2026-10-08,2026-08-31,NA,USD,NA
VLNSF,VLNSF,2026-10-08,2026-08-31,NA,USD,NA
VLUTF,VLUTF,2026-10-08,2026-07-31,NA,USD,NA
YNOYF,YNOYF,2026-10-08,2026-08-31,NA,USD,NA
FNOEF,FNOEF,2026-10-09,2026-08-31,NA,USD,NA
MTYFF,MTYFF,2026-10-09,2026-08-31,1.24,USD,NA
SNSNF,SNSNF,2026-10-09,2026-08-31,2.61,USD,NA
TKUGF,TKUGF,2026-10-09,2026-08-31,198.38,USD,NA
TPGVF,TPGVF,2026-10-09,2026-08-31,0.01,USD,NA
YASKF,YASKF,2026-10-09,2026-08-31,28.5,USD,NA
FDX,FEDEX CORP,2026-10-12,2026-08-31,3.83,USD,NA
ABGSF,ABGSF,2026-10-13,2026-09-30,NA,USD,NA
ACI,ALBERTSONS COMPANIES INC - CLASS A,2026-10-13,2026-08-31,0.4,USD,NA
AMX,AMERICA MOVIL S.A.B.DE C.V.,2026-10-13,2026-09-30,0.54,USD,NA
AMXOF,AMXOF,2026-10-13,2026-09-30,0.41,USD,NA
BLWYF,BLWYF,2026-10-13,2026-07-31,NA,USD,NA
C,CITIGROUP INC,2026-10-13,2026-09-30,2.59,USD,NA
DPZ,DOMINOS PIZZA INC,2026-10-13,2026-09-30,4.4,USD,NA
EQBK,EQUITY BANCSHARES INC - CLASS A,2026-10-13,2026-09-30,1.3,USD,NA
FBK,FB FINANCIAL CORP,2026-10-13,2026-09-30,1.2,USD,NA
FNGR,FINGERMOTION INC,2026-10-13,2026-08-31,NA,USD,NA
GS,GOLDMAN SACHS GROUP INC,2026-10-13,2026-09-30,16.47,USD,NA
HWC,HANCOCK WHITNEY CORP,2026-10-13,2026-09-30,1.67,USD,NA
JNJ,JOHNSON & JOHNSON,2026-10-13,2026-09-30,3.05,USD,NA
JPM,JPMORGAN CHASE & COMPANY,2026-10-13,2026-09-30,5.9,USD,NA
JPM-PC,JPM-PC,2026-10-13,2026-09-30,NA,USD,NA
JPM-PD,JPM-PD,2026-10-13,2026-09-30,NA,USD,NA
JPM-PJ,JPM-PJ,2026-10-13,2026-09-30,NA,USD,NA
JPM-PK,JPM-PK,2026-10-13,2026-09-30,NA,USD,NA
JPM-PL,JPM-PL,2026-10-13,2026-09-30,NA,USD,NA
JPM-PM,JPM-PM,2026-10-13,2026-09-30,NA,USD,NA
KARO,KAROOOOO LTD,2026-10-13,2026-08-31,9.43,USD,NA
MATEF,MATEF,2026-10-13,2026-09-30,NA,USD,NA
PENG,PENGUIN SOLUTIONS INC,2026-10-13,2026-08-31,0.77,USD,NA
RMCF,ROCKY MOUNTAIN CHOCOLATE FACTORY INC,2026-10-13,2026-08-31,NA,USD,NA
UNTY,UNITY BANCORP INC,2026-10-13,2026-09-30,1.5,USD,NA
WFC,WELLS FARGO & COMPANY,2026-10-13,2026-09-30,1.83,USD,NA
ABT,ABBOTT LABORATORIES,2026-10-14,2026-09-30,1.42,USD,NA
ASML,ASML HOLDING NV,2026-10-14,2026-09-30,10.58,USD,NA
ASMLF,ASMLF,2026-10-14,2026-09-30,10.58,USD,NA
BAC,BANK OF AMERICA CORP,2026-10-14,2026-09-30,1.18,USD,NA
BAC-PB,BAC-PB,2026-10-14,2026-09-30,NA,USD,NA
BAC-PE,BAC-PE,2026-10-14,2026-09-30,NA,USD,NA
BAC-PK,BAC-PK,2026-10-14,2026-09-30,NA,USD,NA
BAC-PL,BAC-PL,2026-10-14,2026-09-30,NA,USD,NA
BAC-PM,BAC-PM,2026-10-14,2026-09-30,NA,USD,NA
BAC-PN,BAC-PN,2026-10-14,2026-09-30,NA,USD,NA
BAC-PO,BAC-PO,2026-10-14,2026-09-30,NA,USD,NA
BAC-PP,BAC-PP,2026-10-14,2026-09-30,NA,USD,NA
BAC-PQ,BAC-PQ,2026-10-14,2026-09-30,NA,USD,NA
BAC-PS,BAC-PS,2026-10-14,2026-09-30,NA,USD,NA
BACRP,BACRP,2026-10-14,2026-09-30,NA,USD,NA
BANR,BANNER CORP,2026-10-14,2026-09-30,1.56,USD,NA
BLK,BLACKROCK FINANCE INC,2026-10-14,2026-09-30,14.28,USD,NA
BML-PG,BML-PG,2026-10-14,2026-09-30,NA,USD,NA
BML-PH,BML-PH,2026-10-14,2026-09-30,NA,USD,NA
BML-PJ,BML-PJ,2026-10-14,2026-09-30,NA,USD,NA
BML-PL,BML-PL,2026-10-14,2026-09-30,NA,USD,NA
BSVN,BANK7 CORP,2026-10-14,2026-09-30,1.04,USD,NA
CLPS,CLPS INC,2026-10-14,2026-09-30,NA,USD,NA
DUSXF,DUSXF,2026-10-14,2026-08-31,0.03,USD,NA
EPAC,ENERPAC TOOL GROUP CORP - CLASS A,2026-10-14,2026-08-31,0.56,USD,NA
FAST,FASTENAL COMPANY,2026-10-14,2026-09-30,0.33,USD,NA
FHN,FIRST HORIZON CORPORATION,2026-10-14,2026-09-30,0.52,USD,NA
GFELF,GFELF,2026-10-14,2026-08-31,NA,USD,NA
GLPJF,GLPJF,2026-10-14,2026-08-31,NA,USD,NA
GSBC,GREAT SOUTHERN BANCORP INC,2026-10-14,2026-09-30,1.39,USD,NA
HOMB,HOME BANCSHARES INC,2026-10-14,2026-09-30,0.63,USD,NA
JBHT,J.B. HUNT TRANSPORT SERVICES INC,2026-10-14,2026-09-30,2.14,USD,NA
KITAF,KITAF,2026-10-14,2026-08-31,NA,USD,NA
KMDHF,KMDHF,2026-10-14,2026-08-31,NA,USD,NA
LBRT,LIBERTY ENERGY INC - CLASS A,2026-10-14,2026-09-30,0.09,USD,NA
MMTMF,MMTMF,2026-10-14,2026-09-30,NA,USD,NA
MS,MORGAN STANLEY,2026-10-14,2026-09-30,3.15,USD,NA
PGR,PROGRESSIVE CORP,2026-10-14,2026-09-30,3.65,USD,NA
PLD,PROLOGIS INC,2026-10-14,2026-09-30,0.79,USD,NA
PNFP,PINNACLE FINANCIAL PARTNERS INC,2026-10-14,2026-09-30,2.64,USD,NA
RDEXF,RDEXF,2026-10-14,2026-07-31,NA,USD,NA
REXR,REXFORD INDUSTRIAL REALTY INC,2026-10-14,2026-09-30,0.23,USD,NA
SFTTF,SFTTF,2026-10-14,2026-08-31,16.42,USD,NA
SOTK,SONO-TEK CORP,2026-10-14,2026-08-31,0.04,USD,NA
SYF,SYNCHRONY FINANCIAL,2026-10-14,2026-09-30,2.39,USD,NA
TFIN,TRIUMPH FINANCIAL INC,2026-10-14,2026-09-30,0.59,USD,NA
WINA,WINMARK CORPORATION,2026-10-14,2026-09-30,3.23,USD,NA
AA,ALCOA CORP,2026-10-15,2026-09-30,1.66,USD,NA
AVTBF,AVTBF,2026-10-15,2026-08-31,NA,USD,NA
AWFDF,AWFDF,2026-10-15,2026-09-30,0.66,USD,NA
BAUFF,BAUFF,2026-10-15,2026-08-31,NA,USD,NA
BKQNF,BKQNF,2026-10-15,2026-08-31,NA,USD,NA
BNY,BANK OF NEW YORK MELLON CORP,2026-10-15,2026-09-30,2.25,USD,NA
BYCRF,BYCRF,2026-10-15,2026-08-31,65.99,USD,NA
CBSH,COMMERCE BANCSHARES INC,2026-10-15,2026-09-30,1.09,USD,NA
CMC,COMMERCIAL METALS COMPANY,2026-10-15,2026-08-31,1.98,USD,NA
CNS,COHEN & STEERS INC,2026-10-15,2026-09-30,0.93,USD,NA
DAWUF,DAWUF,2026-10-15,2026-08-31,NA,USD,NA
ENTOF,ENTOF,2026-10-15,2026-09-30,1.62,USD,NA
EQBBF,EQBBF,2026-10-15,2026-09-30,NA,USD,NA
ERIC,TELEFONAKTIEBOLAGET L M ERICSSON,2026-10-15,2026-09-30,0.14,USD,NA
ERIXF,ERIXF,2026-10-15,2026-09-30,1.58,USD,NA
EVIIF,EVIIF,2026-10-15,2026-07-31,NA,USD,NA
FMCB,FMCB,2026-10-15,2026-09-30,NA,USD,NA
FNB,F.N.B. CORP,2026-10-15,2026-09-30,0.43,USD,NA
GBCI,GLACIER BANCORP INC,2026-10-15,2026-09-30,0.81,USD,NA
IIIN,INSTEEL INDUSTRIES INC,2026-10-15,2026-09-30,0.49,USD,NA
KNEVF,KNEVF,2026-10-15,2026-09-30,NA,USD,NA
LOOP,LOOP INDUSTRIES INC,2026-10-15,2026-08-31,-0.05,USD,NA
MAN,MANPOWERGROUP,2026-10-15,2026-09-30,1.01,USD,NA
MNICF,MNICF,2026-10-15,2026-08-31,20.52,USD,NA
MNYFF,MNYFF,2026-10-15,2026-08-31,3.79,USD,NA
MRSH,MARSH & MCLENNAN COS. INC,2026-10-15,2026-09-30,1.98,USD,NA
NBNKF,NBNKF,2026-10-15,2026-09-30,0.34,USD,NA
NRDBY,NRDBY,2026-10-15,2026-09-30,NA,USD,NA
NTRP,NEUROTROPE INC,2026-10-15,2026-09-30,-0.18,USD,NA
OZK,BANK OZK,2026-10-15,2026-09-30,1.41,USD,NA
PNC,PNC FINANCIAL SERVICES GROUP INC,2026-10-15,2026-09-30,4.88,USD,NA
SCHW,CHARLES SCHWAB CORP,2026-10-15,2026-09-30,1.67,USD,NA
SFNC,SIMMONS FIRST NATIONAL CORP - CLASS A,2026-10-15,2026-09-30,0.53,USD,NA
SNA,SNAP-ON INC,2026-10-15,2026-09-30,4.94,USD,NA
TMOAF,TMOAF,2026-10-15,2026-09-30,NA,USD,NA
TRV,TRAVELERS COMPANIES INC,2026-10-15,2026-09-30,6.81,USD,NA
TSM,TAIWAN SEMICONDUCTOR MANUFACTURING,2026-10-15,2026-09-30,4.5,USD,NA
USB,U.S. BANCORP.,2026-10-15,2026-09-30,1.32,USD,NA
USB-PA,USB-PA,2026-10-15,2026-09-30,NA,USD,NA
USB-PH,USB-PH,2026-10-15,2026-09-30,NA,USD,NA
USB-PP,USB-PP,2026-10-15,2026-09-30,NA,USD,NA
USB-PQ,USB-PQ,2026-10-15,2026-09-30,NA,USD,NA
USB-PR,USB-PR,2026-10-15,2026-09-30,NA,USD,NA
USB-PS,USB-PS,2026-10-15,2026-09-30,NA,USD,NA
WABC,WESTAMERICA BANCORPORATION,2026-10-15,2026-09-30,1.17,USD,NA
WAFD,WAFD INC,2026-10-15,2026-09-30,0.84,USD,NA
WIT,WIPRO LTD,2026-10-15,2026-09-30,0.04,USD,NA
WTBCF,WTBCF,2026-10-15,2026-08-31,NA,USD,NA
XPRCF,XPRCF,2026-10-15,2026-09-30,NA,USD,NA
YUMSF,YUMSF,2026-10-15,2026-08-31,NA,USD,NA
ALLY,ALLY FINANCIAL INC,2026-10-16,2026-09-30,1.45,USD,NA
AVVZF,AVVZF,2026-10-16,2026-09-30,5.01,USD,NA
BANF,BANCFIRST CORP,2026-10-16,2026-09-30,1.88,USD,NA
CFG,CITIZENS FINANCIAL GROUP INC,2026-10-16,2026-09-30,1.39,USD,NA
CFG-PE,CFG-PE,2026-10-16,2026-09-30,NA,USD,NA
CFG-PH,CFG-PH,2026-10-16,2026-09-30,NA,USD,NA
HIFS,HINGHAM INSTITUTION FOR SAVINGS,2026-10-16,2026-09-30,NA,USD,NA
MTB,M & T BANK CORP,2026-10-16,2026-09-30,4.91,USD,NA
MTB-PH,MTB-PH,2026-10-16,2026-09-30,NA,USD,NA
MTB-PJ,MTB-PJ,2026-10-16,2026-09-30,NA,USD,NA
PLAZF,PLAZF,2026-10-16,2026-09-30,1.68,USD,NA
RBCAA,REPUBLIC BANCORP INC (KY) - CLASS A,2026-10-16,2026-09-30,1.63,USD,NA
RCT,REDCLOUD HOLDINGS PLC,2026-10-16,2026-09-30,NA,USD,NA
RF,REGIONS FINANCIAL CORP,2026-10-16,2026-09-30,0.66,USD,NA
STT,STATE STREET CORP,2026-10-16,2026-09-30,3.62,USD,NA
TFC,TRUIST FINANCIAL CORPORATION,2026-10-16,2026-09-30,1.11,USD,NA
TFC-PI,TFC-PI,2026-10-16,2026-09-30,NA,USD,NA
TFC-PO,TFC-PO,2026-10-16,2026-09-30,NA,USD,NA
TFC-PR,TFC-PR,2026-10-16,2026-09-30,NA,USD,NA
TOKSF,TOKSF,2026-10-16,2026-09-30,NA,USD,NA
HDB,HDFC BANK LTD,2026-10-17,2026-09-30,0.39,USD,NA
IBN,ICICI BANK LTD,2026-10-17,2026-09-30,0.38,USD,NA
AGNC,AGNC INVESTMENT CORP,2026-10-19,2026-09-30,0.38,USD,NA
BOKF,BOK FINANCIAL CORP,2026-10-19,2026-09-30,2.53,USD,NA
BWAGF,BWAGF,2026-10-19,2026-09-30,3.17,USD,NA
CCK,CROWN HOLDINGS INC,2026-10-19,2026-09-30,2.26,USD,NA
CLF,CLEVELAND-CLIFFS INC,2026-10-19,2026-09-30,0.16,USD,NA
COSO,COASTALSOUTH BANCSHARES INC,2026-10-19,2026-09-30,0.56,USD,NA
DX,DYNEX CAPITAL INC,2026-10-19,2026-09-30,0.37,USD,NA
FITB,FIFTH THIRD BANCORP,2026-10-19,2026-09-30,0.83,USD,NA
FPRGF,FPRGF,2026-10-19,2026-09-30,-0.03,USD,NA
GCWOF,GCWOF,2026-10-19,2026-09-30,NA,USD,NA
GPAEF,GPAEF,2026-10-19,2026-09-30,4.62,USD,NA
HAPBF,HAPBF,2026-10-19,2026-09-30,NA,USD,NA
HBCP,HOME BANCORP INC,2026-10-19,2026-09-30,1.5,USD,NA
ISTR,INVESTAR HOLDING CORP,2026-10-19,2026-09-30,0.76,USD,NA
MEDP,MEDPACE HOLDINGS INC,2026-10-19,2026-09-30,4.44,USD,NA
PAC,GRUPO AEROPORTUARIO DEL PACIFICO SAB DE CV,2026-10-19,2026-09-30,2.47,USD,NA
PEBK,PEOPLES BANCORP OF NORTH CAROLINA INC,2026-10-19,2026-09-30,NA,USD,NA
PFBC,PREFERRED BANK,2026-10-19,2026-09-30,2.7,USD,NA
RBB,RBB BANCORP,2026-10-19,2026-09-30,0.57,USD,NA
RLI,RLI CORP,2026-10-19,2026-09-30,0.5,USD,NA
RTMFF,RTMFF,2026-10-19,2026-08-31,NA,USD,NA
SFBS,SERVISFIRST BANCSHARES INC,2026-10-19,2026-09-30,1.63,USD,NA
SMMT,SUMMIT THERAPEUTICS INC,2026-10-19,2026-09-30,-0.22,USD,NA
STLD,STEEL DYNAMICS INC,2026-10-19,2026-09-30,5.31,USD,NA
WASH,WASHINGTON TRUST BANCORP INC,2026-10-19,2026-09-30,0.85,USD,NA
WRB,W.R. BERKLEY CORP,2026-10-19,2026-09-30,1.11,USD,NA
WTFC,WINTRUST FINANCIAL CORP,2026-10-19,2026-09-30,3.28,USD,NA
ZION,ZIONS BANCORPORATION N.A,2026-10-19,2026-09-30,1.66,USD,NA
ABLZF,ABLZF,2026-10-20,2026-09-30,0.82,USD,NA
AERO,GRUPO AEROMEXICO S.A.B. DE C.V.,2026-10-20,2026-09-30,0.52,USD,NA
ALPKF,ALPKF,2026-10-20,2026-09-30,0.23,USD,NA
AMC,AMC ENTERTAINMENT HOLDINGS INC - CLASS A,2026-10-20,2026-09-30,-0.06,USD,NA
ASRV,AMERISERV FINANCIAL INC,2026-10-20,2026-09-30,NA,USD,NA
BFC,BANK FIRST CORP,2026-10-20,2026-09-30,2.6,USD,NA
BHB,BAR HARBOR BANKSHARES INC,2026-10-20,2026-09-30,0.95,USD,NA
BOMXF,BOMXF,2026-10-20,2026-09-30,0.77,USD,NA
BWB,BRIDGEWATER BANCSHARES INC,2026-10-20,2026-09-30,0.47,USD,NA
CCBG,CAPITAL CITY BANK GROUP INC,2026-10-20,2026-09-30,0.95,USD,NA
CHXMF,CHXMF,2026-10-20,2026-07-31,-0.03,USD,NA
CNRFF,CNRFF,2026-10-20,2026-09-30,NA,USD,NA
COF,CAPITAL ONE FINANCIAL CORP,2026-10-20,2026-09-30,5.29,USD,NA
DBOEF,DBOEF,2026-10-20,2026-09-30,3.09,USD,NA
DBOEY,DBOEY,2026-10-20,2026-09-30,0.31,USD,NA
DGX,QUEST DIAGNOSTICS INC,2026-10-20,2026-09-30,2.85,USD,NA
DHR,DANAHER CORP,2026-10-20,2026-09-30,1.91,USD,NA
EFX,EQUIFAX INC,2026-10-20,2026-09-30,2.23,USD,NA
ENGGF,ENGGF,2026-10-20,2026-09-30,0.25,USD,NA
EQT,EQT CORP,2026-10-20,2026-09-30,0.52,USD,NA
EWBC,EAST WEST BANCORP INC,2026-10-20,2026-09-30,2.7,USD,NA
FALFF,FALFF,2026-10-20,2026-09-30,NA,USD,NA
FSBW,FS BANCORP INC,2026-10-20,2026-09-30,1.11,USD,NA
FULT,FULTON FINANCIAL CORP,2026-10-20,2026-09-30,0.55,USD,NA
FVCB,FVCBANKCORP INC,2026-10-20,2026-09-30,0.38,USD,NA
GCBC,GREENE COUNTY BANCORP INC,2026-10-20,2026-09-30,NA,USD,NA
GCHEF,GCHEF,2026-10-20,2026-09-30,1.64,USD,NA
GE,GENERAL ELECTRIC COMPANY,2026-10-20,2026-09-30,1.99,USD,NA
GM,GENERAL MOTORS COMPANY,2026-10-20,2026-09-30,3.51,USD,NA
GMBXF,GMBXF,2026-10-20,2026-09-30,0.21,USD,NA
GPC,GENUINE PARTS COMPANY,2026-10-20,2026-09-30,2.04,USD,NA
HAFC,HANMI FINANCIAL CORP,2026-10-20,2026-09-30,0.81,USD,NA
HAL,HALLIBURTON COMPANY,2026-10-20,2026-09-30,0.59,USD,NA
HPURF,HPURF,2026-10-20,2026-09-30,-5.45,USD,NA
IBKR,INTERACTIVE BROKERS GROUP INC - CLASS A,2026-10-20,2026-09-30,0.7,USD,NA
ISRG,INTUITIVE SURGICAL INC,2026-10-20,2026-09-30,2.63,USD,NA
KCDMF,KCDMF,2026-10-20,2026-09-30,0.63,USD,NA
KEY,KEYCORP,2026-10-20,2026-09-30,0.46,USD,NA
KEY-PI,KEY-PI,2026-10-20,2026-09-30,NA,USD,NA
KEY-PJ,KEY-PJ,2026-10-20,2026-09-30,NA,USD,NA
KEY-PK,KEY-PK,2026-10-20,2026-09-30,NA,USD,NA
KEY-PL,KEY-PL,2026-10-20,2026-09-30,NA,USD,NA
KO,COCA-COLA COMPANY,2026-10-20,2026-09-30,0.88,USD,NA
LMT,LOCKHEED MARTIN CORP,2026-10-20,2026-09-30,7.47,USD,NA
MBWM,MERCANTILE BANK CORP,2026-10-20,2026-09-30,1.36,USD,NA
MCRI,MONARCH CASINO & RESORT INC,2026-10-20,2026-09-30,1.7,USD,NA
MLI,MUELLER INDUSTRIES INC,2026-10-20,2026-09-30,1.09,USD,NA
MMM,3M COMPANY,2026-10-20,2026-09-30,2.39,USD,NA
MSCI,MSCI INC,2026-10-20,2026-09-30,5.02,USD,NA
MSHHF,MSHHF,2026-10-20,2026-09-30,NA,USD,NA
NFLX,NETFLIX INC,2026-10-20,2026-09-30,0.82,USD,NA
NIC,NICOLET BANKSHARES INC,2026-10-20,2026-09-30,3.04,USD,NA
NOC,NORTHROP GRUMMAN CORP,2026-10-20,2026-09-30,7.14,USD,NA
ORRF,ORRSTOWN FINANCIAL SERVICES INC,2026-10-20,2026-09-30,1.09,USD,NA
OSSFF,OSSFF,2026-10-20,2026-09-30,0.43,USD,NA
OVHFF,OVHFF,2026-10-20,2026-08-31,NA,USD,NA
PEBO,PEOPLES BANCORP INC (MARIETTA OH),2026-10-20,2026-09-30,0.93,USD,NA
PEGA,PEGASYSTEMS INC,2026-10-20,2026-09-30,0.48,USD,NA
PHM,PULTEGROUP INC,2026-10-20,2026-09-30,2.65,USD,NA
RTX,RTX CORP,2026-10-20,2026-09-30,1.76,USD,NA
SMBK,SMARTFINANCIAL INC,2026-10-20,2026-09-30,0.96,USD,NA
TKMAF,TKMAF,2026-10-20,2026-09-30,NA,USD,NA
TLTZF,TLTZF,2026-10-20,2026-09-30,3.15,USD,NA
TRST,TRUSTCO BANK CORP,2026-10-20,2026-09-30,NA,USD,NA
VICR,VICOR CORP,2026-10-20,2026-09-30,0.81,USD,NA
VMI,VALMONT INDUSTRIES INC,2026-10-20,2026-09-30,5.74,USD,NA
VZ,VERIZON COMMUNICATIONS INC,2026-10-20,2026-09-30,1.29,USD,NA
WCN,WASTE CONNECTIONS INC,2026-10-20,2026-09-30,1.51,USD,NA
WFRD,WEATHERFORD INTERNATIONAL PLC - NEW,2026-10-20,2026-09-30,1.32,USD,NA
ACU,ACME UNITED CORP,2026-10-21,2026-09-30,0.64,USD,NA
AKZOF,AKZOF,2026-10-21,2026-09-30,1.11,USD,NA
AKZOY,AKZOY,2026-10-21,2026-09-30,NA,USD,NA
ALFFF,ALFFF,2026-10-21,2026-09-30,0.32,USD,NA
ALSSF,ALSSF,2026-10-21,2026-09-30,0.87,USD,NA
ASR,GRUPO AEROPORTUARIO DEL SURESTE S.A.,2026-10-21,2026-09-30,5.12,USD,NA
ASRMF,ASRMF,2026-10-21,2026-09-30,8.64,USD,NA
BDN,BRANDYWINE REALTY TRUST,2026-10-21,2026-09-30,-0.17,USD,NA
BKU,BANKUNITED INC,2026-10-21,2026-09-30,1.06,USD,NA
BMI,BADGER METER INC,2026-10-21,2026-09-30,1.2,USD,NA
CASH,PATHWARD FINANCIAL INC,2026-10-21,2026-09-30,1.59,USD,NA
CATY,CATHAY GENERAL BANCORP,2026-10-21,2026-09-30,1.45,USD,NA
CBAN,COLONY BANKCORP INC,2026-10-21,2026-09-30,0.53,USD,NA
CCI,CROWN CASTLE INC,2026-10-21,2026-09-30,0.68,USD,NA
CCS,CENTURY COMMUNITIES INC,2026-10-21,2026-09-30,1.22,USD,NA
CHCO,CITY HOLDING COMPANY,2026-10-21,2026-09-30,2.37,USD,NA
CHMG,CHEMUNG FINANCIAL CORP,2026-10-21,2026-09-30,1.91,USD,NA
CMA,CMA,2026-10-21,2026-09-30,NA,USD,NA
CME,CME GROUP INC - CLASS A,2026-10-21,2026-09-30,2.94,USD,NA
CMPRF,CMPRF,2026-10-21,2026-09-30,1.46,USD,NA
CTBI,COMMUNITY TRUST BANCORP INC,2026-10-21,2026-09-30,1.65,USD,NA
CVBF,CVB FINANCIAL CORP,2026-10-21,2026-09-30,0.44,USD,NA
DNBBF,DNBBF,2026-10-21,2026-09-30,6.68,USD,NA
DNBBY,DNBBY,2026-10-21,2026-09-30,NA,USD,NA
DSDVF,DSDVF,2026-10-21,2026-09-30,17.66,USD,NA
EGBN,EAGLE BANCORP INC (MD),2026-10-21,2026-09-30,0.45,USD,NA
ELS,EQUITY LIFESTYLE PROPERTIES INC,2026-10-21,2026-09-30,0.51,USD,NA
ELV,ELEVANCE HEALTH INC,2026-10-21,2026-09-30,4.66,USD,NA
EPRT,ESSENTIAL PROPERTIES REALTY TRUST INC,2026-10-21,2026-09-30,0.35,USD,NA
EQR,EQUITY RESIDENTIAL PROPERTIES TRUST,2026-10-21,2026-09-30,0.38,USD,NA
FAF,FIRST AMERICAN FINANCIAL CORP,2026-10-21,2026-09-30,1.88,USD,NA
FBGGF,FBGGF,2026-10-21,2026-09-30,1.28,USD,NA
FBNC,FIRST BANCORP,2026-10-21,2026-09-30,1.2,USD,NA
FCCO,FIRST COMMUNITY CORP,2026-10-21,2026-09-30,0.82,USD,NA
FDBC,FIDELITY D&D BANCORP INC,2026-10-21,2026-09-30,NA,USD,NA
FMNB,FARMERS NATIONAL BANC CORP,2026-10-21,2026-09-30,0.41,USD,NA
FNLC,FIRST BANCORP INC (ME),2026-10-21,2026-09-30,NA,USD,NA
FR,FIRST INDUSTRIAL REALTY TRUST INC,2026-10-21,2026-09-30,0.44,USD,NA
FRME,FIRST MERCHANTS CORP,2026-10-21,2026-09-30,1.06,USD,NA
GGG,GRACO INC,2026-10-21,2026-09-30,0.82,USD,NA
GL,GLOBE LIFE INC,2026-10-21,2026-09-30,4.83,USD,NA
GNMLF,GNMLF,2026-10-21,2026-09-30,0.52,USD,NA
GPAGF,GPAGF,2026-10-21,2026-09-30,7.07,USD,NA
GSHD,GOOSEHEAD INSURANCE INC - CLASS A,2026-10-21,2026-09-30,0.53,USD,NA
GTY,GETTY REALTY CORP,2026-10-21,2026-09-30,0.47,USD,NA
HARL,HARL,2026-10-21,2026-09-30,NA,USD,NA
HBNC,HORIZON BANCORP INC (IN),2026-10-21,2026-09-30,0.54,USD,NA
HCSG,HEALTHCARE SERVICES GROUP INC,2026-10-21,2026-09-30,0.24,USD,NA
HMBAF,HMBAF,2026-10-21,2026-09-30,0.16,USD,NA
HMNKF,HMNKF,2026-10-21,2026-09-30,3.84,USD,NA
HSQVY,HSQVY,2026-10-21,2026-09-30,NA,USD,NA
HUSQF,HUSQF,2026-10-21,2026-09-30,-0.07,USD,NA
IBDRY,IBDRY,2026-10-21,2026-09-30,NA,USD,NA
IBDSF,IBDSF,2026-10-21,2026-09-30,0.25,USD,NA
IBM,INTERNATIONAL BUSINESS MACHINES CORP,2026-10-21,2026-09-30,2.9,USD,NA
JRFIF,JRFIF,2026-10-21,2026-08-31,NA,USD,NA
KALU,KAISER ALUMINUM CORP,2026-10-21,2026-09-30,1.87,USD,NA
KNX,KNIGHT-SWIFT TRANSPORTATION HOLDINGS INC - CLASS A,2026-10-21,2026-09-30,0.76,USD,NA
KREF,KKR REAL ESTATE FINANCE TRUST INC,2026-10-21,2026-09-30,0.09,USD,NA
LOB,LIVE OAK BANCSHARES INC,2026-10-21,2026-09-30,0.79,USD,NA
LSBK,LAKE SHORE BANCORP INC,2026-10-21,2026-09-30,NA,USD,NA
LUD,LUDA TECHNOLOGY GROUP LTD,2026-10-21,2026-09-30,NA,USD,NA
LUV,SOUTHWEST AIRLINES COMPANY,2026-10-21,2026-09-30,0.74,USD,NA
LVS,LAS VEGAS SANDS CORP,2026-10-21,2026-09-30,0.76,USD,NA
MCO,MOODY`S CORP,2026-10-21,2026-09-30,4.26,USD,NA
MMLP,MARTIN MIDSTREAM PARTNERS LP,2026-10-21,2026-09-30,NA,USD,NA
MOH,MOLINA HEALTHCARE INC,2026-10-21,2026-09-30,0.82,USD,NA
MPB,MID PENN BANCORP INC,2026-10-21,2026-09-30,0.88,USD,NA
MPZAF,MPZAF,2026-10-21,2026-09-30,2.12,USD,NA
NBBK,NB BANCORP INC,2026-10-21,2026-09-30,0.59,USD,NA
NHOXF,NHOXF,2026-10-21,2026-09-30,1.88,USD,NA
NLLSF,NLLSF,2026-10-21,2026-09-30,-0.08,USD,NA
NLY,ANNALY CAPITAL MANAGEMENT INC,2026-10-21,2026-09-30,0.78,USD,NA
NMAKF,NMAKF,2026-10-21,2026-09-30,0.11,USD,NA
NTRS,NORTHERN TRUST CORP,2026-10-21,2026-09-30,2.79,USD,NA
NVEC,NVE CORP,2026-10-21,2026-09-30,NA,USD,NA
NVR,NVR INC,2026-10-21,2026-09-30,102.72,USD,NA
NWFL,NORWOOD FINANCIAL CORP,2026-10-21,2026-09-30,0.96,USD,NA
OFG,OFG BANCORP,2026-10-21,2026-09-30,1.22,USD,NA
OII,OCEANEERING INTERNATIONAL INC,2026-10-21,2026-09-30,0.52,USD,NA
ONB,OLD NATIONAL BANCORP,2026-10-21,2026-09-30,0.67,USD,NA
OSBC,OLD SECOND BANCORPORATION INC,2026-10-21,2026-09-30,0.56,USD,NA
PKG,PACKAGING CORP OF AMERICA,2026-10-21,2026-09-30,2.92,USD,NA
PLBC,PLUMAS BANCORP.,2026-10-21,2026-09-30,1.46,USD,NA
PM,PHILIP MORRIS INTERNATIONAL INC,2026-10-21,2026-09-30,2.25,USD,NA
PSKRF,PSKRF,2026-10-21,2026-09-30,7.77,USD,NA
QCRH,QCR HOLDING INC,2026-10-21,2026-09-30,2.1,USD,NA
QS,QUANTUMSCAPE CORP - CLASS A,2026-10-21,2026-09-30,-0.17,USD,NA
QUCOF,QUCOF,2026-10-21,2026-09-30,3.51,USD,NA
RANJF,RANJF,2026-10-21,2026-09-30,0.7,USD,NA
REVVF,REVVF,2026-10-21,2026-09-30,NA,USD,NA
RHI,ROBERT HALF INC,2026-10-21,2026-09-30,0.47,USD,NA
RS,RELIANCE STEEL & ALUMINUM COMPANY,2026-10-21,2026-09-30,6.67,USD,NA
SAP,SAP SE,2026-10-21,2026-09-30,2.08,USD,NA
SAPGF,SAPGF,2026-10-21,2026-09-30,1.84,USD,NA
SCCFF,SCCFF,2026-10-21,2026-09-30,NA,USD,NA
SEIC,SEI INVESTMENTS COMPANY,2026-10-21,2026-09-30,1.57,USD,NA
SF,STIFEL FINANCIAL CORP,2026-10-21,2026-09-30,1.58,USD,NA
SIGI,SELECTIVE INSURANCE GROUP INC,2026-10-21,2026-09-30,1.93,USD,NA
SKFRY,SKFRY,2026-10-21,2026-09-30,0.32,USD,NA
SKUFF,SKUFF,2026-10-21,2026-09-30,4.34,USD,NA
SLG,SL GREEN REALTY CORP,2026-10-21,2026-09-30,-3.82,USD,NA
SMBC,SOUTHERN MISSOURI BANCORP INC,2026-10-21,2026-09-30,1.65,USD,NA
SSB,SOUTHSTATE CORPORATION,2026-10-21,2026-09-30,2.4,USD,NA
STC,STEWART INFORMATION SERVICES CORP,2026-10-21,2026-09-30,1.66,USD,NA
SVAUF,SVAUF,2026-10-21,2026-09-30,NA,USD,NA
SVNLF,SVNLF,2026-10-21,2026-09-30,2.95,USD,NA
T,AT&T INC,2026-10-21,2026-09-30,0.6,USD,NA
TCBI,TEXAS CAPITAL BANCSHARES INC,2026-10-21,2026-09-30,1.93,USD,NA
TCBX,THIRD COAST BANCSHARES INC,2026-10-21,2026-09-30,1,USD,NA
TDVXF,TDVXF,2026-10-21,2026-09-30,0.8,USD,NA
TDY,TELEDYNE TECHNOLOGIES INC,2026-10-21,2026-09-30,6.14,USD,NA
TMO,THERMO FISHER SCIENTIFIC INC,2026-10-21,2026-09-30,6.4,USD,NA
TNL,TRAVEL+LEISURE COMPANY,2026-10-21,2026-09-30,2.03,USD,NA
TOWN,TOWNEBANK PORTSMOUTH VA,2026-10-21,2026-09-30,0.82,USD,NA
TPSRF,TPSRF,2026-10-21,2026-08-31,NA,USD,NA
TR,TOOTSIE ROLL INDUSTRIES INC,2026-10-21,2026-09-30,NA,USD,NA
TROO,TROOPS INC,2026-10-21,2026-09-30,NA,USD,NA
TSLA,TESLA INC,2026-10-21,2026-09-30,0.46,USD,NA
UAL,UNITED AIRLINES HOLDINGS INC,2026-10-21,2026-09-30,3.2,USD,NA
UCB,UNITED COMMUNITY BANKS INC,2026-10-21,2026-09-30,0.75,USD,NA
UNB,UNION BANKSHARES INC,2026-10-21,2026-09-30,NA,USD,NA
UNF,UNIFIRST CORP,2026-10-21,2026-08-31,2.07,USD,NA
URI,UNITED RENTALS INC,2026-10-21,2026-09-30,13.84,USD,NA
WAB,WESTINGHOUSE AIR BRAKE TECHNOLOGIES CORP,2026-10-21,2026-09-30,2.73,USD,NA
WAL,WESTERN ALLIANCE BANCORP,2026-10-21,2026-09-30,2.49,USD,NA
WDFC,WD-40 COMPANY,2026-10-21,2026-08-31,1.13,USD,NA
WGO,WINNEBAGO INDUSTRIES INC,2026-10-21,2026-08-31,0.49,USD,NA
WH,WYNDHAM HOTELS & RESORTS INC,2026-10-21,2026-09-30,1.33,USD,NA
WIPKF,WIPKF,2026-10-21,2026-09-30,0.64,USD,NA
WSBC,WESBANCO INC,2026-10-21,2026-09-30,0.88,USD,NA
AAL,AMERICAN AIRLINES GROUP INC,2026-10-22,2026-09-30,-0.13,USD,NA
ACNB,ACNB CORP,2026-10-22,2026-09-30,1.44,USD,NA
AFXXF,AFXXF,2026-10-22,2026-09-30,1.92,USD,NA
ALK,ALASKA AIR GROUP INC,2026-10-22,2026-09-30,0.56,USD,NA
ALLE,ALLEGION PLC,2026-10-22,2026-09-30,2.49,USD,NA
AMAL,AMALGAMATED FINANCIAL CORP,2026-10-22,2026-09-30,1.06,USD,NA
AMBP,ARDAGH METAL PACKAGING S.A.,2026-10-22,2026-09-30,0.08,USD,NA
ARGNF,ARGNF,2026-10-22,2026-09-30,7.8,USD,NA
ARGX,ARGEN X SE,2026-10-22,2026-09-30,7.47,USD,NA
ASB,ASSOCIATED BANC-CORP,2026-10-22,2026-09-30,0.76,USD,NA
ASPS,ALTISOURCE PORTFOLIO SOLUTIONS S.A.,2026-10-22,2026-09-30,0.18,USD,NA
ATAZF,ATAZF,2026-10-22,2026-09-30,2.52,USD,NA
ATLFF,ATLFF,2026-10-22,2026-09-30,NA,USD,NA
ATLPF,ATLPF,2026-10-22,2026-09-30,1.66,USD,NA
AUB,ATLANTIC UNION BANKSHARES CORP,2026-10-22,2026-09-30,0.96,USD,NA
AVBH,AVIDBANK HOLDINGS INC,2026-10-22,2026-09-30,0.87,USD,NA
AXFOF,AXFOF,2026-10-22,2026-09-30,3.56,USD,NA
BCML,BAYCOM CORP,2026-10-22,2026-09-30,0.58,USD,NA
BESVF,BESVF,2026-10-22,2026-09-30,1.33,USD,NA
BFH,BREAD FINANCIAL HOLDINGS INC,2026-10-22,2026-09-30,3.37,USD,NA
BFST,BUSINESS FIRST BANCSHARES INC,2026-10-22,2026-09-30,0.74,USD,NA
BGLAF,BGLAF,2026-10-22,2026-09-30,0.85,USD,NA
BHRB,BURKE & HERBERT FINANCIAL SERVICES CORP,2026-10-22,2026-09-30,2.03,USD,NA
BLRDF,BLRDF,2026-10-22,2026-09-30,0.58,USD,NA
BNTRF,BNTRF,2026-10-22,2026-09-30,NA,USD,NA
BOEUF,BOEUF,2026-10-22,2026-09-30,1.25,USD,NA
BPOP,POPULAR INC,2026-10-22,2026-09-30,3.87,USD,NA
BTSBF,BTSBF,2026-10-22,2026-09-30,2.79,USD,NA
BWFG,BANKWELL FINANCIAL GROUP INC,2026-10-22,2026-09-30,1.34,USD,NA
BWMX,BETTERWARE DE MEXICO S.A.P.I. DE C.V,2026-10-22,2026-09-30,11.7,USD,NA
BX,BLACKSTONE INC,2026-10-22,2026-09-30,1.37,USD,NA
BY,BYLINE BANCORP INC,2026-10-22,2026-09-30,0.82,USD,NA
BYD,BOYD GAMING CORP,2026-10-22,2026-09-30,1.67,USD,NA
CARE,CARTER BANKSHARES INC,2026-10-22,2026-09-30,0.54,USD,NA
CASS,CASS INFORMATION SYSTEMS INC,2026-10-22,2026-09-30,0.81,USD,NA
CFFI,C & F FINANCIAL CORP,2026-10-22,2026-09-30,NA,USD,NA
CIVB,CIVISTA BANCSHARES INC,2026-10-22,2026-09-30,0.7,USD,NA
CNP,CENTERPOINT ENERGY INC,2026-10-22,2026-09-30,0.5,USD,NA
CSRNF,CSRNF,2026-10-22,2026-09-30,NA,USD,NA
CSX,CSX CORP,2026-10-22,2026-09-30,0.54,USD,NA
CTATF,CTATF,2026-10-22,2026-09-30,5.16,USD,NA
CUBI,CUSTOMERS BANCORP INC,2026-10-22,2026-09-30,2.16,USD,NA
CVVRF,CVVRF,2026-10-22,2026-08-31,NA,USD,NA
CWBC,COMMUNITY WEST BANCSHARES.,2026-10-22,2026-09-30,0.64,USD,NA
CWQXF,CWQXF,2026-10-22,2026-09-30,2.06,USD,NA
CYH,COMMUNITY HEALTH SYSTEMS INC,2026-10-22,2026-09-30,-0.38,USD,NA
DBMBF,DBMBF,2026-10-22,2026-09-30,0.88,USD,NA
DCOM,DIME COMMUNITY BANCSHARES INC,2026-10-22,2026-09-30,0.88,USD,NA
DECK,DECKERS OUTDOOR CORP,2026-10-22,2026-09-30,1.79,USD,NA
DISPF,DISPF,2026-10-22,2026-09-30,305.33,USD,NA
DLR,DIGITAL REALTY TRUST INC,2026-10-22,2026-09-30,0.57,USD,NA
DOV,DOVER CORP,2026-10-22,2026-09-30,2.86,USD,NA
DOW,DOW INC,2026-10-22,2026-09-30,0.78,USD,NA
DTCGF,DTCGF,2026-10-22,2026-09-30,0.46,USD,NA
EBC,EASTERN BANKSHARES INC,2026-10-22,2026-09-30,0.49,USD,NA
EFSI,EAGLE FINANCIAL SERVICES INC,2026-10-22,2026-09-30,0.86,USD,NA
EGP,EASTGROUP PROPERTIES INC,2026-10-22,2026-09-30,1.38,USD,NA
ENVA,ENOVA INTERNATIONAL INC,2026-10-22,2026-09-30,4.38,USD,NA
ESQ,ESQUIRE FINANCIAL HOLDINGS INC,2026-10-22,2026-09-30,1.81,USD,NA
ETTYF,ETTYF,2026-10-22,2026-09-30,4.74,USD,NA
FBP,FIRST BANCORP PR,2026-10-22,2026-09-30,0.6,USD,NA
FCFS,FIRSTCASH HOLDINGS INC,2026-10-22,2026-09-30,2.74,USD,NA
FCNCA,FIRST CITIZENS BANCSHARES INC (NC) - CLASS A,2026-10-22,2026-09-30,45.51,USD,NA
FCX,FREEPORT-MCMORAN INC,2026-10-22,2026-09-30,0.72,USD,NA
FFBC,FIRST FINANCIAL BANCORP,2026-10-22,2026-09-30,0.84,USD,NA
FFIN,FIRST FINANCIAL BANKSHARES INC,2026-10-22,2026-09-30,0.52,USD,NA
FISI,FINANCIAL INSTITUTIONS INC,2026-10-22,2026-09-30,1.05,USD,NA
FITBI,FIFTH THIRD BANCORP DEPOSITARY SHARE REPSTG 11000TH OWNERSHIP INTEREST PERP PFD SERIES I,2026-10-22,2026-09-30,NA,USD,NA
FITBO,FIFTH THIRD BANCORP 4.95 PRF PERPETUAL USD 25 SER K DP 11000TH,2026-10-22,2026-09-30,NA,USD,NA
FITBP,FIFTH THIRD BANCORP DEPOSITARY SHARES EACH REPRESENTING 140TH SHARE OF FIFTH THIRD 6.00 NONCUMULATIVE PERPETUAL CLASS B PREFERRED STOCK SERIES A,2026-10-22,2026-09-30,NA,USD,NA
FIX,COMFORT SYSTEMS USA INC,2026-10-22,2026-09-30,13.29,USD,NA
FKRAF,FKRAF,2026-10-22,2026-09-30,0.14,USD,NA
FRBA,FIRST BANK (NJ),2026-10-22,2026-09-30,0.43,USD,NA
FRST,PRIMIS FINANCIAL CORP,2026-10-22,2026-09-30,0.44,USD,NA
FSV,FIRSTSERVICE CORP,2026-10-22,2026-09-30,1.88,USD,NA
GJNSF,GJNSF,2026-10-22,2026-09-30,4.46,USD,NA
HAS,HASBRO INC,2026-10-22,2026-09-30,1.85,USD,NA
HBAN,HUNTINGTON BANCSHARES INC,2026-10-22,2026-09-30,0.4,USD,NA
HBANL,HUNTINGTON BANCSHARES INC,2026-10-22,2026-09-30,NA,USD,NA
HBANM,HUNTINGTON BANCSHARES INC,2026-10-22,2026-09-30,NA,USD,NA
HBANP,HUNTINGTON BANCSHARES INC,2026-10-22,2026-09-30,NA,USD,NA
HDRSF,HDRSF,2026-10-22,2026-09-30,NA,USD,NA
HFWA,HERITAGE FINANCIAL CORP,2026-10-22,2026-09-30,0.61,USD,NA
HON,HONEYWELL INTERNATIONAL INC,2026-10-22,2026-09-30,2.15,USD,NA
HTB,HOMETRUST BANCSHARES INC,2026-10-22,2026-09-30,0.89,USD,NA
HTH,HILLTOP HOLDINGS INC,2026-10-22,2026-09-30,0.57,USD,NA
HTROF,HTROF,2026-10-22,2026-09-30,0.65,USD,NA
HWTHF,HWTHF,2026-10-22,2026-08-31,NA,USD,NA
INDB,INDEPENDENT BANK CORP,2026-10-22,2026-09-30,1.85,USD,NA
INTC,INTEL CORP,2026-10-22,2026-09-30,0.39,USD,NA
IRDM,IRIDIUM COMMUNICATIONS INC,2026-10-22,2026-09-30,0.41,USD,NA
JSNSF,JSNSF,2026-10-22,2026-08-31,NA,USD,NA
KGAUF,KGAUF,2026-10-22,2026-09-30,NA,USD,NA
KHNGF,KHNGF,2026-10-22,2026-09-30,2.29,USD,NA
KN,KNOWLES CORP,2026-10-22,2026-09-30,0.36,USD,NA
KNSL,KINSALE CAPITAL GROUP INC,2026-10-22,2026-09-30,4.95,USD,NA
KRNY,KEARNY FINANCIAL CORP,2026-10-22,2026-09-30,0.18,USD,NA
LADR,LADDER CAPITAL CORP - CLASS A,2026-10-22,2026-09-30,0.25,USD,NA
LAZ,LAZARD LTD - CLASS A,2026-10-22,2026-09-30,0.6,USD,NA
LCNB,LCNB CORP,2026-10-22,2026-09-30,0.48,USD,NA
LNN,LINDSAY CORPORATION,2026-10-22,2026-08-31,1.06,USD,NA
LODE,COMSTOCK INC,2026-10-22,2026-09-30,-0.09,USD,NA
LOMEF,LOMEF,2026-10-22,2026-09-30,NA,USD,NA
MCB,METROPOLITAN BANK HOLDING CORP,2026-10-22,2026-09-30,2.37,USD,NA
MICLF,MICLF,2026-10-22,2026-09-30,1.77,USD,NA
MLLGF,MLLGF,2026-10-22,2026-09-30,0.42,USD,NA
MRTN,MARTEN TRANSPORT LTD,2026-10-22,2026-09-30,0.1,USD,NA
MRZLF,MRZLF,2026-10-22,2026-09-30,NA,USD,NA
MSM,MSC INDUSTRIAL DIRECT CO. INC - CLASS A,2026-10-22,2026-08-31,1.4,USD,NA
MXL,MAXLINEAR INC,2026-10-22,2026-09-30,0.56,USD,NA
MYFW,FIRST WESTERN FINANCIAL INC,2026-10-22,2026-09-30,0.62,USD,NA
NDAQ,NASDAQ INC - 144A,2026-10-22,2026-09-30,1.03,USD,NA
NECB,NORTHEAST COMMUNITY BANCORP INC,2026-10-22,2026-09-30,0.82,USD,NA
NEM,NEWMONT CORP,2026-10-22,2026-09-30,1.9,USD,NA
NENTF,NENTF,2026-10-22,2026-09-30,NA,USD,NA
NKSH,NATIONAL BANKSHARES INC,2026-10-22,2026-09-30,0.83,USD,NA
NMREF,NMREF,2026-10-22,2026-08-31,NA,USD,NA
NOK,NOKIA CORP,2026-10-22,2026-09-30,0.07,USD,NA
NOKBF,NOKBF,2026-10-22,2026-09-30,0.07,USD,NA
NSC,NORFOLK SOUTHERN CORP,2026-10-22,2026-09-30,3.58,USD,NA
OPBK,OP BANCORP,2026-10-22,2026-09-30,0.5,USD,NA
ORC,ORCHID ISLAND CAPITAL INC,2026-10-22,2026-09-30,0.32,USD,NA
ORI,OLD REPUBLIC INTERNATIONAL CORP,2026-10-22,2026-09-30,0.8,USD,NA
ORXOF,ORXOF,2026-10-22,2026-09-30,-2.1,USD,NA
OUKPY,OUKPY,2026-10-22,2026-09-30,NA,USD,NA
PCB,PCB BANCORP.,2026-10-22,2026-09-30,0.74,USD,NA
PCELF,PCELF,2026-10-22,2026-09-30,0.1,USD,NA
PCG,PG&E CORP,2026-10-22,2026-09-30,0.43,USD,NA
PCRBF,PCRBF,2026-10-22,2026-09-30,0.16,USD,NA
PECO,PHILLIPS EDISON & COMPANY INC - NEW,2026-10-22,2026-09-30,0.18,USD,NA
PEMIF,PEMIF,2026-10-22,2026-09-30,NA,USD,NA
PINE,ALPINE INCOME PROPERTY TRUST INC,2026-10-22,2026-09-30,0.16,USD,NA
PNDXF,PNDXF,2026-10-22,2026-09-30,3.97,USD,NA
POELF,POELF,2026-10-22,2026-09-30,NA,USD,NA
POOL,POOL CORPORATION,2026-10-22,2026-09-30,3.37,USD,NA
R,RYDER SYSTEM INC,2026-10-22,2026-09-30,4.16,USD,NA
RCI,ROGERS COMMUNICATIONS INC - CLASS B,2026-10-22,2026-09-30,1.25,USD,NA
RDY,DR. REDDY`S LABORATORIES LTD,2026-10-22,2026-09-30,NA,USD,NA
ROP,ROPER TECHNOLOGIES INC,2026-10-22,2026-09-30,5.78,USD,NA
SABK,SABK,2026-10-22,2026-09-30,0.62,USD,NA
SAGXF,SAGXF,2026-10-22,2026-09-30,NA,USD,NA
SARTF,SARTF,2026-10-22,2026-09-30,1.29,USD,NA
SCLTF,SCLTF,2026-10-22,2026-09-30,NA,USD,NA
SDMHF,SDMHF,2026-10-22,2026-09-30,1.18,USD,NA
SDVKF,SDVKF,2026-10-22,2026-09-30,4.56,USD,NA
SDVKY,SDVKY,2026-10-22,2026-09-30,0.45,USD,NA
SETUF,SETUF,2026-10-22,2026-09-30,NA,USD,NA
SHBI,SHORE BANCSHARES INC,2026-10-22,2026-09-30,0.54,USD,NA
SHLRF,SHLRF,2026-10-22,2026-09-30,2.47,USD,NA
SIFY,SIFY TECHNOLOGIES LTD,2026-10-22,2026-09-30,NA,USD,NA
SLM,SLM CORP,2026-10-22,2026-09-30,0.4,USD,NA
SMPL,SIMPLY GOOD FOODS COMPANY,2026-10-22,2026-08-31,0.41,USD,NA
SPFI,SOUTH PLAINS FINANCIAL INC,2026-10-22,2026-09-30,0.99,USD,NA
SRCE,1ST SOURCE CORP,2026-10-22,2026-09-30,1.72,USD,NA
SSNC,SS&C TECHNOLOGIES HOLDINGS INC,2026-10-22,2026-09-30,1.77,USD,NA
STBA,S & T BANCORP INC,2026-10-22,2026-09-30,0.98,USD,NA
SVKEF,SVKEF,2026-10-22,2026-09-30,4.23,USD,NA
SWDBF,SWDBF,2026-10-22,2026-09-30,7.46,USD,NA
SYGCF,SYGCF,2026-10-22,2026-08-31,NA,USD,NA
TCBK,TRICO BANCSHARES,2026-10-22,2026-09-30,1.03,USD,NA
TECK,TECK RESOURCES LTD - CLASS B - CLASS B (SUB VOTING),2026-10-22,2026-09-30,1.29,USD,NA
TGSNF,TGSNF,2026-10-22,2026-09-30,0.11,USD,NA
THLPF,THLPF,2026-10-22,2026-09-30,3.34,USD,NA
THRM,GENTHERM INC - CLASS A,2026-10-22,2026-09-30,0.66,USD,NA
TLSNF,TLSNF,2026-10-22,2026-09-30,0.69,USD,NA
TMUS,T-MOBILE US INC,2026-10-22,2026-09-30,2.9,USD,NA
TSCO,TRACTOR SUPPLY COMPANY,2026-10-22,2026-09-30,0.42,USD,NA
TTGXF,TTGXF,2026-10-22,2026-09-30,NA,USD,NA
UBSI,UNITED BANKSHARES INC,2026-10-22,2026-09-30,0.93,USD,NA
UNCFF,UNCFF,2026-10-22,2026-09-30,1.85,USD,NA
UNP,UNION PACIFIC CORP,2026-10-22,2026-09-30,3.45,USD,NA
USCB,USCB FINANCIAL HOLDINGS INC - CLASS A,2026-10-22,2026-09-30,0.55,USD,NA
UTMD,UTAH MEDICAL PRODUCTS INC,2026-10-22,2026-09-30,NA,USD,NA
UVE,UNIVERSAL INSURANCE HOLDINGS INC,2026-10-22,2026-09-30,0.03,USD,NA
VC,VISTEON CORP,2026-10-22,2026-09-30,2.39,USD,NA
VESTF,VESTF,2026-10-22,2026-09-30,0.85,USD,NA
VIMGF,VIMGF,2026-10-22,2026-09-30,0.03,USD,NA
VRSN,VERISIGN INC,2026-10-22,2026-09-30,2.4,USD,NA
VTMX,CORPORACION INMOBILIARIA VESTA SAB,2026-10-22,2026-09-30,0.5,USD,NA
WBS,WEBSTER FINANCIAL CORP,2026-10-22,2026-09-30,1.62,USD,NA
WKC,WORLD KINECT CORP,2026-10-22,2026-09-30,0.98,USD,NA
WRLD,WORLD ACCEPTANCE CORP,2026-10-22,2026-09-30,0.79,USD,NA
WSBF,WATERSTONE FINANCIAL INC,2026-10-22,2026-09-30,NA,USD,NA
WSFS,WSFS FINANCIAL CORP,2026-10-22,2026-09-30,1.54,USD,NA
WST,WEST PHARMACEUTICAL SERVICES INC,2026-10-22,2026-09-30,2.18,USD,NA
WTCRF,WTCRF,2026-10-22,2026-08-31,NA,USD,NA
XTRAF,XTRAF,2026-10-22,2026-07-31,NA,USD,NA
XVIPF,XVIPF,2026-10-22,2026-09-30,0.84,USD,NA
YRAIF,YRAIF,2026-10-22,2026-09-30,14.46,USD,NA
ZTMUF,ZTMUF,2026-10-22,2026-08-31,NA,USD,NA
ALV,AUTOLIV INC,2026-10-23,2026-09-30,2.18,USD,NA
ARHUF,ARHUF,2026-10-23,2026-09-30,3.54,USD,NA
AXP,AMERICAN EXPRESS COMPANY,2026-10-23,2026-09-30,4.62,USD,NA
BAH,BOOZ ALLEN HAMILTON HOLDING CORP - CLASS A,2026-10-23,2026-09-30,1.54,USD,NA
BALDF,BALDF,2026-10-23,2026-09-30,1.34,USD,NA
COFS,CHOICEONE FINANCIAL SERVICES INC,2026-10-23,2026-09-30,0.93,USD,NA
DUNNF,DUNNF,2026-10-23,2026-09-30,NA,USD,NA
EVGGF,EVGGF,2026-10-23,2026-09-30,1.34,USD,NA
FCAP,FIRST CAPITAL INC,2026-10-23,2026-09-30,NA,USD,NA
FHB,FIRST HAWAIIAN INC,2026-10-23,2026-09-30,0.6,USD,NA
FLG,NEW YORK COMMUNITY BANCORP INC,2026-10-23,2026-09-30,0.11,USD,NA
GMYYF,GMYYF,2026-10-23,2026-09-30,NA,USD,NA
GNTX,GENTEX CORP,2026-10-23,2026-09-30,0.5,USD,NA
GRC,GORMAN-RUPP COMPANY,2026-10-23,2026-09-30,0.67,USD,NA
HCA,HCA HEALTHCARE INC,2026-10-23,2026-09-30,6.96,USD,NA
HXPLF,HXPLF,2026-10-23,2026-09-30,1.56,USD,NA
IDDWF,IDDWF,2026-10-23,2026-09-30,2.18,USD,NA
INFY,INFOSYS LTD,2026-10-23,2026-09-30,0.21,USD,NA
JFKOF,JFKOF,2026-10-23,2026-09-30,NA,USD,NA
KNCRF,KNCRF,2026-10-23,2026-09-30,0.49,USD,NA
KOYJF,KOYJF,2026-10-23,2026-09-30,0.31,USD,NA
LFABF,LFABF,2026-10-23,2026-09-30,2.48,USD,NA
LVXFF,LVXFF,2026-10-23,2026-09-30,NA,USD,NA
MCBS,METROCITY BANKSHARES INC,2026-10-23,2026-09-30,0.84,USD,NA
MMGRF,MMGRF,2026-10-23,2026-09-30,1.32,USD,NA
MMNNF,MMNNF,2026-10-23,2026-09-30,1.64,USD,NA
NHYDY,NHYDY,2026-10-23,2026-09-30,0.13,USD,NA
NHYKF,NHYKF,2026-10-23,2026-09-30,2.53,USD,NA
ROKOF,ROKOF,2026-10-23,2026-09-30,17.5,USD,NA
RTOBF,RTOBF,2026-10-23,2026-09-30,0.55,USD,NA
SAABF,SAABF,2026-10-23,2026-09-30,2.41,USD,NA
SBSI,SOUTHSIDE BANCSHARES INC,2026-10-23,2026-09-30,0.83,USD,NA
SCTBF,SCTBF,2026-10-23,2026-09-30,3.58,USD,NA
SDTHF,SDTHF,2026-10-23,2026-09-30,4,USD,NA
SDXOF,SDXOF,2026-10-23,2026-08-31,NA,USD,NA
SFFYF,SFFYF,2026-10-23,2026-09-30,0.66,USD,NA
SGCPF,SGCPF,2026-10-23,2026-09-30,NA,USD,NA
SHECF,SHECF,2026-10-23,2026-09-30,81.54,USD,NA
SHECY,SHECY,2026-10-23,2026-09-30,NA,USD,NA
SIREF,SIREF,2026-10-23,2026-09-30,NA,USD,NA
SLB,SLB,2026-10-23,2026-09-30,0.61,USD,NA
STLFF,STLFF,2026-10-23,2026-09-30,1.21,USD,NA
SVCBF,SVCBF,2026-10-23,2026-09-30,0.97,USD,NA
TBABF,TBABF,2026-10-23,2026-09-30,5.07,USD,NA
TMP,TOMPKINS FINANCIAL CORP,2026-10-23,2026-09-30,1.99,USD,NA
TMRAF,TMRAF,2026-10-23,2026-09-30,0.07,USD,NA
VITBF,VITBF,2026-10-23,2026-09-30,3.03,USD,NA
VLVLY,VLVLY,2026-10-23,2026-09-30,NA,USD,NA
VLVOF,VLVOF,2026-10-23,2026-09-30,-0.22,USD,NA
VOLVF,VOLVF,2026-10-23,2026-09-30,5.54,USD,NA
ABCB,AMERIS BANCORP,2026-10-26,2026-09-30,1.71,USD,NA
AMKR,AMKOR TECHNOLOGY INC,2026-10-26,2026-09-30,0.79,USD,NA
CAJPY,CAJPY,2026-10-26,2026-09-30,NA,USD,NA
CALX,CALIX INC,2026-10-26,2026-09-30,0.41,USD,NA
CBK,COMMERCIAL BANCGROUP INC,2026-10-26,2026-09-30,0.74,USD,NA
CX,CEMEX S.A.B. DE C.V.,2026-10-26,2026-09-30,0.21,USD,NA
CXMSF,CXMSF,2026-10-26,2026-09-30,0.04,USD,NA
EFSC,ENTERPRISE FINANCIAL SERVICES CORP,2026-10-26,2026-09-30,1.41,USD,NA
FMAO,FARMERS & MERCHANTS BANCORP INC,2026-10-26,2026-09-30,0.71,USD,NA
FSBC,FIVE STAR BANCORP,2026-10-26,2026-09-30,0.84,USD,NA
FUNC,FIRST UNITED CORPORATION,2026-10-26,2026-09-30,1.14,USD,NA
GABC,GERMAN AMERICAN BANCORP INC,2026-10-26,2026-09-30,0.97,USD,NA
GBLEF,GBLEF,2026-10-26,2026-09-30,NA,USD,NA
GLPEF,GLPEF,2026-10-26,2026-09-30,0.58,USD,NA
IAALF,IAALF,2026-10-26,2026-09-30,NA,USD,NA
LKFN,LAKELAND FINANCIAL CORP,2026-10-26,2026-09-30,1.09,USD,NA
MEXGF,MEXGF,2026-10-26,2026-09-30,NA,USD,NA
MGPHF,MGPHF,2026-10-26,2026-09-30,NA,USD,NA
MNSB,MAINSTREET BANCSHARES INC,2026-10-26,2026-09-30,0.58,USD,NA
NBTB,NBT BANCORP. INC,2026-10-26,2026-09-30,1.1,USD,NA
NTST,NETSTREIT CORP,2026-10-26,2026-09-30,0.09,USD,NA
OCEEF,OCEEF,2026-10-26,2026-09-30,NA,USD,NA
OVBC,OHIO VALLEY BANC CORP,2026-10-26,2026-09-30,NA,USD,NA
PII,POLARIS INC,2026-10-26,2026-09-30,0.68,USD,NA
PREKF,PREKF,2026-10-26,2026-09-30,0.32,USD,NA
SAMHF,SAMHF,2026-10-26,2026-09-30,0.82,USD,NA
SBCF,SEACOAST BANKING CORP OF FLORIDA,2026-10-26,2026-09-30,0.64,USD,NA
SSD,SIMPSON MANUFACTURING CO. INC,2026-10-26,2026-09-30,2.49,USD,NA
TCLIF,TCLIF,2026-10-26,2026-09-30,NA,USD,NA
TGGCF,TGGCF,2026-10-26,2026-08-31,NA,USD,NA
TORCF,TORCF,2026-10-26,2026-09-30,NA,USD,NA
VLRS,CONTROLADORA VUELA CIA DE AVIACION,2026-10-26,2026-09-30,-0.33,USD,NA
VYYRF,VYYRF,2026-10-26,2026-08-31,NA,USD,NA
WEGYF,WEGYF,2026-10-26,2026-08-31,NA,USD,NA
ZTSTF,ZTSTF,2026-10-26,2026-09-30,NA,USD,NA
ALFVF,ALFVF,2026-10-27,2026-09-30,5.43,USD,NA
AMT,AMERICAN TOWER CORP,2026-10-27,2026-09-30,1.58,USD,NA
AMTB,AMERANT BANCORP INC - CLASS A,2026-10-27,2026-09-30,0.56,USD,NA
ASAZF,ASAZF,2026-10-27,2026-09-30,4.39,USD,NA
ASAZY,ASAZY,2026-10-27,2026-09-30,0.25,USD,NA
ATRC,ATRICURE INC,2026-10-27,2026-09-30,0.01,USD,NA
AVGDF,AVGDF,2026-10-27,2026-09-30,NA,USD,NA
BIOVF,BIOVF,2026-10-27,2026-09-30,6.12,USD,NA
BUSE,FIRST BUSEY CORP,2026-10-27,2026-09-30,0.65,USD,NA
CB,CHUBB LTD,2026-10-27,2026-09-30,6.31,USD,NA
CFAGF,CFAGF,2026-10-27,2026-09-30,NA,USD,NA
CHGCF,CHGCF,2026-10-27,2026-09-30,78.92,USD,NA
CHGCY,CHGCY,2026-10-27,2026-09-30,NA,USD,NA
CNC,CENTENE CORP,2026-10-27,2026-09-30,0.05,USD,NA
COPAF,COPAF,2026-10-27,2026-09-30,NA,USD,NA
CSGP,COSTAR GROUP INC,2026-10-27,2026-09-30,0.37,USD,NA
CTS,CTS CORP,2026-10-27,2026-09-30,0.65,USD,NA
ERVFF,ERVFF,2026-10-27,2026-09-30,NA,USD,NA
FABFF,FABFF,2026-10-27,2026-09-30,NA,USD,NA
FCBC,FIRST COMMUNITY BANKSHARES INC,2026-10-27,2026-09-30,0.77,USD,NA
FMANF,FMANF,2026-10-27,2026-08-31,NA,USD,NA
FNNNF,FNNNF,2026-10-27,2026-09-30,0.28,USD,NA
FRAF,FRANKLIN FINANCIAL SERVICES CORP,2026-10-27,2026-09-30,1.45,USD,NA
FRFLF,FRFLF,2026-10-27,2026-09-30,NA,USD,NA
GBOOF,GBOOF,2026-10-27,2026-09-30,5.61,USD,NA
GMVMF,GMVMF,2026-10-27,2026-09-30,NA,USD,NA
GOTRF,GOTRF,2026-10-27,2026-09-30,-0.04,USD,NA
HIW,HIGHWOODS PROPERTIES INC,2026-10-27,2026-09-30,0.15,USD,NA
IBCP,INDEPENDENT BANK CORPORATION (IONIA MI),2026-10-27,2026-09-30,0.94,USD,NA
INEOD,INEOD,2026-10-27,2026-09-30,NA,USD,NA
INEOF,INEOF,2026-10-27,2026-09-30,NA,USD,NA
JZRIF,JZRIF,2026-10-27,2026-09-30,NA,USD,NA
MDLZ,MONDELEZ INTERNATIONAL INC - CLASS A,2026-10-27,2026-09-30,0.76,USD,NA
MXCHF,MXCHF,2026-10-27,2026-09-30,-0.01,USD,NA
NBHC,NATIONAL BANK HOLDINGS CORP - CLASS A,2026-10-27,2026-09-30,0.85,USD,NA
NEE,NEXTERA ENERGY INC,2026-10-27,2026-09-30,1.22,USD,NA
NEO,NEOGENOMICS INC,2026-10-27,2026-09-30,0.05,USD,NA
NKRKF,NKRKF,2026-10-27,2026-09-30,0.19,USD,NA
NVS,NOVARTIS AG,2026-10-27,2026-09-30,2.2,USD,NA
NVSEF,NVSEF,2026-10-27,2026-09-30,2.2,USD,NA
OBIBF,OBIBF,2026-10-27,2026-09-30,62.1,USD,NA
OBIIF,OBIIF,2026-10-27,2026-09-30,51.7,USD,NA
OI,O-I GLASS INC,2026-10-27,2026-09-30,0.47,USD,NA
ORN,ORION GROUP HOLDINGS INC,2026-10-27,2026-09-30,0.14,USD,NA
OTMCF,OTMCF,2026-10-27,2026-09-30,NA,USD,NA
PDM,PIEDMONT OFFICE REALTY TRUST INC - CLASS A,2026-10-27,2026-09-30,-0.1,USD,NA
RCL,ROYAL CARIBBEAN GROUP,2026-10-27,2026-09-30,6.26,USD,NA
RENGF,RENGF,2026-10-27,2026-09-30,NA,USD,NA
RMIOF,RMIOF,2026-10-27,2026-09-30,NA,USD,NA
RRC,RANGE RESOURCES CORP,2026-10-27,2026-09-30,0.81,USD,NA
SCCO,SOUTHERN COPPER CORPORATION,2026-10-27,2026-09-30,1.83,USD,NA
SCGLF,SCGLF,2026-10-27,2026-09-30,NA,USD,NA
SCGLY,SCGLY,2026-10-27,2026-09-30,NA,USD,NA
SFST,SOUTHERN FIRST BANCSHARES INC,2026-10-27,2026-09-30,1.25,USD,NA
SHG,SHINHAN FINANCIAL GROUP CO. LTD,2026-10-27,2026-09-30,2.28,USD,NA
SHMDF,SHMDF,2026-10-27,2026-09-30,120.85,USD,NA
SVMFF,SVMFF,2026-10-27,2026-09-30,NA,USD,NA
TDSGF,TDSGF,2026-10-27,2026-09-30,NA,USD,NA
THC,TENET HEALTHCARE CORP,2026-10-27,2026-09-30,4.65,USD,NA
TMNSF,TMNSF,2026-10-27,2026-09-30,1.11,USD,NA
TTLTF,TTLTF,2026-10-27,2026-09-30,NA,USD,NA
TXN,TEXAS INSTRUMENTS INC,2026-10-27,2026-09-30,2.42,USD,NA
UNH,UNITEDHEALTH GROUP INC,2026-10-27,2026-09-30,4.08,USD,NA
VAIAF,VAIAF,2026-10-27,2026-09-30,0.66,USD,NA
VSTKF,VSTKF,2026-10-27,2026-09-30,NA,USD,NA
WMMVF,WMMVF,2026-10-27,2026-09-30,0.74,USD,NA
WMMVY,WMMVY,2026-10-27,2026-09-30,0.42,USD,NA
WRTBF,WRTBF,2026-10-27,2026-09-30,0.27,USD,NA
ZNCXF,ZNCXF,2026-10-27,2026-09-30,NA,USD,NA
ADBRF,ADBRF,2026-10-28,2026-09-30,NA,USD,NA
AGSVF,AGSVF,2026-10-28,2026-09-30,NA,USD,NA
AMSF,AMERISAFE INC,2026-10-28,2026-09-30,0.5,USD,NA
ARR,ARMOUR RESIDENTIAL REIT INC,2026-10-28,2026-09-30,0.72,USD,NA
AVB,AVALONBAY COMMUNITIES INC,2026-10-28,2026-09-30,1.1,USD,NA
BA,BOEING COMPANY,2026-10-28,2026-09-30,-0.09,USD,NA
BCCLF,BCCLF,2026-10-28,2026-09-30,0.38,USD,NA
BCDRF,BCDRF,2026-10-28,2026-09-30,0.26,USD,NA
BHOOY,BHOOY,2026-10-28,2026-08-31,NA,USD,NA
BNPQF,BNPQF,2026-10-28,2026-09-30,2.99,USD,NA
BNPQY,BNPQY,2026-10-28,2026-09-30,1.71,USD,NA
BPRN,PRINCETON BANCORP INC,2026-10-28,2026-09-30,0.92,USD,NA
CCARF,CCARF,2026-10-28,2026-07-31,NA,USD,NA
CCOEF,CCOEF,2026-10-28,2026-09-30,22.14,USD,NA
CGPZF,CGPZF,2026-10-28,2026-08-31,NA,USD,NA
CLVSF,CLVSF,2026-10-28,2026-09-30,1.45,USD,NA
COCO,VITA COCO COMPANY INC (THE),2026-10-28,2026-09-30,0.53,USD,NA
CPAC,CEMENTOS PACASMAYO S.A.A.,2026-10-28,2026-09-30,NA,USD,NA
CPF,CENTRAL PACIFIC FINANCIAL CORP,2026-10-28,2026-09-30,0.81,USD,NA
CSPUF,CSPUF,2026-10-28,2026-09-30,NA,USD,NA
CUOTF,CUOTF,2026-10-28,2026-09-30,NA,USD,NA
DASTF,DASTF,2026-10-28,2026-09-30,0.31,USD,NA
DASTY,DASTY,2026-10-28,2026-09-30,0.3,USD,NA
DBVT,DBV TECHNOLOGIES,2026-10-28,2026-09-30,-0.15,USD,NA
DBVTF,DBVTF,2026-10-28,2026-09-30,-0.08,USD,NA
DNCVF,DNCVF,2026-10-28,2026-09-30,NA,USD,NA
ECTXF,ECTXF,2026-10-28,2026-09-30,0.77,USD,NA
EPIAF,EPIAF,2026-10-28,2026-09-30,2.18,USD,NA
EPIPF,EPIPF,2026-10-28,2026-09-30,NA,USD,NA
EQNR,EQUINOR ASA,2026-10-28,2026-09-30,1.47,USD,NA
EVNIF,EVNIF,2026-10-28,2026-09-30,NA,USD,NA
FBBPF,FBBPF,2026-10-28,2026-09-30,1.21,USD,NA
FDXF,FEDEX FREIGHT HOLDING COMPANY INC,2026-10-28,2026-08-31,1.38,USD,NA
FDXF-WI,FDXF-WI,2026-10-28,2026-09-30,1.38,USD,NA
FGLDD,FGLDD,2026-10-28,2026-09-30,NA,USD,NA
FGLDF,FGLDF,2026-10-28,2026-09-30,NA,USD,NA
FIBK,FIRST INTERSTATE BANCSYSTEM INC,2026-10-28,2026-09-30,0.76,USD,NA
FNXTF,FNXTF,2026-10-28,2026-09-30,NA,USD,NA
FOJCF,FOJCF,2026-10-28,2026-09-30,0.1,USD,NA
FPH,FIVE POINT HOLDINGS LLC - CLASS A,2026-10-28,2026-09-30,NA,USD,NA
FSROF,FSROF,2026-10-28,2026-09-30,0.04,USD,NA
FTEL,FTEL,2026-10-28,2026-09-30,NA,USD,NA
FUUFF,FUUFF,2026-10-28,2026-09-30,NA,USD,NA
GBX,GREENBRIER COS. INC,2026-10-28,2026-08-31,0.82,USD,NA
GEF-B,GREIF INC - CLASS B,2026-10-28,2026-07-31,1.69,USD,NA
GEV,GE VERNOVA LLC,2026-10-28,2026-09-30,4.2,USD,NA
GMEX,GMEX ROBOTICS CORP CL A ORD,2026-10-28,2026-09-30,NA,USD,NA
GOOG,ALPHABET INC - CLASS C,2026-10-28,2026-09-30,3.01,USD,NA
GOOGL,ALPHABET INC - CLASS A,2026-10-28,2026-09-30,3.02,USD,NA
GORIF,GORIF,2026-10-28,2026-09-30,NA,USD,NA
GRBMF,GRBMF,2026-10-28,2026-09-30,0.91,USD,NA
JMSB,JOHN MARSHALL BANCORP INC,2026-10-28,2026-09-30,0.47,USD,NA
KKPNF,KKPNF,2026-10-28,2026-09-30,0.06,USD,NA
KMI,KINDER MORGAN INC - CLASS P,2026-10-28,2026-09-30,0.32,USD,NA
KNYJF,KNYJF,2026-10-28,2026-09-30,0.56,USD,NA
MAPIF,MAPIF,2026-10-28,2026-09-30,0.03,USD,NA
MEOH,METHANEX CORP,2026-10-28,2026-09-30,3.03,USD,NA
MKGSF,MKGSF,2026-10-28,2026-09-30,NA,USD,NA
NMNZF,NMNZF,2026-10-28,2026-09-30,NA,USD,NA
NOW,SERVICENOW INC,2026-10-28,2026-09-30,1.03,USD,NA
NRGYF,NRGYF,2026-10-28,2026-09-30,NA,USD,NA
NRIM,NORTHRIM BANCORP INC,2026-10-28,2026-09-30,0.67,USD,NA
NWARF,NWARF,2026-10-28,2026-09-30,1.54,USD,NA
OBK,ORIGIN BANCORP INC,2026-10-28,2026-09-30,1.06,USD,NA
OBT,ORANGE COUNTY BANCORP INC,2026-10-28,2026-09-30,0.87,USD,NA
ORINF,ORINF,2026-10-28,2026-09-30,1.06,USD,NA
OTIS,OTIS WORLDWIDE CORP,2026-10-28,2026-09-30,1.02,USD,NA
OTLY,OATLY GROUP AB,2026-10-28,2026-09-30,-0.56,USD,NA
OVLY,OAK VALLEY BANCORP,2026-10-28,2026-09-30,NA,USD,NA
PCIMF,PCIMF,2026-10-28,2026-09-30,NA,USD,NA
PKBK,PARKE BANCORP INC,2026-10-28,2026-09-30,NA,USD,NA
PSMT,PRICESMART INC,2026-10-28,2026-08-31,1.07,USD,NA
RFL,RAFAEL HOLDINGS INC - CLASS B,2026-10-28,2026-07-31,NA,USD,NA
RGC,REGENCELL BIOSCIENCE HOLDINGS LTD,2026-10-28,2026-09-30,NA,USD,NA
RJF,RAYMOND JAMES FINANCIAL INC,2026-10-28,2026-09-30,3.33,USD,NA
RMANF,RMANF,2026-10-28,2026-09-30,NA,USD,NA
RMPMF,RMPMF,2026-10-28,2026-09-30,NA,USD,NA
ROL,ROLLINS INC,2026-10-28,2026-09-30,0.35,USD,NA
SAN,BANCO SANTANDER S.A.,2026-10-28,2026-09-30,0.31,USD,NA
SICNF,SICNF,2026-10-28,2026-09-30,NA,USD,NA
SRKZF,SRKZF,2026-10-28,2026-09-30,NA,USD,NA
SSAAF,SSAAF,2026-10-28,2026-09-30,1.42,USD,NA
STOHF,STOHF,2026-10-28,2026-09-30,1.23,USD,NA
TEL,TE CONNECTIVITY PLC,2026-10-28,2026-09-30,3.06,USD,NA
TELNF,TELNF,2026-10-28,2026-09-30,2.3,USD,NA
TELNY,TELNY,2026-10-28,2026-09-30,NA,USD,NA
TRATF,TRATF,2026-10-28,2026-09-30,1.15,USD,NA
TZOO,TRAVELZOO,2026-10-28,2026-09-30,0.07,USD,NA
UPMKF,UPMKF,2026-10-28,2026-09-30,0.32,USD,NA
UVSP,UNIVEST FINANCIAL CORP,2026-10-28,2026-09-30,0.98,USD,NA
VDRFF,VDRFF,2026-10-28,2026-09-30,NA,USD,NA
VIST,VISTA ENERGY S.A.B. DE C.V,2026-10-28,2026-09-30,52.09,USD,NA
VSOGF,VSOGF,2026-10-28,2026-09-30,2.72,USD,NA
WEX,WEX INC,2026-10-28,2026-09-30,5.61,USD,NA
YARRF,YARRF,2026-10-28,2026-09-30,NA,USD,NA
ZDGE,ZEDGE INC - CLASS B,2026-10-28,2026-07-31,0.04,USD,NA
