symbol,price,high_52w,low_52w,last_fetched,industry,market_cap,pe_ratio,pe_forward,pb_ratio,eps,eps_forward,roe,roa,profit_margin,operating_margin,revenue,revenue_per_share,ebitda,ev_ebitda,earningsGrowth,revenue_growth,beta_av,analyst_target,analyst_strong_buy,analyst_buy,analyst_hold,analyst_sell,analyst_strong_sell,shares_outstanding,dividend_yield,peg_ratio,ev_revenue,book_value,company,sector,pe_score,pb_score,roe_score,margin_score,analyst_total,analyst_score,analyst_upside,fundamental_score,price_now,price_1m,price_3m,price_6m,price_1y,ret_1m,ret_3m,ret_6m,ret_1y,ma20,ma50,ma200,rsi14,macd_line,macd_signal,macd_hist,bb_upper,bb_lower,bb_pct,vol_annual,avg_vol_30,beta,spy_mean_daily,mean_daily_ret,mean_daily_alpha,sd_daily_alpha,days_in_pull,today_alpha,jensen_alpha_ann,tracking_error,info_ratio,above_ma20,above_ma50,above_ma200,golden_cross,rsi_zone,macd_bullish,trend_score,rsi_score,ret3m_score,ret6m_score,macd_score,momentum_score,days_tracked,cum_alpha_all,alpha_30d,alpha_63d,alpha_hit_rate,hist_mean_alpha,hist_sd_alpha,hist_alpha_ann,hist_ir,confidence_weight,alpha_streak,squeeze_score,squeeze_tier,short_percent_float,short_ratio,short_trend,fundamentals_improving,short_float_pct,improvement_count,put_call_ratio,put_call_oi,options_volume,avg_iv,options_score,options_sentiment,above_vwap,squeeze_poly,debt_equity_poly,revenue_poly,gross_margin,fcf,shares_float,market_cap_poly,vwap,vol_ratio,open_gap_pct,debt_equity,fcf_sec,debt_equity_sec,gross_margin_sec,revenue_sec,total_debt_sec,cash_sec,rev_cagr_sec,equity_sec,total_debt,cash,rev_cagr,p_ann_alpha,p_ir,p_hit_rate,p_streak,p_alpha_63d,alpha_score_raw,alpha_score,q_pe,q_pb,q_roe,q_de,q_margin,q_analyst,quality_gate,tech_filter,options_signal,options_live,final_score,master_score,rating,signal,golden_cross_flag,squeeze_candidate,regime,confidence_band,master_percentile,expected_return_1d,primary_driver,signal_matches,close,changesPercentage,yearHigh,yearLow,priceToBook,enterpriseToEbitda,grossMargin,operatingMargin,profitMargins,returnOnEquity,revenueGrowth,debtToEquity,debt_to_equity,currentRatio,current_ratio,marketCap,mktcap_fmt,pe_fmt,ret_1m_fmt,ret_3m_fmt,ret_6m_fmt,ret_1y_fmt,value_score,quality_score,growth_score,safety_score,short_float,tier
AAPL,341.07,345.34,242.76,2026-09-26,CONSUMER ELECTRONICS,4902477103000,38.61,35.21,45.74,8.7,8.7,1.488,0.271,0.276,0.326,466822988000,31.71,167959003000,29.41,0.287,0.042,1.085,328.22,6,19,14,3,2,14594180000,0.0031,2.706,10.58,7.36,Apple Inc.,TECHNOLOGY,25,20,95,90,44,63.6,-0.0377,58.61,341.07,313.45,283.78,246.63,256.87,0.0881,0.2019,0.3829,0.3278,329.396,321.832,287.7663,65.6733,1.8931,1.6626,0.2305,345.7215,313.0705,0.8575,0.2233,42013540.9091,1.0515,8e-4,0.0011,2e-4,0.0135,751,0.0099,0.0467,0.2142,0.269,TRUE,TRUE,TRUE,TRUE,Neutral,TRUE,100,65,81.4433,72.1649,70,80.616,768,0.0566,0.1262,0.1677,0.5714,0.0018,0.0169,0.4562,1.7047,1,1,17.1,No Signal,0.01,2.85,Decreasing,FALSE,0.9%,0,NA,NA,NA,NA,50,Unknown,FALSE,FALSE,NA,NA,0.4691,102386000000,NA,NA,NA,NA,NA,0.7659,102386000000,0.7659,0.4691,416161000000,82347000000,39544000000,0.042,107520000000,82347000000,39544000000,0.042,75.3,88.6,95.9,63.9,82,82.6,82.6,28.8,1.1,98.5,35.1,82,63.6,55,81.9,50,FALSE,78.3,78.3,Very Strong,Very Strong,TRUE,FALSE,NEUTRAL,Proven,94.8,0.0018,Alpha Leader,GX MACD RSI MA200 α>SPY,341.07,8.81,345.34,242.76,45.74,29.41,0.4691,0.326,0.276,1.488,0.042,0.7659,0.7659,NA,NA,4902477103000,$4.9T,38.6,+8.8%,+20.2%,+38.3%,+32.8%,55,55,81.9,53,0.01,Tier 2: Golden Cross
ABBV,264.34,269.39,189.4,2026-09-26,DRUG MANUFACTURERS - GENERAL,468498121000,74.68,16.39,50.46,3.55,3.55,0.623,0.105,0.098,0.4,64385999000,36.39,30763000000,27.34,2.904,0.0611,0.281,278.61,8,17,5,0,1,1767117000,0.0258,0.542,8.27,-3.359,AbbVie Inc,HEALTHCARE,25,20,95,60,31,75,0.054,55.25,264.34,262.9,253.35,213.12,218.54,0.0055,0.0434,0.2403,0.2096,260.081,257.0482,230.5622,58.5076,1.0035,0.8866,0.1169,269.6627,250.4993,0.7222,0.174,4070154.5455,0.2661,8e-4,9e-4,0,0.017,751,-0.0084,0.1583,0.2699,0.0131,TRUE,TRUE,TRUE,TRUE,Neutral,TRUE,100,85,61.8557,56.701,70,74.6469,768,-0.009,0.0616,0.0621,0.5079,0.0024,0.0162,0.5935,2.3074,1,0,21.39,No Signal,0.01,4.48,Stable,FALSE,1.1%,0,NA,NA,NA,NA,50,Unknown,FALSE,FALSE,NA,NA,NA,19236666666.6667,NA,NA,NA,NA,NA,NA,19236666666.6667,NA,NA,61160000000,64503000000,6569000000,0.0611,-5935000000,64503000000,6569000000,0.0611,83,95.9,66,0,68.6,72.4,72.4,8.6,50,93.8,50,49.5,75,54.3,71,50,FALSE,69.3,69.3,Strong,Strong,TRUE,FALSE,NEUTRAL,Proven,82,0.0024,Alpha Leader,GX MACD RSI MA200,264.34,0.5499999999999999,269.39,189.4,50.46,27.34,NA,0.4,0.098,0.623,0.0611,NA,NA,NA,NA,468498121000,$468.5B,74.7,+0.5%,+4.3%,+24%,+21%,54.3,54.3,71,52.58,0.01,Tier 2: Golden Cross
ACAD,20.68,30.96,19.69,2026-09-20,BIOTECHNOLOGY,4702218000,12.24,27.03,3.599,2.23,2.23,0.357,0.0364,0.334,0.123,1138644000,6.69,98392000,38.82,0.133,0.2145,0.857,33.89,4,12,4,1,0,172306000,NA,50.86,3.354,7.59,ACADIA Pharmaceuticals Inc,HEALTHCARE,90,60,95,90,21,72.6,0.6388,83.76,20.68,29.58,25.32,21.07,21.21,-0.3009,-0.1833,-0.0185,-0.025,27.0105,27.4536,24.5659,17.1453,-4.6122,-1.8431,-2.7691,31.169,22.852,-0.2612,0.5305,1855700,0.9079,8e-4,2e-4,-6e-4,0.0304,751,-0.0731,-0.1405,0.4822,-0.3316,FALSE,FALSE,FALSE,TRUE,Oversold,FALSE,15,20,17.5258,26.8041,30,20.3686,768,-0.5683,-0.2664,-0.2027,0.4841,-6e-4,0.0253,-0.1436,-0.3582,1,0,36.39,No Signal,0.06,7.22,Stable,FALSE,5.6%,0,NA,NA,NA,NA,50,Unknown,FALSE,FALSE,NA,NA,0.9427,92998000,172305518,3821736389.24,NA,NA,NA,NA,92998000,NA,0.9427,726437000,NA,384985000,0.2145,1306609000,NA,384985000,0.2145,40.7,39.4,41.2,0,24.7,34,34,91.4,68.9,84.5,50,91.8,72.6,78.7,14.6,50,FALSE,36,36,Weak,Weak,TRUE,FALSE,NEUTRAL,Proven,27.8,-6e-4,Analyst Upside,GX ANALYST,20.68,-30.09,30.96,19.69,3.599,38.82,0.9427,0.123,0.334,0.357,0.2145,NA,NA,NA,NA,4702218000,$4.7B,12.2,-30.1%,-18.3%,-1.8%,-2.5%,78.7,78.7,14.6,67.22,0.06,Tier 2: Golden Cross
ACN,176.11,285.21,116.75,2026-09-16,INFORMATION TECHNOLOGY SERVICES,118349595000,15.45,13.18,3.742,12.52,12.52,0.244,0.109,0.107,0.17,73100591000,118.32,12943768000,9.53,0.09,0.0425,1.092,185.39,3,11,13,0,0,611942000,0.0334,1.417,1.608,52.12,Accenture plc,TECHNOLOGY,75,60,80,60,27,65.7,0.0527,70.32,176.11,181.38,128.98,197.55,232.56,-0.0291,0.3654,-0.1085,-0.2427,185.4055,175.3292,197.9754,44.294,0.5721,1.6745,-1.1024,197.0119,173.7991,0.0996,0.426,4817304.5455,0.6576,8e-4,-5e-4,-0.0014,0.0204,751,-0.0128,-0.2763,0.3232,-1.0783,FALSE,TRUE,FALSE,FALSE,Neutral,FALSE,55,45,88.1443,16.4948,30,53.2423,768,-0.6934,-0.0042,0.3794,0.4921,-1e-4,0.0327,-0.0158,-0.0303,1,0,32.3,No Signal,0.04,5.54,Stable,FALSE,4.1%,0,NA,NA,NA,NA,50,Unknown,FALSE,FALSE,NA,NA,NA,9494991333.3333,NA,NA,NA,NA,NA,0.1577,9494991333.3333,0.1577,NA,69672977000,5029449000,10165245000,0.0425,31890566000,5029449000,10165245000,0.0425,50,50.3,52.1,0,91.2,51.7,51.7,82.7,67.2,71.1,80.2,52.6,65.7,71.2,43.1,50,FALSE,52.6,52.6,Neutral,Neutral,FALSE,FALSE,NEUTRAL,Proven,57.2,-1e-4,Quality,,176.11,-2.91,285.21,116.75,3.742,9.53,NA,0.17,0.107,0.244,0.0425,0.1577,0.1577,NA,NA,118349595000,$118.3B,15.4,-2.9%,+36.5%,-10.8%,-24.3%,71.2,71.2,43.1,62.72,0.04,Tier 5: Underdog Watch
AFRM,71.52,91.08,42.09,2026-09-20,CREDIT SERVICES,24027767000,12.88,37.31,4.382,5.53,5.53,0.451,0.0193,0.453,0.126,4261082000,12.71,739194000,25.16,21.87,0.425,3.61,99.09,5,19,9,0,0,296882000,NA,8.64,7.38,16.26,Affirm Holdings Inc,FINANCIAL SERVICES,90,60,95,90,33,72,0.3855,83.7,71.52,76.46,79.49,43.03,77.94,-0.0646,-0.1003,0.6621,-0.0824,71.7545,73.7901,66.7548,47.9292,-1.5195,-1.6071,0.0876,76.3491,67.1599,0.4745,0.5401,6107459.0909,2.5591,8e-4,0.0028,0.0019,0.043,751,-0.0061,0.1589,0.683,0.714,FALSE,FALSE,TRUE,TRUE,Neutral,TRUE,35,45,29.3814,86.5979,70,48.634,768,1.1361,-0.0777,-0.2136,0.5159,9e-4,0.0288,0.235,0.5142,1,0,27.59,No Signal,0.05,3.57,Stable,FALSE,5.5%,0,NA,NA,NA,NA,50,Unknown,FALSE,FALSE,NA,NA,NA,261322666.6667,337421256,24149239291.92,NA,NA,NA,1.786,261322666.6667,1.786,NA,3224412000,9794058000,1630038000,0.425,5483824000,9794058000,1630038000,0.425,65.5,63.7,73.7,0,22.7,53.7,53.7,89.2,61.2,89.7,10.8,96.9,72,73.4,62.9,50,FALSE,58.9,58.9,Neutral,Neutral,TRUE,FALSE,NEUTRAL,Proven,62.4,9e-4,Consistent Beat,GX MACD MA200 ANALYST,71.52,-6.460000000000001,91.08,42.09,4.382,25.16,NA,0.126,0.453,0.451,0.425,1.786,1.786,NA,NA,24027767000,$24B,12.9,-6.5%,-10%,+66.2%,-8.2%,73.4,73.4,62.9,64.03999999999999,0.05,Tier 2: Golden Cross
AI,10.65,20.22,7.67,2026-09-20,SOFTWARE - INFRASTRUCTURE,1684973000,NA,NA,2.425,-3.09,-3.09,-0.598,-0.312,-1.921,-1.863,232382000,1.598,-447079008,-2.296,0,-0.1023,2.093,8.91,0,1,7,3,3,157280000,NA,NA,4.474,4.348,C3 Ai Inc,TECHNOLOGY,50,75,15,20,14,35.7,-0.1634,38.57,10.65,9.7,8.9,7.79,17.28,0.0979,0.1966,0.3671,-0.3837,10.6605,10.0004,10.377,52.7905,1.785,2.0891,-0.3042,11.0766,10.2444,0.4874,0.4359,5391872.7273,1.9744,8e-4,-3e-4,-0.0011,0.0372,751,-0.0157,-0.4876,0.5912,-0.4772,FALSE,TRUE,TRUE,FALSE,Neutral,FALSE,80,85,80.9278,70.1031,30,74.049,768,-0.7866,0.0561,0.0868,0.5,0,0.0311,0.0107,0.0217,1,0,53.02,Low Signal,0.27,6.93,Decreasing,FALSE,27%,0,NA,NA,NA,NA,50,Unknown,FALSE,FALSE,NA,NA,0.3092,-108066666.6667,NA,NA,NA,NA,NA,NA,-108066666.6667,NA,0.3092,250268000,NA,136435000,-0.1023,694896000,NA,136435000,-0.1023,52.6,51.8,58.8,0,72.2,51.3,51.3,50,83.1,7.2,50,0.5,35.7,34.7,71.7,50,FALSE,53.7,53.7,Neutral,Neutral,FALSE,FALSE,NEUTRAL,Proven,58.2,0,Strong Trend,RSI MA200,10.65,9.790000000000001,20.22,7.67,2.425,-2.296,0.3092,-1.863,-1.921,-0.598,-0.1023,NA,NA,NA,NA,1684973000,$1.7B,N/A,+9.8%,+19.7%,+36.7%,-38.4%,34.7,34.7,71.7,40.82,0.27,Tier 5: Underdog Watch
ALGM,36.76,71.77,22.41,2026-09-20,SEMICONDUCTORS,6356310000,487.14,34.84,6.59,0.07,0.07,0.0153,0.0297,0.015,0.0982,945934000,5.1,134877000,64.39,-0.485,-0.079,1.911,54.82,2,9,1,0,0,186402000,NA,NA,6.87,5.17,Allegro Microsystems Inc,TECHNOLOGY,25,40,40,40,12,77.1,0.4913,39.96,36.76,36.89,57.89,28.04,29.93,-0.0035,-0.365,0.311,0.2282,35.2185,39.6253,40.043,50.3415,-3.4495,-4.8455,1.396,37.4765,32.9605,0.8413,0.4476,2273931.8182,2.2511,8e-4,9e-4,0,0.0324,751,0.041,-0.2556,0.5142,0.0161,TRUE,FALSE,FALSE,FALSE,Neutral,TRUE,15,85,6.1856,64.433,70,38.2423,768,-0.3899,-0.158,-0.4769,0.5,-0.0027,0.0394,-0.6892,-1.1032,1,4,39.66,No Signal,0.06,5.18,Decreasing,FALSE,5.6%,0,NA,NA,NA,NA,50,Unknown,FALSE,FALSE,NA,NA,0.4628,67931333.3333,186402046,6548303875.98,NA,NA,NA,0.2978,67931333.3333,0.2978,0.4628,890096000,287159000,162029000,-0.079,964276000,287159000,162029000,-0.079,13.4,16.6,58.8,96.4,2.6,30,30,50,39.3,28.4,65.8,25.8,77.1,44.7,51,50,FALSE,37.2,37.2,Weak,Weak,FALSE,FALSE,NEUTRAL,Proven,30.9,-0.0027,Analyst Upside,MACD RSI ANALYST,36.76,-0.35000000000000003,71.77,22.41,6.59,64.39,0.4628,0.0982,0.015,0.0153,-0.079,0.2978,0.2978,NA,NA,6356310000,$6.4B,487.1,-0.4%,-36.5%,+31.1%,+22.8%,44.7,44.7,51,46.82,0.06,No Signal
ALNY,255.96,495.55,197.81,2026-09-18,BIOTECHNOLOGY,32851476000,41.68,18.73,23.65,5.89,5.89,0.966,0.123,0.161,0.179,4804182000,36.24,1054538000,27.13,0,0.4253,0.3,371.35,7,16,6,0,0,133809000,NA,0.309,6.24,10.12,Alnylam Pharmaceuticals Inc,HEALTHCARE,25,20,95,75,29,75.9,0.4508,57.59,255.96,239,291.37,316.09,449.58,0.071,-0.1215,-0.1902,-0.4307,249.846,244.2924,306.9522,55.8502,0.3815,0.1316,0.2499,268.1602,231.5318,0.6669,0.4645,1548631.8182,0.7324,8e-4,9e-4,1e-4,0.029,751,0.0201,0.0795,0.4596,0.0503,TRUE,TRUE,FALSE,FALSE,Neutral,TRUE,55,85,25.7732,10.3093,70,43.2938,768,-0.2716,0.1378,-0.1349,0.5238,-0.0016,0.0358,-0.4083,-0.719,1,2,26.91,No Signal,0.05,4.13,Increasing,FALSE,5.4%,0,NA,NA,NA,NA,50,Unknown,FALSE,FALSE,NA,NA,NA,154913000,NA,NA,NA,NA,NA,NA,154913000,NA,NA,3713937000,NA,1708318000,0.4253,1354118000,NA,1708318000,0.4253,25.3,29.5,80.4,82,35.6,44.6,44.6,24.5,3.8,95.9,50,63.9,75.9,54.5,40.9,50,FALSE,45.2,45.2,Neutral,Neutral,FALSE,FALSE,NEUTRAL,Proven,44.3,-0.0016,Consistent Beat,MACD RSI ANALYST,255.96,7.1,495.55,197.81,23.65,27.13,NA,0.179,0.161,0.966,0.4253,NA,NA,NA,NA,32851476000,$32.9B,41.7,+7.1%,-12.2%,-19%,-43.1%,54.5,54.5,40.9,52.699999999999996,0.05,Tier 5: Underdog Watch
ALRM,53.38,58.15,41.49,2026-09-20,SOFTWARE - APPLICATION,2648909000,23.88,26.25,3.064,2.26,2.26,0.133,0.0499,0.111,0.151,1060984000,21.36,167716000,12.58,-0.234,0.0709,0.764,63,1,2,2,0,1,49090200,NA,1.406,2.58,17.63,Alarm.com Holdings Inc,TECHNOLOGY,60,60,65,60,6,58.3,0.1802,61.33,53.38,56.71,46.34,42.34,51.29,-0.0587,0.1519,0.2607,0.0407,55.137,55.188,49.2439,37.6657,-1.0765,-0.4905,-0.586,57.8987,52.3753,0.1819,0.1786,444918.1818,0.8737,8e-4,-0,-8e-4,0.0167,751,-0.0066,-0.1844,0.2643,-0.7985,FALSE,FALSE,TRUE,TRUE,Neutral,FALSE,35,20,73.1959,58.7629,30,48.4613,768,-0.4801,-0.036,0.1457,0.5794,0.0017,0.0194,0.4365,1.4166,1,0,34.59,No Signal,0.06,7.33,Increasing,FALSE,6%,0,NA,NA,NA,NA,50,Unknown,FALSE,FALSE,NA,NA,NA,153925666.6667,NA,NA,NA,NA,NA,NA,153925666.6667,NA,NA,1011187000,NA,479418000,0.0709,864455000,NA,479418000,0.0709,74.2,81.9,97.4,0,79.9,74.2,74.2,59,74.3,49.5,50,54.6,58.3,56.5,48.5,50,FALSE,65.4,65.4,Strong,Strong,TRUE,FALSE,NEUTRAL,Proven,73.7,0.0017,Alpha Leader,GX MA200 α>SPY ANALYST,53.38,-5.87,58.15,41.49,3.064,12.58,NA,0.151,0.111,0.133,0.0709,NA,NA,NA,NA,2648909000,$2.6B,23.9,-5.9%,+15.2%,+26.1%,+4.1%,56.5,56.5,48.5,53.9,0.06,Tier 2: Golden Cross
AMD,630.63,638.95,159.33,2026-09-26,SEMICONDUCTORS,1027251241000,156.14,39.53,14.93,4.03,4.03,0.102,0.0513,0.156,0.172,41305002000,25.36,9562000000,92.79,1.595,0.2358,2.476,616.51,4,39,11,0,0,1632475000,NA,0.626,24.08,41.19,Advanced Micro Devices Inc,TECHNOLOGY,25,20,65,75,54,71.8,-0.0224,48.18,630.63,480.93,521.58,196.04,161.27,0.3113,0.2091,2.2168,2.9104,528.104,504.713,364.7536,72.9957,6.7683,4.2294,2.5389,650.0035,406.2045,0.9205,0.5598,21059031.8182,2.2891,8e-4,0.0032,0.0023,0.0322,751,-0.0033,0.3114,0.5106,1.1424,TRUE,TRUE,TRUE,TRUE,Overbought,TRUE,100,30,81.9588,100,70,81.0876,768,2.6831,0.3185,0.0096,0.5397,0.0051,0.0377,1.2929,2.161,1,0,13.42,No Signal,0.02,2.13,Stable,FALSE,2.4%,0,NA,NA,NA,NA,50,Unknown,FALSE,FALSE,NA,NA,0.4952,3420333333.3333,NA,NA,NA,NA,NA,0.048,3420333333.3333,0.048,0.4952,34639000000,3226000000,5086000000,0.2358,67224000000,3226000000,5086000000,0.2358,93.8,93.8,85.6,0,62.9,78.1,78.1,1.4,15.8,41.8,91.9,62.9,71.8,43.2,92.1,50,FALSE,76.2,76.2,Strong,Strong,TRUE,FALSE,NEUTRAL,Proven,92.8,0.0051,Alpha Leader,GX MACD MA200,630.63,31.130000000000003,638.95,159.33,14.93,92.79,0.4952,0.172,0.156,0.102,0.2358,0.048,0.048,NA,NA,1027251241000,$1.03T,156.1,+31.1%,+20.9%,+221.7%,+291%,43.2,43.2,92.1,45.92,0.02,Tier 2: Golden Cross
AMGN,414.61,447.03,263.36,2026-09-26,DRUG MANUFACTURERS - GENERAL,219518222000,25.25,16.67,18.78,16.08,16.08,0.915,0.0867,0.23,0.355,38095000000,70.68,17268001000,14.92,0.649,0.1418,0.426,389.22,4,10,16,2,2,540632000,0.0241,2.451,6.9,21.62,Amgen Inc,HEALTHCARE,45,20,95,75,34,58.8,-0.0612,60.88,414.61,440.34,358.33,349,271.18,-0.0584,0.1571,0.188,0.5289,404.897,404.6954,362.1233,56.3596,-0.5998,-1.0008,0.4009,453.0144,356.7796,0.6009,0.448,2971245.4545,0.5195,8e-4,7e-4,-1e-4,0.017,751,0.0157,0.0725,0.2703,-0.1066,TRUE,TRUE,TRUE,TRUE,Neutral,TRUE,100,85,75.7732,50,70,77.482,768,-0.0872,9e-4,0.1292,0.4603,8e-4,0.0183,0.2087,0.7175,1,2,23.16,No Signal,0.03,4.94,Increasing,FALSE,2.6%,0,NA,NA,NA,NA,50,Unknown,FALSE,FALSE,NA,NA,NA,8617666666.6667,NA,NA,NA,NA,NA,4.9028,8617666666.6667,4.9028,NA,36751000000,57304000000,13989000000,0.1418,11688000000,57304000000,13989000000,0.1418,64.4,67.9,24.7,82,76.3,60.9,60.9,54.7,10.4,95.4,1.8,75.8,58.8,54.8,70.5,50,FALSE,62.3,62.3,Neutral,Neutral,TRUE,FALSE,NEUTRAL,Proven,66.5,8e-4,Strong Trend,GX MACD RSI MA200,414.61,-5.84,447.03,263.36,18.78,14.92,NA,0.355,0.23,0.915,0.1418,4.9028,4.9028,NA,NA,219518222000,$219.5B,25.2,-5.8%,+15.7%,+18.8%,+52.9%,54.8,54.8,70.5,52.879999999999995,0.03,Tier 2: Golden Cross
AMKR,53.61,96.5,27.84,2026-09-20,SEMICONDUCTOR EQUIPMENT & MATERIALS,12497159000,22.56,17.76,2.687,2.23,2.23,0.125,0.0462,0.0745,0.105,7457680000,30.14,1323916000,9.03,2.182,0.0156,2.232,76.4,2,4,4,0,0,248452000,0.0069,0.76,1.686,18.75,Amkor Technology Inc,TECHNOLOGY,60,75,65,40,10,70,0.4251,62.5,53.61,48.4,78.72,41.25,29.16,0.1076,-0.319,0.2996,0.8385,49.5275,52.8338,57.0642,54.6281,-0.1508,-2.0892,1.9384,55.0072,44.0478,0.8725,0.6476,4123695.4545,2.3384,8e-4,0.0019,0.0011,0.0336,751,0.012,-0.0169,0.5332,0.4976,TRUE,TRUE,FALSE,FALSE,Neutral,TRUE,55,85,8.2474,62.8866,70,48.5515,768,0.2227,-0.0617,-0.4338,0.5159,-0.0023,0.0454,-0.5825,-0.8091,1,0,15.29,No Signal,0.04,2.37,Increasing,FALSE,4%,0,NA,NA,NA,NA,50,Unknown,FALSE,FALSE,NA,NA,0.1399,352205666.6667,NA,NA,NA,NA,NA,0.5021,352205666.6667,0.5021,0.1399,6707981000,2334950000,1551890000,0.0156,4650412000,2334950000,1551890000,0.0156,16,25.9,73.7,0,5.2,26.8,26.8,61.9,78.7,47.4,47.7,44.3,70,56.5,59.9,50,FALSE,39.2,39.2,Weak,Weak,FALSE,FALSE,NEUTRAL,Proven,35.1,-0.0023,Consistent Beat,MACD RSI ANALYST,53.61,10.76,96.5,27.84,2.687,9.03,0.1399,0.105,0.0745,0.125,0.0156,0.5021,0.5021,NA,NA,12497159000,$12.5B,22.6,+10.8%,-31.9%,+30%,+83.9%,56.5,56.5,59.9,53.9,0.04,No Signal
AMPL,13.3,14.76,5.51,2026-09-20,SOFTWARE - APPLICATION,1750574000,NA,69.44,12.11,-0.75,-0.75,-0.479,-0.155,-0.266,-0.328,374369000,2.828,-96246000,-14.31,0,0.1146,1.502,13.77,3,6,3,0,0,103867000,NA,NA,4.057,1.091,Amplitude Inc,TECHNOLOGY,50,20,15,20,12,75,0.0353,31.5,13.3,12.96,7.41,6.8,11.59,0.0262,0.7949,0.9559,0.1475,13.3432,11.9469,9.0698,53.6889,2.8197,3.5353,-0.7156,14.3919,12.2946,0.4794,0.5084,1625618.1818,1.4303,8e-4,8e-4,-0,0.0324,751,-0.0339,-0.0995,0.5142,-0.017,FALSE,TRUE,TRUE,TRUE,Neutral,FALSE,100,85,98.9691,93.8144,30,89.2036,768,-0.3383,0.0088,0.7217,0.5476,0.0054,0.0462,1.3722,1.8693,1,0,37.52,No Signal,0.06,3.99,Decreasing,FALSE,6.3%,0,NA,NA,NA,NA,50,Unknown,FALSE,FALSE,NA,NA,0.7399,23111666.6667,NA,NA,NA,NA,NA,NA,23111666.6667,NA,0.7399,343214000,NA,73776000,0.1146,136198000,NA,73776000,0.1146,94.8,90.7,89.2,0,98.5,83.7,83.7,50,18.6,9.8,50,4.6,75,31.6,90.4,50,FALSE,77.5,77.5,Strong,Strong,TRUE,FALSE,NEUTRAL,Proven,93.8,0.0054,Alpha Leader,GX RSI MA200,13.3,2.62,14.76,5.51,12.11,-14.31,0.7399,-0.328,-0.266,-0.479,0.1146,NA,NA,NA,NA,1750574000,$1.8B,N/A,+2.6%,+79.5%,+95.6%,+14.8%,31.6,31.6,90.4,38.96,0.06,Tier 2: Golden Cross
AMZN,249.67,287.2,196,2026-09-26,INTERNET RETAIL,2689890779000,20.05,23.64,4.874,12.44,12.44,0.306,0.0659,0.174,0.137,775680033000,72.33,168911995000,10.98,2.423,0.1168,1.443,329.54,3,9,10,0,0,10786314000,NA,1.478,3.595,51.16,Amazon.com Inc,CONSUMER CYCLICAL,60,60,95,75,22,67,0.3199,73.45,249.67,260.28,232.69,200.95,218.15,-0.0408,0.073,0.2424,0.1445,254.306,256.175,240.8478,44.5359,-0.7864,-0.6215,-0.1649,263.7171,244.8949,0.2537,0.276,34744000,1.3856,8e-4,0.0011,3e-4,0.0157,751,-0.0043,-0.0115,0.2486,0.281,FALSE,FALSE,TRUE,TRUE,Neutral,FALSE,35,45,66.4948,57.2165,30,49.8918,768,0.0877,-0.0499,-0.0073,0.4683,-3e-4,0.0203,-0.0785,-0.244,1,0,15.75,No Signal,0.01,2.77,Decreasing,FALSE,0.8%,0,NA,NA,NA,NA,50,Unknown,FALSE,FALSE,NA,NA,NA,24263333333.3333,NA,NA,NA,NA,NA,0.2397,24263333333.3333,0.2397,NA,716924000000,132224000000,78213000000,0.1168,551620000000,132224000000,78213000000,0.1168,44.8,44.6,29.9,0,58.8,39.4,39.4,71.2,55.7,79.9,70.3,66.5,67,70.1,54.2,50,FALSE,47.6,47.6,Neutral,Neutral,TRUE,FALSE,NEUTRAL,Proven,47.4,-3e-4,Analyst Upside,GX MA200 ANALYST,249.67,-4.08,287.2,196,4.874,10.98,NA,0.137,0.174,0.306,0.1168,0.2397,0.2397,NA,NA,2689890779000,$2.69T,20,-4.1%,+7.3%,+24.2%,+14.4%,70.1,70.1,54.2,62.059999999999995,0.01,Tier 2: Golden Cross
ANAB,51,72.36,13.81,2026-09-22,BIOTECHNOLOGY,1634388000,NA,19.34,128.4,-1.02,-1.02,-1.145,0.0678,-0.115,-1.355,232388000,8.22,41341000,23.32,0,2.6978,0.408,89.62,3,7,0,0,0,29608500,NA,0,5.87,0.439,AnaptysBio Inc,HEALTHCARE,50,20,15,20,10,82.5,0.7573,32.25,51,58,63.15,36.9267,14.6933,-0.1207,-0.1924,0.3811,2.471,54.7845,55.4022,48.3045,34.9587,-2.3255,-1.5257,-0.7998,58.4349,51.1341,-0.0184,0.3143,519550,0.8146,8e-4,0.0029,0.0021,0.045,751,-0.019,0.5696,0.7146,0.7423,FALSE,FALSE,TRUE,TRUE,Neutral,FALSE,35,20,15.4639,71.6495,30,33.7191,768,1.237,-0.0818,-0.2382,0.4762,7e-4,0.0412,0.1786,0.2731,1,0,47.93,Low Signal,0.18,10.25,Stable,FALSE,18.4%,0,NA,NA,NA,NA,50,Unknown,FALSE,FALSE,NA,NA,NA,-79230666.6667,NA,NA,NA,NA,NA,NA,-79230666.6667,NA,NA,234603000,NA,133826000,2.6978,10585000,NA,133826000,2.6978,62.4,58.5,36.6,0,18.6,43.5,43.5,50,50,3.6,50,8.2,82.5,35.4,41.1,50,FALSE,41.7,41.7,Weak,Weak,TRUE,FALSE,NEUTRAL,Proven,38.7,7e-4,Analyst Upside,GX MA200 ANALYST,51,-12.07,72.36,13.81,128.4,23.32,NA,-1.355,-0.115,-1.145,2.6978,NA,NA,NA,NA,1634388000,$1.6B,N/A,-12.1%,-19.2%,+38.1%,+247.1%,35.4,35.4,41.1,41.239999999999995,0.18,Tier 2: Golden Cross
ANET,206.55,214.89,114.52,2026-09-18,COMPUTER HARDWARE,251652162000,62.55,38.17,16.84,3.19,3.19,0.315,0.141,0.384,0.454,10540800000,8.38,4639600000,50.82,0.357,0.2397,1.617,241.04,8,23,0,0,0,1261225000,NA,1.478,22.37,11.73,Arista Networks,TECHNOLOGY,25,20,95,90,31,81.5,0.167,60.4,206.55,202.25,157.6,116.13,143.06,0.0213,0.3106,0.7786,0.4438,196.578,190.233,157.0391,60.1753,2.1383,1.6962,0.4421,209.014,184.142,0.9009,0.4122,4898195.4545,1.8487,8e-4,0.0025,0.0017,0.0278,751,-0.0013,0.2494,0.442,0.9692,TRUE,TRUE,TRUE,TRUE,Neutral,TRUE,100,85,86.5979,90.2062,70,88.7706,768,1.6026,0.0241,0.1783,0.5397,0.0019,0.0318,0.4819,0.9543,1,0,19.24,No Signal,0.01,3.04,Decreasing,FALSE,1.1%,0,NA,NA,NA,NA,50,Unknown,FALSE,FALSE,NA,NA,0.6406,3309400000,NA,NA,NA,NA,NA,NA,3309400000,NA,0.6406,9005700000,NA,2290200000,0.2397,14797700000,NA,2290200000,0.2397,76.3,70.5,85.6,0,83,70.1,70.1,12.2,14.2,80.9,50,94.8,81.5,54.6,92,50,FALSE,73,73,Strong,Strong,TRUE,FALSE,NEUTRAL,Proven,88.7,0.0019,Alpha Leader,GX MACD RSI MA200 ANALYST,206.55,2.13,214.89,114.52,16.84,50.82,0.6406,0.454,0.384,0.315,0.2397,NA,NA,NA,NA,251652162000,$251.7B,62.5,+2.1%,+31.1%,+77.9%,+44.4%,54.6,54.6,92,52.76,0.01,Tier 2: Golden Cross
APPN,36.01,46.06,18.63,2026-09-22,SOFTWARE - INFRASTRUCTURE,2687468000,NA,416.67,42.82,-0.14,-0.14,-9.37,0.0323,-0.0134,0.0042,795307000,10.8,39892000,126.11,0,0.1545,0.94,34,0,1,5,0,1,40540200,NA,0,3.539,-1.465,Appian Corp,TECHNOLOGY,50,20,15,20,7,46.4,-0.0558,28.64,36.01,38.45,21.97,23.82,31.47,-0.0635,0.6391,0.5118,0.1443,37.952,34.2502,28.0911,47.6624,1.4827,2.5706,-1.0879,42.8561,33.0479,0.302,0.6809,922509.0909,1.1533,8e-4,4e-4,-5e-4,0.0334,751,-0.048,-0.1506,0.5299,-0.2232,FALSE,TRUE,TRUE,TRUE,Neutral,FALSE,100,45,98.4536,83.5052,30,80.9871,768,-0.5702,-0.0178,0.6144,0.5317,0.0038,0.0444,0.9575,1.3581,1,0,30.6,No Signal,0.09,3.79,Increasing,FALSE,9.3%,0,NA,NA,NA,NA,50,Unknown,FALSE,FALSE,NA,NA,0.7254,-19147666.6667,NA,NA,NA,NA,NA,NA,-19147666.6667,NA,0.7254,726937000,236027000,121111000,0.1545,-105181000,236027000,121111000,0.1545,89.7,80.3,83,0,97.9,78.3,78.3,50,1.6,1,50,15.5,46.4,25.9,76.8,50,FALSE,70.1,70.1,Strong,Strong,TRUE,FALSE,NEUTRAL,Proven,84,0.0038,Alpha Leader,GX MA200,36.01,-6.35,46.06,18.63,42.82,126.11,0.7254,0.0042,-0.0134,-9.37,0.1545,NA,NA,NA,NA,2687468000,$2.7B,N/A,-6.3%,+63.9%,+51.2%,+14.4%,25.9,25.9,76.8,35.54,0.09,Tier 2: Golden Cross
ARHS,9.71,11.51,5.57,2026-09-22,SPECIALTY RETAIL,1102597000,15.58,15.22,2.661,0.5,0.5,0.173,0.0313,0.0491,0.0792,1408588000,9.99,118327000,7.88,0.124,0.0349,2.321,10.5,1,4,10,0,0,54424000,0,NA,1.056,2.928,Arhaus Inc,CONSUMER CYCLICAL,75,75,65,40,15,60,0.0814,65.25,9.71,8.94,8.41,6.51,10.77,0.0861,0.1546,0.4916,-0.0984,8.4378,8.572,8.4158,63.2241,1.4219,-0.8482,2.2701,9.7579,7.1176,0.9819,0.7711,1224550,1.4699,8e-4,8e-4,-1e-4,0.0348,751,0.0199,-0.1172,0.5519,-0.0329,TRUE,TRUE,TRUE,TRUE,Neutral,TRUE,100,85,74.2268,81.9588,70,83.4098,768,-0.4164,0.0121,0.0534,0.4603,0.0013,0.0378,0.3272,0.5453,1,2,42.9,Low Signal,0.12,6.8,Stable,FALSE,11.7%,0,NA,NA,NA,NA,50,Unknown,FALSE,FALSE,NA,NA,0.3889,57987000,NA,NA,NA,NA,NA,NA,57987000,NA,0.3889,1379222000,NA,226399000,0.0349,414947000,NA,226399000,0.0349,69.1,64.2,24.7,82,66,59.8,59.8,82,79.2,58.2,50,37.6,60,62,87.1,50,FALSE,66.7,66.7,Strong,Strong,TRUE,FALSE,NEUTRAL,Proven,75.8,0.0013,Strong Trend,GX MACD RSI MA200,9.71,8.61,11.51,5.57,2.661,7.88,0.3889,0.0792,0.0491,0.173,0.0349,NA,NA,NA,NA,1102597000,$1.1B,15.6,+8.6%,+15.5%,+49.2%,-9.8%,62,62,87.1,57.199999999999996,0.12,Tier 2: Golden Cross
ARWR,65.92,95.49,31.45,2026-09-22,BIOTECHNOLOGY,9390597000,NA,111.11,20.18,-2.28,-2.28,-0.552,-0.081,-0.478,-2.26,669495000,4.766,-200635008,27.85,0.098,0.8562,1.284,110,4,8,0,0,0,141254000,NA,-1.32,13.11,3.298,Arrowhead Pharmaceuticals Inc,HEALTHCARE,50,20,15,20,12,83.3,0.6687,32.33,65.92,89.12,78.89,57.65,31.66,-0.2603,-0.1644,0.1435,1.0821,76.627,82.2108,72.5912,31.2016,-6.622,-4.958,-1.6639,93.0373,60.2167,0.1738,0.6423,2112181.8182,1.6746,8e-4,0.0021,0.0013,0.0393,751,-0.0077,0.1744,0.6231,0.5082,FALSE,FALSE,FALSE,TRUE,Neutral,FALSE,15,20,20.1031,44.8454,30,24.75,768,0.4439,-0.2216,-0.2411,0.4683,-0.0012,0.0339,-0.2955,-0.5488,1,0,35.56,No Signal,0.07,5.15,Stable,FALSE,6.6%,0,NA,NA,NA,NA,50,Unknown,FALSE,FALSE,NA,NA,NA,-259353666.6667,NA,NA,NA,NA,NA,NA,-259353666.6667,NA,NA,829448000,NA,NA,0.8562,465529000,NA,NA,0.8562,32.5,32.1,29.9,0,18,26.5,26.5,50,7.1,8.2,50,3.6,83.3,30.3,24.8,50,FALSE,26.7,26.7,Very Weak,Very Weak,TRUE,FALSE,NEUTRAL,Proven,16,-0.0012,Analyst Upside,GX ANALYST,65.92,-26.029999999999998,95.49,31.45,20.18,27.85,NA,-2.26,-0.478,-0.552,0.8562,NA,NA,NA,NA,9390597000,$9.4B,N/A,-26%,-16.4%,+14.3%,+108.2%,30.3,30.3,24.8,38.18,0.07,Tier 2: Golden Cross
ASAN,9.02,15.48,5.38,2026-09-22,SOFTWARE - APPLICATION,2177506000,NA,25.71,20.87,-0.65,-0.65,-0.938,-0.0926,-0.186,-0.191,828127000,3.505,-109700000,-13.2,0,0.1009,0.951,10.08,1,4,8,2,0,159442000,NA,NA,2.531,0.452,Asana Inc,TECHNOLOGY,50,20,15,20,15,56.7,0.1175,29.67,9.02,9.44,6.97,6.21,13.98,-0.0445,0.2941,0.4525,-0.3548,9.4015,8.9556,8.5502,47.261,0.569,1.3245,-0.7555,10.5228,8.2802,0.3299,0.7794,8401668.1818,1.6351,8e-4,0,-8e-4,0.0399,751,-0.0207,-0.3399,0.634,-0.3249,FALSE,TRUE,TRUE,TRUE,Neutral,FALSE,100,45,85.0515,80.4124,30,76.3479,768,-0.7451,-0.0777,0.2765,0.4921,0.0038,0.0481,0.9514,1.2447,1,0,39.11,No Signal,0.14,2.98,Decreasing,FALSE,13.9%,0,NA,NA,NA,NA,50,Unknown,FALSE,FALSE,NA,NA,0.8903,23424333.3333,NA,NA,NA,NA,NA,NA,23424333.3333,NA,0.8903,790806000,NA,219562000,0.1009,104323000,NA,219562000,0.1009,88.7,77.7,52.1,0,87.1,69.5,69.5,50,6.6,4.6,50,5.2,56.7,27,72.8,50,FALSE,63.9,63.9,Neutral,Neutral,TRUE,FALSE,NEUTRAL,Proven,71.1,0.0038,Alpha Leader,GX MA200 ANALYST,9.02,-4.45,15.48,5.38,20.87,-13.2,0.8903,-0.191,-0.186,-0.938,0.1009,NA,NA,NA,NA,2177506000,$2.2B,N/A,-4.4%,+29.4%,+45.2%,-35.5%,27,27,72.8,36.2,0.14,Tier 2: Golden Cross
ATI,185.48,243.57,75.02,2026-09-22,METAL FABRICATION,26094332000,56.2,29.94,13.9,3.41,3.41,0.254,0.0879,0.101,0.182,4715200000,34.54,916800000,31.2,0.557,0.0484,1.011,259.89,1,8,0,0,0,136170000,NA,1.195,5.83,13.78,Allegheny Technologies Incorporated,INDUSTRIALS,25,20,80,60,9,77.8,0.4012,51.03,185.48,212.86,197.4,135.5,77.41,-0.1286,-0.0604,0.3689,1.3961,195.7885,202.8488,165.0037,38.4171,-3.0698,-2.4762,-0.5936,214.3743,177.2027,0.2227,0.3637,1964268.1818,1.4431,8e-4,0.0024,0.0015,0.0235,751,-0.0094,0.2909,0.3724,1.0322,FALSE,FALSE,TRUE,TRUE,Neutral,FALSE,35,20,40.7216,70.6186,30,41.0902,768,1.4276,-0.1772,-0.1409,0.4921,1e-4,0.0246,0.0254,0.0649,1,0,15.42,No Signal,0.03,2.79,Increasing,FALSE,3.2%,0,NA,NA,NA,NA,50,Unknown,FALSE,FALSE,NA,NA,0.2195,129000000,NA,NA,NA,NA,NA,0.9636,129000000,0.9636,0.2195,4587400000,1808400000,783000000,0.0484,1876700000,1808400000,783000000,0.0484,54.1,53.4,52.1,0,34.5,45.2,45.2,13.7,16.9,73.7,27.9,51.5,77.8,43.3,48.2,50,FALSE,45.6,45.6,Neutral,Neutral,TRUE,FALSE,NEUTRAL,Proven,45.4,1e-4,Analyst Upside,GX MA200 ANALYST,185.48,-12.86,243.57,75.02,13.9,31.2,0.2195,0.182,0.101,0.254,0.0484,0.9636,0.9636,NA,NA,26094332000,$26.1B,56.2,-12.9%,-6%,+36.9%,+139.6%,43.3,43.3,48.2,45.98,0.03,Tier 2: Golden Cross
AVGO,352.81,493.28,288.95,2026-09-26,SEMICONDUCTORS,1672488944000,45.27,19.42,17.46,7.74,7.74,0.443,0.154,0.429,0.543,89103999000,18.77,52260000000,33.92,2.153,0.3355,1.457,531.85,8,37,4,0,0,4773630000,0.0073,0.361,19.93,20.88,Broadcom Inc,TECHNOLOGY,25,20,95,90,49,77,0.5075,59.95,352.81,355.59,365.02,293.41,336.1,-0.0078,-0.0334,0.2024,0.0497,358.032,376.6252,368.3508,43.7139,-1.7783,-2.075,0.2967,377.0577,339.0063,0.3628,0.3036,26750640.9091,2.0039,8e-4,0.0024,0.0016,0.0267,751,0.0016,0.1922,0.4237,0.9533,FALSE,FALSE,FALSE,TRUE,Neutral,TRUE,15,45,44.8454,52.0619,70,41.366,768,1.5388,-0.1483,-0.1376,0.4444,-0.0015,0.0248,-0.3737,-0.9488,1,0,8.86,No Signal,0.01,1.7,Stable,FALSE,1.1%,0,NA,NA,NA,NA,50,Unknown,FALSE,FALSE,NA,NA,0.6777,21320333333.3333,NA,NA,NA,NA,NA,0.596,21320333333.3333,0.596,0.6777,63887000000,59419000000,23975000000,0.3355,99690000000,59419000000,23975000000,0.3355,27.8,21.2,16,0,35.1,22.1,22.1,20.1,12.6,88.7,43.2,96.4,77,56.9,46.4,50,FALSE,33.2,33.2,Weak,Weak,TRUE,FALSE,NEUTRAL,Proven,25.3,-0.0015,Analyst Upside,GX MACD ANALYST,352.81,-0.7799999999999999,493.28,288.95,17.46,33.92,0.6777,0.543,0.429,0.443,0.3355,0.596,0.596,NA,NA,1672488944000,$1.67T,45.3,-0.8%,-3.3%,+20.2%,+5%,56.9,56.9,46.4,54.14,0.01,Tier 2: Golden Cross
AXON,430.11,792.16,339.01,2026-09-22,AEROSPACE & DEFENSE,36374868000,185.02,56.82,9.9,2.42,2.42,0.0622,0.0051,0.0619,0.0517,3219099000,40.47,165106000,92.35,-0.182,0.3345,1.399,706.21,8,10,2,0,1,81237000,NA,2.054,11.65,45.23,Axon Enterprise Inc.,INDUSTRIALS,25,40,40,40,21,78.6,0.6419,40.11,430.11,607.48,464.83,415.07,712.15,-0.292,-0.0747,0.0362,-0.396,486.9525,538.3882,500.5105,33.7157,-6.6046,-5.7425,-0.8621,574.0181,399.8869,0.1736,0.6301,1022313.6364,1.2018,8e-4,0.0016,8e-4,0.0315,751,-0.0389,0.151,0.5002,0.3869,FALSE,FALSE,FALSE,TRUE,Neutral,FALSE,15,20,37.6289,34.0206,30,27.8428,768,0.1848,-0.2943,-0.1495,0.4048,-0.0018,0.0417,-0.4429,-0.6694,1,0,25.66,No Signal,0.04,3.56,Stable,FALSE,4.5%,0,NA,NA,NA,NA,50,Unknown,FALSE,FALSE,NA,NA,0.5965,178078666.6667,81237415,36150649675,NA,NA,NA,0.4713,178078666.6667,0.4713,0.5965,2779536000,1731817000,597704000,0.3345,3674537000,1731817000,597704000,0.3345,22.7,30.6,4.1,0,31.4,20,20,0,25.1,34.5,51.4,40.7,78.6,33.6,24.9,50,FALSE,23.2,23.2,Very Weak,Very Weak,TRUE,FALSE,NEUTRAL,Proven,11.3,-0.0018,Analyst Upside,GX ANALYST,430.11,-29.2,792.16,339.01,9.9,92.35,0.5965,0.0517,0.0619,0.0622,0.3345,0.4713,0.4713,NA,NA,36374868000,$36.4B,185,-29.2%,-7.5%,+3.6%,-39.6%,33.6,33.6,24.9,40.16,0.04,Tier 2: Golden Cross
BAC,56.7,64.9,45.65,2026-09-26,BANKS - DIVERSIFIED,391803699000,12.94,10.75,1.418,4.33,4.33,0.112,0.0097,0.295,0.383,113931002000,15.59,NA,NA,0.341,0.049,1.164,68.62,5,15,4,0,0,6992748000,0.02,0.846,6.85,39.34,Bank of America Corp,FINANCIAL SERVICES,90,90,65,90,24,76,0.2102,81.1,56.7,62.23,57.88,47.23,51.85,-0.0889,-0.0204,0.2005,0.0935,60.0285,61.5396,55.304,30.9617,-2.6216,-1.7815,-0.8401,65.2734,54.7836,0.1827,0.2551,37328090.9091,0.907,8e-4,0.0011,3e-4,0.0129,751,0.0065,0.0851,0.2052,0.3193,FALSE,FALSE,TRUE,TRUE,Neutral,FALSE,35,20,47.9381,51.5464,30,39.4407,768,0.1377,-0.1082,-0.0531,0.6032,5e-4,0.0125,0.1273,0.6397,1,3,10.71,No Signal,0.01,2.39,Stable,FALSE,1.2%,0,NA,NA,NA,NA,50,Unknown,FALSE,FALSE,NA,NA,NA,NA,6992748365,391803690890.95,NA,NA,NA,1.1288,NA,1.1288,NA,113097000000,339863000000,NA,0.049,301094000000,339863000000,NA,0.049,59.3,66.8,100,92.8,52.1,71.6,71.6,88.5,95.1,43.3,24.3,87.1,76,67,38.3,50,FALSE,62.9,62.9,Neutral,Neutral,TRUE,FALSE,NEUTRAL,Proven,67.5,5e-4,Consistent Beat,GX MA200 α>SPY ANALYST,56.7,-8.89,64.9,45.65,1.418,NA,NA,0.383,0.295,0.112,0.049,1.1288,1.1288,NA,NA,391803699000,$391.8B,12.9,-8.9%,-2%,+20%,+9.3%,67,67,38.3,60.199999999999996,0.01,Tier 2: Golden Cross
BARK,8.16,20.8,8.15,2026-09-22,SPECIALTY RETAIL,79765000,NA,NA,1.046,-3.66,-3.66,-0.367,-0.0814,-0.0842,8e-4,370797000,43,-21510000,-5.81,0,-0.1025,1.977,15.5,0,2,0,0,0,9033500,NA,NA,0.269,8.44,"BARK, Inc.",CONSUMER CYCLICAL,50,90,15,20,2,75,0.8995,45.5,8.16,10.54,8.51,10.24,16.4,-0.2258,-0.0411,-0.2031,-0.5024,9.4025,9.624,11.5518,34.9092,-5.2762,-3.615,-1.6612,11.2847,7.5203,0.1699,0.6385,58872.7273,1.1784,8e-4,-4e-4,-0.0012,0.0432,751,0.002,-0.3505,0.6853,-0.4565,FALSE,FALSE,FALSE,FALSE,Neutral,FALSE,15,20,43.8144,9.2784,30,24.75,768,-0.849,-0.211,-0.0931,0.4524,-0.0029,0.046,-0.7213,-0.98740000000000006,1,1,38.4,No Signal,0.06,9.27,Stable,FALSE,6%,0,NA,NA,NA,NA,50,Unknown,FALSE,FALSE,NA,NA,0.6126,-14193666.6667,NA,NA,NA,NA,NA,0,-14193666.6667,0,0.6126,394843000,0,16090000,-0.1025,76232000,0,16090000,-0.1025,11.3,19.2,19.1,63.9,45.9,25.3,25.3,50,98.9,12.4,100,9.3,75,50.9,15.5,50,FALSE,26.8,26.8,Very Weak,Very Weak,FALSE,FALSE,NEUTRAL,Proven,17,-0.0029,Analyst Upside,ANALYST,8.16,-22.58,20.8,8.15,1.046,-5.81,0.6126,8e-4,-0.0842,-0.367,-0.1025,0,0,NA,NA,79765000,$79.8M,N/A,-22.6%,-4.1%,-20.3%,-50.2%,50.9,50.9,15.5,50.54,0.06,No Signal
BBAI,2.8,9.39,2.59,2026-09-22,INFORMATION TECHNOLOGY SERVICES,1342585000,NA,NA,1.743,-0.02,-0.02,-0.166,-0.0758,-0.652,-0.745,131627000,0.294,-71517000,-3.258,0,-0.0929,3.182,4,NA,NA,NA,NA,NA,479494000,NA,NA,7.95,1.607,BigBearai Holdings Inc,TECHNOLOGY,50,75,15,20,0,50,0.4286,40,2.8,3.05,3.48,3.04,7.14,-0.082,-0.1954,-0.0789,-0.6078,2.886,2.971,4.0628,42.1278,-2.3971,-2.473,0.0759,3.0698,2.7022,0.266,0.3991,15491850,2.5851,8e-4,0.0032,0.0024,0.0672,751,-0.0054,0.2587,1.0666,0.5559,FALSE,FALSE,FALSE,FALSE,Neutral,TRUE,15,45,14.433,20.1031,70,25.8505,768,0.0602,-0.1525,-0.3182,0.381,-0.0051,0.0333,-1.2848,-2.4333,1,0,49.15,Low Signal,0.31,9.98,Stable,FALSE,31.3%,0,NA,NA,NA,NA,50,Unknown,FALSE,FALSE,NA,NA,0.2231,-33129333.3333,479494493,1342584580.4,NA,NA,NA,0.0216,-33129333.3333,0.0216,0.2231,127672000,16643000,36278000,-0.0929,770324000,16643000,36278000,-0.0929,2.1,0.5,1,0,9.8,2.4,2.4,50,92.3,16.5,94.6,2.6,50,46.7,23.4,50,FALSE,14.1,14.1,Very Weak,Very Weak,FALSE,FALSE,NEUTRAL,Proven,4.1,-0.0051,Analyst Upside,MACD ANALYST,2.8,-8.200000000000001,9.39,2.59,1.743,-3.258,0.2231,-0.745,-0.652,-0.166,-0.0929,0.0216,0.0216,NA,NA,1342585000,$1.3B,N/A,-8.2%,-19.5%,-7.9%,-60.8%,46.7,46.7,23.4,48.019999999999996,0.31,No Signal
BLK,1086.31,1194.26,907.48,2026-09-16,ASSET MANAGEMENT,172007047000,25.34,16.53,2.864,41.77,41.77,0.123,0.0374,0.241,0.351,27299000000,175.98,11116000000,14.85,0.196,0.4829,1.429,1323.31,5,10,2,0,0,154869000,0.0205,0.893,6.09,371.7,BlackRock Inc,FINANCIAL SERVICES,45,75,65,75,17,79.4,0.2182,64.94,1086.3101,1173.21,964.71,934.06,1147.29,-0.0741,0.126,0.163,-0.0532,1088.799,1108.3832,1061.3946,48.6005,-1.2526,-1.2514,-0.0012,1156.4528,1021.1452,0.4816,0.249,580481.8182,1.0878,8e-4,8e-4,-0,0.0117,751,0.0065,-0.0226,0.1858,-0.0218,FALSE,FALSE,TRUE,TRUE,Neutral,FALSE,35,45,70.1031,47.4227,30,49.0155,768,-0.0944,-0.0733,0.0534,0.4762,-7e-4,0.0144,-0.1667,-0.7292,1,3,16.75,No Signal,0.01,4.03,Increasing,FALSE,1.3%,0,NA,NA,NA,NA,50,Unknown,FALSE,FALSE,NA,NA,NA,4024666666.6667,NA,NA,NA,NA,NA,0.2212,4024666666.6667,0.2212,NA,12794000000,12744000000,10492000000,0.4829,57613000000,12744000000,10492000000,0.4829,38.7,29,36.6,92.8,66.5,45.4,45.4,54,77,46.4,71.2,77.3,79.4,63.7,52.7,50,FALSE,49.9,49.9,Neutral,Neutral,TRUE,FALSE,NEUTRAL,Proven,53.6,-7e-4,Analyst Upside,GX MA200 ANALYST,1086.3101,-7.41,1194.26,907.48,2.864,14.85,NA,0.351,0.241,0.123,0.4829,0.2212,0.2212,NA,NA,172007047000,$172B,25.3,-7.4%,+12.6%,+16.3%,-5.3%,63.7,63.7,52.7,58.22,0.01,Tier 2: Golden Cross
BMRN,60.26,70.98,49.26,2026-09-18,BIOTECHNOLOGY,12597780000,175.89,9.78,1.982,0.37,0.37,0.0118,0.0326,0.0214,0.212,3406614000,17.69,645319000,41.12,-0.813,0.1539,0.238,91.38,6,14,7,0,0,193574000,NA,0.379,4.655,32.66,Biomarin Pharmaceutical Inc,HEALTHCARE,25,75,40,40,27,74.1,0.5164,46.66,60.26,65.61,59,54.79,52.62,-0.0815,0.0214,0.0998,0.1452,64.538,63.9894,58.5271,33.2854,-1.1754,-0.1832,-0.9922,67.8847,61.1913,-0.1391,0.2438,1931681.8182,0.6246,8e-4,-3e-4,-0.0012,0.0204,751,-0.0232,-0.2125,0.3234,-0.9017,FALSE,FALSE,TRUE,TRUE,Neutral,FALSE,35,20,58.2474,41.2371,30,40.4716,768,-0.6316,-0.1135,0.0082,0.4841,5e-4,0.0212,0.1371,0.4073,1,0,34.02,No Signal,0.05,5.53,Stable,FALSE,5.2%,0,NA,NA,NA,NA,50,Unknown,FALSE,FALSE,NA,NA,NA,424980333.3333,NA,NA,NA,NA,NA,0.6622,424980333.3333,0.6622,NA,3221253000,4186142000,874005000,0.1539,6321692000,4186142000,874005000,0.1539,60.8,61.1,41.2,0,62.4,51.1,51.1,0.7,88.5,26.8,38.7,27.8,74.1,35.7,36.5,50,FALSE,45.3,45.3,Neutral,Neutral,TRUE,FALSE,NEUTRAL,Proven,44.8,5e-4,Analyst Upside,GX MA200 ANALYST,60.26,-8.15,70.98,49.26,1.982,41.12,NA,0.212,0.0214,0.0118,0.1539,0.6622,0.6622,NA,NA,12597780000,$12.6B,175.9,-8.2%,+2.1%,+10%,+14.5%,35.7,35.7,36.5,41.42,0.05,Tier 2: Golden Cross
BRCC,9.22,18.55,6,2026-09-22,PACKAGED FOODS,133333000,NA,71.43,2.759,-0.3,-0.3,-0.184,0.0158,-0.0089,0.0103,429698000,37.65,10158000,31.29,0,0.0033,1.221,22.5,0,2,0,0,0,1198200,NA,NA,0.417,4.039,BRC Inc.,CONSUMER DEFENSIVE,50,75,15,20,2,75,1.4403,42.5,9.22,8.57,13,7.51,15.3,0.0758,-0.2908,0.2277,-0.3974,8.866,9.3828,10.3603,51.5578,0.0107,-0.8838,0.8945,9.8457,7.8863,0.6807,0.5798,114940.9091,0.8574,8e-4,-6e-4,-0.0015,0.0476,751,0.0145,-0.3409,0.7555,-0.491,TRUE,FALSE,FALSE,FALSE,Neutral,TRUE,15,85,9.2784,55.1546,70,37.3144,768,-0.8862,0.0978,-0.2933,0.5873,0.0028,0.049,0.7004,0.9012,1,2,43.42,Low Signal,0.41,5.5,Increasing,FALSE,41%,0,NA,NA,NA,NA,50,Unknown,FALSE,FALSE,NA,NA,0.3464,-21005000,NA,NA,NA,NA,NA,0.6541,-21005000,0.6541,0.3464,398263000,31609000,12029000,0.0033,48324000,31609000,12029000,0.0033,85.1,69.9,99,82,11.3,72.7,72.7,50,77.6,15.5,39.6,16,75,40.8,47.5,50,FALSE,61.9,61.9,Neutral,Neutral,FALSE,FALSE,NEUTRAL,Proven,65.5,0.0028,Alpha Leader,MACD RSI α>SPY ANALYST,9.22,7.580000000000001,18.55,6,2.759,31.29,0.3464,0.0103,-0.0089,-0.184,0.0033,0.6541,0.6541,NA,NA,133333000,$133.3M,N/A,+7.6%,-29.1%,+22.8%,-39.7%,40.8,40.8,47.5,44.48,0.41,Tier 5: Underdog Watch
BRZE,24.37,37.33,15.26,2026-09-22,SOFTWARE - APPLICATION,2774867000,NA,38.17,4.623,-1.03,-1.03,-0.185,-0.0577,-0.136,-0.0798,834241000,7.55,-86197000,-18.23,0,0.2508,0.88,37.3,6,15,0,0,0,113584000,NA,1.272,2.95,5.31,Braze Inc,TECHNOLOGY,50,60,15,20,21,82.1,0.5306,40.21,24.37,30.81,21.02,23.49,31.275,-0.209,0.1594,0.0375,-0.2208,27.641,27.427,24.504,38.8752,-4.2366,-3.0204,-1.2163,35.4791,19.8029,0.2913,0.8865,2699559.0909,1.4279,8e-4,-2e-4,-0.001,0.0339,751,-0.0176,-0.3491,0.538,-0.4811,FALSE,FALSE,FALSE,TRUE,Neutral,FALSE,15,20,76.2887,34.5361,30,39.5438,768,-0.6878,-0.1758,0.1301,0.5159,8e-4,0.0469,0.2046,0.275,1,0,30.31,No Signal,0.07,2.32,Decreasing,FALSE,7.2%,0,NA,NA,NA,NA,50,Unknown,FALSE,FALSE,NA,NA,0.6715,27461666.6667,NA,NA,NA,NA,NA,NA,27461666.6667,NA,0.6715,738182000,NA,166770000,0.2508,600196000,NA,166770000,0.2508,63.9,59.1,73.7,0,76.8,60.2,60.2,50,58.5,14.9,50,7.2,82.1,39.1,36.8,50,FALSE,51.4,51.4,Neutral,Neutral,TRUE,FALSE,NEUTRAL,Proven,55.2,8e-4,Consistent Beat,GX ANALYST,24.37,-20.9,37.33,15.26,4.623,-18.23,0.6715,-0.0798,-0.136,-0.185,0.2508,NA,NA,NA,NA,2774867000,$2.8B,N/A,-20.9%,+15.9%,+3.8%,-22.1%,39.1,39.1,36.8,43.46,0.07,Tier 2: Golden Cross
CALM,67.43,98.96,70.97,2026-09-22,FARM PRODUCTS,3404400000,10.99,19.8,1.293,6.63,6.63,0.122,0.0693,0.109,-0.11,2911632000,61.1,467694000,5.31,-0.898,0.1187,0.209,81,0,1,3,0,0,46706000,0.0332,2.198,0.852,56.04,Cal-Maine Foods Inc,CONSUMER DEFENSIVE,90,90,65,60,4,56.2,0.2012,74.62,67.43,83.06,80.23,78.66,97.49,-0.1882,-0.1595,-0.1428,-0.3083,74.368,80.9002,80.6479,21.3887,-4.0257,-3.395,-0.6308,80.6704,68.0656,-0.0504,0.2399,980181.8182,0.2895,8e-4,7e-4,-2e-4,0.0222,751,-0.0208,0.1083,0.3526,-0.1177,FALSE,FALSE,FALSE,TRUE,Oversold,FALSE,15,20,21.134,14.433,30,18.9768,768,-0.2149,-0.1782,-0.1482,0.4841,-7e-4,0.0204,-0.1736,-0.535,1,0,41.57,Low Signal,0.11,5.99,Stable,FALSE,10.6%,0,NA,NA,NA,NA,50,Unknown,FALSE,FALSE,NA,NA,0.2308,565431333.3333,NA,NA,NA,NA,NA,NA,565431333.3333,NA,0.2308,2911632000,NA,107217000,0.1187,2632732000,NA,107217000,0.1187,38.1,33.7,41.2,0,32.5,33,33,94.2,97.8,45.4,50,53.6,56.2,65.9,9.1,50,FALSE,32.2,32.2,Weak,Weak,TRUE,FALSE,NEUTRAL,Proven,22.7,-7e-4,Analyst Upside,GX ANALYST,67.43,-18.82,98.96,70.97,1.293,5.31,0.2308,-0.11,0.109,0.122,0.1187,NA,NA,NA,NA,3404400000,$3.4B,11,-18.8%,-16%,-14.3%,-30.8%,65.9,65.9,9.1,59.54,0.11,Tier 2: Golden Cross
CAT,821.58,1071.47,463.29,2026-09-26,FARM & HEAVY CONSTRUCTION MACHINERY,370153193000,34.97,25.38,19.25,23.03,23.03,0.57,0.0903,0.145,0.222,74728997000,160.78,16251000000,24.46,0.682,0.0039,1.594,975.61,1,13,12,1,1,459675000,0.0076,1.421,5.51,42.19,Caterpillar Inc,INDUSTRIALS,45,20,95,60,28,60.7,0.1875,58.82,821.58,821.93,997.47,667.43,463.72,-4e-4,-0.1763,0.231,0.7717,803.3015,829.2334,789.5641,52.2397,-0.7388,-1.2708,0.532,829.6703,776.9327,0.8466,0.266,2360122.7273,1.2878,8e-4,0.0017,8e-4,0.0165,751,0.0148,0.1512,0.2621,0.8085,TRUE,FALSE,TRUE,TRUE,Neutral,TRUE,35,85,18.5567,55.6701,70,45.201,768,0.7136,-0.0302,-0.2592,0.4841,-0.0012,0.022,-0.297,-0.8524,1,1,16.78,No Signal,0.02,3.7,Increasing,FALSE,1.8%,0,NA,NA,NA,NA,50,Unknown,FALSE,FALSE,NA,NA,NA,10084333333.3333,NA,NA,NA,NA,NA,1.5828,10084333333.3333,1.5828,NA,67589000000,30696000000,6713000000,0.0039,19394000000,30696000000,6713000000,0.0039,32,24.4,41.2,63.9,15.5,32.7,32.7,37.4,8.7,92.8,16.2,58.8,60.7,49.9,54,50,FALSE,40.4,40.4,Weak,Weak,TRUE,FALSE,NEUTRAL,Proven,36.6,-0.0012,Analyst Upside,GX MACD RSI MA200 ANALYST,821.58,-0.04,1071.47,463.29,19.25,24.46,NA,0.222,0.145,0.57,0.0039,1.5828,1.5828,NA,NA,370153193000,$370.2B,35,0%,-17.6%,+23.1%,+77.2%,49.9,49.9,54,49.94,0.02,Tier 2: Golden Cross
CAVA,51.58,98.79,43.41,2026-09-22,RESTAURANTS,6031872000,92.21,68.49,7.17,0.56,0.56,0.0832,0.035,0.0482,0.0762,1373929000,11.82,160631000,33.41,0.198,0.2723,1.741,83.12,4,14,9,1,0,116806000,NA,4.459,4.452,7.2,"CAVA Group, Inc.",CONSUMER CYCLICAL,25,40,40,40,28,68.8,0.6115,39.13,51.58,67.77,83.4,76.94,62.61,-0.2389,-0.3815,-0.3296,-0.1762,56.243,62.4934,72.2841,33.5975,-6.5776,-6.5084,-0.0692,66.5256,45.9604,0.2733,0.5205,3402150,1.6644,8e-4,0.0013,5e-4,0.0332,751,-0.0415,-0.0208,0.5275,0.2262,FALSE,FALSE,FALSE,FALSE,Neutral,FALSE,15,20,5.1546,5.1546,30,12.3273,768,-0.2794,-0.2782,-0.4142,0.4524,-0.0041,0.0345,-1.0376,-1.8921,1,0,35.42,No Signal,0.13,4.2,Increasing,FALSE,12.6%,0,NA,NA,NA,NA,50,Unknown,FALSE,FALSE,NA,NA,0.1529,12444000,NA,NA,NA,NA,NA,NA,12444000,NA,0.1529,1179664000,NA,322763000,0.2723,841276000,NA,322763000,0.2723,4.1,5.2,19.1,0,6.2,7.3,7.3,6.5,35.5,39.7,50,37.1,68.8,35.9,5.5,50,FALSE,11.2,11.2,Very Weak,Very Weak,FALSE,FALSE,NEUTRAL,Proven,1,-0.0041,Analyst Upside,ANALYST,51.58,-23.89,98.79,43.41,7.17,33.41,0.1529,0.0762,0.0482,0.0832,0.2723,NA,NA,NA,NA,6031872000,$6B,92.2,-23.9%,-38.1%,-33%,-17.6%,35.9,35.9,5.5,41.54,0.13,No Signal
CELH,27.99,66.74,23.56,2026-09-22,BEVERAGES - NON-ALCOHOLIC,7090042000,121.83,16.21,5.91,0.23,0.23,0.0511,0.0885,0.0424,0.191,3047274000,11.86,671721000,38.16,-0.569,0.3814,0.922,42.29,5,12,7,0,0,253035000,NA,0.256,2.916,4.735,Celsius Holdings Inc,CONSUMER DEFENSIVE,25,40,40,40,24,72.9,0.5109,39.54,27.99,35.23,29.85,33.81,51.81,-0.2055,-0.0623,-0.1721,-0.4598,29.173,29.4836,36.8372,43.5576,-1.9358,-1.7678,-0.168,32.5372,25.8088,0.3242,0.4752,7288481.8182,0.9899,8e-4,-2e-4,-0.001,0.0377,751,-0.0209,-0.2597,0.5992,-0.4369,FALSE,FALSE,FALSE,FALSE,Neutral,FALSE,15,45,40.2062,11.8557,30,27.933,768,-0.7469,-0.0194,-0.0998,0.4444,-0.0022,0.0395,-0.5487,-0.8758,1,0,34.95,No Signal,0.12,4.14,Increasing,FALSE,12.1%,0,NA,NA,NA,NA,50,Unknown,FALSE,FALSE,NA,NA,0.9615,228889333.3333,NA,NA,NA,NA,NA,0.5626,228889333.3333,0.5626,0.9615,1318014000,674850000,631234000,0.3814,1199584000,674850000,631234000,0.3814,17.5,23.3,16,0,43.3,20.8,20.8,2.9,44.8,34,45,34,72.9,34.1,24,50,FALSE,23.6,23.6,Very Weak,Very Weak,FALSE,FALSE,NEUTRAL,Proven,11.9,-0.0022,Analyst Upside,ANALYST,27.99,-20.549999999999997,66.74,23.56,5.91,38.16,0.9615,0.191,0.0424,0.0511,0.3814,0.5626,0.5626,NA,NA,7090042000,$7.1B,121.8,-20.5%,-6.2%,-17.2%,-46%,34.1,34.1,24,40.46,0.12,No Signal
CFR,157.42,169.71,115.6,2026-09-22,BANKS - REGIONAL,9931376000,15.1,14.04,2.218,10.58,10.58,0.155,0.013,0.302,0.372,2264467000,35.77,NA,NA,0.128,0.0606,0.513,174.43,2,3,7,2,1,62149000,0.0252,3.266,4.48,72.04,Cullen/Frost Bankers Inc,FINANCIAL SERVICES,75,75,65,90,15,55,0.1081,72.25,157.42,163.27,155.31,135.32,128.17,-0.0358,0.0136,0.1633,0.2282,160.3085,163.2086,145.8741,40.9912,-1.082,-0.7131,-0.3688,165.615,155.002,0.2278,0.1605,528868.1818,0.8337,8e-4,9e-4,1e-4,0.0152,751,0.0023,0.053900000000000003,0.2418,0.0778,FALSE,FALSE,TRUE,TRUE,Neutral,FALSE,35,45,56.1856,47.9381,30,44.9433,768,-0.0489,-0.0591,0.0053,0.5476,0.001,0.0118,0.2526,1.3478,1,2,39.28,No Signal,0.06,8.18,Stable,FALSE,6.5%,0,NA,NA,NA,NA,50,Unknown,FALSE,FALSE,NA,NA,NA,436432666.6667,NA,NA,NA,NA,NA,NA,436432666.6667,NA,NA,2235244000,NA,NA,0.0606,4622643000,NA,NA,0.0606,67.5,79.3,89.2,82,61.3,75.3,75.3,84.2,85.8,54.1,50,88.1,55,69.4,44.6,50,FALSE,67,67,Strong,Strong,TRUE,FALSE,NEUTRAL,Proven,76.8,0.001,High IR,GX MA200 ANALYST,157.42,-3.58,169.71,115.6,2.218,NA,NA,0.372,0.302,0.155,0.0606,NA,NA,NA,NA,9931376000,$9.9B,15.1,-3.6%,+1.4%,+16.3%,+22.8%,69.4,69.4,44.6,61.64,0.06,Tier 2: Golden Cross
CGEM,14.81,23.19,5.68,2026-09-22,BIOTECHNOLOGY,1356597000,NA,6.74,4.216,-3.11,-3.11,-0.503,-0.314,0,0,0,0,-221488992,-1.457,0,0,0.02,33.55,1,11,0,0,0,64355000,NA,NA,11.55,5,Cullinan Oncology LLC,HEALTHCARE,50,60,15,20,12,77.1,1.2654,39.71,14.81,22.85,18.4,13.42,5.99,-0.3519,-0.1951,0.1036,1.4725,20.544,19.682,15.2761,23.702,-4.2377,-0.2049,-4.0328,24.8065,16.2815,-0.1726,0.8647,1133804.5455,1.2473,8e-4,0.0015,6e-4,0.0429,751,-0.0462,0.106,0.6815,0.2321,FALSE,FALSE,FALSE,TRUE,Oversold,FALSE,15,20,14.9485,41.7526,30,22.5851,768,-0.1906,-0.2379,-0.2523,0.4286,-3e-4,0.0438,-0.064,-0.092,1,0,53.35,Low Signal,0.15,10.88,Decreasing,FALSE,15%,0,NA,NA,NA,NA,50,Unknown,FALSE,FALSE,NA,NA,NA,-151861666.6667,NA,NA,NA,NA,NA,NA,-151861666.6667,NA,NA,NA,NA,78640000,NA,408730000,NA,78640000,NA,46.4,47.7,7.2,0,16,29.7,29.7,50,62.8,9.3,50,17,77.1,39.2,20.6,50,FALSE,28.9,28.9,Very Weak,Very Weak,TRUE,FALSE,NEUTRAL,Proven,21.1,-3e-4,Analyst Upside,GX ANALYST,14.81,-35.19,23.19,5.68,4.216,-1.457,NA,0,0,-0.503,0,NA,NA,NA,NA,1356597000,$1.4B,N/A,-35.2%,-19.5%,+10.4%,+147.2%,39.2,39.2,20.6,43.519999999999996,0.15,Tier 2: Golden Cross
COIN,195.11,402.16,139.11,2026-09-22,FINANCIAL DATA & STOCK EXCHANGES,53044417000,NA,53.19,3.918,-3.87,-3.87,-0.0785,0.0112,-0.163,-0.139,6043753000,22.82,699549000,30.69,4.306,0.52,3.388,202,3,19,9,2,1,222803000,NA,2.322,7.78,49.59,Coinbase Global Inc,FINANCIAL SERVICES,50,60,15,20,34,65.4,0.0353,38.54,195.11,181.78,149.06,160.79,306.69,0.0733,0.3089,0.2134,-0.3638,184.397,170.4398,187.4031,56.8949,4.0373,3.3695,0.6678,206.7412,162.0528,0.7397,0.9207,9859222.7273,2.5126,8e-4,0.0025,0.0017,0.045,751,-0.026,0.1027,0.7141,0.5906,TRUE,TRUE,TRUE,FALSE,Neutral,TRUE,80,85,86.0825,53.6082,70,76.2964,768,0.6261,0.2823,0.1524,0.4524,-0.0015,0.0409,-0.3668,-0.565,1,0,36.17,No Signal,0.11,2.78,Decreasing,FALSE,11.3%,0,NA,NA,NA,NA,50,Unknown,FALSE,FALSE,NA,NA,NA,NA,NA,NA,NA,NA,NA,0.4545,NA,0.4545,NA,7181325000,5944232000,8614065000,0.52,13079665000,5944232000,8614065000,0.52,28.9,31.6,19.1,0,81.4,32.6,32.6,50,65.6,21.1,55,6.2,65.4,40.5,70.6,50,FALSE,42.9,42.9,Weak,Weak,FALSE,FALSE,NEUTRAL,Proven,39.7,-0.0015,Strong Trend,MACD RSI MA200,195.11,7.33,402.16,139.11,3.918,30.69,NA,-0.139,-0.163,-0.0785,0.52,0.4545,0.4545,NA,NA,53044417000,$53B,N/A,+7.3%,+30.9%,+21.3%,-36.4%,40.5,40.5,70.6,44.3,0.11,No Signal
COST,922.77,1094.76,840.35,2026-09-26,DISCOUNT STORES,397569884000,45.05,40.32,11.97,19.9,19.9,0.291,0.0867,0.0301,0.0399,293586993000,661.29,13790000000,26.92,0.152,0.0658,0.855,1069.2,4,19,14,1,1,443479000,0.0059,4.434,1.326,75.55,Costco Wholesale Corp,CONSUMER DEFENSIVE,25,20,80,40,39,65.4,0.1587,46.79,922.77,956.12,952.54,996.58,943.31,-0.0349,-0.0313,-0.0741,-0.0218,912.198,934.4454,960.4145,52.2958,-1.0828,-1.2674,0.1846,945.2773,879.1186,0.6598,0.171,2269127.2727,0.4412,8e-4,7e-4,-1e-4,0.0133,751,0.0239,0.0934,0.2107,-0.1163,TRUE,FALSE,FALSE,FALSE,Neutral,TRUE,15,85,45.3608,20.6186,70,41.232,768,-0.0463,-0.0333,-0.0175,0.5159,-0,0.013,-0.0097,-0.0471,1,1,19.15,No Signal,0.02,3.67,Stable,FALSE,1.7%,0,NA,NA,NA,NA,50,Unknown,FALSE,FALSE,NA,NA,NA,7070333333.3333,NA,NA,NA,NA,NA,0.1692,7070333333.3333,0.1692,NA,275235000000,5670000000,18946000000,0.0658,33509000000,5670000000,18946000000,0.0658,50.5,49.2,73.7,63.9,55.7,56.9,56.9,20.9,19.1,77.8,78.4,30.4,65.4,49.4,41.8,50,FALSE,52.2,52.2,Neutral,Neutral,FALSE,FALSE,NEUTRAL,Proven,56.2,-0,Consistent Beat,MACD RSI ANALYST,922.77,-3.49,1094.76,840.35,11.97,26.92,NA,0.0399,0.0301,0.291,0.0658,0.1692,0.1692,NA,NA,397569884000,$397.6B,45,-3.5%,-3.1%,-7.4%,-2.2%,49.4,49.4,41.8,49.64,0.02,Tier 5: Underdog Watch
CRM,234.02,268.27,146.32,2026-09-16,SOFTWARE - APPLICATION,210399953000,23.41,15.55,5.56,10.92,10.92,0.194,0.057,0.22,0.214,43938001000,49.2,12899000000,14.88,1.189,0.0915,1.202,275.6,6,34,14,0,2,823000000,0.0066,0.867,5.55,46.63,Salesforce.com Inc,TECHNOLOGY,60,40,65,75,56,68.8,0.1777,60.63,234.02,205.62,158.37,185.03,240.95,0.1381,0.4777,0.2648,-0.0288,248.1075,213.682,201.2595,50.1059,2.3887,4.2338,-1.8452,267.3328,228.8822,0.1336,0.3396,16486477.2727,0.9839,8e-4,5e-4,-3e-4,0.0226,751,-0.0231,-0.0843,0.3582,-0.2448,FALSE,TRUE,TRUE,TRUE,Neutral,FALSE,100,85,94.3299,60.3093,30,81.1108,768,-0.3828,0.1724,0.4672,0.4603,0.0022,0.0351,0.5653,1.0138,1,0,15.58,No Signal,0.04,2.47,Increasing,FALSE,3.9%,0,NA,NA,NA,NA,50,Unknown,FALSE,FALSE,NA,NA,0.7768,12111333333.3333,NA,NA,NA,NA,NA,1.0237,12111333333.3333,1.0237,0.7768,41525000000,39288000000,8310000000,0.0915,38378000000,39288000000,8310000000,0.0915,82,72.5,24.7,0,93.8,61.7,61.7,59.7,47.5,63.4,25.2,75.3,68.8,57.1,72.6,50,FALSE,63.6,63.6,Neutral,Neutral,TRUE,FALSE,NEUTRAL,Proven,70.1,0.0022,Alpha Leader,GX RSI MA200 ANALYST,234.02,13.81,268.27,146.32,5.56,14.88,0.7768,0.214,0.22,0.194,0.0915,1.0237,1.0237,NA,NA,210399953000,$210.4B,23.4,+13.8%,+47.8%,+26.5%,-2.9%,57.1,57.1,72.6,54.26,0.04,Tier 2: Golden Cross
CRNX,84.95,85.01,32.3,2026-09-11,BIOTECHNOLOGY,9012787000,NA,NA,7.56,-5.05,-5.05,-0.424,-0.263,0,-5.27,42156000,0.423,-544849984,-13.4,0,0,0.088,85,0,1,13,0,0,106095000,NA,NA,186.31,11.27,Crinetics Pharmaceuticals Inc,HEALTHCARE,50,40,15,20,14,51.8,6e-4,33.18,84.95,84.84,83.86,83.86,83.86,0.0013,0.013,0.013,0.013,NA,NA,NA,NA,NA,NA,NA,NA,NA,NA,NA,1812471.6667,NA,-0.0012,0.0016,0.0017,0.0066,8,-0.0044,NA,0.1051,4.0869,NA,NA,NA,NA,Neutral,NA,15,50,55.6701,32.9897,NA,NA,14,0.802,0.802,0.802,0.4286,0.0532,0.1725,13.3973,4.892,0.2222,0,28.5,No Signal,NA,NA,Unknown,FALSE,N/A,0,NA,NA,NA,NA,50,Unknown,FALSE,FALSE,NA,NA,NA,NA,NA,NA,NA,NA,NA,NA,NA,NA,NA,NA,NA,NA,NA,NA,NA,NA,NA,100,100,7.2,0,99.5,71.4,54.8,50,32.8,11.3,50,17,51.8,33.3,50,50,FALSE,50.4,50.4,Neutral,Neutral,FALSE,FALSE,NEUTRAL,Emerging,54.1,0.0532,Balanced,,84.95,0.13,85.01,32.3,7.56,-13.4,NA,-5.27,0,-0.424,0,NA,NA,NA,NA,9012787000,$9B,N/A,+0.1%,+1.3%,+1.3%,+1.3%,33.3,33.3,50,39.98,NA,Tier 5: Underdog Watch
CROX,126.14,141.28,73.2,2026-09-22,FOOTWEAR & ACCESSORIES,5930327000,10.98,8.06,4.236,11.27,11.27,0.423,0.12,0.146,0.242,4054866000,79.38,926537000,7.99,-0.042,0.0098,1.514,138.25,2,5,7,1,0,47945100,NA,1.393,1.821,28.77,Crocs Inc,CONSUMER CYCLICAL,90,60,95,60,15,63.3,0.096,78.33,126.14,123.64,127.76,80,76.65,0.0202,-0.0127,0.5768,0.6457,118.0025,125.9904,105.6878,58.4912,0.0491,-1.3915,1.4406,128.6386,107.3664,0.8825,0.3937,1118704.5455,1.1658,8e-4,0.001,2e-4,0.0298,751,0.0164,0.0173,0.4738,0.1103,TRUE,TRUE,TRUE,TRUE,Neutral,TRUE,100,85,50,85.0515,70,76.7603,768,-0.2526,-0.0396,-0.0788,0.4841,0.0022,0.0248,0.5539,1.4086,1,1,38.03,No Signal,0.1,4.79,Stable,FALSE,9.8%,0,NA,NA,NA,NA,50,Unknown,FALSE,FALSE,NA,NA,0.5833,799052666.6667,NA,NA,NA,NA,NA,0.9484,799052666.6667,0.9484,0.5833,4040647000,1313208000,170276000,0.0098,1384674000,1313208000,170276000,0.0098,80.9,81.3,41.2,63.9,48.5,66.5,66.5,95,61.7,87.6,28.8,59.8,63.3,70.4,81.2,50,FALSE,70.6,70.6,Strong,Strong,TRUE,FALSE,NEUTRAL,Proven,85.6,0.0022,Alpha Leader,GX MACD RSI MA200,126.14,2.02,141.28,73.2,4.236,7.99,0.5833,0.242,0.146,0.423,0.0098,0.9484,0.9484,NA,NA,5930327000,$5.9B,11,+2%,-1.3%,+57.7%,+64.6%,70.4,70.4,81.2,62.24,0.1,Tier 2: Golden Cross
CRS,396.84,625.73,227.48,2026-09-22,METAL FABRICATION,19967146000,38.26,23.36,9.08,10.53,10.53,0.258,0.119,0.17,0.241,3124200000,62.48,826100000,24.24,0.464,0.0621,1.261,625.88,1,7,1,0,0,49558600,0.002,1.591,6.57,44.91,Carpenter Technology Corporation,INDUSTRIALS,25,40,80,75,9,75,0.5772,57,396.84,483.7,591.78,370.71,232.4,-0.1796,-0.3294,0.0705,0.7076,434.8055,498.141,439.5886,24.469,-6.689,-6.3294,-0.3596,495.993,373.618,0.1898,0.2685,831931.8182,1.4801,8e-4,0.0028,0.0019,0.0257,751,-0.0154,0.3821,0.4082,1.1839,FALSE,FALSE,FALSE,TRUE,Oversold,FALSE,15,20,7.732,37.6289,30,19.5954,768,2.7332,-0.2529,-0.3886,0.4841,-0.0019,0.024,-0.4802,-1.2587,1,0,17.17,No Signal,0.04,2.91,Increasing,FALSE,3.6%,0,NA,NA,NA,NA,50,Unknown,FALSE,FALSE,NA,NA,0.2671,132266666.6667,NA,NA,NA,NA,NA,0.3101,132266666.6667,0.3101,0.2671,2877100000,690700000,393300000,0.0621,2227600000,690700000,393300000,0.0621,20.6,14.5,41.2,0,8.8,19.4,19.4,29.5,26.2,74.7,64,65.5,75,55.5,16.9,50,FALSE,24.2,24.2,Very Weak,Very Weak,TRUE,FALSE,NEUTRAL,Proven,13.4,-0.0019,Analyst Upside,GX ANALYST,396.84,-17.96,625.73,227.48,9.08,24.24,0.2671,0.241,0.17,0.258,0.0621,0.3101,0.3101,NA,NA,19967146000,$20B,38.3,-18%,-32.9%,+7%,+70.8%,55.5,55.5,16.9,53.3,0.04,Tier 2: Golden Cross
CRWD,252.13,250.32,85.68,2026-09-18,SOFTWARE - INFRASTRUCTURE,251580793000,4914,192.31,48.44,0.05,0.05,0.0146,-0.0078,0.0083,-0.0226,5396145000,5.33,106861000,573.8,5.33,5.33,1.255,234.35,10,30,12,0,1,1023935000,NA,7.72,45.02,4.983,Crowdstrike Holdings Inc,TECHNOLOGY,25,20,40,40,53,72.6,-0.0705,35.51,252.13,189.18,175.2725,95.015,118.2725,0.3328,0.4385,1.6536,1.1318,230.283,212.6312,150.1115,62.137,5.8085,4.7053,1.1032,268.4309,192.1351,0.7863,0.7566,12813763.6364,1.5951,8e-4,0.0029,0.0021,0.0277,751,-0.0345,0.3967,0.4399,1.1871,TRUE,TRUE,TRUE,TRUE,Neutral,TRUE,100,85,89.6907,98.9691,70,91.451,768,2.8124,0.1287,0.3284,0.5317,0.0061,0.0385,1.5436,2.5266,1,0,12.64,No Signal,0.03,2.42,Increasing,FALSE,2.7%,0,NA,NA,NA,NA,50,Unknown,FALSE,FALSE,NA,NA,NA,1142264666.6667,NA,NA,NA,NA,NA,0.1463,1142264666.6667,0.1463,NA,NA,746216000,5013847000,NA,5101724000,746216000,5013847000,NA,97.4,97.4,83,0,89.2,83.6,83.6,50,0,27.3,82,25.3,72.6,41.2,97,50,FALSE,80.5,80.5,Very Strong,Very Strong,TRUE,FALSE,NEUTRAL,Proven,96.4,0.0061,Alpha Leader,GX MACD RSI MA200,252.13,33.28,250.32,85.68,48.44,573.8,NA,-0.0226,0.0083,0.0146,5.33,0.1463,0.1463,NA,NA,251580793000,$251.6B,4914,+33.3%,+43.9%,+165.4%,+113.2%,41.2,41.2,97,44.72,0.03,Tier 2: Golden Cross
CVX,204.45,217.78,142.51,2026-09-26,OIL & GAS INTEGRATED,403403702000,19.75,15.2,2.123,10.41,10.41,0.122,0.0586,0.0983,0.219,209383997000,106.25,50661999000,7.72,3.219,-0.0301,0.491,222.17,6,14,4,1,0,1961603000,0.034,0.899,2.068,96.8,Chevron Corp,ENERGY,75,75,65,60,25,75,0.0867,69.75,204.45,200.21,171.06,210.71,160.72,0.0212,0.1952,-0.0297,0.2721,209.2715,201.0842,185.2439,47.7293,0.6102,1.3795,-0.7693,217.6964,200.8466,0.2139,0.2445,9869954.5455,0.3315,8e-4,3e-4,-5e-4,0.0157,751,-0.0113,0.0171,0.2487,-0.498,FALSE,TRUE,TRUE,TRUE,Neutral,FALSE,100,45,80.4124,25.2577,30,63.9253,768,-0.3059,0.0407,0.2664,0.5873,0.0014,0.0144,0.358,1.5682,1,0,10.97,No Signal,0.01,2.61,Stable,FALSE,1.1%,0,NA,NA,NA,NA,50,Unknown,FALSE,FALSE,NA,NA,NA,17138666666.6667,NA,NA,NA,NA,NA,0.2095,17138666666.6667,0.2095,NA,189031000000,39781000000,NA,-0.0301,189883000000,39781000000,NA,-0.0301,70.1,86,99,0,86.6,75.3,75.3,71.9,86.9,45.4,72.1,51,75,64.4,50.5,50,FALSE,67.7,67.7,Strong,Strong,TRUE,FALSE,NEUTRAL,Proven,78.4,0.0014,Alpha Leader,GX MA200 α>SPY,204.45,2.12,217.78,142.51,2.123,7.72,NA,0.219,0.0983,0.122,-0.0301,0.2095,0.2095,NA,NA,403403702000,$403.4B,19.8,+2.1%,+19.5%,-3%,+27.2%,64.4,64.4,50.5,58.64,0.01,Tier 2: Golden Cross
CXM,5.07,8.28,4.715,2026-09-22,SOFTWARE - APPLICATION,1251404000,53.9,20.7,2.382,0.1,0.1,0.0436,0.0273,0.0265,0.0446,872882000,3.606,51106000,12.6,-0.395,0.0819,0.646,8.44,1,2,5,0,1,131087000,NA,0.824,0.946,2.191,Sprinklr Inc,TECHNOLOGY,25,75,40,40,9,55.6,0.6647,44.81,5.07,7.47,5.16,5.94,7.81,-0.3213,-0.0174,-0.1465,-0.3508,5.9705,6.372,6.0658,31.165,-6.6109,-5.3311,-1.2798,7.8506,4.0904,0.2605,0.6619,4296268.1818,0.961,8e-4,-0.001,-0.0018,0.027,751,-0.0488,-0.4423,0.4288,-1.0507,FALSE,FALSE,FALSE,TRUE,Neutral,FALSE,15,20,49.4845,13.4021,30,27.2758,768,-0.8079,-0.2735,-0.0129,0.5079,-7e-4,0.0309,-0.1738,-0.3547,1,0,22.64,No Signal,0.09,2.28,Increasing,FALSE,9%,0,NA,NA,NA,NA,50,Unknown,FALSE,FALSE,NA,NA,0.674,97506333.3333,NA,NA,NA,NA,NA,NA,97506333.3333,NA,0.674,857200000,NA,231415000,0.0819,519477000,NA,231415000,0.0819,37.6,39.9,66,0,56.2,42.9,42.9,15.1,83.6,31.4,50,28.9,55.6,39.4,17.1,50,FALSE,36.2,36.2,Weak,Weak,TRUE,FALSE,NEUTRAL,Proven,28.9,-7e-4,Analyst Upside,GX ANALYST,5.07,-32.129999999999995,8.28,4.715,2.382,12.6,0.674,0.0446,0.0265,0.0436,0.0819,NA,NA,NA,NA,1251404000,$1.3B,53.9,-32.1%,-1.7%,-14.6%,-35.1%,39.4,39.4,17.1,43.64,0.09,Tier 2: Golden Cross
DDOG,268.13,292.72,98.01,2026-09-18,SOFTWARE - APPLICATION,84741702000,453.85,77.52,18.98,0.52,0.52,0.047,0.0018,0.0448,0.0067,3966725000,11.26,82897000,281.02,14.98,0.269,1.488,285.28,10,31,3,1,1,334905000,NA,1.17,19.96,12.17,Datadog Inc,TECHNOLOGY,25,20,40,40,46,76.1,0.064,35.86,268.13,227.67,239.77,115.81,136.6,0.1777,0.1183,1.3153,0.9629,231.9652,242.7031,181.7181,66.9764,2.0314,-0.2111,2.2425,262.8912,201.0394,1.0847,0.5582,3735072.7273,1.3031,8e-4,0.0021,0.0012,0.0321,751,0.0382,0.2428,0.5096,0.6019,TRUE,TRUE,TRUE,TRUE,Neutral,TRUE,100,65,69.5876,96.9072,70,82.0077,768,0.6429,0.0731,0.0649,0.5476,0.0059,0.0474,1.4916,1.9838,1,5,17.64,No Signal,0.03,2.71,Stable,FALSE,3.1%,0,NA,NA,NA,NA,50,Unknown,FALSE,FALSE,NA,NA,0.7996,822936333.3333,NA,NA,NA,NA,NA,NA,822936333.3333,NA,0.7996,3427158000,NA,434957000,0.269,4367160000,NA,434957000,0.269,96.9,92.2,89.2,99,69.1,90.2,90.2,50,9.3,32.5,50,35.6,76.1,40.8,91.6,50,FALSE,83.1,83.1,Very Strong,Very Strong,TRUE,FALSE,NEUTRAL,Proven,98.5,0.0059,Alpha Leader,GX MACD RSI MA200,268.13,17.77,292.72,98.01,18.98,281.02,0.7996,0.0067,0.0448,0.047,0.269,NA,NA,NA,NA,84741702000,$84.7B,453.9,+17.8%,+11.8%,+131.5%,+96.3%,40.8,40.8,91.6,44.48,0.03,Tier 2: Golden Cross
DECK,78.67,122.29,77.37,2026-09-22,FOOTWEAR & ACCESSORIES,10925871000,11.41,10.46,4.64,7.03,7.03,0.426,0.203,0.184,0.152,5527289000,38.73,1326979000,6.87,0.011,0.1297,1.15,120.41,5,8,11,2,0,136182000,NA,0.959,1.728,16.83,Deckers Outdoor Corporation,CONSUMER CYCLICAL,90,60,95,75,26,65.4,0.5306,80.79,78.67,89.47,104.56,94.97,105.83,-0.1207,-0.2476,-0.1716,-0.2566,81.381,90.1838,101.8564,35.7951,-4.0506,-4.4049,0.3543,87.5218,75.2402,0.2793,0.3004,3314504.5455,1.3043,8e-4,4e-4,-5e-4,0.0266,751,-0.0056,-0.187,0.4225,-0.2906,FALSE,FALSE,FALSE,FALSE,Neutral,TRUE,15,20,10.3093,12.3711,70,19.317,768,-0.4702,-0.149,-0.2963,0.4365,-0.0028,0.0225,-0.6992,-1.9592,1,0,24.3,No Signal,0.07,2.95,Increasing,FALSE,6.9%,0,NA,NA,NA,NA,50,Unknown,FALSE,FALSE,NA,NA,0.577,999834333.3333,NA,NA,NA,NA,NA,NA,999834333.3333,NA,0.577,5472296000,NA,1602589000,0.1297,2301682000,NA,1602589000,0.1297,12.4,3.6,10.3,0,10.8,8.3,8.3,93.5,57.9,88.1,50,69.1,65.4,74.5,12.7,50,FALSE,19.3,19.3,Very Weak,Very Weak,FALSE,FALSE,NEUTRAL,Proven,8.8,-0.0028,Analyst Upside,MACD ANALYST,78.67,-12.07,122.29,77.37,4.64,6.87,0.577,0.152,0.184,0.426,0.1297,NA,NA,NA,NA,10925871000,$10.9B,11.4,-12.1%,-24.8%,-17.2%,-25.7%,74.5,74.5,12.7,64.69999999999999,0.07,No Signal
DHR,224.49,241.78,160.6,2026-09-16,DIAGNOSTICS & RESEARCH,147177161000,37.32,21.88,2.717,5.61,5.61,0.0761,0.0395,0.16,0.198,25106999000,35.47,8028000000,21.77,0.597,0.0141,0.808,229.09,5,17,4,0,0,702986000,0.0071,1.217,6.58,74.81,Danaher Corporation,HEALTHCARE,25,75,40,75,26,76,0.0205,52.1,224.49,215.36,196.19,183.89,181.46,0.0424,0.1442,0.2208,0.2371,211.397,205.8886,201.8031,68.8732,2.0007,1.2526,0.7481,225.6175,197.1765,0.9604,0.2505,3880686.3636,0.767,8e-4,2e-4,-6e-4,0.0167,751,-0.0022,-0.1125,0.2654,-0.6092,TRUE,TRUE,TRUE,TRUE,Neutral,TRUE,100,65,72.1649,54.1237,70,74.2242,768,-0.4516,0.1104,0.1306,0.5159,0.0013,0.0216,0.34,0.9906,1,5,17.94,No Signal,0.01,2.69,Decreasing,FALSE,1.2%,0,NA,NA,NA,NA,50,Unknown,FALSE,FALSE,NA,NA,0.5911,5445666666.6667,NA,NA,NA,NA,NA,0.4783,5445666666.6667,0.4783,0.5911,24568000000,25147000000,NA,0.0141,52581000000,25147000000,NA,0.0141,69.6,71,73.7,99,77.3,74.9,74.9,32.4,78.1,37.1,50.5,63.4,76,51.2,72.9,50,FALSE,70.9,70.9,Strong,Strong,TRUE,FALSE,NEUTRAL,Proven,87.1,0.0013,High IR,GX MACD RSI MA200,224.49,4.24,241.78,160.6,2.717,21.77,0.5911,0.198,0.16,0.0761,0.0141,0.4783,0.4783,NA,NA,147177161000,$147.2B,37.3,+4.2%,+14.4%,+22.1%,+23.7%,51.2,51.2,72.9,50.72,0.01,Tier 2: Golden Cross
DKNG,22.02,44.22,20.46,2026-09-18,GAMBLING,11155322000,NA,14.47,21.21,-0.32,-0.32,-0.211,-0.0242,-0.0268,-0.0472,6222523000,12.55,122832000,118.69,1.846,0.2852,1.628,35.2,5,24,6,0,1,496454000,NA,0.0594,2.091,1.148,DraftKings Inc,CONSUMER CYCLICAL,50,20,15,20,36,72.2,0.5985,31.22,22.02,24.78,25.7,20.93,42.92,-0.1114,-0.1432,0.0521,-0.487,23.3865,23.9666,26.1092,40.0113,-3.3979,-2.3229,-1.075,25.9101,20.8629,0.2293,0.4674,12422422.7273,1.2672,8e-4,1e-4,-7e-4,0.0282,751,0.0298,-0.242,0.4475,-0.4149,FALSE,FALSE,FALSE,FALSE,Neutral,FALSE,15,45,22.1649,36.5979,30,27.4691,768,-0.5577,-0.1263,-0.161,0.4841,3e-4,0.033,0.073,0.1391,1,2,35.3,No Signal,0.08,4.29,Stable,FALSE,7.6%,0,NA,NA,NA,NA,50,Unknown,FALSE,FALSE,NA,NA,NA,344147000,NA,NA,NA,NA,NA,NA,344147000,NA,NA,6054525000,NA,983882000,0.2852,569428000,NA,983882000,0.2852,57.2,56.5,41.2,82,30.4,52.3,52.3,50,5.5,14.4,50,13.9,72.2,32.1,28.2,50,FALSE,43.5,43.5,Weak,Weak,FALSE,FALSE,NEUTRAL,Proven,41.8,3e-4,Analyst Upside,ANALYST,22.02,-11.14,44.22,20.46,21.21,118.69,NA,-0.0472,-0.0268,-0.211,0.2852,NA,NA,NA,NA,11155322000,$11.2B,N/A,-11.1%,-14.3%,+5.2%,-48.7%,32.1,32.1,28.2,39.260000000000005,0.08,No Signal
DKS,136.43,242.09,119.27,2026-09-22,SPECIALTY RETAIL,12180838000,13.65,10.31,1.882,9.06,9.06,0.185,0.0642,0.0397,0.0767,21145145000,240.69,2083461000,9.69,-0.257,0.1514,1.141,163.22,4,10,11,0,1,74956000,0.0407,1.036,0.843,64.24,Dick’s Sporting Goods Inc,CONSUMER CYCLICAL,90,75,65,40,26,65.4,0.1964,69.54,136.43,129.66,239.17,190.62,225.23,0.0522,-0.4296,-0.2843,-0.3943,131.806,169.1514,201.5905,42.9929,-7.3518,-9.3447,1.9929,142.6663,120.9457,0.7129,0.4802,4045259.0909,1.2517,8e-4,7e-4,-1e-4,0.0251,751,0.0184,-0.0794,0.399,-0.066,TRUE,FALSE,FALSE,FALSE,Neutral,TRUE,15,45,3.0928,6.1856,70,19.6649,768,-0.3049,-0.3195,-0.4594,0.4841,-0.0033,0.0367,-0.8225,-1.4103,1,2,28.16,No Signal,0.11,2.49,Stable,FALSE,10.7%,0,NA,NA,NA,NA,50,Unknown,FALSE,FALSE,NA,NA,0.3292,616448666.6667,NA,NA,NA,NA,NA,NA,616448666.6667,NA,0.3292,17215120000,NA,913736000,0.1514,5725722000,NA,913736000,0.1514,8.2,11.4,41.2,82,4.1,22.4,22.4,87.8,91.3,62.4,50,32.5,65.4,65.7,15.2,50,FALSE,27.2,27.2,Very Weak,Very Weak,FALSE,FALSE,NEUTRAL,Proven,18.6,-0.0033,Analyst Upside,MACD ANALYST,136.43,5.220000000000001,242.09,119.27,1.882,9.69,0.3292,0.0767,0.0397,0.185,0.1514,NA,NA,NA,NA,12180838000,$12.2B,13.7,+5.2%,-43%,-28.4%,-39.4%,65.7,65.7,15.2,59.42,0.11,No Signal
DOCN,139.75,187.5,33.69,2026-09-23,SOFTWARE - INFRASTRUCTURE,17166615000,66.36,78.74,18.46,2.2,2.2,0.623,0.0386,0.233,0.104,1011113000,10.63,308634000,47.47,-0.245,0.1406,1.57,175.2,3,11,3,0,0,117580000,NA,1.538,17.75,8.86,DigitalOcean Holdings Inc,TECHNOLOGY,25,20,95,75,17,75,0.2537,57.5,139.75,114.99,139.28,78.32,35.13,0.2153,0.0034,0.7843,2.9781,125.5275,124.012,103.2025,58.7254,4.1912,2.3569,1.8343,151.4711,99.5839,0.7741,0.8794,2741595.4545,2.145,8e-4,0.0033,0.0025,0.04,751,-0.0183,0.3785,0.6343,0.9774,TRUE,TRUE,TRUE,TRUE,Neutral,TRUE,100,85,54.1237,90.7216,70,79.1314,768,2.3069,0.0672,-0.133,0.4603,0.0017,0.0594,0.4244,0.4499,1,0,27.45,No Signal,0.07,3.45,Increasing,FALSE,7.4%,0,NA,NA,NA,NA,50,Unknown,FALSE,FALSE,NA,NA,0.5986,133573000,NA,NA,NA,NA,NA,0.9896,133573000,0.9896,0.5986,901427000,921053000,767026000,0.1406,930731000,921053000,767026000,0.1406,73.7,62.7,24.7,0,36.1,48.1,48.1,10.8,11.5,93.8,27,76.3,75,50.3,84.9,50,FALSE,57.3,57.3,Neutral,Neutral,TRUE,FALSE,NEUTRAL,Proven,61.3,0.0017,Alpha Leader,GX MACD RSI MA200 ANALYST,139.75,21.529999999999998,187.5,33.69,18.46,47.47,0.5986,0.104,0.233,0.623,0.1406,0.9896,0.9896,NA,NA,17166615000,$17.2B,66.4,+21.5%,+0.3%,+78.4%,+297.8%,50.3,50.3,84.9,50.17999999999999,0.07,Tier 2: Golden Cross
DOCU,67.5,86.27,40.16,2026-09-18,SOFTWARE - APPLICATION,13202788000,43.07,15.34,7.66,1.64,1.64,0.178,0.0635,0.0982,0.134,3361191000,17.04,441653000,22.24,0.333,0.0797,0.9,69.29,2,2,16,0,1,186902000,NA,0.825,3.738,9.13,DocuSign Inc,TECHNOLOGY,25,40,65,60,21,54.8,0.0265,48.23,67.5,59.33,45.21,47.26,81.31,0.1377,0.493,0.4283,-0.1698,67.4345,61.3798,53.6969,54.3633,3.254,3.9706,-0.7166,71.9861,62.8829,0.5072,0.4435,3829681.8182,1.0889,8e-4,0.0011,3e-4,0.0279,751,-0.027,0.0455,0.443,0.145,TRUE,TRUE,TRUE,TRUE,Neutral,FALSE,100,85,94.8454,77.8351,30,84.7706,768,-0.2321,0.061,0.4775,0.4841,0.0031,0.0327,0.7831,1.5107,1,0,30.95,No Signal,0.07,3.52,Stable,FALSE,7.3%,0,NA,NA,NA,NA,50,Unknown,FALSE,FALSE,NA,NA,0.794,955327000,NA,NA,NA,NA,NA,NA,955327000,NA,0.794,3219500000,NA,528161000,0.0797,1718520000,NA,528161000,0.0797,87.1,83.9,41.2,0,95.4,69.7,69.7,22.3,31.7,59.3,50,50.5,54.8,44.4,82.7,50,FALSE,69,69,Strong,Strong,TRUE,FALSE,NEUTRAL,Proven,80.9,0.0031,Alpha Leader,GX RSI MA200,67.5,13.77,86.27,40.16,7.66,22.24,0.794,0.134,0.0982,0.178,0.0797,NA,NA,NA,NA,13202788000,$13.2B,43.1,+13.8%,+49.3%,+42.8%,-17%,44.4,44.4,82.7,46.64,0.07,Tier 2: Golden Cross
DUOL,143.51,353,87.89,2026-09-22,SOFTWARE - APPLICATION,6961944000,17.66,18.42,4.709,8.46,8.46,0.344,0.0564,0.359,0.117,1145002000,24.65,179031000,31.3,-0.275,0.3977,0.89,134.29,2,4,16,1,1,40237100,NA,NA,4.726,30.17,Duolingo Inc,TECHNOLOGY,75,60,95,90,24,55.2,-0.0642,78.27,143.51,140.88,121.49,94.12,313.49,0.0187,0.1812,0.5248,-0.5422,148.8155,140.9092,128.7765,48.1063,0.8127,1.5163,-0.7036,159.5403,138.0907,0.2527,0.5578,1137304.5455,1.3704,8e-4,7e-4,-2e-4,0.0366,751,-0.0341,-0.1239,0.5806,-0.0789,FALSE,TRUE,TRUE,TRUE,Neutral,FALSE,100,45,79.3814,84.0206,30,75.3686,768,-0.4226,0.0035,0.1883,0.5397,0.0039,0.0376,0.975,1.6356,1,0,48.28,Low Signal,0.16,4.97,Decreasing,FALSE,16.3%,0,NA,NA,NA,NA,50,Unknown,FALSE,FALSE,NA,NA,0.7223,264515666.6667,NA,NA,NA,NA,NA,NA,264515666.6667,NA,0.7223,1037589000,NA,1180887000,0.3977,1409742000,NA,1180887000,0.3977,90.2,87.6,85.6,0,83.5,78.6,78.6,77,57.4,83,50,93.3,55.2,72.2,73.8,50,FALSE,76.5,76.5,Strong,Strong,TRUE,FALSE,NEUTRAL,Proven,93.3,0.0039,Alpha Leader,GX MA200,143.51,1.87,353,87.89,4.709,31.3,0.7223,0.117,0.359,0.344,0.3977,NA,NA,NA,NA,6961944000,$7B,17.7,+1.9%,+18.1%,+52.5%,-54.2%,72.2,72.2,73.8,63.32,0.16,Tier 2: Golden Cross
ENTG,151.89,186.78,67.81,2026-09-22,SEMICONDUCTOR EQUIPMENT & MATERIALS,21871792000,71.21,29.85,5.23,2.01,2.01,0.0767,0.0413,0.0919,0.193,3326100000,21.85,914700000,28.28,0.751,-0.0476,1.364,173.36,1,8,2,1,0,152800000,0.0028,1.239,7.5,27.22,Entegris Inc,TECHNOLOGY,25,40,40,60,12,68.8,0.1414,42.13,151.89,142.46,161.43,108.64,91.94,0.0662,-0.0591,0.3981,0.6521,138.667,139.552,130.5405,59.6105,1.475,-0.0055,1.4805,153.7706,123.5634,0.9377,0.6168,2088136.3636,2.457,8e-4,0.0013,5e-4,0.0301,751,0.0165,-0.1806,0.4784,0.2648,TRUE,TRUE,TRUE,TRUE,Neutral,TRUE,100,85,41.2371,73.1959,70,71.7603,768,-0.0416,-0.064,-0.2175,0.4524,-0.0019,0.0383,-0.4683,-0.7702,1,1,29.46,No Signal,0.05,4.05,Stable,FALSE,5.2%,0,NA,NA,NA,NA,50,Unknown,FALSE,FALSE,NA,NA,0.4442,300000000,NA,NA,NA,NA,NA,0.8315,300000000,0.8315,0.4442,3196600000,3456000000,353600000,-0.0476,4156200000,3456000000,353600000,-0.0476,21.1,26.9,19.1,63.9,21.6,26.5,26.5,10.1,50.3,37.6,31.5,47.4,68.8,36.9,74,50,FALSE,39.5,39.5,Weak,Weak,TRUE,FALSE,NEUTRAL,Proven,35.6,-0.0019,Strong Trend,GX MACD RSI MA200 ANALYST,151.89,6.619999999999999,186.78,67.81,5.23,28.28,0.4442,0.193,0.0919,0.0767,-0.0476,0.8315,0.8315,NA,NA,21871792000,$21.9B,71.2,+6.6%,-5.9%,+39.8%,+65.2%,36.9,36.9,74,42.14,0.05,Tier 2: Golden Cross
ERAS,14.25,24.28,1.775,2026-09-22,BIOTECHNOLOGY,5260421000,NA,NA,14.26,-0.95,-0.95,-0.782,-0.214,0,0,0,0,-147743008,-1.574,0,0,0.645,24.11,2,6,2,0,0,349762000,NA,NA,NA,1.158,Erasca Inc,HEALTHCARE,50,20,15,20,10,75,0.6919,31.5,14.25,19.15,16.01,14.94,1.81,-0.2559,-0.1099,-0.0462,6.8729,15.8282,17.3881,13.704,35.6476,-5.242,-4.3143,-0.9277,17.8832,13.7733,0.116,0.5933,4943259.0909,1.4626,8e-4,0.0041,0.0032,0.0541,751,-0.024,0.7211,0.8587,0.9534,FALSE,FALSE,TRUE,TRUE,Neutral,FALSE,35,20,27.8351,24.7423,30,28.049,768,2.3319,-0.1943,-0.2089,0.5,-0.0011,0.0624,-0.2796,-0.2825,1,0,38.86,No Signal,0.09,7.65,Increasing,FALSE,9.4%,0,NA,NA,NA,NA,50,Unknown,FALSE,FALSE,NA,NA,NA,-102684000,NA,NA,NA,NA,NA,NA,-102684000,NA,NA,NA,NA,42542000,NA,361869000,NA,42542000,NA,34,43,58.8,0,23.7,36.3,36.3,50,16.4,5.7,50,17,75,32.1,24.1,50,FALSE,32.7,32.7,Weak,Weak,TRUE,FALSE,NEUTRAL,Proven,23.2,-0.0011,Analyst Upside,GX MA200 ANALYST,14.25,-25.590000000000003,24.28,1.775,14.26,-1.574,NA,0,0,-0.782,0,NA,NA,NA,NA,5260421000,$5.3B,N/A,-25.6%,-11%,-4.6%,+687.3%,32.1,32.1,24.1,39.260000000000005,0.09,Tier 2: Golden Cross
ETSY,68.44,87.97,44,2026-09-19,INTERNET RETAIL,6663354000,22.97,14.58,21.42,3.16,3.16,-12.24,0.105,0.0711,0.187,2941756000,30.16,470799000,14.82,-0.071,0.0243,1.813,88.27,3,7,19,1,1,91782000,NA,0.766,2.921,-15.1,"Etsy, Inc.",CONSUMER CYCLICAL,60,20,15,40,31,58.1,0.2897,35.31,68.44,81.74,78.04,47.5,63.6,-0.1627,-0.123,0.4408,0.0761,75.0945,79.5,65.2546,32.864,-3.3644,-2.7685,-0.5959,83.9467,66.2423,0.1241,0.4129,3280940.9091,0.9785,8e-4,6e-4,-2e-4,0.0288,751,-0.0133,-0.0564,0.4575,-0.1333,FALSE,FALSE,TRUE,TRUE,Neutral,FALSE,35,20,25.2577,79.3814,30,38.2036,768,-0.4645,-0.1448,-0.1612,0.5317,0.0021,0.029,0.5179,1.1233,1,0,33.06,No Signal,0.11,3.31,Stable,FALSE,11.2%,0,NA,NA,NA,NA,50,Unknown,FALSE,FALSE,NA,NA,0.7164,702950666.6667,NA,NA,NA,NA,NA,NA,702950666.6667,NA,0.7164,2883501000,2335911000,901281000,0.0243,-1395078000,2335911000,901281000,0.0243,78.9,75.6,83,0,29.9,63.7,63.7,61.2,4.9,0.5,50,42.8,58.1,34,45.5,50,FALSE,54.9,54.9,Neutral,Neutral,TRUE,FALSE,NEUTRAL,Proven,58.8,0.0021,Alpha Leader,GX MA200 ANALYST,68.44,-16.27,87.97,44,21.42,14.82,0.7164,0.187,0.0711,-12.24,0.0243,NA,NA,NA,NA,6663354000,$6.7B,23,-16.3%,-12.3%,+44.1%,+7.6%,34,34,45.5,40.4,0.11,Tier 2: Golden Cross
EXP,178.49,245.2,171.56,2026-09-22,BUILDING MATERIALS,5495178000,14.11,13.57,3.648,12.7,12.7,0.27,0.0923,0.173,0.217,2324934000,73.59,704889000,9.48,-0.125,0.0109,1.366,220.5,0,1,10,0,0,30675300,0.0057,2.085,3.005,48.27,Eagle Materials Inc,BASIC MATERIALS,90,60,80,75,11,52.3,0.2354,74.98,178.49,200.08,233.83,181.5,227.84,-0.1079,-0.2367,-0.0166,-0.2166,185.4,199.1052,208.5272,35.1368,-3.4297,-3.419,-0.0107,198.9725,171.8275,0.2454,0.2116,426245.4545,1.1834,8e-4,3e-4,-5e-4,0.0176,751,5e-4,-0.1714,0.2797,-0.4745,FALSE,FALSE,FALSE,FALSE,Neutral,FALSE,15,20,11.3402,27.8351,30,18.7191,768,-0.4569,-0.1378,-0.283,0.4365,-0.0016,0.0193,-0.405,-1.324,1,1,39.03,No Signal,0.06,4.44,Decreasing,FALSE,6%,0,NA,NA,NA,NA,50,Unknown,FALSE,FALSE,NA,NA,0.2827,331442333.3333,NA,NA,NA,NA,NA,1.1816,331442333.3333,1.1816,0.2827,2308658000,1757011000,233539000,0.0109,1486932000,1757011000,233539000,0.0109,26.3,13,10.3,63.9,13.4,21.6,21.6,87.1,68.3,75.8,22.5,66,52.3,65.5,15.9,50,FALSE,26.8,26.8,Very Weak,Very Weak,FALSE,FALSE,NEUTRAL,Proven,17,-0.0016,Analyst Upside,ANALYST,178.49,-10.79,245.2,171.56,3.648,9.48,0.2827,0.217,0.173,0.27,0.0109,1.1816,1.1816,NA,NA,5495178000,$5.5B,14.1,-10.8%,-23.7%,-1.7%,-21.7%,65.5,65.5,15.9,59.3,0.06,No Signal
FHN,23.46,26.25,19.26,2026-09-19,BANKS - REGIONAL,11342225000,11.57,10.44,1.341,2.07,2.07,0.115,0.0129,0.302,0.413,3501000000,7.18,NA,NA,0.2,-0.0069,0.611,28.05,3,5,11,0,0,473777000,0.0267,1.756,4.153,17.91,First Horizon Corporation,FINANCIAL SERVICES,90,90,65,90,19,64.5,0.1957,79.95,23.46,24.57,25.58,22.05,22.66,-0.0452,-0.0829,0.0639,0.0353,24.1775,24.9442,24.4194,37.2649,-1.8588,-1.4762,-0.3826,25.3006,23.0544,0.1806,0.199,4751318.1818,1.0699,8e-4,0.0012,4e-4,0.0165,751,0.0066,0.0764,0.2622,0.3476,FALSE,FALSE,FALSE,TRUE,Neutral,FALSE,15,20,35.0515,37.1134,30,27.6881,768,0.0821,-0.0912,-0.1101,0.4683,-4e-4,0.0125,-0.0898,-0.4538,1,2,15.63,No Signal,0.03,2.9,Increasing,FALSE,2.9%,0,NA,NA,NA,NA,50,Unknown,FALSE,FALSE,NA,NA,NA,1027000000,NA,NA,NA,NA,NA,NA,1027000000,NA,NA,3419000000,NA,NA,-0.0069,9168000000,NA,NA,-0.0069,43.8,37.3,29.9,82,40.2,42.7,42.7,92.8,95.6,43.8,50,88.1,64.5,71,27.2,50,FALSE,43.2,43.2,Weak,Weak,TRUE,FALSE,NEUTRAL,Proven,41.2,-4e-4,Analyst Upside,GX ANALYST,23.46,-4.52,26.25,19.26,1.341,NA,NA,0.413,0.302,0.115,-0.0069,NA,NA,NA,NA,11342225000,$11.3B,11.6,-4.5%,-8.3%,+6.4%,+3.5%,71,71,27.2,62.6,0.03,Tier 2: Golden Cross
FIGS,13.42,17.48,6.5,2026-09-22,APPAREL MANUFACTURING,2181421000,39.79,34.36,4.905,0.33,0.33,0.148,0.0775,0.0872,0.179,710078000,4.293,78853000,24.49,2.75,0.0755,1.072,18.62,1,4,4,0,0,157857000,NA,NA,2.72,2.669,Figs Inc,CONSUMER CYCLICAL,25,60,65,60,9,66.7,0.3875,53.42,13.42,15.22,11.6,14.4,6.57,-0.1183,0.1569,-0.0681,1.0426,13.706,12.9734,12.7208,50.5168,-1.7022,-0.5088,-1.1934,15.7336,11.6784,0.4295,0.6009,2570131.8182,1.0541,8e-4,0.002,0.0011,0.0401,751,0.069,0.277,0.637,0.4527,FALSE,TRUE,TRUE,TRUE,Neutral,FALSE,100,85,75.2577,21.134,30,67.5541,768,0.2643,-0.0867,0.105,0.4921,-0.0012,0.047,-0.2931,-0.3926,1,2,41.23,Low Signal,0.11,5.84,Stable,FALSE,10.6%,0,NA,NA,NA,NA,50,Unknown,FALSE,FALSE,NA,NA,0.6653,67236666.6667,NA,NA,NA,NA,NA,NA,67236666.6667,NA,0.6653,631098000,NA,108539000,0.0755,442365000,NA,108539000,0.0755,33,38.3,52.1,82,74.7,49.3,49.3,25.9,55.2,52.6,50,45.9,66.7,47.1,52.5,50,FALSE,49.7,49.7,Neutral,Neutral,TRUE,FALSE,NEUTRAL,Proven,53.1,-0.0012,Analyst Upside,GX RSI MA200 ANALYST,13.42,-11.83,17.48,6.5,4.905,24.49,0.6653,0.179,0.0872,0.148,0.0755,NA,NA,NA,NA,2181421000,$2.2B,39.8,-11.8%,+15.7%,-6.8%,+104.3%,47.1,47.1,52.5,48.260000000000005,0.11,Tier 2: Golden Cross
FIVE,222.6,263.88,137.77,2026-09-22,SPECIALTY RETAIL,13000460000,21.16,22.73,5.2,11.16,11.16,0.282,0.0784,0.117,0.0886,5313868000,96.3,820375000,13.95,4.182,0.1569,0.989,310.95,2,15,8,0,0,55054000,NA,0.984,2.584,44.98,Five Below Inc,CONSUMER CYCLICAL,60,40,80,60,25,69,0.3969,62.9,222.6,257.35,188.37,219.82,151.72,-0.135,0.1817,0.0126,0.4672,239.5605,232.7358,213.6936,38.2755,-1.1406,0.2647,-1.4053,256.9138,222.2072,0.0113,0.3568,1301190.9091,1.2861,8e-4,0.001,2e-4,0.0291,751,-0.0044,-0.0117,0.4622,0.1051,FALSE,FALSE,TRUE,TRUE,Neutral,FALSE,35,20,79.8969,32.4742,30,45.2139,768,-0.213,-0.0718,0.1423,0.5238,-6e-4,0.0266,-0.1572,-0.3715,1,0,14.8,No Signal,0.04,1.82,Increasing,FALSE,4.5%,0,NA,NA,NA,NA,50,Unknown,FALSE,FALSE,NA,NA,NA,227636666.6667,NA,NA,NA,NA,NA,NA,227636666.6667,NA,NA,4764147000,NA,561083000,0.1569,2476123000,NA,561083000,0.1569,39.7,38.9,80.4,0,78.4,49.5,49.5,66.2,51.4,77.3,50,56.2,69,63.4,39.2,50,FALSE,49.1,49.1,Neutral,Neutral,TRUE,FALSE,NEUTRAL,Proven,51.5,-6e-4,Consistent Beat,GX MA200 ANALYST,222.6,-13.5,263.88,137.77,5.2,13.95,NA,0.0886,0.117,0.282,0.1569,NA,NA,NA,NA,13000460000,$13B,21.2,-13.5%,+18.2%,+1.3%,+46.7%,63.4,63.4,39.2,58.04,0.04,Tier 2: Golden Cross
FIZZ,29.67,34.54,27.8,2026-09-23,BEVERAGES - NON-ALCOHOLIC,2913308000,16.91,18.48,8,1.84,1.84,0.401,0.206,0.148,0.177,1180699000,12.61,241406000,11.98,-0.161,-0.0047,0.755,31,0,0,0,1,0,93615000,0,4.032,2.449,3.981,National Beverage Corp,CONSUMER DEFENSIVE,75,40,95,60,1,25,0.0448,66.75,29.67,32.96,32.73,33.8,36.54,-0.0998,-0.0935,-0.1222,-0.188,31.3965,31.5914,33.6856,34.6985,-1.3555,-0.7343,-0.6212,32.9304,29.8626,-0.0628,0.2607,411445.4545,0.1527,8e-4,-4e-4,-0.0013,0.0198,751,-0.0121,-0.1389,0.3143,-1.0105,FALSE,FALSE,FALSE,FALSE,Neutral,FALSE,15,20,31.4433,15.4639,30,22.2758,768,-0.6663,-0.0459,-0.0902,0.4762,-6e-4,0.0207,-0.1538,-0.467,1,0,35.64,No Signal,0.04,9.49,Stable,FALSE,4.5%,0,NA,NA,NA,NA,50,Unknown,FALSE,FALSE,NA,NA,0.3704,164711333.3333,NA,NA,NA,NA,NA,NA,164711333.3333,NA,0.3704,1180552000,NA,107098000,-0.0047,367703000,NA,107098000,-0.0047,40.2,36.8,36.6,0,46.4,35.5,35.5,78.4,30.6,86.1,50,60.3,25,61.8,15.4,50,FALSE,34.6,34.6,Weak,Weak,FALSE,FALSE,NEUTRAL,Proven,26.3,-6e-4,Balanced,,29.67,-9.98,34.54,27.8,8,11.98,0.3704,0.177,0.148,0.401,-0.0047,NA,NA,NA,NA,2913308000,$2.9B,16.9,-10%,-9.3%,-12.2%,-18.8%,61.8,61.8,15.4,57.08,0.04,No Signal
FROG,89.18,105.76,34.05,2026-09-23,SOFTWARE - APPLICATION,11090952000,NA,80.65,11.81,-0.36,-0.36,-0.0493,-0.0292,-0.0735,-0.0712,599962000,5.02,-40562000,-62.99,0,0.2329,1.276,112,5,16,2,0,0,123301000,NA,NA,17.56,7.81,Jfrog Ltd,TECHNOLOGY,50,20,15,20,23,78.3,0.2559,31.83,89.18,92.8,87.58,42.76,49.55,-0.039,0.0183,1.0856,0.7998,91.764,88.8821,67.763,46.9893,0.5063,0.7686,-0.2623,98.7767,84.7513,0.3158,0.5248,1929472.7273,1.2903,8e-4,0.0024,0.0015,0.0361,751,-0.0587,0.3269,0.5727,0.6777,FALSE,TRUE,TRUE,TRUE,Neutral,FALSE,100,45,56.701,94.8454,30,70.7294,768,0.7838,-0.0549,-0.0531,0.4841,0.0041,0.0437,1.0443,1.5062,1,0,26.07,No Signal,0.06,3.76,Increasing,FALSE,5.8%,0,NA,NA,NA,NA,50,Unknown,FALSE,FALSE,NA,NA,0.7679,107407666.6667,NA,NA,NA,NA,NA,NA,107407666.6667,NA,0.7679,531840000,NA,96692000,0.2329,960706000,NA,96692000,0.2329,91.2,83.4,41.2,0,52.6,64.3,64.3,50,19.7,22.2,50,10.3,78.3,36,72.6,50,FALSE,62,62,Neutral,Neutral,TRUE,FALSE,NEUTRAL,Proven,66,0.0041,Alpha Leader,GX MA200 ANALYST,89.18,-3.9,105.76,34.05,11.81,-62.99,0.7679,-0.0712,-0.0735,-0.0493,0.2329,NA,NA,NA,NA,11090952000,$11.1B,N/A,-3.9%,+1.8%,+108.6%,+80%,36,36,72.6,41.599999999999994,0.06,Tier 2: Golden Cross
FSLY,24.96,34.82,7.74,2026-09-23,SOFTWARE - APPLICATION,4154544000,NA,49.75,4.41,-0.5,-0.5,-0.0839,-0.0346,-0.118,-0.0787,687173000,4.508,-38510000,-18.37,0,0,0.358,27,1,4,6,0,1,159300000,NA,NA,6.45,6.23,"Fastly, Inc. Class A Common Stock",TECHNOLOGY,50,60,15,20,12,58.3,0.0817,37.83,24.96,23.29,17.11,25.52,8.34,0.0717,0.4588,-0.0219,1.9928,23.7365,23.76,19.583,51.4112,3.6122,2.1895,1.4227,28.4665,19.0065,0.6293,1.073,7744190.9091,1.6548,8e-4,0.0021,0.0012,0.0569,751,-0.0699,0.173,0.9038,0.3442,TRUE,TRUE,TRUE,TRUE,Neutral,TRUE,100,85,91.7526,26.2887,70,77.5335,768,-0.3644,-0.159,0.285,0.4683,-0.0017,0.0694,-0.4405,-0.3996,1,0,34.95,No Signal,0.14,3.95,Increasing,FALSE,13.5%,0,NA,NA,NA,NA,50,Unknown,FALSE,FALSE,NA,NA,NA,20404000,NA,NA,NA,NA,NA,0.327,20404000,0.327,NA,NA,323958000,89798000,NA,990817000,323958000,89798000,NA,23.2,37.8,29.9,0,87.6,35.5,35.5,50,60.7,20.6,61.3,7.7,58.3,40.2,61.2,50,FALSE,42.4,42.4,Weak,Weak,TRUE,FALSE,NEUTRAL,Proven,39.2,-0.0017,Balanced,GX MACD RSI MA200,24.96,7.17,34.82,7.74,4.41,-18.37,NA,-0.0787,-0.118,-0.0839,0,0.327,0.327,NA,NA,4154544000,$4.2B,N/A,+7.2%,+45.9%,-2.2%,+199.3%,40.2,40.2,61.2,44.120000000000005,0.14,Tier 2: Golden Cross
FTNT,173.46,176.1,73.55,2026-09-18,SOFTWARE - INFRASTRUCTURE,126624309000,60.55,44.25,81.25,2.85,2.85,1.174,0.142,0.282,0.336,7527400000,10.14,2595800000,43.74,0.439,0.1322,1.059,164.32,1,10,29,3,1,733714000,NA,1.886,16.27,2.114,Fortinet Inc,TECHNOLOGY,25,20,95,90,44,54,-0.0527,57.65,173.46,157.54,151.35,79.05,83.21,0.1011,0.1461,1.1943,1.0846,166.634,161.5648,116.1776,57.5819,2.8188,2.1891,0.6297,182.9613,150.3067,0.709,0.5028,4549736.3636,1.0196,8e-4,0.0018,0.001,0.0242,751,-0.0346,0.2372,0.3844,0.6278,TRUE,TRUE,TRUE,TRUE,Neutral,TRUE,100,85,72.6804,95.3608,70,85.6263,768,0.6702,0.057,0.0962,0.5476,0.0054,0.0315,1.3624,2.7209,1,0,19.07,No Signal,0.02,3.53,Stable,FALSE,1.9%,0,NA,NA,NA,NA,50,Unknown,FALSE,FALSE,NA,NA,0.8046,1945466666.6667,NA,NA,NA,NA,NA,0.3204,1945466666.6667,0.3204,0.8046,6799600000,496900000,2934900000,0.1322,1551100000,496900000,2934900000,0.1322,94.3,99.5,89.2,0,74.2,82.1,82.1,12.9,50,97.9,62.2,83,54,61,90,50,FALSE,80.8,80.8,Very Strong,Very Strong,TRUE,FALSE,NEUTRAL,Proven,96.9,0.0054,Alpha Leader,GX MACD RSI MA200,173.46,10.11,176.1,73.55,81.25,43.74,0.8046,0.336,0.282,1.174,0.1322,0.3204,0.3204,NA,NA,126624309000,$126.6B,60.5,+10.1%,+14.6%,+119.4%,+108.5%,61,61,90,56.6,0.02,Tier 2: Golden Cross
GE,327.09,388.84,268.58,2026-09-26,AEROSPACE & DEFENSE,331791729000,37.75,35.34,18.78,8.47,8.47,0.482,0.0507,0.177,0.206,50639000000,48.27,11483000000,27.24,0.194,0.139,1.35,400.05,3,16,2,0,1,1037563000,0.0052,4.059,6.73,17,GE Aerospace,INDUSTRIALS,25,20,95,75,22,72.7,0.2231,57.27,327.09,354.39,369,273.25,297.18,-0.077,-0.1136,0.197,0.1006,324.3885,344.7378,323.2842,47.3222,-2.3078,-2.7271,0.4193,342.7913,305.9857,0.5734,0.2366,4198650,1.1538,8e-4,0.0019,0.0011,0.0164,751,0.0174,0.2449,0.2603,1.0657,TRUE,FALSE,TRUE,TRUE,Neutral,TRUE,35,45,26.8041,51.0309,70,40.7474,768,1.1228,-0.0856,-0.1719,0.5,-4e-4,0.02,-0.1004,-0.3162,1,4,21.6,No Signal,0.02,4.21,Stable,FALSE,1.5%,0,NA,NA,NA,NA,50,Unknown,FALSE,FALSE,NA,NA,NA,5089666666.6667,NA,NA,NA,NA,NA,1.1604,5089666666.6667,1.1604,NA,45855000000,20469000000,NA,0.139,17640000000,20469000000,NA,0.139,42.3,42,58.8,96.4,28.9,48.9,48.9,31.7,10.4,90.7,23.4,67,72.7,51.8,46.6,50,FALSE,48.8,48.8,Neutral,Neutral,TRUE,FALSE,NEUTRAL,Proven,50,-4e-4,Analyst Upside,GX MACD MA200 ANALYST,327.09,-7.7,388.84,268.58,18.78,27.24,NA,0.206,0.177,0.482,0.139,1.1604,1.1604,NA,NA,331791729000,$331.8B,37.8,-7.7%,-11.4%,+19.7%,+10.1%,51.8,51.8,46.6,51.08,0.02,Tier 2: Golden Cross
GGG,77.86,94.99,72.22,2026-09-23,SPECIALTY INDUSTRIAL MACHINERY,12574094000,24.11,21.83,4.917,3.22,3.22,0.212,0.127,0.235,0.297,2267210000,13.73,734998000,15.65,0.145,0.0093,0.91,91.29,2,1,8,0,0,161954000,0.0151,2.285,5.27,15.58,Graco Inc,INDUSTRIALS,60,60,80,75,11,61.4,0.1725,68.39,77.86,79.6,76.42,82.94,84.04,-0.0219,0.0188,-0.0612,-0.0735,77.16,78.9988,81.9606,50.2245,-0.5977,-0.8432,0.2455,78.7798,75.5402,0.7161,0.1532,2497045.4545,0.7249,8e-4,2e-4,-7e-4,0.0113,751,0.0038,-0.1079,0.18,-0.9217,TRUE,FALSE,FALSE,FALSE,Neutral,TRUE,15,85,57.2165,22.6804,70,45.201,768,-0.4379,-0.0459,-0.0091,0.4206,-0.0013,0.013,-0.3191,-1.5492,1,1,27.81,No Signal,0.03,3.41,Decreasing,FALSE,3.4%,0,NA,NA,NA,NA,50,Unknown,FALSE,FALSE,NA,NA,0.5245,539709000,NA,NA,NA,NA,NA,NA,539709000,NA,0.5245,2236604000,NA,507575000,0.0093,2522688000,NA,507575000,0.0093,30.4,9.8,6.2,63.9,58.2,27.9,27.9,56.8,54.6,65.5,50,76.8,61.4,61.1,42.9,50,FALSE,36.5,36.5,Weak,Weak,FALSE,FALSE,NEUTRAL,Proven,29.4,-0.0013,Analyst Upside,MACD RSI ANALYST,77.86,-2.19,94.99,72.22,4.917,15.65,0.5245,0.297,0.235,0.212,0.0093,NA,NA,NA,NA,12574094000,$12.6B,24.1,-2.2%,+1.9%,-6.1%,-7.3%,61.1,61.1,42.9,56.66,0.03,No Signal
GOOGL,343.92,408.1,235.23,2026-09-16,INTERNET CONTENT & INFORMATION,4219083162000,17.55,22.73,6.86,19.66,19.66,0.487,0.13,0.548,0.34,445865984000,36.84,173164003000,12.67,2.94,0.1448,1.225,428.07,13,45,5,0,0,5867156000,0.0024,1.249,9.29,50.9,Alphabet Inc Class A,COMMUNICATION SERVICES,75,40,95,90,63,78.2,0.2447,76.57,343.92,342,337.39,273.5,245.79,0.0056,0.0194,0.2575,0.3992,342.174,344.2904,338.2068,49.7163,0.0242,-0.1073,0.1315,354.6504,329.6976,0.57,0.2734,26450554.5455,1.1498,8e-4,0.0015,6e-4,0.0159,751,-9e-4,0.1297,0.2525,0.6388,TRUE,FALSE,TRUE,TRUE,Neutral,TRUE,35,45,57.732,57.732,70,51.366,768,0.4993,0.0016,-0.0637,0.4603,-4e-4,0.0186,-0.0933,-0.3166,1,0,14.72,No Signal,0.01,3.5,Increasing,FALSE,1.5%,0,NA,NA,NA,NA,50,Unknown,FALSE,FALSE,NA,NA,NA,71841666666.6667,NA,NA,NA,NA,NA,0.1564,71841666666.6667,0.1564,NA,402836000000,100164000000,55911000000,0.1448,640480000000,100164000000,55911000000,0.1448,42.8,41.5,24.7,0,50.5,35.7,35.7,77.7,37.2,91.2,81.1,98.5,78.2,79.5,58.2,50,FALSE,47.7,47.7,Neutral,Neutral,TRUE,FALSE,NEUTRAL,Proven,47.9,-4e-4,Analyst Upside,GX MACD MA200 ANALYST,343.92,0.5599999999999999,408.1,235.23,6.86,12.67,NA,0.34,0.548,0.487,0.1448,0.1564,0.1564,NA,NA,4219083162000,$4.22T,17.6,+0.6%,+1.9%,+25.8%,+39.9%,79.5,79.5,58.2,67.69999999999999,0.01,Tier 2: Golden Cross
GRMN,294.14,313.07,183.64,2026-09-18,SCIENTIFIC & TECHNICAL INSTRUMENTS,53101949000,28.56,24.15,5.92,9.64,9.64,0.219,0.122,0.245,0.304,7671438000,39.84,2311467000,22.03,0.353,0.1772,0.866,290.29,0,2,4,0,2,192853000,0.0152,2.944,6.64,46.8,Garmin Ltd,TECHNOLOGY,45,40,80,75,8,43.8,-0.0131,58.88,294.14,289.02,232.51,226,236.7,0.0177,0.2651,0.3015,0.2427,280.244,283.4258,244.3448,62.6544,0.4883,-0.1709,0.6592,293.0443,267.4437,1.0428,0.2494,836000,1.0038,8e-4,0.0016,8e-4,0.0193,751,-0.0085,0.1969,0.3061,0.6457,TRUE,TRUE,TRUE,TRUE,Neutral,TRUE,100,85,84.5361,63.4021,70,82.7912,768,0.6253,-0.0488,0.2136,0.4365,0.001,0.0216,0.2421,0.7064,1,0,22.77,No Signal,0.02,4.39,Stable,FALSE,1.6%,0,NA,NA,NA,NA,50,Unknown,FALSE,FALSE,NA,NA,0.5874,1261518000,NA,NA,NA,NA,NA,NA,1261518000,NA,0.5874,7245519000,NA,2334235000,0.1772,9029013000,NA,2334235000,0.1772,67,67.4,10.3,0,84.5,51.7,51.7,47.5,44.3,66.5,50,77.8,43.8,56.4,80.8,50,FALSE,59.4,59.4,Neutral,Neutral,TRUE,FALSE,NEUTRAL,Proven,62.9,0.001,Strong Trend,GX MACD RSI MA200,294.14,1.77,313.07,183.64,5.92,22.03,0.5874,0.304,0.245,0.219,0.1772,NA,NA,NA,NA,53101949000,$53.1B,28.6,+1.8%,+26.5%,+30.1%,+24.3%,56.4,56.4,80.8,53.839999999999996,0.02,Tier 2: Golden Cross
HALO,113.9,116.84,61.23,2026-09-23,BIOTECHNOLOGY,13067024000,32.71,11.35,88.12,3.52,3.52,1.737,0.255,0.249,0.598,1663738000,14.15,1050688000,20.27,0.429,0.2978,0.882,99.56,2,5,2,0,0,113498000,NA,-2.5,8.75,1.259,Halozyme Therapeutics Inc,HEALTHCARE,45,20,95,75,9,75,-0.1259,62.5,113.9,107.06,74.96,62.13,73.97,0.0639,0.5195,0.8333,0.5398,109.6485,99.7436,77.13,64.1327,3.4008,3.5739,-0.1731,115.4379,103.8591,0.8672,0.2582,2182404.5455,0.6803,8e-4,0.0018,9e-4,0.0253,751,-0.0169,0.3065,0.4011,0.5961,TRUE,TRUE,TRUE,TRUE,Neutral,FALSE,100,85,95.3608,93.299,30,88.018,768,0.5205,0.14,0.4788,0.5238,0.0043,0.0256,1.0842,2.6639,1,0,46.68,Low Signal,0.13,11.59,Stable,FALSE,13.4%,0,NA,NA,NA,NA,50,Unknown,FALSE,FALSE,NA,NA,NA,495411000,NA,NA,NA,NA,NA,14.9548,495411000,14.9548,NA,1396611000,2146654000,163138000,0.2978,143543000,2146654000,163138000,0.2978,91.8,98.4,80.4,0,95.9,82.6,82.6,41,50,99.5,0,79.4,75,59.8,93.4,50,FALSE,81.8,81.8,Very Strong,Very Strong,TRUE,FALSE,NEUTRAL,Proven,97.4,0.0043,Alpha Leader,GX RSI MA200,113.9,6.39,116.84,61.23,88.12,20.27,NA,0.598,0.249,1.737,0.2978,14.9548,14.9548,NA,NA,13067024000,$13.1B,32.7,+6.4%,+51.9%,+83.3%,+54%,59.8,59.8,93.4,55.879999999999995,0.13,Tier 2: Golden Cross
HD,293.2,409.79,284.85,2026-09-16,HOME IMPROVEMENT RETAIL,304774218000,21.36,20.7,18.66,14.3,14.3,1.043,0.121,0.0841,0.129,169176007000,170.2,24647999000,14.55,0.046,0.0386,0.955,377.19,4,17,15,0,0,997690000,0.0149,1.734,2.191,16.65,The Home Depot Inc,CONSUMER CYCLICAL,60,20,95,60,36,67.4,0.2865,63.24,293.2,334.85,348.86,323.5,407.45,-0.1244,-0.1595,-0.0937,-0.2804,308.998,327.2216,340.7688,31.0658,-3.1619,-2.8405,-0.3214,330.4018,287.5942,0.131,0.2161,4449309.0909,0.7156,8e-4,1e-4,-8e-4,0.0131,751,-0.0019,-0.1341,0.2079,-0.9335,FALSE,FALSE,FALSE,FALSE,Neutral,FALSE,15,20,20.6186,18.5567,30,19.6469,768,-0.4954,-0.1349,-0.197,0.4365,-0.0019,0.016,-0.4828,-1.8955,1,0,8.73,No Signal,0.01,2.76,Increasing,FALSE,1.1%,0,NA,NA,NA,NA,50,Unknown,FALSE,FALSE,NA,NA,0.3332,15639000000,NA,NA,NA,NA,NA,2.9727,15639000000,2.9727,0.3332,164683000000,49397000000,2085000000,0.0386,16617000000,49397000000,2085000000,0.0386,20.1,4.7,10.3,0,25.3,13.1,13.1,65.5,10.9,96.9,7.2,45.4,67.4,54.7,12.9,50,FALSE,19.3,19.3,Very Weak,Very Weak,FALSE,FALSE,NEUTRAL,Proven,8.8,-0.0019,Analyst Upside,ANALYST,293.2,-12.44,409.79,284.85,18.66,14.55,0.3332,0.129,0.0841,1.043,0.0386,2.9727,2.9727,NA,NA,304774218000,$304.8B,21.4,-12.4%,-16%,-9.4%,-28%,54.7,54.7,12.9,52.82,0.01,No Signal
HNST,5.29,6.01,2.07,2026-09-23,HOUSEHOLD & PERSONAL PRODUCTS,580408000,NA,42.55,3.424,-0.11,-0.11,-0.0687,0.0135,-0.0356,0.0486,342010000,3.055,7834000,25.49,2,0.0384,2.241,5.2,0,3,3,0,1,107284000,NA,NA,1.39,1.531,Honest Company Inc,CONSUMER DEFENSIVE,50,60,15,20,7,53.6,-0.017,37.36,5.29,5.72,3.6,2.89,3.77,-0.0752,0.4694,0.8304,0.4032,5.4953,4.9188,3.4966,50.3925,1.2202,2.6429,-1.4227,5.9188,5.0717,0.2577,0.3648,2094927.2727,1.4688,8e-4,0.0029,0.002,0.0437,751,-0.0035,0.4152,0.6933,0.7415,FALSE,TRUE,TRUE,TRUE,Neutral,FALSE,100,85,92.7835,92.268,30,87.0387,768,1.1523,0.0616,0.4017,0.5,0.0045,0.0468,1.131,1.5232,1,0,38.79,No Signal,0.1,5.16,Stable,FALSE,9.9%,0,NA,NA,NA,NA,50,Unknown,FALSE,FALSE,NA,NA,0.3333,10712333.3333,NA,NA,NA,NA,NA,NA,10712333.3333,NA,0.3333,371317000,NA,105899000,0.0384,167020000,NA,105899000,0.0384,92.3,84.5,58.8,0,92.3,74.4,74.4,50,71,21.6,50,13.4,53.6,40.5,86.5,50,FALSE,72.2,72.2,Strong,Strong,TRUE,FALSE,NEUTRAL,Proven,88.1,0.0045,Alpha Leader,GX RSI MA200,5.29,-7.5200000000000005,6.01,2.07,3.424,25.49,0.3333,0.0486,-0.0356,-0.0687,0.0384,NA,NA,NA,NA,580408000,$580.4M,N/A,-7.5%,+46.9%,+83%,+40.3%,40.5,40.5,86.5,44.3,0.1,Tier 2: Golden Cross
HON,212.55,258.09,193.26,2026-09-16,CONGLOMERATES,64478274000,7.82,21.05,3.443,26.02,26.02,0.466,0.0572,0.216,0.203,38057001000,119.9,8512000000,6.6,2.639,0.065,0.901,263.41,3,12,8,0,1,316940000,0.0467,3.291,2.329,58.49,Honeywell International Inc,INDUSTRIALS,90,60,95,75,24,66.7,0.2393,80.92,212.55,220.67,243.5343,234.3786,205.3054,-0.0368,-0.1272,-0.0931,0.0353,208.1315,223.5314,230.2114,49.1994,-1.4493,-2.2906,0.8413,216.4642,199.7988,0.7651,0.1993,3155800,0.7404,8e-4,3e-4,-6e-4,0.013,751,-0.0018,-0.084,0.2061,-0.6734,TRUE,FALSE,FALSE,FALSE,Neutral,TRUE,15,45,24.2268,19.0722,70,28.5825,768,-0.3447,-0.0846,-0.1668,0.4048,-0.0018,0.0182,-0.4509,-1.5581,1,0,13.23,No Signal,0.02,2.83,Increasing,FALSE,2.3%,0,NA,NA,NA,NA,50,Unknown,FALSE,FALSE,NA,NA,NA,5082333333.3333,NA,NA,NA,NA,NA,1.6998,5082333333.3333,1.6998,NA,37442000000,31510000000,8751000000,0.065,18537000000,31510000000,8751000000,0.065,22.2,8.8,4.1,0,29.4,14.1,14.1,99.3,70.5,90.2,14.4,74.7,66.7,73.6,30.2,50,FALSE,26.9,26.9,Very Weak,Very Weak,FALSE,FALSE,NEUTRAL,Proven,18,-0.0018,Analyst Upside,MACD ANALYST,212.55,-3.6799999999999997,258.09,193.26,3.443,6.6,NA,0.203,0.216,0.466,0.065,1.6998,1.6998,NA,NA,64478274000,$64.5B,7.8,-3.7%,-12.7%,-9.3%,+3.5%,73.6,73.6,30.2,64.16,0.02,No Signal
HOOD,119.4,153.86,63.52,2026-09-23,CAPITAL MARKETS,111710978000,54.74,45.25,11.69,2.27,2.27,0.236,0.0453,0.42,0.439,4932000000,5.5,138119000,49.73,0.476,0.5487,2.34,130.08,4,18,4,1,1,790630000,NA,2.153,23.8,10.54,Robinhood Markets Inc,FINANCIAL SERVICES,25,20,80,90,28,70.5,0.0894,54.8,119.4,108.54,98.69,65.16,122.65,0.1001,0.2098,0.8324,-0.0265,114.711,104.2476,94.6278,57.2883,4.092,3.8915,0.2006,129.0163,100.4057,0.6639,0.8151,22216163.6364,2.6077,8e-4,0.0043,0.0035,0.0386,751,-0.0172,0.5333,0.6126,1.4241,TRUE,TRUE,TRUE,TRUE,Neutral,TRUE,100,85,82.4742,92.7835,70,88.049,768,6.0351,0.2165,0.0535,0.4365,0.0015,0.0411,0.3661,0.5606,1,0,17.9,No Signal,0.05,1.52,Stable,FALSE,4.6%,0,NA,NA,NA,NA,50,Unknown,FALSE,FALSE,NA,NA,NA,NA,NA,NA,NA,NA,NA,NA,NA,NA,NA,4473000000,NA,5362000000,0.5487,8567000000,NA,5362000000,0.5487,71.1,65.3,10.3,0,67,49.8,49.8,14.4,20.2,69.1,50,95.9,70.5,52,90.9,50,FALSE,60,60,Neutral,Neutral,TRUE,FALSE,NEUTRAL,Proven,63.4,0.0015,Alpha Leader,GX MACD RSI MA200,119.4,10.01,153.86,63.52,11.69,49.73,NA,0.439,0.42,0.236,0.5487,NA,NA,NA,NA,111710978000,$111.7B,54.7,+10%,+21%,+83.2%,-2.6%,52,52,90.9,51.2,0.05,Tier 2: Golden Cross
HUBB,466.62,562.06,398.95,2026-09-23,ELECTRICAL EQUIPMENT & PARTS,24241168000,27.1,20.37,6.18,16.93,16.93,0.244,0.0843,0.145,0.217,6223600000,117.43,1515500000,19.98,-0.009,0.043,0.889,565.73,0,7,6,0,0,52833000,0.0122,1.921,4.713,74.04,Hubbell Inc,INDUSTRIALS,45,40,80,60,13,63.5,0.2124,58.6,466.62,472.46,517.02,472.07,420.44,-0.0124,-0.0975,-0.0115,0.1098,454.105,474.4516,487.401,53.0745,-0.84,-1.5723,0.7323,471.9868,436.2232,0.8499,0.2638,473241.7727,1.2129,8e-4,7e-4,-1e-4,0.0158,751,-0.0038,-0.0768,0.2509,-0.1273,TRUE,FALSE,FALSE,FALSE,Neutral,TRUE,15,85,30.4124,29.3814,70,38.5,768,-0.1567,-0.0714,-0.1475,0.4683,-0.0015,0.0195,-0.3815,-1.2331,1,0,40.83,Low Signal,0.05,5.89,Decreasing,FALSE,5.4%,0,NA,NA,NA,NA,50,Unknown,FALSE,FALSE,NA,NA,0.3532,800200000,NA,NA,NA,NA,NA,1.228,800200000,1.228,0.3532,5844600000,4803900000,378600000,0.043,3911900000,4803900000,378600000,0.043,27.3,15,29.9,0,33,22.9,22.9,50.4,42.1,71.1,20.7,58.8,63.5,52.6,42.4,50,FALSE,32,32,Weak,Weak,FALSE,FALSE,NEUTRAL,Proven,22.2,-0.0015,Analyst Upside,MACD RSI ANALYST,466.62,-1.24,562.06,398.95,6.18,19.98,0.3532,0.217,0.145,0.244,0.043,1.228,1.228,NA,NA,24241168000,$24.2B,27.1,-1.2%,-9.8%,-1.1%,+11%,52.6,52.6,42.4,51.56,0.05,No Signal
HUBS,213.74,525.51,169.63,2026-09-20,SOFTWARE - APPLICATION,11063336000,76.91,13.09,6.5,2.81,2.81,0.0789,0.0236,0.0426,0.0487,3448998000,66.32,156663000,29.04,9.68,0.2012,1.181,249.37,6,9,18,0,1,51191000,NA,0.265,2.805,33.36,HubSpot Inc,TECHNOLOGY,25,40,40,40,34,64,0.1667,38.65,213.74,237.08,185.47,237.81,506.68,-0.0984,0.1524,-0.1012,-0.5782,235.4335,231.3186,250.712,42.232,-1.8816,-0.6035,-1.2782,266.0746,204.7924,0.146,0.6209,1657872.7273,1.1733,8e-4,-5e-4,-0.0013,0.0321,751,-0.0407,-0.3739,0.5097,-0.6619,FALSE,FALSE,FALSE,FALSE,Neutral,FALSE,15,45,73.7113,18.0412,30,39.2216,768,-0.7707,-0.1041,0.1444,0.5,1e-4,0.0531,0.0373,0.0443,1,0,21.2,No Signal,0.06,2.66,Increasing,FALSE,6.2%,0,NA,NA,NA,NA,50,Unknown,FALSE,FALSE,NA,NA,0.8376,528488333.3333,NA,NA,NA,NA,NA,NA,528488333.3333,NA,0.8376,3131266000,NA,958314000,0.2012,1656728000,NA,958314000,0.2012,55.2,52.8,58.8,0,79.4,53.4,53.4,7.9,39.9,38.1,50,34.5,64,35.5,33.5,50,FALSE,45.9,45.9,Neutral,Neutral,FALSE,FALSE,NEUTRAL,Proven,45.9,1e-4,Analyst Upside,ANALYST,213.74,-9.84,525.51,169.63,6.5,29.04,0.8376,0.0487,0.0426,0.0789,0.2012,NA,NA,NA,NA,11063336000,$11.1B,76.9,-9.8%,+15.2%,-10.1%,-57.8%,35.5,35.5,33.5,41.3,0.06,Tier 5: Underdog Watch
IBKR,89.24,98.66,58.7,2026-09-19,CAPITAL MARKETS,154519044000,35.99,27.17,6.78,2.52,2.52,0.24,0.0228,0.165,0.765,6835000000,15.33,NA,3.26,0.353,0.2518,1.349,105.74,2,7,3,0,1,453078000,0.0037,1.427,2.917,13.1,Interactive Brokers Group Inc,FINANCIAL SERVICES,25,40,80,75,13,67.3,0.1849,56.23,89.24,97.02,89.82,63.69,64.97,-0.0802,-0.0065,0.4012,0.3736,91.066,91.2274,80.7448,45.7455,-0.5042,-0.4212,-0.083,95.9005,86.2315,0.3111,0.3909,3781931.8182,1.4571,8e-4,0.0021,0.0013,0.0193,751,-0.0119,0.2316,0.3059,1.0721,FALSE,FALSE,TRUE,TRUE,Neutral,FALSE,35,45,50.5155,74.2268,30,48.5,768,1.3298,-0.0141,-0.0999,0.4841,1e-4,0.0201,0.0223,0.0698,1,0,18.39,No Signal,0.03,3.48,Increasing,FALSE,2.7%,0,NA,NA,NA,NA,50,Unknown,FALSE,FALSE,NA,NA,NA,NA,NA,NA,NA,NA,NA,NA,NA,NA,NA,2440000000,NA,7711000000,0.2518,5904000000,NA,7711000000,0.2518,53.6,54.4,41.2,0,42.8,44.3,44.3,36,38.3,70.6,50,64.9,67.3,54.5,57.5,50,FALSE,49,49,Neutral,Neutral,TRUE,FALSE,NEUTRAL,Proven,51,1e-4,Analyst Upside,GX MA200 ANALYST,89.24,-8.02,98.66,58.7,6.78,3.26,NA,0.765,0.165,0.24,0.2518,NA,NA,NA,NA,154519044000,$154.5B,36,-8%,-0.7%,+40.1%,+37.4%,54.5,54.5,57.5,52.699999999999996,0.03,Tier 2: Golden Cross
IBM,225.51,330.09,197.77,2026-09-16,INFORMATION TECHNOLOGY SERVICES,233997910000,22.06,18.73,6.81,11.26,11.26,0.345,0.053,0.155,0.166,69094998000,73.7,16473000000,16.61,-0.018,0.0449,0.708,245.35,3,10,10,1,1,942134000,0.027,2.356,4.223,36.57,International Business Machines,TECHNOLOGY,60,40,95,75,25,63,0.088,69.05,225.51,229.87,271.63,237.25,281.44,-0.019,-0.1698,-0.0495,-0.1987,235.1195,230.6606,257.7147,41.16,-0.7252,-0.1528,-0.5723,247.1963,223.0427,0.1021,0.3322,5494022.7273,0.7436,8e-4,9e-4,0,0.0212,751,-0.0123,0.0598,0.3362,0.0171,FALSE,FALSE,FALSE,FALSE,Neutral,FALSE,15,45,19.5876,24.2268,30,24.2216,768,-0.1246,-0.0406,-0.1951,0.5079,-6e-4,0.0362,-0.1575,-0.2738,1,0,25.01,No Signal,0.02,4.56,Stable,FALSE,2.4%,0,NA,NA,NA,NA,50,Unknown,FALSE,FALSE,NA,NA,0.5819,12395000000,NA,NA,NA,NA,NA,1.6316,12395000000,1.6316,0.5819,67535000000,56212000000,7172000000,0.0449,34452000000,56212000000,7172000000,0.0449,39.2,43.5,66,0,25.8,39.7,39.7,63.3,37.7,83.5,15.3,62.4,63,57.7,22.5,50,FALSE,38.3,38.3,Weak,Weak,FALSE,FALSE,NEUTRAL,Proven,33.5,-6e-4,Balanced,,225.51,-1.9,330.09,197.77,6.81,16.61,0.5819,0.166,0.155,0.345,0.0449,1.6316,1.6316,NA,NA,233997910000,$234B,22.1,-1.9%,-17%,-5%,-19.9%,57.7,57.7,22.5,54.62,0.02,No Signal
IDYA,36.69,42.68,25.36,2026-09-23,BIOTECHNOLOGY,3831598000,NA,4.649,3.128,-1.96,-1.96,-0.162,-0.115,-0.748,-13.81,234127000,2.617,-214195008,-7.8,0,2.0582,-0.076,52.38,3,11,1,0,0,96489000,NA,NA,12.6,12.44,Ideaya Biosciences Inc,HEALTHCARE,50,60,15,20,15,78.3,0.4276,39.83,36.69,41.58,36.74,31.45,25.69,-0.1176,-0.0014,0.1666,0.4282,38.6145,37.7822,33.9678,40.5384,-0.5629,0.1954,-0.7583,40.9145,36.3145,0.0816,0.3101,817100,1.147,8e-4,9e-4,1e-4,0.0287,751,-0.0068,-0.0122,0.4558,0.0412,FALSE,FALSE,TRUE,TRUE,Neutral,FALSE,35,45,52.0619,48.4536,30,43.8093,768,-0.2714,0.009,-0.0594,0.4603,-0,0.0283,-0.0059,-0.0132,1,0,44.91,Low Signal,0.1,17.26,Stable,FALSE,10.3%,0,NA,NA,NA,NA,50,Unknown,FALSE,FALSE,NA,NA,NA,-147499666.6667,96489484,3545023642.16,NA,NA,NA,NA,-147499666.6667,NA,NA,218710000,NA,272589000,2.0582,1198905000,NA,272589000,2.0582,51.5,51.3,24.7,0,51,40.9,40.9,50,73.2,17,50,1.5,78.3,40.3,44.1,50,FALSE,41.6,41.6,Weak,Weak,TRUE,FALSE,NEUTRAL,Proven,38.1,-0,Analyst Upside,GX MA200 ANALYST,36.69,-11.76,42.68,25.36,3.128,-7.8,NA,-13.81,-0.748,-0.162,2.0582,NA,NA,NA,NA,3831598000,$3.8B,N/A,-11.8%,-0.1%,+16.7%,+42.8%,40.3,40.3,44.1,44.17999999999999,0.1,Tier 2: Golden Cross
IESC,324.13,408.25,170.07,2026-09-23,ENGINEERING & CONSTRUCTION,12794227000,28.56,208.33,10.44,11.24,11.24,0.445,0.165,0.114,0.144,3985742000,100.16,551440000,19.59,0.987,0.1909,1.78,440,0,0,1,0,0,39848700,NA,0,3.141,30.85,IES Holdings Inc,INDUSTRIALS,45,20,95,60,1,50,0.3575,57.75,324.13,331.48,357.45,220.86,190.005,-0.0222,-0.0932,0.4676,0.7059,319.44,333.8857,287.8881,48.9957,-1.23,-1.5064,0.2764,341.4931,297.3869,0.6063,0.6405,268845.4545,2.1598,8e-4,0.0039,0.0031,0.0379,751,0.0059,0.5316,0.6012,1.2912,TRUE,FALSE,TRUE,TRUE,Neutral,TRUE,35,45,31.9588,80.9278,70,48.2732,768,4.4009,-0.1259,-0.2153,0.4841,-1e-4,0.046,-0.0324,-0.0444,1,0,25.11,No Signal,0.03,4.11,Stable,FALSE,3%,0,NA,NA,NA,NA,50,Unknown,FALSE,FALSE,NA,NA,0.2549,181441000,NA,NA,NA,NA,NA,0,181441000,0,0.2549,3371468000,0,77278000,0.1909,1229242000,0,77278000,0.1909,49,49.7,41.2,0,22.2,38.7,38.7,47.5,23.5,89.2,100,55.2,50,64.1,61.4,50,FALSE,48,48,Neutral,Neutral,TRUE,FALSE,NEUTRAL,Proven,48.5,-1e-4,Analyst Upside,GX MACD MA200 ANALYST,324.13,-2.22,408.25,170.07,10.44,19.59,0.2549,0.144,0.114,0.445,0.1909,0,0,NA,NA,12794227000,$12.8B,28.6,-2.2%,-9.3%,+46.8%,+70.6%,64.1,64.1,61.4,58.459999999999994,0.03,Tier 2: Golden Cross
INCY,123.89,132.6,81.09,2026-09-20,BIOTECHNOLOGY,25400054000,15.98,14.53,4.003,7.84,7.84,0.307,0.168,0.277,0.419,5819530000,29.36,1942313000,10.11,0.377,0.1795,0.77,127.74,2,10,15,1,0,202698000,NA,10.82,3.592,31.57,Incyte Corporation,HEALTHCARE,75,60,95,90,28,61.6,0.0311,78.91,123.89,128.12,113.75,90.33,81.66,-0.033,0.0891,0.3715,0.5171,124.875,123.2444,106.2489,48.9796,0.316,0.5379,-0.222,128.821,120.929,0.3752,0.2688,1442218.1818,0.5028,8e-4,0.0012,4e-4,0.0203,751,-0.0099,0.1941,0.3227,0.2766,FALSE,TRUE,TRUE,TRUE,Neutral,FALSE,100,45,67.5258,71.134,30,69.2345,768,0.0818,0.0359,0.0824,0.5079,0.0024,0.0209,0.6045,1.8263,1,0,32.3,No Signal,0.05,7.26,Increasing,FALSE,4.9%,0,NA,NA,NA,NA,50,Unknown,FALSE,FALSE,NA,NA,NA,NA,NA,NA,NA,NA,NA,NA,NA,NA,NA,5141242000,NA,3982375000,0.1795,6344427000,NA,3982375000,0.1795,83.5,90.2,66,0,70.6,71.4,71.4,80.6,63.9,80.4,50,82.5,61.6,72.2,67,50,FALSE,70.5,70.5,Strong,Strong,TRUE,FALSE,NEUTRAL,Proven,85.1,0.0024,Alpha Leader,GX MA200,123.89,-3.3000000000000003,132.6,81.09,4.003,10.11,NA,0.419,0.277,0.307,0.1795,NA,NA,NA,NA,25400054000,$25.4B,16,-3.3%,+8.9%,+37.1%,+51.7%,72.2,72.2,67,63.32,0.05,Tier 2: Golden Cross
INTA,36.1,47.93,19.01,2026-09-23,SOFTWARE - APPLICATION,2761287000,NA,22.94,8.84,-0.51,-0.51,-0.0987,-0.0218,-0.0715,0.0057,577805000,7.26,-15965000,-56.63,0,0.1986,0.45,40.29,1,3,4,0,1,76511000,NA,0.655,4.607,4.152,Intapp Inc,TECHNOLOGY,50,40,15,20,9,58.3,0.1161,33.83,36.1,40.4,25.01,25.42,42.03,-0.1064,0.4434,0.4201,-0.1411,38.8345,36.8294,30.5301,41.868,-1.3269,0.0109,-1.3377,44.0886,33.5804,0.2398,0.3158,599290.9091,1.2066,8e-4,6e-4,-2e-4,0.0295,751,-0.0253,-0.096,0.4687,-0.1118,FALSE,FALSE,TRUE,TRUE,Neutral,FALSE,35,45,90.7216,76.8041,30,61.0773,768,-0.4204,-0.1121,0.4551,0.4841,0.0038,0.0385,0.9529,1.559,1,0,36.79,No Signal,0.04,5.24,Decreasing,FALSE,3.9%,0,NA,NA,NA,NA,50,Unknown,FALSE,FALSE,NA,NA,0.7398,70635000,NA,NA,NA,NA,NA,NA,70635000,NA,0.7398,504120000,NA,162813000,0.1986,317603000,NA,162813000,0.1986,89.2,85,41.2,0,93.3,70.2,70.2,50,26.8,19.6,50,10.8,58.3,34.3,62.2,50,FALSE,62.9,62.9,Neutral,Neutral,TRUE,FALSE,NEUTRAL,Proven,67.5,0.0038,Alpha Leader,GX MA200 ANALYST,36.1,-10.639999999999999,47.93,19.01,8.84,-56.63,0.7398,0.0057,-0.0715,-0.0987,0.1986,NA,NA,NA,NA,2761287000,$2.8B,N/A,-10.6%,+44.3%,+42%,-14.1%,34.3,34.3,62.2,40.58,0.04,Tier 2: Golden Cross
INTU,275.79,697.25,251.72,2026-09-16,SOFTWARE - APPLICATION,87992795000,20.62,14.68,4.772,15.97,15.97,0.236,0.105,0.213,0.176,21447999000,77.71,6849000000,12.9,-0.014,0.1448,0.976,405.6,5,16,12,1,1,267236000,0.0142,1.076,4.283,69.82,Intuit Inc,TECHNOLOGY,60,60,80,75,35,66.4,0.4707,68.89,275.79,345.88,267.72,429.03,692.68,-0.2026,0.0301,-0.3572,-0.6019,319.425,324.6498,403.4292,29.566,-4.294,-2.3285,-1.9655,367.7485,271.1015,0.0485,0.4174,4015168.1818,0.8681,8e-4,-5e-4,-0.0014,0.0221,751,-0.0103,-0.3171,0.3503,-0.9845,FALSE,FALSE,FALSE,FALSE,Oversold,FALSE,15,20,58.7629,2.5773,30,27.8943,768,-0.7095,-0.2238,0.0367,0.4365,-0.0027,0.0361,-0.6898,-1.2038,1,0,20.33,No Signal,0.03,2.27,Decreasing,FALSE,2.6%,0,NA,NA,NA,NA,50,Unknown,FALSE,FALSE,NA,NA,NA,5217333333.3333,NA,NA,NA,NA,NA,0.4038,5217333333.3333,0.4038,NA,18831000000,7669000000,4705000000,0.1448,18992000000,7669000000,4705000000,0.1448,12.9,16.1,10.3,0,65.5,19.8,19.8,70.5,56.8,69.1,57.7,73.7,66.4,66.5,14.3,50,FALSE,25.5,25.5,Very Weak,Very Weak,FALSE,FALSE,NEUTRAL,Proven,14.4,-0.0027,Analyst Upside,ANALYST,275.79,-20.26,697.25,251.72,4.772,12.9,NA,0.176,0.213,0.236,0.1448,0.4038,0.4038,NA,NA,87992795000,$88B,20.6,-20.3%,+3%,-35.7%,-60.2%,66.5,66.5,14.3,59.9,0.03,No Signal
IONQ,45.48,84.64,25.89,2026-09-23,COMPUTER HARDWARE,16505227000,NA,NA,4.933,-3.89,-3.89,-0.605,-0.145,0,-4.082,246474000,0.721,-793051008,-10.33,0,1.4287,3.295,67.14,1,10,2,0,0,405136000,NA,NA,58.21,8.73,IONQ Inc,TECHNOLOGY,50,60,15,20,13,73.1,0.4763,39.31,45.48,40.03,49.31,26.59,69.43,0.1361,-0.0777,0.7104,-0.345,39.489,39.6654,43.6342,63.2913,1.4979,-0.7815,2.2794,44.3821,34.5959,1.1122,0.6392,23097777.2727,2.9305,8e-4,0.0035,0.0027,0.0595,751,0.0057,0.2643,0.9447,0.7107,TRUE,TRUE,TRUE,FALSE,Neutral,TRUE,80,85,35.567,87.6289,70,67.9459,768,0.7329,0.0227,-0.2521,0.4683,-8e-4,0.0488,-0.2083,-0.2686,1,0,25.9,No Signal,0.1,2.19,Stable,FALSE,10%,0,NA,NA,NA,NA,50,Unknown,FALSE,FALSE,NA,NA,NA,-171931000,NA,NA,NA,NA,NA,NA,-171931000,NA,NA,130016000,NA,1235729000,1.4287,3327208000,NA,1235729000,1.4287,37.1,44,29.9,0,16.5,30.6,30.6,50,54.1,6.7,50,17,73.1,37.1,78.5,50,FALSE,43.1,43.1,Weak,Weak,FALSE,FALSE,NEUTRAL,Proven,40.7,-8e-4,Strong Trend,MACD RSI MA200 ANALYST,45.48,13.61,84.64,25.89,4.933,-10.33,NA,-4.082,0,-0.605,1.4287,NA,NA,NA,NA,16505227000,$16.5B,N/A,+13.6%,-7.8%,+71%,-34.5%,37.1,37.1,78.5,42.260000000000005,0.1,No Signal
IONS,44.5,86.74,43.01,2026-09-25,BIOTECHNOLOGY,7300477000,NA,90.91,17.29,-3.48,-3.48,-1.055,-0.124,-0.647,-0.382,874093000,5.36,-579484992,135.77,-0.437,0.0946,0.419,83.64,9,10,5,0,0,166184000,NA,25.7,8.19,2.655,Ionis Pharmaceuticals Inc,HEALTHCARE,50,20,15,20,24,79.2,0.8796,31.92,44.5,63.36,81.18,72.52,62.97,-0.2977,-0.4518,-0.3864,-0.2933,51.952,54.846,71.256,29.7752,-7.9158,-6.2635,-1.6522,65.1345,38.7695,0.2174,0.4953,4225118.1818,0.6784,8e-4,3e-4,-5e-4,0.0276,751,0.0103,-0.0635,0.4389,-0.2993,FALSE,FALSE,FALSE,FALSE,Oversold,FALSE,15,20,2.5773,1.5464,30,10.8325,768,-0.3732,-0.1964,-0.4644,0.4603,-0.0041,0.0314,-1.0273,-2.0591,1,1,41.42,Low Signal,0.13,5.2,Stable,FALSE,12.6%,0,NA,NA,NA,NA,50,Unknown,FALSE,FALSE,NA,NA,NA,-399190666.6667,NA,NA,NA,NA,NA,4.0027,-399190666.6667,4.0027,NA,943711000,1760119000,350065000,0.0946,439737000,1760119000,350065000,0.0946,4.6,2.6,24.7,63.9,3.6,13.9,13.9,50,13.1,4.1,4.5,3.1,79.2,22.8,2.4,50,FALSE,12.5,12.5,Very Weak,Very Weak,FALSE,FALSE,NEUTRAL,Proven,3.1,-0.0041,Analyst Upside,ANALYST,44.5,-29.770000000000003,86.74,43.01,17.29,135.77,NA,-0.382,-0.647,-1.055,0.0946,4.0027,4.0027,NA,NA,7300477000,$7.3B,N/A,-29.8%,-45.2%,-38.6%,-29.3%,22.8,22.8,2.4,33.68,0.13,No Signal
ISRG,405.18,603.88,328.57,2026-09-16,MEDICAL INSTRUMENTS & SUPPLIES,135128146000,43.3,31.35,7.35,8.71,8.71,0.174,0.105,0.284,0.336,11034400000,31.07,4180800000,30.22,0.265,0.1886,1.465,476.34,7,17,8,1,0,358278000,NA,1.759,11.63,51.34,Intuitive Surgical Inc,HEALTHCARE,25,40,65,90,33,72.7,0.1756,54.52,405.18,370.42,404.7,452.78,438.12,0.0938,0.0012,-0.1051,-0.0752,379.0565,373.93,450.8979,65.3959,1.773,0.7552,1.0178,411.0849,347.0281,0.9078,0.2744,2349677.2727,1.1426,8e-4,7e-4,-2e-4,0.0176,751,0.0087,-0.0768,0.279,-0.1674,TRUE,TRUE,FALSE,FALSE,Neutral,TRUE,55,65,53.6082,17.5258,70,50.0876,768,-0.2287,0.0185,-0.0482,0.4365,-0.0021,0.0248,-0.5356,-1.3579,1,2,15.71,No Signal,0.02,3.35,Increasing,FALSE,2.3%,0,NA,NA,NA,NA,50,Unknown,FALSE,FALSE,NA,NA,0.66,1514700000,NA,NA,NA,NA,NA,NA,1514700000,NA,0.66,10064700000,NA,2760400000,0.1886,18168400000,NA,2760400000,0.1886,18,11.9,10.3,82,53.6,26.7,26.7,21.6,33.9,58.8,50,84.5,72.7,51.3,52.5,50,FALSE,36.6,36.6,Weak,Weak,FALSE,FALSE,NEUTRAL,Proven,30.4,-0.0021,Analyst Upside,MACD RSI ANALYST,405.18,9.379999999999999,603.88,328.57,7.35,30.22,0.66,0.336,0.284,0.174,0.1886,NA,NA,NA,NA,135128146000,$135.1B,43.3,+9.4%,+0.1%,-10.5%,-7.5%,51.3,51.3,52.5,50.78,0.02,No Signal
JAZZ,237.95,266.38,125.79,2026-09-19,BIOTECHNOLOGY,15627535000,16.69,11.03,3.295,14.42,14.42,0.221,0.0686,0.204,0.269,4601286000,74.6,1927067000,11.15,0.032,0.055,0.36,290.6,7,11,2,0,0,64915000,NA,0.958,3.919,74.1,Jazz Pharmaceuticals PLC,HEALTHCARE,75,60,80,75,20,81.2,0.2213,74.12,237.95,249.29,230.02,183.15,127.8,-0.0455,0.0345,0.2992,0.8619,242.6275,248.8076,210.204,42.4505,-1.2047,-0.9458,-0.259,250.2524,235.0026,0.1933,0.2508,1042681.8182,0.7006,8e-4,0.001,2e-4,0.0203,751,0.0016,0.1079,0.3229,0.1387,FALSE,FALSE,TRUE,TRUE,Neutral,FALSE,35,45,59.2784,62.3711,30,48.7577,768,-0.0518,-0.0239,-0.0071,0.5079,9e-4,0.0176,0.2376,0.8526,1,2,39.65,No Signal,0.07,7.22,Stable,FALSE,7.2%,0,NA,NA,NA,NA,50,Unknown,FALSE,FALSE,NA,NA,NA,1240968000,NA,NA,NA,NA,NA,0.9062,1240968000,0.9062,NA,4267586000,4351400000,1619800000,0.055,4801700000,4351400000,1619800000,0.055,66.5,68.9,66,82,59.3,67.5,67.5,79.1,72.1,67.5,30.6,71.1,81.2,67,53.5,50,FALSE,64.1,64.1,Neutral,Neutral,TRUE,FALSE,NEUTRAL,Proven,71.6,9e-4,Analyst Upside,GX MA200 ANALYST,237.95,-4.55,266.38,125.79,3.295,11.15,NA,0.269,0.204,0.221,0.055,0.9062,0.9062,NA,NA,15627535000,$15.6B,16.7,-4.6%,+3.5%,+29.9%,+86.2%,67,67,53.5,60.199999999999996,0.07,Tier 2: Golden Cross
JBSS,67.24,91.07,56.56,2026-09-23,PACKAGED FOODS,791999000,12.64,10.35,2.045,5.36,5.36,0.167,0.085,0.0527,0.0411,1175673000,100.5,113602000,7.41,-0.385,0.0498,0.32,100,1,0,1,0,0,9096100,0.0143,1.518,0.748,32.49,John B Sanfilippo & Son Inc,CONSUMER DEFENSIVE,90,75,65,40,2,75,0.4872,70.5,67.24,75.76,87.07,79.28,62.97,-0.1125,-0.2277,-0.1519,0.0678,70.072,76.8638,77.8788,29.2279,-4.1201,-4.2055,0.0854,75.3998,64.7442,0.2342,0.1577,129495.4545,0.2176,8e-4,-3e-4,-0.0012,0.0198,751,-0.0026,-0.1334,0.3135,-0.9517,FALSE,FALSE,FALSE,FALSE,Oversold,TRUE,15,20,13.4021,12.8866,70,20.3479,768,-0.6287,-0.2186,-0.231,0.4683,-0.0011,0.0191,-0.2677,-0.8852,1,1,32.19,No Signal,0.06,5.09,Increasing,FALSE,6.3%,0,NA,NA,NA,NA,50,Unknown,FALSE,FALSE,NA,NA,0.1796,29647333.3333,NA,NA,NA,NA,NA,0.1147,29647333.3333,0.1147,0.1796,1175673000,43567000,1147000,0.0498,379948000,43567000,1147000,0.0498,35.1,22.8,29.9,63.9,19.1,31.5,31.5,89.9,87.4,56.7,84.7,38.7,75,71.3,11.6,50,FALSE,32.7,32.7,Weak,Weak,FALSE,FALSE,NEUTRAL,Proven,23.2,-0.0011,Analyst Upside,MACD ANALYST,67.24,-11.25,91.07,56.56,2.045,7.41,0.1796,0.0411,0.0527,0.167,0.0498,0.1147,0.1147,NA,NA,791999000,$792M,12.6,-11.2%,-22.8%,-15.2%,+6.8%,71.3,71.3,11.6,62.779999999999994,0.06,No Signal
JNJ,271.22,281.07,169.49,2026-09-16,DRUG MANUFACTURERS - GENERAL,643924886000,30.96,20.79,7.55,8.63,8.63,0.257,0.086,0.215,0.292,97929003000,40.67,34872001000,19.73,-0.009,0.0517,0.235,277.91,5,11,6,1,0,2409899000,0.0197,2.791,6.84,35.28,Johnson & Johnson,HEALTHCARE,45,40,80,75,23,71.7,0.0247,61.67,271.22,270,254.66,242.49,177.73,0.0045,0.065,0.1185,0.526,269.641,264.9694,240.3236,56.7821,0.4915,0.573,-0.0814,276.2747,263.0073,0.619,0.1526,6424745.4545,0,8e-4,8e-4,-0,0.0149,751,-0.0034,0.1994,0.2362,-0.0485,TRUE,TRUE,TRUE,TRUE,Neutral,FALSE,100,85,64.433,42.268,30,68.5335,768,-0.0784,0.0427,0.0843,0.5556,0.0015,0.0134,0.3862,1.8134,1,2,15.14,No Signal,0.01,3.65,Stable,FALSE,0.9%,0,NA,NA,NA,NA,50,Unknown,FALSE,FALSE,NA,NA,0.6788,19262666666.6667,NA,NA,NA,NA,NA,0.463,19262666666.6667,0.463,0.6788,94193000000,39344000000,20422000000,0.0517,84971000000,39344000000,20422000000,0.0517,72.2,89.6,92.3,82,71.6,81.5,81.5,44.6,33.3,74.2,53.2,74.2,71.7,59,62.3,50,FALSE,73.5,73.5,Strong,Strong,TRUE,FALSE,NEUTRAL,Proven,90.2,0.0015,Alpha Leader,GX RSI MA200 α>SPY,271.22,0.44999999999999996,281.07,169.49,7.55,19.73,0.6788,0.292,0.215,0.257,0.0517,0.463,0.463,NA,NA,643924886000,$643.9B,31,+0.4%,+6.5%,+11.8%,+52.6%,59,59,62.3,55.4,0.01,Tier 2: Golden Cross
JPM,343.06,366.5,276.44,2026-09-16,BANKS - DIVERSIFIED,936984052000,15.1,14.01,2.632,23.35,23.35,0.178,0.0136,0.349,0.504,186328007000,68.35,NA,NA,0.469,0.0742,0.975,376.14,4,9,10,0,1,2658186000,0.0171,1.628,5.76,133.01,JPMorgan Chase & Co,FINANCIAL SERVICES,75,75,65,90,24,65.6,0.0964,73.31,343.06,356.5,329.05,283.77,313.45,-0.0377,0.0426,0.2089,0.0945,351.2615,353.3438,321.26,41.6634,-0.9653,-0.4858,-0.4795,364.5161,338.0069,0.1906,0.1866,7508000,0.871,8e-4,0.0012,4e-4,0.012,751,0.0079,0.1305,0.1907,0.5417,FALSE,FALSE,TRUE,TRUE,Neutral,FALSE,35,45,61.3402,53.0928,30,47.5206,768,0.3545,-0.0476,0.0069,0.5317,5e-4,0.0125,0.1222,0.6168,1,2,21.43,No Signal,0.01,3.64,Decreasing,FALSE,0.9%,0,NA,NA,NA,NA,50,Unknown,FALSE,FALSE,NA,NA,NA,NA,NA,NA,NA,NA,NA,NA,NA,NA,NA,182447000000,NA,NA,0.0742,374598000000,NA,NA,0.0742,58.8,66.3,83,82,61.9,68.3,68.3,84.2,79.8,59.3,50,92.8,65.6,71.7,48.5,50,FALSE,64.1,64.1,Neutral,Neutral,TRUE,FALSE,NEUTRAL,Proven,71.6,5e-4,Consistent Beat,GX MA200,343.06,-3.7699999999999996,366.5,276.44,2.632,NA,NA,0.504,0.349,0.178,0.0742,NA,NA,NA,NA,936984052000,$937B,15.1,-3.8%,+4.3%,+20.9%,+9.4%,71.7,71.7,48.5,63.02,0.01,Tier 2: Golden Cross
KEYS,362.15,374.96,158.79,2026-09-20,SCIENTIFIC & TECHNICAL INSTRUMENTS,57031991000,45.27,21.28,8.68,7.4,7.4,0.209,0.0723,0.191,0.257,6582000000,38.44,1698000000,29.84,1.091,-0.0082,1.208,415.08,3,7,2,0,0,170245000,NA,0.664,8.69,38.59,Keysight Technologies Inc,TECHNOLOGY,25,40,80,75,12,77.1,0.1462,57.21,362.15,321.87,328.66,269.41,172.33,0.1251,0.1019,0.3442,1.1015,332.0635,329.463,298.5844,66.2867,2.0462,0.7958,1.2504,359.629,304.498,1.0457,0.3707,1104395.4545,1.4506,8e-4,0.0016,8e-4,0.0186,751,0.0075,0.1016,0.2952,0.6661,TRUE,TRUE,TRUE,TRUE,Neutral,TRUE,100,65,68.5567,67.5258,70,75.8222,768,0.6325,0.0328,0,0.5714,-2e-4,0.0221,-0.0529,-0.1512,1,4,19.66,No Signal,0.01,2.81,Decreasing,FALSE,1.4%,0,NA,NA,NA,NA,50,Unknown,FALSE,FALSE,NA,NA,NA,1130000000,NA,NA,NA,NA,NA,0.383,1130000000,0.383,NA,5375000000,2517000000,2605000000,-0.0082,6571000000,2517000000,2605000000,-0.0082,47.4,46.1,95.9,96.4,60.3,63.6,63.6,20.1,27.9,64.9,60.4,70.6,77.1,51.6,77.8,50,FALSE,65.2,65.2,Strong,Strong,TRUE,FALSE,NEUTRAL,Proven,72.7,-2e-4,Consistent Beat,GX MACD RSI MA200 α>SPY ANALYST,362.15,12.509999999999998,374.96,158.79,8.68,29.84,NA,0.257,0.191,0.209,-0.0082,0.383,0.383,NA,NA,57031991000,$57B,45.3,+12.5%,+10.2%,+34.4%,+110.1%,51.6,51.6,77.8,50.96,0.01,Tier 2: Golden Cross
KO,87.81,91.94,63.66,2026-09-16,BEVERAGES - NON-ALCOHOLIC,381679108000,26.64,25.51,10.63,3.33,3.33,0.42,0.094,0.286,0.349,50128998000,11.65,16998000000,20.76,0.169,0.0236,0.342,94.7,7,12,4,0,1,4302549000,0.0234,4.059,8.21,8.4,The Coca-Cola Company,CONSUMER DEFENSIVE,45,20,95,90,24,75,0.0785,64.75,87.81,90.08,82.63,76.27,65.98,-0.0252,0.0627,0.1513,0.3309,88.2725,87.4816,79.607,48.3609,0.0481,0.2245,-0.1764,89.4121,87.1329,0.2971,0.1294,15679727.2727,0.0139,8e-4,7e-4,-2e-4,0.0142,751,-0.0087,0.1622,0.2249,-0.2036,FALSE,TRUE,TRUE,TRUE,Neutral,FALSE,100,45,63.9175,46.3918,30,63.2036,768,-0.1918,0.0118,0.0877,0.5556,0.002,0.0127,0.4924,2.4489,1,0,11.13,No Signal,0.01,2.79,Stable,FALSE,0.9%,0,NA,NA,NA,NA,50,Unknown,FALSE,FALSE,NA,NA,0.6163,6594666666.6667,NA,NA,NA,NA,NA,1.0235,6594666666.6667,1.0235,0.6163,47941000000,37001000000,12907000000,0.0236,36150000000,37001000000,12907000000,0.0236,78.4,96.9,92.3,0,72.7,77.1,77.1,52.5,22.4,87.1,26.1,85.1,75,60.4,56.9,50,FALSE,69.7,69.7,Strong,Strong,TRUE,FALSE,NEUTRAL,Proven,83,0.002,Alpha Leader,GX MA200 α>SPY,87.81,-2.52,91.94,63.66,10.63,20.76,0.6163,0.349,0.286,0.42,0.0236,1.0235,1.0235,NA,NA,381679108000,$381.7B,26.6,-2.5%,+6.3%,+15.1%,+33.1%,60.4,60.4,56.9,56.239999999999995,0.01,Tier 2: Golden Cross
KRYS,345.82,382.54,158.08,2026-09-23,BIOTECHNOLOGY,10385639000,41.82,48.08,7.65,8.39,8.39,0.201,0.0937,0.548,0.49,440484000,15.08,199293000,46.74,0.388,1.7704,0.537,386,1,9,1,0,0,29598800,NA,NA,21.69,45.92,Krystal Biotech Inc,HEALTHCARE,25,40,80,90,11,75,0.1162,59.25,345.82,359.76,372.25,246.94,161.15,-0.0387,-0.071,0.4004,1.146,348.578,343.3296,299.1573,50.5969,-0.289,-0.169,-0.12,370.0481,327.1079,0.4358,0.3042,268863.6364,0.9361,8e-4,0.0019,0.0011,0.0294,751,-0.0029,0.2843,0.4668,0.5802,FALSE,TRUE,TRUE,TRUE,Neutral,FALSE,100,85,39.1753,73.7113,30,67.2448,768,0.5941,0.0622,-0.0987,0.5476,0.0021,0.0244,0.526,1.3567,1,0,51.27,Low Signal,0.11,13.23,Decreasing,FALSE,10.7%,0,NA,NA,NA,NA,50,Unknown,FALSE,FALSE,NA,NA,NA,69164333.3333,NA,NA,NA,NA,NA,NA,69164333.3333,NA,NA,389130000,NA,427740000,1.7704,1359126000,NA,427740000,1.7704,79.4,79.8,89.2,0,43.8,68.2,68.2,23.7,32.2,64.4,50,98.5,75,55.3,68.2,50,FALSE,66.3,66.3,Strong,Strong,TRUE,FALSE,NEUTRAL,Proven,74.2,0.0021,Alpha Leader,GX RSI MA200 ANALYST,345.82,-3.8699999999999997,382.54,158.08,7.65,46.74,NA,0.49,0.548,0.201,1.7704,NA,NA,NA,NA,10385639000,$10.4B,41.8,-3.9%,-7.1%,+40%,+114.6%,55.3,55.3,68.2,53.18,0.11,Tier 2: Golden Cross
KYMR,111.95,130.05,51.47,2026-09-23,BIOTECHNOLOGY,10040361000,NA,NA,6.72,-3.37,-3.37,-0.241,-0.156,-2.853,-1.163,105000000,1.126,-339891008,-9.49,0,-0.2937,1.965,138.64,4,17,3,0,0,82258000,NA,NA,76.58,18.23,Kymera Therapeutics Inc,HEALTHCARE,50,40,15,20,24,76,0.2384,35.6,111.95,125.55,108.12,79.48,53.735,-0.1083,0.0354,0.4085,1.0834,116.8235,114.657,92.468,42.4533,0.0052,0.517,-0.5119,121.2264,112.4206,-0.0534,0.3186,723368.1818,1.5183,8e-4,0.0036,0.0028,0.0421,751,-0.0388,0.5908,0.6679,1.0483,FALSE,FALSE,TRUE,TRUE,Neutral,FALSE,35,45,59.7938,76.2887,30,51.6959,768,2.42,-0.0143,-0.0124,0.5079,0.0019,0.0309,0.4881,0.9945,1,0,47.02,Low Signal,0.13,16.13,Stable,FALSE,12.8%,0,NA,NA,NA,NA,50,Unknown,FALSE,FALSE,NA,NA,NA,-192995000,NA,NA,NA,NA,NA,NA,-192995000,NA,NA,39211000,NA,124477000,-0.2937,1509256000,NA,124477000,-0.2937,77.3,71.5,66,0,56.7,62.8,62.8,50,38.8,13.9,50,0,76,34.6,60.2,50,FALSE,57.9,57.9,Neutral,Neutral,TRUE,FALSE,NEUTRAL,Proven,61.9,0.0019,Alpha Leader,GX MA200 ANALYST,111.95,-10.83,130.05,51.47,6.72,-9.49,NA,-1.163,-2.853,-0.241,-0.2937,NA,NA,NA,NA,10040361000,$10B,N/A,-10.8%,+3.5%,+40.8%,+108.3%,34.6,34.6,60.2,40.760000000000005,0.13,Tier 2: Golden Cross
LIN,469.89,546.4,384,2026-09-16,SPECIALTY CHEMICALS,213415379000,29.95,23.53,5.48,15.46,15.46,0.184,0.0716,0.204,0.281,35449000000,76.2,13822000000,17.4,0.113,0.0171,0.727,544.4,5,16,5,1,0,460980000,0.0134,1.798,6.69,84.78,Linde plc Ordinary Shares,BASIC MATERIALS,45,40,65,75,27,73.1,0.1586,57.31,469.89,490.33,519.62,499.26,473.78,-0.0417,-0.0957,-0.0588,-0.0082,470.7215,484.0786,484.4798,46.1944,-1.2257,-1.4913,0.2656,491.6844,449.7586,0.4802,0.1366,1959595.4545,0.4607,8e-4,4e-4,-5e-4,0.0115,751,-0.0017,-0.003,0.1829,-0.6379,FALSE,FALSE,FALSE,FALSE,Neutral,TRUE,15,45,30.9278,23.7113,70,31.5206,768,-0.3196,-0.0102,-0.0966,0.4365,-4e-4,0.0124,-0.0928,-0.4715,1,1,12.45,No Signal,0.01,3.22,Increasing,FALSE,1.3%,0,NA,NA,NA,NA,50,Unknown,FALSE,FALSE,NA,NA,NA,5177666666.6667,NA,NA,NA,NA,NA,0.5924,5177666666.6667,0.5924,NA,33986000000,23152000000,4898000000,0.0171,39081000000,23152000000,4898000000,0.0171,43.3,36.3,10.3,63.9,44.8,37.2,37.2,45.3,48.6,61.3,44.1,71.1,73.1,56.2,30.5,50,FALSE,38.4,38.4,Weak,Weak,FALSE,FALSE,NEUTRAL,Proven,34,-4e-4,Analyst Upside,MACD ANALYST,469.89,-4.17,546.4,384,5.48,17.4,NA,0.281,0.204,0.184,0.0171,0.5924,0.5924,NA,NA,213415379000,$213.4B,30,-4.2%,-9.6%,-5.9%,-0.8%,56.2,56.2,30.5,53.72,0.01,No Signal
LLY,1183.46,1292.65,707.59,2026-09-16,DRUG MANUFACTURERS - GENERAL,1013116305000,38.16,24.15,29.95,29.77,29.77,1.023,0.204,0.335,0.542,79666004000,89.02,41707000000,25.43,0.262,0.3821,0.502,1324.87,6,18,4,1,1,891741000,0.0057,1.125,13.31,38,Eli Lilly and Company,HEALTHCARE,25,20,95,90,30,72.5,0.1195,59.5,1183.46,1189.41,1208.12,886.63,714.59,-0.005,-0.0204,0.3348,0.6561,1150.8075,1177.4116,1070.0934,55.6933,-0.255,-0.7564,0.5013,1189.3858,1112.2292,0.9232,0.1839,2391113.6364,0.639,8e-4,0.0013,4e-4,0.0218,751,-0.0041,0.1858,0.3465,0.3166,TRUE,TRUE,TRUE,TRUE,Neutral,TRUE,100,85,47.4227,65.4639,70,72.0696,768,0.2118,-0.0134,-0.0309,0.4921,0.0022,0.0217,0.5468,1.591,1,2,13.34,No Signal,0.01,3.41,Stable,FALSE,0.8%,0,NA,NA,NA,NA,50,Unknown,FALSE,FALSE,NA,NA,NA,NA,NA,NA,NA,NA,NA,1.4126,NA,1.4126,NA,65179000000,47858000000,8950000000,0.3821,33879000000,47858000000,8950000000,0.3821,79.9,86.5,52.1,82,54.1,72.3,72.3,30.2,2.7,96.4,18,92.3,72.5,54.9,70.4,50,FALSE,69.2,69.2,Strong,Strong,TRUE,FALSE,NEUTRAL,Proven,81.4,0.0022,Alpha Leader,GX MACD RSI MA200 ANALYST,1183.46,-0.5,1292.65,707.59,29.95,25.43,NA,0.542,0.335,1.023,0.3821,1.4126,1.4126,NA,NA,1013116305000,$1.01T,38.2,-0.5%,-2%,+33.5%,+65.6%,54.9,54.9,70.4,52.94,0.01,Tier 2: Golden Cross
LMB,51.48,114.95,40.74,2026-09-23,BUILDING PRODUCTS & EQUIPMENT,621054000,20.75,12.99,3.066,2.51,2.51,0.162,0.0677,0.0442,0.0431,683771000,58.27,59291000,11.16,-0.391,0.1192,1.406,77.2,1,3,0,0,1,11925000,NA,2.289,0.972,17.04,Limbach Holdings Inc,INDUSTRIALS,60,60,65,40,5,65,0.4996,59,51.48,42.42,81.26,77.41,93.38,0.2136,-0.3665,-0.335,-0.4487,49.3385,53.9008,75.4012,52.1702,0.0978,-1.3688,1.4666,55.7122,42.9648,0.668,0.528,400613.6364,1.4057,8e-4,0.0015,7e-4,0.0379,751,-0.0025,0.081,0.6017,0.2768,TRUE,FALSE,FALSE,FALSE,Neutral,TRUE,15,85,5.6701,4.6392,70,26.1289,768,-0.1573,0.1739,-0.4024,0.4683,-0.0033,0.054,-0.8399,-0.9798,1,0,24.54,No Signal,0.08,1.92,Stable,FALSE,8.1%,0,NA,NA,NA,NA,50,Unknown,FALSE,FALSE,NA,NA,0.2618,42084000,NA,NA,NA,NA,NA,0.1764,42084000,0.1764,0.2618,646804000,35842000,17529000,0.1192,203148000,35842000,17529000,0.1192,7.2,20.7,29.9,0,7.2,14.4,14.4,69.8,73.8,55.2,77.5,35.1,65,62.1,24.8,50,FALSE,24.1,24.1,Very Weak,Very Weak,FALSE,FALSE,NEUTRAL,Proven,12.9,-0.0033,Analyst Upside,MACD RSI ANALYST,51.48,21.36,114.95,40.74,3.066,11.16,0.2618,0.0431,0.0442,0.162,0.1192,0.1764,0.1764,NA,NA,621054000,$621.1M,20.8,+21.4%,-36.6%,-33.5%,-44.9%,62.1,62.1,24.8,57.26,0.08,No Signal
LOVE,15.19,19.25,10.33,2026-09-23,"FURNISHINGS, FIXTURES & APPLIANCES",210871000,11.98,17.57,0.93,1.22,1.22,0.0878,0.0014,0.0256,-0.0562,697653000,47.59,17314000,8.17,0.027,-0.0023,2.032,23.17,1,4,0,0,0,14423400,NA,0.426,0.455,14.04,The Lovesac Company,CONSUMER CYCLICAL,90,90,40,40,5,80,0.5253,66.5,15.19,16.28,16.93,14.04,17.53,-0.067,-0.1028,0.0819,-0.1335,15.0382,16.1958,15.0969,49.4202,-3.2936,-3.7085,0.4149,16.8355,13.241,0.5422,0.6873,323445.4545,1.494,8e-4,5e-4,-4e-4,0.0374,751,0.0279,-0.1925,0.5942,-0.1485,TRUE,FALSE,TRUE,TRUE,Neutral,TRUE,35,45,28.866,38.6598,70,38.8918,768,-0.6388,-0.1321,-0.1484,0.4921,-0,0.0324,-0.0068,-0.0132,1,2,47.38,Low Signal,0.22,8.08,Stable,FALSE,21.7%,0,NA,NA,NA,NA,50,Unknown,FALSE,FALSE,NA,NA,0.5641,30616333.3333,NA,NA,NA,NA,NA,NA,30616333.3333,NA,0.5641,697115000,NA,68804000,-0.0023,209954000,NA,68804000,-0.0023,51,50.8,52.1,82,32,51.4,51.4,92.1,99.5,40.2,50,28.4,80,63,43.3,50,FALSE,51.2,51.2,Neutral,Neutral,TRUE,FALSE,NEUTRAL,Proven,54.6,-0,Analyst Upside,GX MACD MA200 ANALYST,15.19,-6.7,19.25,10.33,0.93,8.17,0.5641,-0.0562,0.0256,0.0878,-0.0023,NA,NA,NA,NA,210871000,$210.9M,12,-6.7%,-10.3%,+8.2%,-13.4%,63,63,43.3,57.8,0.22,Tier 2: Golden Cross
LSCC,128.05,157.01,60.5,2026-09-23,SEMICONDUCTORS,17402968000,471.27,37.31,21.14,0.26,0.26,0.0493,0.0387,0.0558,0.133,651117000,4.758,92137000,167.27,6,-0.1575,1.779,164.54,3,8,0,0,1,142030000,NA,0.591,25.36,5.74,Lattice Semiconductor Corporation,TECHNOLOGY,25,20,40,40,12,75,0.285,35.75,128.05,119.34,138.76,85.32,72.06,0.073,-0.0772,0.5008,0.777,115.1085,121.4386,111.1704,61.5133,0.0819,-1.8056,1.8875,126.5252,103.6918,1.0668,0.6088,1613200,2.3466,8e-4,0.0012,4e-4,0.0316,751,0.0423,-0.183,0.5012,0.2016,TRUE,TRUE,TRUE,TRUE,Neutral,TRUE,100,85,36.0825,82.9897,70,72.1727,768,-0.1525,0.0075,-0.2262,0.5,-0.0016,0.0306,-0.411,-0.845,1,6,26.44,No Signal,0.04,4.36,Increasing,FALSE,4.3%,0,NA,NA,NA,NA,50,Unknown,FALSE,FALSE,NA,NA,0.6821,167320333.3333,NA,NA,NA,NA,NA,NA,167320333.3333,NA,0.6821,523262000,NA,173305000,-0.1575,787527000,NA,173305000,-0.1575,24.2,24.9,58.8,100,19.6,38.2,38.2,50,6,33,50,39.7,75,41,78.2,50,FALSE,48.2,48.2,Neutral,Neutral,TRUE,FALSE,NEUTRAL,Proven,49,-0.0016,Strong Trend,GX MACD RSI MA200 ANALYST,128.05,7.3,157.01,60.5,21.14,167.27,0.6821,0.133,0.0558,0.0493,-0.1575,NA,NA,NA,NA,17402968000,$17.4B,471.3,+7.3%,-7.7%,+50.1%,+77.7%,41,41,78.2,44.599999999999994,0.04,Tier 2: Golden Cross
MA,567.65,601.23,463.74,2026-09-16,CREDIT SERVICES,502190211000,31.59,24.88,89.68,18.15,18.15,2.412,0.241,0.463,0.611,35083002000,39.27,22201000000,23.34,0.221,0.143,0.735,666.71,9,28,3,0,0,869464000,0.0059,1.5,14.71,6.4,Mastercard Inc,FINANCIAL SERVICES,45,20,95,90,40,78.8,0.1745,65.13,567.65,598.47,499.02,494,567.3,-0.0515,0.1375,0.1491,6e-4,572.766,568.8228,532.1438,48.6031,-0.3677,-0.0679,-0.2998,593.1438,552.3882,0.3745,0.1484,2625018.1818,0.6437,8e-4,6e-4,-3e-4,0.0118,751,-0.0027,0.0065,0.1873,-0.3664,FALSE,FALSE,TRUE,TRUE,Neutral,FALSE,35,45,71.6495,45.8763,30,49.1701,768,-0.2209,0.0086,0.1344,0.5,0.001,0.0142,0.2583,1.1472,1,3,18.28,No Signal,0.01,3.17,Decreasing,FALSE,0.8%,0,NA,NA,NA,NA,50,Unknown,FALSE,FALSE,NA,NA,NA,14358000000,NA,NA,NA,NA,NA,4.3919,14358000000,4.3919,NA,32791000000,24643000000,11291000000,0.143,5611000000,24643000000,11291000000,0.143,68.6,76.2,58.8,92.8,77.8,72.3,72.3,42.4,50,100,2.7,97.4,78.8,63.7,52.6,50,FALSE,66.3,66.3,Strong,Strong,TRUE,FALSE,NEUTRAL,Proven,74.2,0.001,High IR,GX MA200 ANALYST,567.65,-5.1499999999999995,601.23,463.74,89.68,23.34,NA,0.611,0.463,2.412,0.143,4.3919,4.3919,NA,NA,502190211000,$502.2B,31.6,-5.1%,+13.8%,+14.9%,+0.1%,63.7,63.7,52.6,58.22,0.01,Tier 2: Golden Cross
MCD,236.5,335.18,247.83,2026-09-16,RESTAURANTS,178877628000,20.93,18.45,146.07,12.08,12.08,0,0.133,0.317,0.465,27702000000,38.96,14930000000,15.65,0.057,0.0269,0.414,312.84,4,15,14,1,0,707642000,0.0285,2.222,8.52,-1.446,McDonald’s Corporation,CONSUMER CYCLICAL,60,20,15,90,34,66.2,0.3228,43.62,236.5,266.93,269.76,308.53,302.3,-0.114,-0.1233,-0.2335,-0.2177,252.3205,262.5146,291.8349,24.6539,-2.7474,-2.1697,-0.5777,268.4061,236.2349,0.0082,0.2256,5747900,0.1969,8e-4,-1e-4,-9e-4,0.0138,751,-0.0076,-0.061,0.2193,-1.0507,FALSE,FALSE,FALSE,FALSE,Oversold,FALSE,15,20,24.7423,8.7629,30,18.9253,768,-0.5346,-0.1247,-0.121,0.4286,-0.002,0.0134,-0.4949,-2.3274,1,0,14.52,No Signal,0.02,2.79,Stable,FALSE,1.7%,0,NA,NA,NA,NA,50,Unknown,FALSE,FALSE,NA,NA,NA,7037666666.6667,NA,NA,NA,NA,NA,NA,7037666666.6667,NA,NA,26885000000,40588000000,822000000,0.0269,-1023000000,40588000000,822000000,0.0269,19.1,1.6,7.2,0,39.2,13.5,13.5,68.3,50,24.2,50,90.2,66.2,55.2,7.6,50,FALSE,18.3,18.3,Very Weak,Very Weak,FALSE,FALSE,NEUTRAL,Proven,6.7,-0.002,Analyst Upside,ANALYST,236.5,-11.4,335.18,247.83,146.07,15.65,NA,0.465,0.317,0,0.0269,NA,NA,NA,NA,178877628000,$178.9B,20.9,-11.4%,-12.3%,-23.4%,-21.8%,55.2,55.2,7.6,53.12,0.02,No Signal
MCHP,78.69,104.75,47.28,2026-09-20,SEMICONDUCTORS,39786246000,107.75,19.84,6.17,0.68,0.68,0.0719,0.0354,0.0934,0.24,5122300000,9.46,1506100000,30.76,-0.816,-0.2143,1.736,108.64,2,18,6,0,0,543009000,0.0257,0.218,8.77,11.88,Microchip Technology Inc,TECHNOLOGY,25,40,40,60,26,71.2,0.3806,42.37,78.69,74.05,87.93,60.06,64.84,0.0627,-0.1051,0.3102,0.2136,73.308,76.1326,78.6088,59.1175,-0.3035,-1.4855,1.182,77.2999,69.3161,1.1741,0.3905,8365872.7273,2.0815,8e-4,5e-4,-3e-4,0.0257,751,0.0481,-0.311,0.4078,-0.2033,TRUE,TRUE,TRUE,FALSE,Neutral,TRUE,80,85,28.3505,63.9175,70,61.0387,768,-0.3979,0.0227,-0.2229,0.4683,-0.0016,0.0273,-0.4065,-0.9393,1,1,32.22,No Signal,0.06,4.34,Stable,FALSE,6%,0,NA,NA,NA,NA,50,Unknown,FALSE,FALSE,NA,NA,0.5773,1416900000,NA,NA,NA,NA,NA,0.8311,1416900000,0.8311,0.5773,4713100000,5361300000,272300000,-0.2143,6451000000,5361300000,272300000,-0.2143,25.8,21.8,29.9,63.9,20.6,28.7,28.7,5.8,42.6,36.6,32.4,48.5,71.2,35.2,67.4,50,FALSE,39,39,Weak,Weak,FALSE,FALSE,NEUTRAL,Proven,34.5,-0.0016,Analyst Upside,MACD RSI MA200 ANALYST,78.69,6.2700000000000005,104.75,47.28,6.17,30.76,0.5773,0.24,0.0934,0.0719,-0.2143,0.8311,0.8311,NA,NA,39786246000,$39.8B,107.8,+6.3%,-10.5%,+31%,+21.4%,35.2,35.2,67.4,41.120000000000005,0.06,No Signal
MDB,410.44,473.1,215.68,2026-09-20,SOFTWARE - INFRASTRUCTURE,30898190000,525.42,62.89,10.37,0.73,0.73,0.0199,-0.0022,0.0212,0.0368,2782770000,34.44,13854000,247.19,0.022,0.2099,1.585,456.88,8,24,8,0,1,80556000,NA,1.672,10.25,36.96,MongoDB,TECHNOLOGY,25,20,40,40,41,73.2,0.1131,35.57,410.44,406.11,314.01,235.21,315.32,0.0107,0.3071,0.745,0.3017,396.086,386.0196,344.7018,53.678,1.3796,0.4415,0.9381,455.0196,337.1524,0.6218,0.7279,1972459.0909,1.6988,8e-4,0.0011,3e-4,0.038,751,-0.0314,-0.0748,0.6029,0.1205,TRUE,TRUE,TRUE,TRUE,Neutral,TRUE,100,85,85.567,89.6907,70,88.3582,768,-0.3577,-0.1225,0.2181,0.4841,0.0033,0.0426,0.8234,1.2165,1,0,15.24,No Signal,0.04,1.13,Stable,FALSE,3.6%,0,NA,NA,NA,NA,50,Unknown,FALSE,FALSE,NA,NA,0.7175,245410666.6667,NA,NA,NA,NA,NA,NA,245410666.6667,NA,0.7175,2463797000,NA,1002401000,0.2099,2979981000,NA,1002401000,0.2099,87.6,77.2,41.2,0,85.1,66.6,66.6,50,24,29.4,50,27.3,73.2,40.4,88.5,50,FALSE,67.9,67.9,Strong,Strong,TRUE,FALSE,NEUTRAL,Proven,79.4,0.0033,Alpha Leader,GX MACD RSI MA200 ANALYST,410.44,1.0699999999999998,473.1,215.68,10.37,247.19,0.7175,0.0368,0.0212,0.0199,0.2099,NA,NA,NA,NA,30898190000,$30.9B,525.4,+1.1%,+30.7%,+74.5%,+30.2%,40.4,40.4,88.5,44.239999999999995,0.04,Tier 2: Golden Cross
MEDP,618.88,677.9,373,2026-09-25,DIAGNOSTICS & RESEARCH,17225679000,36.24,32.57,40.58,17.03,17.03,1.621,0.201,0.177,0.208,2782288000,98.47,611200000,28.18,0.371,0.1583,1.149,581.83,1,1,10,1,0,27911700,NA,3,6.19,15.54,Medpace Holdings Inc,HEALTHCARE,25,20,95,75,13,53.8,-0.0599,55.38,618.88,619.05,527.07,460.3,487.95,-3e-4,0.1742,0.3445,0.2683,603.7135,593.571,522.4542,58.1072,1.4665,1.3184,0.148,633.9981,573.4289,0.7504,0.2349,230340.9091,1.004,8e-4,0.0017,9e-4,0.0318,751,-0.0082,0.2234,0.5053,0.4437,TRUE,TRUE,TRUE,TRUE,Neutral,TRUE,100,85,78.3505,68.0412,70,81.8634,768,0.3258,0.0718,0.151,0.5159,0.0023,0.0305,0.5675,1.1739,1,0,38.58,No Signal,0.06,8.82,Stable,FALSE,6%,0,NA,NA,NA,NA,50,Unknown,FALSE,FALSE,NA,NA,NA,550286666.6667,NA,NA,NA,NA,NA,NA,550286666.6667,NA,NA,2530234000,NA,502688000,0.1583,433861000,NA,502688000,0.1583,82.5,76.7,73.7,0,80.9,70.8,70.8,35.3,2.2,99,50,67,53.8,55.7,79.9,50,FALSE,70.7,70.7,Strong,Strong,TRUE,FALSE,NEUTRAL,Proven,86.1,0.0023,Alpha Leader,GX MACD RSI MA200,618.88,-0.03,677.9,373,40.58,28.18,NA,0.208,0.177,1.621,0.1583,NA,NA,NA,NA,17225679000,$17.2B,36.2,0%,+17.4%,+34.4%,+26.8%,55.7,55.7,79.9,53.42,0.06,Tier 2: Golden Cross
META,751.66,788.22,519.78,2026-09-16,INTERNET CONTENT & INFORMATION,1707440472000,25.07,19.72,6.49,26.74,26.74,0.298,0.146,0.298,0.348,228246995000,90.25,109654999000,15.3,-0.134,0.2205,1.243,758.28,8,47,7,0,0,2205129000,0.0032,0.881,7.53,102.52,Meta Platforms Inc.,COMMUNICATION SERVICES,45,40,80,90,62,75.4,0.0088,64.29,751.66,576.14,550.25,536.38,748.91,0.3046,0.366,0.4014,0.0037,660.8595,615.7464,626.4722,71.3319,6.4536,4.8258,1.6278,783.3688,538.3502,0.8706,0.517,22963400,1.4367,8e-4,0.0015,7e-4,0.0202,751,-0.0388,0.0801,0.3206,0.5372,TRUE,TRUE,TRUE,FALSE,Overbought,TRUE,80,30,88.6598,74.7423,70,73.0464,768,0.5293,0.2752,0.2644,0.5079,9e-4,0.0267,0.236,0.5566,1,0,7.06,No Signal,0.01,1.57,Increasing,FALSE,1.4%,0,NA,NA,NA,NA,50,Unknown,FALSE,FALSE,NA,NA,NA,48083000000,NA,NA,NA,NA,NA,0.3203,48083000000,0.3203,NA,200966000000,83664000000,15462000000,0.2205,261221000000,83664000000,15462000000,0.2205,66,64.8,66,0,86.1,62.1,62.1,55.4,40.4,78.9,63.1,87.6,75.4,67.3,78.4,50,FALSE,66.8,66.8,Strong,Strong,FALSE,FALSE,NEUTRAL,Proven,76.3,9e-4,Strong Trend,MACD MA200,751.66,30.459999999999997,788.22,519.78,6.49,15.3,NA,0.348,0.298,0.298,0.2205,0.3203,0.3203,NA,NA,1707440472000,$1.71T,25.1,+30.5%,+36.6%,+40.1%,+0.4%,67.3,67.3,78.4,60.379999999999995,0.01,Tier 4: High Score
MITK,17.66,21.05,8.53,2026-09-25,SOFTWARE - APPLICATION,798215000,36.85,9.79,3.148,0.48,0.48,0.0923,0.0549,0.114,0.214,197902000,4.352,49551000,13.85,2.4,0.0205,0.991,22.62,1,4,0,0,0,45122400,NA,1.276,3.743,5.55,"Mitek Systems, Inc.",TECHNOLOGY,25,60,40,60,5,80,0.2809,47.25,17.66,17.75,19.29,13.22,9.94,-0.0051,-0.0845,0.3359,0.7767,17.7795,17.8512,14.9233,48.8077,-0.7969,-0.9132,0.1163,18.9173,16.6417,0.4475,0.4095,627990.9091,1.1559,8e-4,0.0011,3e-4,0.028,751,-0.0287,0.0428,0.4441,0.1703,FALSE,FALSE,TRUE,TRUE,Neutral,TRUE,35,45,34.5361,65.9794,70,46.0567,768,-0.0802,-0.057,-0.1507,0.4841,5e-4,0.0314,0.1332,0.2671,1,0,41.39,Low Signal,0.09,7.29,Stable,FALSE,9.1%,0,NA,NA,NA,NA,50,Unknown,FALSE,FALSE,NA,NA,NA,38329000,NA,NA,NA,NA,NA,0.1971,38329000,0.1971,NA,179691000,49375000,90045000,0.0205,250523000,49375000,90045000,0.0205,60.3,57.5,41.2,0,30.9,45.3,45.3,33.1,72.7,41.2,73.9,55.2,80,54.4,56.2,50,FALSE,49.3,49.3,Neutral,Neutral,TRUE,FALSE,NEUTRAL,Proven,52.1,5e-4,Analyst Upside,GX MACD MA200 ANALYST,17.66,-0.51,21.05,8.53,3.148,13.85,NA,0.214,0.114,0.0923,0.0205,0.1971,0.1971,NA,NA,798215000,$798.2M,36.9,-0.5%,-8.5%,+33.6%,+77.7%,54.4,54.4,56.2,52.64,0.09,Tier 2: Golden Cross
MLI,60.52,70.92,47.75,2026-09-25,METAL FABRICATION,13343874000,15.59,18.18,3.734,3.87,3.87,0.263,0.165,0.182,0.218,4661137000,21.37,1089398000,9.95,0.018,0.1053,1.107,80,0,2,0,0,0,221181000,0.01,3.408,2.544,16.04,Mueller Industries Inc,INDUSTRIALS,75,60,80,75,2,75,0.3219,73.5,60.52,64.08,64.1,53.945,49.97,-0.0556,-0.0558,0.1219,0.2111,61.256,63.5482,62.2399,43.0314,-1.618,-1.6156,-0.0024,64.0175,58.4945,0.3667,0.2559,1806836.3636,1.0878,8e-4,0.0018,9e-4,0.0175,751,0.0029,0.2121,0.2779,0.83,FALSE,FALSE,FALSE,TRUE,Neutral,FALSE,15,45,42.268,42.7835,30,34.7371,768,0.8525,-0.084,-0.0984,0.4921,-1e-4,0.0221,-0.0278,-0.0793,1,1,18.83,No Signal,0.02,3.82,Increasing,FALSE,2.4%,0,NA,NA,NA,NA,50,Unknown,FALSE,FALSE,NA,NA,NA,623695000,NA,NA,NA,NA,NA,0.0015,623695000,0.0015,NA,4178547000,5243000,1388748000,0.1053,3547750000,5243000,1388748000,0.1053,49.5,48.2,52.1,63.9,44.3,50.4,50.4,81.3,67.8,75.3,97.3,68,75,77.8,37.5,50,FALSE,51.4,51.4,Neutral,Neutral,TRUE,FALSE,NEUTRAL,Proven,55.2,-1e-4,Analyst Upside,GX ANALYST,60.52,-5.56,70.92,47.75,3.734,9.95,NA,0.218,0.182,0.263,0.1053,0.0015,0.0015,NA,NA,13343874000,$13.3B,15.6,-5.6%,-5.6%,+12.2%,+21.1%,77.8,77.8,37.5,66.68,0.02,Tier 2: Golden Cross
MPWR,1367.43,1711.48,828.85,2026-09-20,SEMICONDUCTORS,59846349000,74.08,34.25,15.36,16.44,16.44,0.22,0.136,0.245,0.31,3273158000,67.27,1000282000,58.44,0.858,0.2379,1.664,1839.8,3,12,1,0,0,49143000,0.0061,0.914,17.86,79.27,Monolithic Power Systems Inc,TECHNOLOGY,25,20,80,75,16,78.1,0.3454,53.31,1367.4301,1303.88,1313.3199,1002.34,891.39,0.0487,0.0412,0.3642,0.534,1239.3545,1303.8242,1273.1314,60.4361,0.6162,-1.4135,2.0297,1380.8318,1097.8772,0.9526,0.5465,712145.4545,2.3967,8e-4,0.0021,0.0013,0.0294,751,0.0184,0.0279,0.4673,0.6901,TRUE,TRUE,TRUE,TRUE,Neutral,TRUE,100,85,60.8247,69.5876,70,76.9149,768,0.6802,0.0136,-0.1065,0.5397,-0.0011,0.0321,-0.2762,-0.5423,1,1,21.7,No Signal,0.04,3.14,Stable,FALSE,3.9%,0,NA,NA,NA,NA,50,Unknown,FALSE,FALSE,NA,NA,0.5518,629705333.3333,NA,NA,NA,NA,NA,NA,629705333.3333,NA,0.5518,2790459000,NA,1005587000,0.2379,3895424000,NA,1005587000,0.2379,34.5,32.6,85.6,63.9,42.3,48.4,48.4,9.4,15.3,67,50,77.8,78.1,47.8,77.7,50,FALSE,55.3,55.3,Neutral,Neutral,TRUE,FALSE,NEUTRAL,Proven,59.3,-0.0011,Consistent Beat,GX MACD RSI MA200 ANALYST,1367.4301,4.87,1711.48,828.85,15.36,58.44,0.5518,0.31,0.245,0.22,0.2379,NA,NA,NA,NA,59846349000,$59.8B,74.1,+4.9%,+4.1%,+36.4%,+53.4%,47.8,47.8,77.7,48.67999999999999,0.04,Tier 2: Golden Cross
MRK,148.78,156,75.37,2026-09-16,DRUG MANUFACTURERS - GENERAL,354754593000,115.96,14.95,8.52,1.24,1.24,0.0696,0.119,0.0477,-0.0024,66568999000,26.85,28871000000,28.05,-0.193,0.0399,0.226,152.96,5,15,8,0,0,2467172000,0.0231,2.646,6.07,16.99,Merck & Company Inc,HEALTHCARE,25,40,40,40,28,72.3,0.0281,39.48,148.78,153.1,128.66,118.1,77.6,-0.0282,0.1564,0.2598,0.9173,147.8865,140.3834,121.67,56.7878,1.3005,1.6179,-0.3174,152.77,143.003,0.5915,0.1782,9756386.3636,0.2817,8e-4,6e-4,-2e-4,0.0178,751,-0,0.0958,0.2833,-0.1965,TRUE,TRUE,TRUE,TRUE,Neutral,FALSE,100,85,74.7423,58.2474,30,74.8222,768,-0.247,0.1072,0.1503,0.5079,0.0018,0.0205,0.4656,1.4316,1,1,18.18,No Signal,0.01,4.23,Increasing,FALSE,1.4%,0,NA,NA,NA,NA,50,Unknown,FALSE,FALSE,NA,NA,NA,13199666666.6667,NA,NA,NA,NA,NA,1.273,13199666666.6667,1.273,NA,65011000000,53381000000,6849000000,0.0399,41933000000,53381000000,6849000000,0.0399,75.8,82.4,66,63.9,80.4,75,75,3.6,28.4,35.6,19.8,36.6,72.3,29.1,70.8,50,FALSE,67.1,67.1,Strong,Strong,TRUE,FALSE,NEUTRAL,Proven,77.3,0.0018,Alpha Leader,GX RSI MA200,148.78,-2.82,156,75.37,8.52,28.05,NA,-0.0024,0.0477,0.0696,0.0399,1.273,1.273,NA,NA,354754593000,$354.8B,116,-2.8%,+15.6%,+26%,+91.7%,29.1,29.1,70.8,37.46,0.01,Tier 2: Golden Cross
MS,196.31,230.98,148.47,2026-09-17,CAPITAL MARKETS,317914022000,16.35,15.41,3.04,12.38,12.38,0.18,0.0135,0.259,0.416,77827998000,49.81,NA,NA,0.624,0.624,1.207,237.33,2,9,12,1,1,1570566000,0.0201,1.813,6.09,67.8,Morgan Stanley,FINANCIAL SERVICES,75,60,65,90,25,60,0.209,69.75,196.31,214.08,212.03,158.37,158.95,-0.083,-0.0741,0.2396,0.235,208.1575,211.9146,193.5889,31.7484,-2.1424,-1.4495,-0.6928,222.1267,194.1883,0.0759,0.2233,4847909.0909,1.2806,8e-4,0.0013,5e-4,0.0137,751,-0.0055,0.0664,0.2178,0.5765,FALSE,FALSE,TRUE,TRUE,Neutral,FALSE,35,20,38.1443,56.1856,30,37.4304,768,0.366,-0.0929,-0.1439,0.4921,-4e-4,0.0134,-0.1075,-0.5037,1,0,13.6,No Signal,0.01,3.23,Stable,FALSE,0.9%,0,NA,NA,NA,NA,50,Unknown,FALSE,FALSE,NA,NA,NA,NA,NA,NA,NA,NA,NA,3.2937,NA,3.2937,NA,NA,383156000000,160135000000,NA,116329000000,383156000000,160135000000,NA,41.8,35.2,52.1,0,34,36.9,36.9,79.9,74.9,60.8,5.4,80.9,60,61.5,37.6,50,FALSE,40.8,40.8,Weak,Weak,TRUE,FALSE,NEUTRAL,Proven,37.1,-4e-4,Analyst Upside,GX MA200 ANALYST,196.31,-8.3,230.98,148.47,3.04,NA,NA,0.416,0.259,0.18,0.624,3.2937,3.2937,NA,NA,317914022000,$317.9B,16.4,-8.3%,-7.4%,+24%,+23.5%,61.5,61.5,37.6,56.9,0.01,Tier 2: Golden Cross
MSFT,516.17,549.2,348.54,2026-09-17,SOFTWARE - INFRASTRUCTURE,3640745001000,27.7,25.06,8.34,17.7,17.7,0.34,0.141,0.403,0.451,331839013000,44.67,194237006000,17.69,0.317,0.153,1.108,572.92,14,38,3,0,0,7425545000,0.0073,1.614,11.06,59.56,Microsoft Corporation,TECHNOLOGY,45,40,95,90,55,80,0.1099,69.25,516.17,496.37,372.97,358.96,507.03,0.0399,0.3839,0.438,0.018,500.0405,475.8116,432.0609,63.2167,1.3734,1.5457,-0.1722,514.0441,486.0369,1.0759,0.2522,22076663.6364,0.969,8e-4,8e-4,-0,0.0137,751,0.0312,-0.002,0.2171,-0.0395,TRUE,TRUE,TRUE,TRUE,Neutral,FALSE,100,85,89.1753,78.3505,30,83.1727,768,-0.0835,0.048,0.3104,0.4524,0.0016,0.0223,0.3918,1.1061,1,1,21.97,No Signal,0.01,3.73,Decreasing,FALSE,0.9%,0,NA,NA,NA,NA,50,Unknown,FALSE,FALSE,NA,NA,0.6882,68385666666.6667,NA,NA,NA,NA,NA,0.0911,68385666666.6667,0.0911,0.6882,281724000000,40294000000,20935000000,0.153,442387000000,40294000000,20935000000,0.153,72.7,74.1,19.1,63.9,88.7,63.8,63.8,48.2,29.5,82.5,87.4,95.4,80,70.5,85.6,50,FALSE,70,70,Strong,Strong,TRUE,FALSE,NEUTRAL,Proven,83.5,0.0016,Alpha Leader,GX RSI MA200 ANALYST,516.17,3.9899999999999998,549.2,348.54,8.34,17.69,0.6882,0.451,0.403,0.34,0.153,0.0911,0.0911,NA,NA,3640745001000,$3.64T,27.7,+4%,+38.4%,+43.8%,+1.8%,70.5,70.5,85.6,62.3,0.01,Tier 2: Golden Cross
MTZ,212.85,441.43,182.34,2026-09-25,ENGINEERING & CONSTRUCTION,17467933000,35.31,18.38,5.12,6.16,6.16,0.162,0.0528,0.0307,0.0542,16109103000,206.78,1308463000,15.79,0.514,0.0918,1.818,413.8,2,17,1,0,0,80305000,NA,0.669,1.286,44.54,MasTec Inc,INDUSTRIALS,25,40,65,40,20,76.2,0.9441,47.37,212.85,248.73,396.25,305.8,204.4,-0.1443,-0.4628,-0.304,0.0413,228.3925,265.9014,305.6028,35.3926,-6.4988,-6.6956,0.1968,250.8032,205.9818,0.1532,0.5026,1503027.2727,1.6409,8e-4,0.0019,0.0011,0.0266,751,-0.0012,0.1317,0.4231,0.6307,FALSE,FALSE,FALSE,FALSE,Neutral,TRUE,15,20,2.0619,5.6701,70,15.5026,768,0.3098,-0.2501,-0.5115,0.4683,-0.0046,0.0361,-1.1651,-2.0328,1,0,32.95,No Signal,0.07,4.09,Stable,FALSE,6.7%,0,NA,NA,NA,NA,50,Unknown,FALSE,FALSE,NA,NA,NA,584278333.3333,NA,NA,NA,NA,NA,0.7403,584278333.3333,0.7403,NA,14299171000,2573839000,315641000,0.0918,3476968000,2573839000,315641000,0.0918,2.6,3.1,29.9,0,2.1,7.9,7.9,36.7,51.9,55.2,36,30.9,76.2,46.3,8.1,50,FALSE,13.7,13.7,Very Weak,Very Weak,FALSE,FALSE,NEUTRAL,Proven,3.6,-0.0046,Analyst Upside,MACD ANALYST,212.85,-14.430000000000001,441.43,182.34,5.12,15.79,NA,0.0542,0.0307,0.162,0.0918,0.7403,0.7403,NA,NA,17467933000,$17.5B,35.3,-14.4%,-46.3%,-30.4%,+4.1%,46.3,46.3,8.1,47.78,0.07,No Signal
MYRG,292.58,503.57,190.14,2026-09-25,ENGINEERING & CONSTRUCTION,4595731000,27.48,21.28,5.97,10.74,10.74,0.247,0.0848,0.0413,0.062,4006051000,257.75,290834000,14.98,0.865,0.0019,1.313,412,0,3,4,0,0,15569200,NA,3.409,1.106,48.46,MYR Group Inc,INDUSTRIALS,45,40,80,40,7,60.7,0.4082,55.32,292.58,312.83,477.95,267.1,192.88,-0.0647,-0.3878,0.0954,0.5169,285.563,319.2644,327.5055,45.7791,-2.92,-4.3636,1.4436,299.9668,271.1592,0.7436,0.3644,284759.0909,1.5042,8e-4,0.0014,6e-4,0.0269,751,-0.0142,0.0472,0.4266,0.3599,TRUE,FALSE,FALSE,FALSE,Neutral,TRUE,15,45,4.1237,40.2062,70,26.7784,768,0.2448,-0.0983,-0.4437,0.4921,-0.0013,0.0313,-0.3156,-0.6342,1,0,17.58,No Signal,0.05,2.65,Increasing,FALSE,4.5%,0,NA,NA,NA,NA,50,Unknown,FALSE,FALSE,NA,NA,0.1159,76550666.6667,NA,NA,NA,NA,NA,0.0142,76550666.6667,0.0142,0.1159,3657889000,9372000,137872000,0.0019,660423000,9372000,137872000,0.0019,30.9,31.1,52.1,0,4.6,28.2,28.2,48.9,43.7,72.2,95.5,33.5,60.7,59.9,31.5,50,FALSE,33.7,33.7,Weak,Weak,FALSE,FALSE,NEUTRAL,Proven,25.8,-0.0013,Analyst Upside,MACD ANALYST,292.58,-6.47,503.57,190.14,5.97,14.98,0.1159,0.062,0.0413,0.247,0.0019,0.0142,0.0142,NA,NA,4595731000,$4.6B,27.5,-6.5%,-38.8%,+9.5%,+51.7%,59.9,59.9,31.5,55.94,0.05,No Signal
NBIX,138.4,186.12,122.14,2026-09-25,DRUG MANUFACTURERS - SPECIALTY & GENERIC,14179045000,20.76,14.12,3.902,6.72,6.72,0.221,0.117,0.209,0.222,3373900000,33.66,913300000,15.65,0.311,0.2312,0.381,208.4,4,19,4,0,0,101649000,NA,0.282,4.275,36.35,Neurocrine Biosciences Inc,HEALTHCARE,60,60,80,75,27,75,0.5058,69.75,138.4,156.59,168.52,128.72,140.89,-0.1162,-0.1787,0.0752,-0.0177,150.8765,158.9598,147.612,25.6215,-3.3797,-2.4615,-0.9181,164.2458,137.5072,0.0334,0.2515,1158204.5455,0.7119,8e-4,5e-4,-4e-4,0.0206,751,-0.0093,-0.0291,0.3275,-0.2743,FALSE,FALSE,FALSE,TRUE,Oversold,FALSE,15,20,18.0412,38.1443,30,22.7912,768,-0.2832,-0.0753,-0.2031,0.5079,-2e-4,0.0214,-0.0405,-0.1191,1,0,32.95,No Signal,0.05,5.37,Stable,FALSE,4.9%,0,NA,NA,NA,NA,50,Unknown,FALSE,FALSE,NA,NA,NA,555833333.3333,NA,NA,NA,NA,NA,NA,555833333.3333,NA,NA,2860500000,NA,332400000,0.2312,3693600000,NA,332400000,0.2312,47.9,47.2,66,0,24.2,43,43,69.1,66.1,67.5,50,72.7,75,66.6,20.2,50,FALSE,41.1,41.1,Weak,Weak,TRUE,FALSE,NEUTRAL,Proven,37.6,-2e-4,Analyst Upside,GX ANALYST,138.4,-11.62,186.12,122.14,3.902,15.65,NA,0.222,0.209,0.221,0.2312,NA,NA,NA,NA,14179045000,$14.2B,20.8,-11.6%,-17.9%,+7.5%,-1.8%,66.6,66.6,20.2,59.959999999999994,0.05,Tier 2: Golden Cross
NDSN,325.77,338.1,219.4,2026-09-25,SPECIALTY INDUSTRIAL MACHINERY,17902891000,32.37,24.57,5.45,9.93,9.93,0.178,0.0847,0.186,0.274,2979795000,53.36,957891000,21.37,0.23,0.0305,0.972,349.71,0,4,3,0,1,55699000,0.0103,1.821,6.55,58.69,Nordson Corporation,INDUSTRIALS,45,40,65,75,8,56.2,0.0735,55.62,325.77,334.58,301.47,256.16,221.52,-0.0263,0.0806,0.2717,0.4706,316.0105,311.3578,284.7901,62.4619,0.6334,0.3616,0.2718,326.804,305.217,0.9521,0.2002,357359.0909,0.9768,8e-4,6e-4,-2e-4,0.0122,751,0.0023,-0.0445,0.1936,-0.2553,TRUE,TRUE,TRUE,TRUE,Neutral,TRUE,100,85,67.0103,60.8247,70,77.018,768,-0.225,0.059,0.0292,0.4762,5e-4,0.014,0.1326,0.5982,1,4,32.23,No Signal,0.03,4.47,Decreasing,FALSE,2.7%,0,NA,NA,NA,NA,50,Unknown,FALSE,FALSE,NA,NA,NA,586532333.3333,NA,NA,NA,NA,NA,0.4708,586532333.3333,0.4708,NA,2791687000,1539005000,113431000,0.0305,3269059000,1539005000,113431000,0.0305,59.8,65.8,36.6,96.4,63.9,60.9,60.9,41.7,49.2,59.3,52.3,70.1,56.2,54.4,76,50,FALSE,63.5,63.5,Neutral,Neutral,TRUE,FALSE,NEUTRAL,Proven,69.6,5e-4,Strong Trend,GX MACD RSI MA200,325.77,-2.63,338.1,219.4,5.45,21.37,NA,0.274,0.186,0.178,0.0305,0.4708,0.4708,NA,NA,17902891000,$17.9B,32.4,-2.6%,+8.1%,+27.2%,+47.1%,54.4,54.4,76,52.64,0.03,Tier 2: Golden Cross
NEE,76.08,97.3,68.4,2026-09-17,UTILITIES - REGULATED ELECTRIC,167650083000,18.22,18.66,2.96,4.41,4.41,0.117,0.0244,0.324,0.315,28700000000,13.81,14593000000,15.62,0.531,0.531,0.644,98.39,2,10,7,1,0,2085978000,0.0293,1.637,9.63,27.39,Nextera Energy Inc,UTILITIES,75,75,65,90,20,66.2,0.2932,73.37,76.08,84.22,88.56,92.05,74.65,-0.0967,-0.1409,-0.1735,0.0192,81.068,84.3372,87.5348,22.7745,-2.5646,-1.8989,-0.6657,85.8719,76.2641,-0.0192,0.1704,11560040.9091,0.3185,8e-4,5e-4,-4e-4,0.0179,751,6e-4,0.0488,0.2837,-0.3345,FALSE,FALSE,FALSE,FALSE,Oversold,FALSE,15,20,22.6804,11.3402,30,18.8222,768,-0.3654,-0.1085,-0.1447,0.4762,-0.0015,0.0137,-0.366,-1.6876,1,1,24.64,No Signal,0.03,5.19,Increasing,FALSE,2.7%,0,NA,NA,NA,NA,50,Unknown,FALSE,FALSE,NA,NA,NA,NA,NA,NA,NA,NA,NA,1.7708,NA,1.7708,NA,NA,97785000000,1998000000,NA,55222000000,97785000000,1998000000,NA,29.4,6.7,36.6,63.9,33.5,29.2,29.2,75.5,76.5,44.8,11.7,91.2,66.2,59.8,7.7,50,FALSE,28.6,28.6,Very Weak,Very Weak,FALSE,FALSE,NEUTRAL,Proven,20.1,-0.0015,Analyst Upside,ANALYST,76.08,-9.67,97.3,68.4,2.96,15.62,NA,0.315,0.324,0.117,0.531,1.7708,1.7708,NA,NA,167650083000,$167.7B,18.2,-9.7%,-14.1%,-17.3%,+1.9%,59.8,59.8,7.7,55.879999999999995,0.03,No Signal
NET,349.02,338,158.83,2026-09-20,SOFTWARE - INFRASTRUCTURE,115227394000,NA,163.93,71.13,-0.58,-0.58,-0.144,-0.0204,-0.0821,-0.076,2512350000,7.14,-3610000,2962.92,0,0.293,1.664,336.81,7,17,8,1,1,322619000,NA,2.377,45.61,4.552,Cloudflare Inc,TECHNOLOGY,50,20,15,20,34,70.6,-0.035,31.06,349.02,284.89,237.24,194.63,218.2,0.2251,0.4712,0.7932,0.5995,317.3715,299.7286,231.5853,62.1924,5.2355,4.1507,1.0848,370.8557,263.8873,0.7959,0.6981,3248654.5455,1.6873,8e-4,0.003,0.0021,0.0318,751,-0.0327,0.3882,0.5055,1.0547,TRUE,TRUE,TRUE,TRUE,Neutral,TRUE,100,85,93.299,91.2371,70,90.9871,768,2.3508,0.0658,0.3616,0.5,0.0031,0.0443,0.7697,1.0948,1,0,11.31,No Signal,0.02,2.44,Increasing,FALSE,2.4%,0,NA,NA,NA,NA,50,Unknown,FALSE,FALSE,NA,NA,0.7451,207633000,NA,NA,NA,NA,NA,NA,207633000,NA,0.7451,2167937000,NA,1663773000,0.293,1620020000,NA,1663773000,0.293,86.6,73.6,58.8,0,90.2,69.7,69.7,50,50,18,50,9.8,70.6,38,94.2,50,FALSE,70.8,70.8,Strong,Strong,TRUE,FALSE,NEUTRAL,Proven,86.6,0.0031,Alpha Leader,GX MACD RSI MA200,349.02,22.509999999999998,338,158.83,71.13,2962.92,0.7451,-0.076,-0.0821,-0.144,0.293,NA,NA,NA,NA,115227394000,$115.2B,N/A,+22.5%,+47.1%,+79.3%,+60%,38,38,94.2,42.8,0.02,Tier 2: Golden Cross
NFLX,71.15,124.86,65.08,2026-09-18,ENTERTAINMENT,313586287000,24.06,20,10.55,3.13,3.13,0.495,0.161,0.282,0.334,48370766000,11.46,14726931000,9.24,0.111,0.1575,1.526,93.88,7,28,16,0,0,4163940000,NA,1.413,6.68,7.24,Netflix Inc,COMMUNICATION SERVICES,60,20,95,90,51,70.6,0.3195,68.06,71.15,81.46,73.81,92.97,120.824,-0.1266,-0.036,-0.2347,-0.4111,76.746,75.537,84.7127,37.077,-2.1756,-1.0378,-1.1377,84.4057,69.0864,0.1347,0.3693,31759604.5455,0.7887,8e-4,0.0011,2e-4,0.0201,751,-0.0134,0.1035,0.3196,0.1845,FALSE,FALSE,FALSE,FALSE,Neutral,FALSE,15,20,44.3299,8.2474,30,24.6985,768,-0.0679,-0.0831,-0.0501,0.4286,-0.0023,0.0222,-0.5726,-1.6219,1,0,20.14,No Signal,0.02,3.6,Stable,FALSE,2.3%,0,NA,NA,NA,NA,50,Unknown,FALSE,FALSE,NA,NA,NA,7769542666.6667,NA,NA,NA,NA,NA,0.3922,7769542666.6667,0.3922,NA,45183036000,11825548000,9099232000,0.1575,30152052000,11825548000,9099232000,0.1575,16.5,7.8,7.2,0,53.1,16.3,16.3,58.3,23,91.8,59.5,83,70.6,67.2,15.7,50,FALSE,23.8,23.8,Very Weak,Very Weak,FALSE,FALSE,NEUTRAL,Proven,12.4,-0.0023,Analyst Upside,ANALYST,71.15,-12.659999999999998,124.86,65.08,10.55,9.24,NA,0.334,0.282,0.495,0.1575,0.3922,0.3922,NA,NA,313586287000,$313.6B,24.1,-12.7%,-3.6%,-23.5%,-41.1%,67.2,67.2,15.7,60.32,0.02,No Signal
NPWR,1.63,5.2,1.35,2026-09-25,SPECIALTY INDUSTRIAL MACHINERY,151302000,NA,NA,1.917,-6.11,-6.11,-1.42,-0.106,0,0,0,0,-175326000,-13.21,0,0,1.105,2.85,0,3,1,0,0,88481000,NA,NA,4450.26,0.944,NET Power Inc.,INDUSTRIALS,50,75,15,20,4,68.8,0.7485,41.88,1.63,1.81,1.64,1.49,3.05,-0.0994,-0.0061,0.094,-0.4656,1.7965,1.6824,1.9125,41.3043,-0.4831,1.2574,-1.7405,1.9492,1.6438,-0.045,0.5263,620772.7273,2.0739,8e-4,-0.0015,-0.0023,0.0524,751,-0.0054,-0.8102,0.8312,-0.7023,FALSE,FALSE,FALSE,FALSE,Neutral,FALSE,15,45,51.0309,39.1753,30,36.6443,768,-0.9276,0.0162,-0.1295,0.4365,-0.0024,0.0458,-0.6075,-0.8349,1,0,28.21,No Signal,0.03,4.69,Stable,FALSE,3.5%,0,NA,NA,NA,NA,50,Unknown,FALSE,FALSE,NA,NA,NA,-127149000,NA,NA,NA,NA,NA,NA,-127149000,NA,NA,0,NA,117933000,NA,83527000,NA,117933000,NA,15.5,25.4,10.3,0,37.1,18.6,18.6,50,90.2,3.1,50,17,68.8,40.4,36.2,50,FALSE,26.1,26.1,Very Weak,Very Weak,FALSE,FALSE,NEUTRAL,Proven,15.5,-0.0024,Analyst Upside,ANALYST,1.63,-9.94,5.2,1.35,1.917,-13.21,NA,0,0,-1.42,0,NA,NA,NA,NA,151302000,$151.3M,N/A,-9.9%,-0.6%,+9.4%,-46.6%,40.4,40.4,36.2,44.239999999999995,0.03,No Signal
NTRA,412.56,369.69,157.43,2026-09-20,DIAGNOSTICS & RESEARCH,53245420000,NA,5000,29.23,-1.37,-1.37,-0.125,-0.0808,-0.0711,-0.103,2707076000,19.32,-224420992,-26.8,0,0.4595,1.534,344.33,5,14,3,0,0,144144000,NA,0,19.35,12.68,Natera Inc,HEALTHCARE,50,20,15,20,22,77.3,-0.1654,31.73,412.56,338.45,261.91,186.84,163.66,0.219,0.5752,1.2081,1.5208,350.3403,316.5035,244.5602,83.7504,6.7836,5.2562,1.5274,409.8853,290.7952,1.0225,0.3969,1401604.5455,1.3073,8e-4,0.0033,0.0025,0.0266,751,0.0038,0.5632,0.4227,1.4857,TRUE,TRUE,TRUE,TRUE,Overbought,TRUE,100,30,96.9072,95.8763,70,84.7474,768,2.9463,0.3389,0.4683,0.5476,0.0047,0.0345,1.1849,2.1621,1,4,34.03,No Signal,0.03,4.7,Decreasing,FALSE,3.3%,0,NA,NA,NA,NA,50,Unknown,FALSE,FALSE,NA,NA,NA,-35933333.3333,NA,NA,NA,NA,NA,NA,-35933333.3333,NA,NA,2306113000,NA,NA,0.4595,1821499000,NA,NA,0.4595,93.3,94.3,89.2,96.4,94.8,93.3,93.3,50,3.3,18.6,50,11.3,77.3,33,93.6,50,FALSE,84.3,84.3,Very Strong,Very Strong,TRUE,FALSE,NEUTRAL,Proven,99.5,0.0047,Alpha Leader,GX MACD MA200,412.56,21.9,369.69,157.43,29.23,-26.8,NA,-0.103,-0.0711,-0.125,0.4595,NA,NA,NA,NA,53245420000,$53.2B,N/A,+21.9%,+57.5%,+120.8%,+152.1%,33,33,93.6,39.8,0.03,Tier 2: Golden Cross
NTRS,175.73,194.86,118.61,2026-09-25,ASSET MANAGEMENT,31832455000,14.91,13.74,2.534,11.67,11.67,0.171,0.0128,0.247,0.425,9085500000,48.65,NA,NA,0.986,0.0926,1.257,184.27,0,2,10,1,2,182956000,0.0185,0.981,5.42,68.41,Northern Trust Corporation,FINANCIAL SERVICES,90,75,65,75,15,45,0.0486,72.75,175.73,187.66,173.87,136.23,131.38,-0.0636,0.0107,0.29,0.3376,181.3765,183.4334,161.9556,39.5576,-1.524,-1.0159,-0.5081,191.401,171.352,0.2184,0.2307,965395.4545,1.0056,8e-4,0.0014,6e-4,0.0135,751,0.0016,0.1391,0.214,0.6556,FALSE,FALSE,TRUE,TRUE,Neutral,FALSE,35,20,55.1546,61.3402,30,43.5644,768,0.3312,-0.0698,-0.0292,0.5794,0.001,0.0144,0.253,1.1103,1,3,19.98,No Signal,0.02,4.27,Increasing,FALSE,2.1%,0,NA,NA,NA,NA,50,Unknown,FALSE,FALSE,NA,NA,NA,2460366666.6667,NA,NA,NA,NA,NA,NA,2460366666.6667,NA,NA,8086400000,NA,NA,0.0926,13401600000,NA,NA,0.0926,68,74.6,97.4,92.8,54.6,76,76,84.9,82,57.7,50,78.9,45,67.6,46.7,50,FALSE,67.7,67.7,Strong,Strong,TRUE,FALSE,NEUTRAL,Proven,78.4,0.001,High IR,GX MA200 α>SPY,175.73,-6.36,194.86,118.61,2.534,NA,NA,0.425,0.247,0.171,0.0926,NA,NA,NA,NA,31832455000,$31.8B,14.9,-6.4%,+1.1%,+29%,+33.8%,67.6,67.6,46.7,60.559999999999995,0.02,Tier 2: Golden Cross
NVDA,225.07,236,163.9,2026-09-17,SEMICONDUCTORS,5165043155000,26.8,23.42,22.37,7.98,7.98,1.172,0.536,0.637,0.662,302970012000,12.48,201266004000,21.8,1.278,0.8827,2.217,328.66,9,48,2,1,0,24147000000,0.0013,0.451,16.83,9.48,NVIDIA Corporation,TECHNOLOGY,45,20,95,90,60,77.1,0.4603,64.96,225.07,209.66,192.53,165.17,177.69,0.0735,0.169,0.3627,0.2666,221.7545,215.977,199.4733,55.1741,1.0341,0.8732,0.1609,232.688,210.821,0.6516,0.3231,127273663.6364,2.0454,8e-4,0.0027,0.0018,0.0242,751,-0.0033,0.2382,0.3839,1.195,TRUE,TRUE,TRUE,TRUE,Neutral,TRUE,100,85,77.3196,69.0722,70,81.7603,768,1.9215,0.0088,0.0538,0.4365,-3e-4,0.0193,-0.0665,-0.2165,1,0,11.57,No Signal,0.01,2.55,Stable,FALSE,1.2%,0,NA,NA,NA,NA,50,Unknown,FALSE,FALSE,NA,NA,0.7107,61516666666.6667,NA,NA,NA,NA,NA,0.1457,61516666666.6667,0.1457,0.7107,215938000000,33366000000,22443000000,0.8827,228984000000,33366000000,22443000000,0.8827,45.9,45.6,10.3,0,67.5,37.4,37.4,51.1,4.4,97.4,82.9,99.5,77.1,71.2,78.2,50,FALSE,52.3,52.3,Neutral,Neutral,TRUE,FALSE,NEUTRAL,Proven,56.7,-3e-4,Strong Trend,GX MACD RSI MA200 ANALYST,225.07,7.35,236,163.9,22.37,21.8,0.7107,0.662,0.637,1.172,0.8827,0.1457,0.1457,NA,NA,5165043155000,$5.17T,26.8,+7.3%,+16.9%,+36.3%,+26.7%,71.2,71.2,78.2,62.72,0.01,Tier 2: Golden Cross
OKTA,195.19,192.59,62.66,2026-09-19,SOFTWARE - INFRASTRUCTURE,31882093000,109.86,48.31,4.572,1.66,1.66,0.0431,0.0158,0.0963,0.133,3073000000,17.45,321000000,71.93,0.757,0.1357,0.789,185.18,9,26,9,0,0,167140000,NA,1.508,9.64,39.89,Okta Inc,TECHNOLOGY,25,60,40,60,44,75,-0.0513,46.75,195.19,134.42,124.28,75.47,91.19,0.4521,0.5706,1.5863,1.1405,181.0182,158.1929,109.1675,62.0823,7.3134,6.7485,0.5649,208.0157,154.0208,0.7625,0.6624,4852845.4545,1.2713,8e-4,0.0017,9e-4,0.0319,751,-0.0608,0.1689,0.5069,0.446,TRUE,TRUE,TRUE,TRUE,Neutral,TRUE,100,85,96.3918,98.4536,70,93.3582,768,0.351,0.2719,0.4676,0.5159,0.0066,0.0512,1.6666,2.0492,1,0,16.33,No Signal,0.05,2.22,Increasing,FALSE,4.9%,0,NA,NA,NA,NA,50,Unknown,FALSE,FALSE,NA,NA,0.7736,707000000,NA,NA,NA,NA,NA,NA,707000000,NA,0.7736,2919000000,NA,763000000,0.1357,6973000000,NA,763000000,0.1357,98.5,93.3,73.7,0,94.3,81.8,81.8,5,59.6,30.9,50,49,75,38.9,97,50,FALSE,79,79,Very Strong,Very Strong,TRUE,FALSE,NEUTRAL,Proven,95.4,0.0066,Alpha Leader,GX MACD RSI MA200,195.19,45.21,192.59,62.66,4.572,71.93,0.7736,0.133,0.0963,0.0431,0.1357,NA,NA,NA,NA,31882093000,$31.9B,109.9,+45.2%,+57.1%,+158.6%,+114.1%,38.9,38.9,97,43.34,0.05,Tier 2: Golden Cross
OLLI,84.25,134.8,60.29,2026-09-25,DISCOUNT STORES,4907233000,18.48,19.19,2.586,4.47,4.47,0.149,0.0674,0.098,0.108,2793108000,45.87,373038000,12.87,0.434,0.1225,0.501,99.93,3,9,3,0,0,59402000,NA,2.08,1.948,31.83,Ollie's Bargain Outlet Hldg,CONSUMER DEFENSIVE,75,75,65,60,15,75,0.1861,69.75,84.25,74.27,71.91,90.34,133.65,0.1344,0.1716,-0.0674,-0.3696,76.4112,74.7575,90.0701,65.5489,2.8766,1.4425,1.4341,84.4626,68.3599,0.9868,0.4942,2028200,0.7857,8e-4,5e-4,-4e-4,0.0239,751,-0.0077,-0.0481,0.3787,-0.2463,TRUE,TRUE,FALSE,FALSE,Neutral,TRUE,55,65,77.8351,21.6495,70,58.1804,768,-0.3442,0.0947,0.1055,0.5,-0.0016,0.0286,-0.4103,-0.9031,1,0,35.45,No Signal,0.15,3.96,Increasing,FALSE,14.6%,0,NA,NA,NA,NA,50,Unknown,FALSE,FALSE,NA,NA,0.405,143884333.3333,NA,NA,NA,NA,NA,7e-4,143884333.3333,7e-4,0.405,2649198000,1420000,120765000,0.1225,1895599000,1420000,120765000,0.1225,24.7,22.3,58.8,0,75.3,36,36,73.4,80.9,53.1,98.2,49.5,75,69.6,56.5,50,FALSE,46,46,Neutral,Neutral,FALSE,FALSE,NEUTRAL,Proven,46.4,-0.0016,Analyst Upside,MACD RSI ANALYST,84.25,13.44,134.8,60.29,2.586,12.87,0.405,0.108,0.098,0.149,0.1225,7e-4,7e-4,NA,NA,4907233000,$4.9B,18.5,+13.4%,+17.2%,-6.7%,-37%,69.6,69.6,56.5,61.76,0.15,Tier 5: Underdog Watch
OLMA,8.75,36.26,6.65,2026-09-25,BIOTECHNOLOGY,772604000,NA,NA,1.959,-1.94,-1.94,-0.527,-0.318,0,0,0,0,-220675008,-3.326,0,0,1.988,36.5,2,9,1,0,0,87498000,NA,NA,NA,4.923,Olema Pharmaceuticals Inc,HEALTHCARE,50,75,15,20,12,77.1,3.1714,42.71,8.75,10.85,11.39,13.42,8.19,-0.1935,-0.2318,-0.348,0.0684,10.0618,10.7677,16.6429,30.734,-4.9824,-3.6457,-1.3367,11.3479,8.7756,-0.0099,0.5162,1145300,0.8462,8e-4,0.0014,6e-4,0.0702,751,-0.0375,0.1772,1.1147,0.1299,FALSE,FALSE,FALSE,FALSE,Neutral,FALSE,15,20,12.8866,3.0928,30,14.2345,768,-0.5208,-0.1608,-0.2922,0.4524,-0.0052,0.035,-1.3153,-2.3706,1,0,48.73,Low Signal,0.18,15.93,Stable,FALSE,18.4%,0,NA,NA,NA,NA,50,Unknown,FALSE,FALSE,NA,NA,NA,-104510000,NA,NA,NA,NA,NA,NA,-104510000,NA,NA,NA,NA,48599000,NA,430564000,NA,48599000,NA,1,1,19.1,0,12.4,6.2,6.2,50,89.1,8.8,50,17,77.1,42.5,4.4,50,FALSE,11.2,11.2,Very Weak,Very Weak,FALSE,FALSE,NEUTRAL,Proven,1,-0.0052,Analyst Upside,ANALYST,8.75,-19.35,36.26,6.65,1.959,-3.326,NA,0,0,-0.527,0,NA,NA,NA,NA,772604000,$772.6M,N/A,-19.4%,-23.2%,-34.8%,+6.8%,42.5,42.5,4.4,45.5,0.18,No Signal
ON,77.2,134.92,44.56,2026-09-25,SEMICONDUCTORS,28848509000,47.2,16.5,3.969,1.57,1.57,0.0831,0.0675,0.102,0.195,6197800000,15.57,2089900000,18.68,0.366,-0.1477,1.997,103.69,2,11,16,0,0,389319000,NA,0.165,4.723,18.54,ON Semiconductor Corporation,TECHNOLOGY,25,60,40,60,29,62.9,0.3431,45.54,77.2,73.22,90.65,55.66,49.77,0.0544,-0.1484,0.387,0.5511,72.3795,77.7282,79.8694,54.8155,-1.6658,-3.045,1.3791,77.2182,67.5408,0.9981,0.6227,10612472.7273,2.1031,8e-4,4e-4,-4e-4,0.0318,751,0.0499,-0.3356,0.5047,-0.2041,TRUE,FALSE,FALSE,FALSE,Neutral,TRUE,15,85,21.6495,72.6804,70,44.5309,768,-0.5104,-0.0432,-0.2926,0.4444,-0.0017,0.0393,-0.4392,-0.7043,1,1,28.6,No Signal,0.08,3.04,Stable,FALSE,7.6%,0,NA,NA,NA,NA,50,Unknown,FALSE,FALSE,NA,NA,0.3309,1023133333.3333,NA,NA,NA,NA,NA,0.6178,1023133333.3333,0.6178,0.3309,5995400000,4459400000,3514500000,-0.1477,7218700000,4459400000,3514500000,-0.1477,23.7,30.1,16,63.9,11.9,26,26,17.3,65,39.2,40.5,52.1,62.9,42.2,59.8,50,FALSE,36.5,36.5,Weak,Weak,FALSE,FALSE,NEUTRAL,Proven,29.4,-0.0017,Analyst Upside,MACD RSI ANALYST,77.2,5.4399999999999995,134.92,44.56,3.969,18.68,0.3309,0.195,0.102,0.0831,-0.1477,0.6178,0.6178,NA,NA,28848509000,$28.8B,47.2,+5.4%,-14.8%,+38.7%,+55.1%,42.2,42.2,59.8,45.32,0.08,No Signal
ONON,29.96,51.08,26.36,2026-09-25,FOOTWEAR & ACCESSORIES,10079915000,20.94,15.41,4.228,1.44,1.44,0.239,0.0958,0.123,0.14,3220400000,9.71,490400000,12.41,0.811,0.811,2.084,43.05,7,16,4,1,0,301716000,NA,0.481,2.287,6.97,On Holding Ltd,CONSUMER CYCLICAL,60,60,80,60,28,75.9,0.4369,67.59,29.96,29.23,37.07,31.88,43.92,0.025,-0.1918,-0.0602,-0.3179,28.043,31.793,38.4696,54.1937,-1.72,-3.8595,2.1395,30.2888,25.7972,0.9268,0.3727,10821450,1.3767,8e-4,6e-4,-2e-4,0.0275,751,-0.0219,-0.1292,0.4364,-0.114,TRUE,FALSE,FALSE,FALSE,Neutral,TRUE,15,85,15.9794,23.1959,70,32.933,768,-0.384,-0.0434,-0.2458,0.4286,-0.0018,0.0292,-0.4536,-0.9798,1,0,29.18,No Signal,0.08,3.07,Stable,FALSE,7.6%,0,NA,NA,NA,NA,50,Unknown,FALSE,FALSE,NA,NA,NA,NA,NA,NA,NA,NA,NA,NA,NA,NA,NA,NA,NA,NA,NA,NA,NA,NA,NA,21.6,20.2,7.2,0,17.5,15.6,15.6,67.6,62.3,70.1,50,56.7,75.9,64.1,36.2,50,FALSE,27.8,27.8,Very Weak,Very Weak,FALSE,FALSE,NEUTRAL,Proven,19.6,-0.0018,Analyst Upside,MACD RSI ANALYST,29.96,2.5,51.08,26.36,4.228,12.41,NA,0.14,0.123,0.239,0.811,NA,NA,NA,NA,10079915000,$10.1B,20.9,+2.5%,-19.2%,-6%,-31.8%,64.1,64.1,36.2,58.459999999999994,0.08,No Signal
ORCL,137.1,325.79,114.5,2026-09-17,SOFTWARE - INFRASTRUCTURE,432878060000,21.99,17.36,6.87,6.51,6.51,0.412,0.0636,0.264,0.356,71776002000,24.79,34432999000,14.53,0.545,0.1278,1.732,239,8,28,7,1,0,3023736000,0.0143,0.789,7.64,13.04,Oracle Corporation,TECHNOLOGY,60,40,95,90,44,74.4,0.7433,72.44,137.1,148.87,148.53,138.8,291.33,-0.0791,-0.077,-0.0122,-0.5294,148.6345,142.2452,164.5396,40.6016,-0.8397,0.2172,-1.0569,162.2946,134.9744,0.0778,0.5116,32528890.9091,1.5491,8e-4,8e-4,0,0.0286,751,-0.0229,-0.1128,0.4544,0.0066,FALSE,FALSE,FALSE,FALSE,Neutral,FALSE,15,45,36.5979,28.866,30,30.2526,768,-0.311,-0.1132,-0.1863,0.4524,-0.0031,0.0331,-0.7716,-1.4698,1,0,7.53,No Signal,0.02,1.36,Increasing,FALSE,1.7%,0,NA,NA,NA,NA,50,Unknown,FALSE,FALSE,NA,NA,NA,-4091000000,NA,NA,NA,NA,NA,3.0474,-4091000000,3.0474,NA,67357000000,129541000000,31289000000,0.1278,42508000000,129541000000,31289000000,0.1278,9.8,10.9,19.1,0,27.3,13.6,13.6,64,36.6,86.6,6.3,81.4,74.4,61.1,28.4,50,FALSE,24.3,24.3,Very Weak,Very Weak,FALSE,FALSE,NEUTRAL,Proven,13.9,-0.0031,Analyst Upside,ANALYST,137.1,-7.91,325.79,114.5,6.87,14.53,NA,0.356,0.264,0.412,0.1278,3.0474,3.0474,NA,NA,432878060000,$432.9B,22,-7.9%,-7.7%,-1.2%,-52.9%,61.1,61.1,28.4,56.66,0.02,No Signal
ORN,8.58,17.4,8.08,2026-09-25,ENGINEERING & CONSTRUCTION,364458000,112.5,22.88,2.225,0.08,0.08,0.0227,0.0107,0.004,-0.0066,896500000,22.37,32971000,14.35,-0.333,0.0942,1.389,15.32,1,5,0,0,0,40495300,NA,0.619,0.587,4.061,Orion Group Holdings Inc,INDUSTRIALS,25,75,40,40,6,79.2,0.7855,47.17,8.58,9.33,16.41,10.65,8.4,-0.0804,-0.4771,-0.1944,0.0214,9.078,9.939,12.0426,33.8192,-3.6945,-3.8977,0.2031,9.4969,8.6591,-0.0944,0.358,433100,1.5967,8e-4,0.0016,7e-4,0.0396,751,0.0016,0.0627,0.6286,0.2999,FALSE,FALSE,FALSE,FALSE,Neutral,TRUE,15,20,1.5464,9.7938,70,16.1727,768,0.1177,-0.1052,-0.5335,0.4603,-0.0044,0.0324,-1.1091,-2.1592,1,0,39.49,No Signal,0.07,8.01,Stable,FALSE,6.7%,0,NA,NA,NA,NA,50,Unknown,FALSE,FALSE,NA,NA,0.1239,-1314000,NA,NA,NA,NA,NA,0.603,-1314000,0.603,0.1239,852260000,99162000,2527000,0.0942,164457000,99162000,2527000,0.0942,3.6,2.1,24.7,0,1.5,6.8,6.8,4.3,85.2,29.9,42.3,24.2,79.2,37.4,8.9,50,FALSE,11.9,11.9,Very Weak,Very Weak,FALSE,FALSE,NEUTRAL,Proven,2.6,-0.0044,Analyst Upside,MACD ANALYST,8.58,-8.04,17.4,8.08,2.225,14.35,0.1239,-0.0066,0.004,0.0227,0.0942,0.603,0.603,NA,NA,364458000,$364.5M,112.5,-8%,-47.7%,-19.4%,+2.1%,37.4,37.4,8.9,42.44,0.07,No Signal
PANW,374.74,398.88,139.57,2026-09-19,SOFTWARE - INFRASTRUCTURE,297408430000,886.78,90.09,11.16,0.41,0.41,0.0174,0.014,0.0267,0.054,11480001000,15.33,1560000000,220.15,0.605,0.1566,0.908,395.38,11,33,9,1,1,818000000,NA,1.915,26.67,33.73,Palo Alto Networks Inc,TECHNOLOGY,25,20,40,40,55,73.6,0.0551,35.61,374.74,339.31,304.2,154.35,202.21,0.1044,0.2319,1.4279,0.8532,360.916,356.5228,245.233,54.3793,2.1938,1.4268,0.767,403.4838,318.3482,0.6624,0.6977,6995381.8182,1.2114,8e-4,0.0019,0.0011,0.0244,751,-0.0444,0.2325,0.3868,0.7164,TRUE,TRUE,TRUE,TRUE,Neutral,TRUE,100,85,83.5052,97.9381,70,89.3892,768,0.8334,-0.0466,0.1436,0.5556,0.0056,0.0344,1.4161,2.5896,1,0,18.21,No Signal,0.03,3.02,Stable,FALSE,2.7%,0,NA,NA,NA,NA,50,Unknown,FALSE,FALSE,NA,NA,0.7342,3067066666.6667,NA,NA,NA,NA,NA,NA,3067066666.6667,NA,0.7342,9221000000,NA,2514000000,0.1566,27492000000,NA,2514000000,0.1566,95.9,97.9,92.3,0,78.9,83.5,83.5,50,21.3,28.9,50,29.4,73.6,40.3,92.2,50,FALSE,79.1,79.1,Very Strong,Very Strong,TRUE,FALSE,NEUTRAL,Proven,95.9,0.0056,Alpha Leader,GX MACD RSI MA200 α>SPY,374.74,10.440000000000001,398.88,139.57,11.16,220.15,0.7342,0.054,0.0267,0.0174,0.1566,NA,NA,NA,NA,297408430000,$297.4B,886.8,+10.4%,+23.2%,+142.8%,+85.3%,40.3,40.3,92.2,44.17999999999999,0.03,Tier 2: Golden Cross
PD,14.38,16.91,5.7,2026-09-25,SOFTWARE - APPLICATION,1166378000,7.13,10.99,5.03,2.08,2.08,0.826,0.0229,0.375,0.0823,494733000,5.88,45853000,18.42,-0.4,0.0694,0.965,12.64,0,3,4,1,1,78650000,NA,NA,2.242,2.98,Pagerduty Inc,TECHNOLOGY,90,40,95,90,9,50,-0.121,77.5,14.38,12.19,9.09,6.15,16.2,0.1797,0.582,1.3382,-0.1123,14.1805,12.3418,9.6832,58.9546,4.6971,5.2785,-0.5814,15.0617,13.2993,0.6132,0.5124,1761009.0909,1.3125,8e-4,-0,-8e-4,0.0315,751,-0.0436,-0.2779,0.5007,-0.4234,TRUE,TRUE,TRUE,TRUE,Neutral,FALSE,100,85,97.4227,97.4227,30,89.4613,768,-0.6391,0.1989,0.5388,0.5159,0.0069,0.0486,1.7507,2.2697,1,0,37.61,No Signal,0.11,5.23,Increasing,FALSE,10.7%,0,NA,NA,NA,NA,50,Unknown,FALSE,FALSE,NA,NA,0.8495,98942000,NA,NA,NA,NA,NA,1.8133,98942000,1.8133,0.8495,492546000,420614000,233651000,0.0694,231961000,420614000,233651000,0.0694,99,94.8,73.7,0,96.9,82.7,82.7,100,53,94.8,9.9,94.3,50,73.2,94.6,50,FALSE,84.1,84.1,Very Strong,Very Strong,TRUE,FALSE,NEUTRAL,Proven,99,0.0069,Alpha Leader,GX RSI MA200,14.38,17.97,16.91,5.7,5.03,18.42,0.8495,0.0823,0.375,0.826,0.0694,1.8133,1.8133,NA,NA,1166378000,$1.2B,7.1,+18%,+58.2%,+133.8%,-11.2%,73.2,73.2,94.6,63.92,0.11,Tier 2: Golden Cross
PEP,128.63,166.41,131.99,2026-09-17,BEVERAGES - NON-ALCOHOLIC,183508435000,17.77,14.99,8.37,7.56,7.56,0.515,0.0893,0.108,0.168,96904004000,70.89,18882001000,12.2,1.37,0.0133,0.361,155,4,3,16,1,0,1366000000,0.0424,1.388,2.347,16.18,PepsiCo Inc,CONSUMER DEFENSIVE,75,40,95,60,24,60.4,0.205,70.29,128.63,142.19,141.39,156.82,139.92,-0.0954,-0.0902,-0.1798,-0.0807,135.2405,137.8424,147.8078,28.8824,-2.1446,-1.5581,-0.5865,143.6704,126.8106,0.1079,0.1545,8806295.4545,0.0882,8e-4,-3e-4,-0.0011,0.0154,751,-0.0017,-0.0911,0.2448,-1.1577,FALSE,FALSE,FALSE,FALSE,Oversold,FALSE,15,20,33.5052,10.8247,30,21.9665,768,-0.5976,-0.0785,-0.0784,0.4524,-9e-4,0.0134,-0.2153,-1.01,1,1,14.43,No Signal,0.02,3.21,Increasing,FALSE,1.9%,0,NA,NA,NA,NA,50,Unknown,FALSE,FALSE,NA,NA,0.5415,7595000000,NA,NA,NA,NA,NA,1.9876,7595000000,1.9876,0.5415,93925000000,43921000000,10251000000,0.0133,22098000000,43921000000,10251000000,0.0133,36.1,18.1,19.1,63.9,49,32.9,32.9,76.3,29,92.3,9,53.1,60.4,59,11.5,50,FALSE,31.7,31.7,Weak,Weak,FALSE,FALSE,NEUTRAL,Proven,21.6,-9e-4,Analyst Upside,ANALYST,128.63,-9.54,166.41,131.99,8.37,12.2,0.5415,0.168,0.108,0.515,0.0133,1.9876,1.9876,NA,NA,183508435000,$183.5B,17.8,-9.5%,-9%,-18%,-8.1%,59,59,11.5,55.4,0.02,No Signal
PG,146.23,164.77,134.62,2026-09-17,HOUSEHOLD & PERSONAL PRODUCTS,341479293000,22.18,21.01,6.39,6.63,6.63,0.303,0.107,0.184,0.221,87031996000,37.29,24752001000,15.01,-0.155,0.0138,0.377,160.61,6,7,12,0,0,2322672000,0.029,3.752,4.211,22.95,Procter & Gamble Company,CONSUMER DEFENSIVE,60,40,95,75,25,69,0.0983,69.65,146.23,145,149.02,144.72,152.15,0.0085,-0.0187,0.0104,-0.0389,145.9965,145.9706,147.5291,50.6473,0.2055,0.1424,0.063,148.8858,143.1072,0.5404,0.1412,8050240.9091,0.0989,8e-4,1e-4,-8e-4,0.0142,751,-0.0017,-0.0074,0.2253,-0.8765,TRUE,TRUE,FALSE,FALSE,Neutral,TRUE,55,85,48.9691,31.4433,70,54.4794,768,-0.4804,0.0213,-0.0214,0.5397,2e-4,0.0127,0.0557,0.2768,1,1,18.17,No Signal,0.01,2.84,Decreasing,FALSE,1%,0,NA,NA,NA,NA,50,Unknown,FALSE,FALSE,NA,NA,NA,14784666666.6667,NA,NA,NA,NA,NA,0.5395,14784666666.6667,0.5395,NA,84284000000,29299000000,NA,0.0138,54311000000,29299000000,NA,0.0138,56.7,59.6,85.6,63.9,55.2,63.7,63.7,62.6,41.5,79.4,46.8,69.1,69,63.3,52.2,50,FALSE,60.9,60.9,Neutral,Neutral,FALSE,FALSE,NEUTRAL,Proven,64.4,2e-4,Consistent Beat,MACD RSI,146.23,0.8500000000000001,164.77,134.62,6.39,15.01,NA,0.221,0.184,0.303,0.0138,0.5395,0.5395,NA,NA,341479293000,$341.5B,22.2,+0.9%,-1.9%,+1%,-3.9%,63.3,63.3,52.2,57.98,0.01,Tier 5: Underdog Watch
PINS,18.9,36.15,13.84,2026-09-19,INTERNET CONTENT & INFORMATION,10533422000,53.14,8.4,3.583,0.35,0.35,0.0646,0.0351,0.0546,-0.0346,4555720000,7.16,316556000,32.21,-0.846,0.1755,0.894,29.05,2,17,20,0,0,492198000,NA,0.25,2.259,5.12,Pinterest Inc,COMMUNICATION SERVICES,25,60,40,40,39,63.5,0.537,42.6,18.9,23.31,20.82,18.01,33.45,-0.1892,-0.0922,0.0494,-0.435,19.635,21.9364,21.4204,39.9187,-5.0123,-5.1021,0.0898,22.3281,16.9419,0.3635,0.5402,15007963.6364,1.2427,8e-4,0,-8e-4,0.0285,751,0.0042,-0.2499,0.452,-0.4396,FALSE,FALSE,FALSE,TRUE,Neutral,TRUE,15,20,32.9897,36.0825,70,30.8634,768,-0.5943,-0.1824,-0.1291,0.4921,-2e-4,0.0297,-0.0564,-0.1194,1,3,35.66,No Signal,0.12,4.32,Increasing,FALSE,12%,0,NA,NA,NA,NA,50,Unknown,FALSE,FALSE,NA,NA,NA,932258333.3333,NA,NA,NA,NA,NA,NA,932258333.3333,NA,NA,4221767000,NA,422484000,0.1755,2893898000,NA,422484000,0.1755,46.9,46.6,52.1,92.8,37.6,51.1,51.1,15.8,69.4,35.1,50,39.2,63.5,41,30.5,50,FALSE,44.6,44.6,Weak,Weak,TRUE,FALSE,NEUTRAL,Proven,43.3,-2e-4,Analyst Upside,GX MACD ANALYST,18.9,-18.92,36.15,13.84,3.583,32.21,NA,-0.0346,0.0546,0.0646,0.1755,NA,NA,NA,NA,10533422000,$10.5B,53.1,-18.9%,-9.2%,+4.9%,-43.5%,41,41,30.5,44.599999999999994,0.12,Tier 2: Golden Cross
PLNT,42.68,114.26,37.03,2026-09-25,LEISURE,3109818000,14.49,11.19,139.36,2.83,2.83,0,0.0854,0.183,0.337,1301656000,16.14,577783000,9.39,0.261,0.1117,1.012,67.54,3,9,6,0,0,75217000,NA,0.917,4.103,-8.15,Planet Fitness Inc,CONSUMER CYCLICAL,90,20,15,75,18,70.8,0.5825,49.33,42.68,53.29,52.74,73.73,103.39,-0.1991,-0.1907,-0.4211,-0.5872,48.769,51.3866,69.4769,30.2775,-5.1314,-3.084,-2.0475,56.2043,41.3337,0.0905,0.4861,2393436.3636,0.587,8e-4,2e-4,-6e-4,0.0237,751,0.0427,-0.0729,0.3765,-0.4249,FALSE,FALSE,FALSE,FALSE,Neutral,FALSE,15,20,16.4948,1.0309,30,14.9046,768,-0.6057,-0.1245,-0.2136,0.4841,-0.0044,0.037,-1.1124,-1.892,1,1,36.44,No Signal,0.11,5.16,Increasing,FALSE,10.6%,0,NA,NA,NA,NA,50,Unknown,FALSE,FALSE,NA,NA,NA,212610333.3333,NA,NA,NA,NA,NA,NA,212610333.3333,NA,NA,1324144000,2474032000,298265000,0.1117,-612737000,2474032000,298265000,0.1117,3.1,5.7,41.2,63.9,23.2,20.5,20.5,85.6,50,24.2,50,68.6,70.8,56.3,3.9,50,FALSE,21.9,21.9,Very Weak,Very Weak,FALSE,FALSE,NEUTRAL,Proven,10.8,-0.0044,Analyst Upside,ANALYST,42.68,-19.91,114.26,37.03,139.36,9.39,NA,0.337,0.183,0,0.1117,NA,NA,NA,NA,3109818000,$3.1B,14.5,-19.9%,-19.1%,-42.1%,-58.7%,56.3,56.3,3.9,53.779999999999994,0.11,No Signal
PM,190.48,207.76,138.43,2026-09-17,TOBACCO,298801791000,26.66,21.23,1318.7,7.19,7.19,0,0.146,0.256,0.4,42545000000,27.32,18015001000,18.47,-0.075,0.075,0.395,207.27,3,9,4,0,0,1558613000,0.0303,2.331,8.12,-5.51,Philip Morris International Inc,CONSUMER DEFENSIVE,45,20,15,90,16,73.4,0.0881,40.59,190.48,194.1,180.77,164.83,164,-0.0186,0.0537,0.1556,0.1615,189.228,190.0834,176.948,51.7197,0.2699,0.2292,0.0407,195.2991,183.1569,0.6031,0.1933,4403468.1818,0.0882,8e-4,0.0011,3e-4,0.0179,751,-0.0108,0.2623,0.2835,0.2468,TRUE,TRUE,TRUE,TRUE,Neutral,TRUE,100,85,62.8866,46.9072,70,72.9974,768,0.0931,0.0152,0.0755,0.5714,0.0019,0.0188,0.4893,1.6438,1,0,20.88,No Signal,0.01,3.55,Decreasing,FALSE,0.9%,0,NA,NA,NA,NA,50,Unknown,FALSE,FALSE,NA,NA,0.6712,9773333333.3333,NA,NA,NA,NA,NA,NA,9773333333.3333,NA,0.6712,40648000000,42366000000,5999000000,0.075,-8583000000,42366000000,5999000000,0.075,77.8,88.1,95.9,0,70.1,75.1,75.1,51.8,50,24.2,50,79.9,73.4,50.8,63.4,50,FALSE,68.6,68.6,Strong,Strong,TRUE,FALSE,NEUTRAL,Proven,80.4,0.0019,Alpha Leader,GX MACD RSI MA200 α>SPY,190.48,-1.8599999999999999,207.76,138.43,1318.7,18.47,0.6712,0.4,0.256,0,0.075,NA,NA,NA,NA,298801791000,$298.8B,26.7,-1.9%,+5.4%,+15.6%,+16.2%,50.8,50.8,63.4,50.48,0.01,Tier 2: Golden Cross
PRIM,72.65,205.33,64.95,2026-09-25,ENGINEERING & CONSTRUCTION,4021376000,29.89,13.46,2.558,2.48,2.48,0.0889,0.0299,0.0192,-0.0156,7284200000,134.64,321700000,16.29,-0.605,0.1512,1.441,117.8,3,8,4,0,0,54255000,0.0042,1.217,0.71,29.84,Primoris Services Corporation,INDUSTRIALS,45,75,40,40,15,73.3,0.6215,51.58,72.65,78.18,93.11,134.4,129.77,-0.0707,-0.2197,-0.4594,-0.4402,74.5545,79.304,120.3716,39.5888,-1.9405,-2.1078,0.1673,77.9551,71.1539,0.22,0.3334,1229572.7273,1.4996,8e-4,0.0018,0.001,0.0337,751,1e-4,0.1413,0.5352,0.4608,FALSE,FALSE,FALSE,FALSE,Neutral,TRUE,15,20,13.9175,0.5155,70,18.0284,768,0.2204,-0.0944,-0.2901,0.4841,-0.0052,0.0619,-1.3071,-1.3303,1,0,33.96,No Signal,0.1,4.32,Increasing,FALSE,10%,0,NA,NA,NA,NA,50,Unknown,FALSE,FALSE,NA,NA,0.1073,272600000,NA,NA,NA,NA,NA,0.4962,272600000,0.4962,0.1073,7574900000,797000000,218200000,0.1512,1606300000,797000000,218200000,0.1512,1.5,12.4,41.2,0,12.9,13.7,13.7,46,81.4,40.7,48.6,26.3,73.3,49.4,9.1,50,FALSE,18,18,Very Weak,Very Weak,FALSE,FALSE,NEUTRAL,Proven,6.2,-0.0052,Analyst Upside,MACD ANALYST,72.65,-7.07,205.33,64.95,2.558,16.29,0.1073,-0.0156,0.0192,0.0889,0.1512,0.4962,0.4962,NA,NA,4021376000,$4B,29.9,-7.1%,-22%,-45.9%,-44%,49.4,49.4,9.1,49.64,0.1,No Signal
PRPL,2.47,25,2.3,2026-09-25,"FURNISHINGS, FIXTURES & APPLIANCES",11249100,NA,285.71,1.736,-11.32,-11.32,-102.71,-0.0662,-0.107,-0.0433,453454000,104.56,-12222000,28.89,-0.602,-0.0418,1.403,25,0,1,2,0,0,4353100,NA,3.696,0.449,-14.65,Purple Innovation Inc,CONSUMER CYCLICAL,50,75,15,20,3,58.3,9.1215,40.83,2.47,4.72,9.775,16.2,23.625,-0.4767,-0.7473,-0.8475,-0.8954,3.2298,5.5353,12.5097,27.6786,-23.3421,-22.8119,-0.5301,4.4035,2.056,0.1764,1.5279,57004.5455,1.484,8e-4,-0.0018,-0.0027,0.0593,751,-0.033,-0.7745,0.9417,-0.7141,FALSE,FALSE,FALSE,FALSE,Oversold,FALSE,15,20,0,0,30,9.75,768,-0.9742,-0.6233,-0.7628,0.3651,-0.0142,0.062,-3.5751,-3.6351,1,0,16.31,No Signal,0.03,3.25,Increasing,FALSE,2.6%,0,NA,NA,NA,NA,50,Unknown,FALSE,FALSE,NA,NA,0.4023,-45352000,NA,NA,NA,NA,NA,NA,-45352000,NA,0.4023,468725000,126679000,23300000,-0.0418,-63767000,126679000,23300000,-0.0418,0,0,0.5,0,0,0.1,0.1,50,92.9,0,50,8.8,58.3,37.7,1,50,FALSE,6,6,Very Weak,Very Weak,FALSE,FALSE,NEUTRAL,Proven,0,-0.0142,Analyst Upside,ANALYST,2.47,-47.67,25,2.3,1.736,28.89,0.4023,-0.0433,-0.107,-102.71,-0.0418,NA,NA,NA,NA,11249100,$11.2M,N/A,-47.7%,-74.7%,-84.8%,-89.5%,37.7,37.7,1,42.620000000000005,0.03,No Signal
PTGX,141.86,160.81,62.24,2026-09-25,BIOTECHNOLOGY,8975038000,134.66,36.9,11.15,1.03,1.03,0.11,0.0455,0.294,0.744,281992000,4.358,59883000,143.84,3.513,3.513,1.794,174.69,3,10,0,0,0,64708000,NA,0,30.55,13.01,Protagonist Therapeutics Inc,HEALTHCARE,25,20,65,90,13,80.8,0.2314,51.33,141.86,151.5,121.88,99.87,64.7,-0.0636,0.1639,0.4204,1.1926,144.6105,144.5972,110.0265,46.0258,-0.8828,-0.2466,-0.6362,150.3241,138.8969,0.2593,0.3095,639804.5455,0.4712,8e-4,0.0033,0.0025,0.0348,751,0.0275,0.7425,0.5522,1.1428,FALSE,FALSE,TRUE,TRUE,Neutral,FALSE,35,45,76.8041,77.3196,30,57.0052,768,3.1166,-0.0548,0.1077,0.5079,0.0017,0.0266,0.4368,1.0327,1,1,43.68,Low Signal,0.13,15.13,Increasing,FALSE,12.6%,0,NA,NA,NA,NA,50,Unknown,FALSE,FALSE,NA,NA,NA,56011000,NA,NA,NA,NA,NA,NA,56011000,NA,NA,NA,NA,420078000,NA,841543000,NA,420078000,NA,74.7,73.1,66,63.9,75.8,71.6,71.6,2.2,21.9,42.8,50,86.6,80.8,42.6,63.3,50,FALSE,65.3,65.3,Strong,Strong,TRUE,FALSE,NEUTRAL,Proven,73.2,0.0017,Alpha Leader,GX MA200 ANALYST,141.86,-6.36,160.81,62.24,11.15,143.84,NA,0.744,0.294,0.11,3.513,NA,NA,NA,NA,8975038000,$9B,134.7,-6.4%,+16.4%,+42%,+119.3%,42.6,42.6,63.3,45.56,0.13,Tier 2: Golden Cross
QBTS,17.41,46.75,12.75,2026-09-26,COMPUTER HARDWARE,6635873000,NA,NA,5.89,-0.7,-0.7,-0.28,-0.106,0,-17.32,12425000,0.035,-161195008,-2.065,0,0.6755,2.14,34.65,1,15,1,0,0,376451000,NA,NA,473.51,2.911,D-Wave Quantum Inc. Common Stock,TECHNOLOGY,50,40,15,20,17,75,0.9902,35.5,17.41,17.51,22.76,12.98,26.34,-0.0057,-0.2351,0.3413,-0.339,17.007,18.2076,21.0584,48.4552,-2.0285,-2.9142,0.8857,17.8986,16.1154,0.726,0.5754,16708827.2727,2.8319,8e-4,0.0072,0.0063,0.0816,751,-0.0094,1.2069,1.2959,1.2294,TRUE,FALSE,FALSE,FALSE,Neutral,TRUE,15,45,11.8557,67.0103,70,34.4588,768,9.2727,-0.1574,-0.3911,0.3968,-0.0028,0.0588,-0.7026,-0.753,1,0,42.02,Low Signal,0.18,4.69,Stable,FALSE,18.1%,0,NA,NA,NA,NA,50,Unknown,FALSE,FALSE,NA,NA,0.8259,-60608333.3333,NA,NA,NA,NA,NA,0.0322,-60608333.3333,0.0322,0.8259,24587000,34886000,296642000,0.6755,1083110000,34886000,296642000,0.6755,11.9,28,3.6,0,8.2,12.5,12.5,50,45.4,13.4,92.8,17,75,44.2,47,50,FALSE,25.5,25.5,Very Weak,Very Weak,FALSE,FALSE,NEUTRAL,Proven,14.4,-0.0028,Analyst Upside,MACD ANALYST,17.41,-0.5700000000000001,46.75,12.75,5.89,-2.065,0.8259,-17.32,0,-0.28,0.6755,0.0322,0.0322,NA,NA,6635873000,$6.6B,N/A,-0.6%,-23.5%,+34.1%,-33.9%,44.2,44.2,47,46.519999999999996,0.18,No Signal
QCOM,201.97,257.56,120.88,2026-09-17,SEMICONDUCTORS,197420302000,21.47,18.59,7.25,8.61,8.61,0.338,0.116,0.21,0.185,44068999000,41.28,11999000000,15.4,-0.23,0.1119,1.679,194.13,2,9,23,1,2,1068060000,0.0191,0.834,4.71,26.17,Qualcomm Incorporated,TECHNOLOGY,60,40,95,75,37,55.4,-0.0388,68.29,201.97,163.72,189.39,127.07,169.68,0.2336,0.0664,0.5894,0.1903,181.154,170.2416,169.1311,67.6192,4.3668,3.2413,1.1255,203.9481,158.3599,0.9566,0.5029,14401077.2727,1.6937,8e-4,0.0012,4e-4,0.0228,751,0.0343,-0.0576,0.3623,0.2449,TRUE,TRUE,TRUE,TRUE,Neutral,TRUE,100,65,65.4639,85.567,70,78.5026,768,0.0745,0.2374,-0.0704,0.5159,8e-4,0.0374,0.2101,0.3541,1,1,18.13,No Signal,0.04,3.06,Increasing,FALSE,3.6%,0,NA,NA,NA,NA,50,Unknown,FALSE,FALSE,NA,NA,NA,11276666666.6667,NA,NA,NA,NA,NA,0.6075,11276666666.6667,0.6075,NA,44284000000,16802000000,4533000000,0.1119,27658000000,16802000000,4533000000,0.1119,64.9,60.1,73.7,63.9,49.5,63.1,63.1,64.7,34.4,82,41.4,73.2,55.4,61.9,85.9,50,FALSE,68.4,68.4,Strong,Strong,TRUE,FALSE,NEUTRAL,Proven,79.9,8e-4,Consistent Beat,GX MACD RSI MA200,201.97,23.36,257.56,120.88,7.25,15.4,NA,0.185,0.21,0.338,0.1119,0.6075,0.6075,NA,NA,197420302000,$197.4B,21.5,+23.4%,+6.6%,+58.9%,+19%,61.9,61.9,85.9,57.14,0.04,Tier 2: Golden Cross
QRVO,117.97,120.76,74.92,2026-09-19,SEMICONDUCTORS,10337810000,27.19,15.11,2.978,4.31,4.31,0.116,0.0671,0.11,0.158,3644534000,39.89,885481000,13.13,2.556,-0.0121,1.455,90.17,1,1,16,1,0,88222000,NA,1.079,2.819,39.36,Qorvo Inc,TECHNOLOGY,45,75,65,60,19,52.6,-0.2357,60.01,117.97,95.135,93.88,76.02,93.36,0.24,0.2566,0.5518,0.2636,109.7815,99.8986,89.8857,63.4152,5.3066,5.1514,0.1552,127.0781,92.4849,0.7367,0.5897,1402913.6364,1.617,8e-4,7e-4,-1e-4,0.0241,751,0.0086,-0.1651,0.383,-0.0912,TRUE,TRUE,TRUE,TRUE,Neutral,TRUE,100,85,84.0206,84.5361,70,86.8634,768,-0.3365,0.2082,0.1739,0.5159,0.0017,0.0264,0.4212,1.0032,1,1,27.17,No Signal,0.06,3.47,Stable,FALSE,5.8%,0,NA,NA,NA,NA,50,Unknown,FALSE,FALSE,NA,NA,0.4589,623374000,NA,NA,NA,NA,NA,0.4462,623374000,0.4462,0.4589,3678517000,1549138000,1328943000,-0.0121,3471925000,1549138000,1328943000,-0.0121,73.2,72,73.7,63.9,82.5,73.5,73.5,49.6,76,44.3,55.9,54.1,52.6,53.6,89.9,50,FALSE,74.5,74.5,Strong,Strong,TRUE,FALSE,NEUTRAL,Proven,92.3,0.0017,Alpha Leader,GX MACD RSI MA200,117.97,24,120.76,74.92,2.978,13.13,0.4589,0.158,0.11,0.116,-0.0121,0.4462,0.4462,NA,NA,10337810000,$10.3B,27.2,+24%,+25.7%,+55.2%,+26.4%,53.6,53.6,89.9,52.16,0.06,Tier 2: Golden Cross
RARE,14.5,39.89,12.73,2026-09-26,BIOTECHNOLOGY,1456158000,NA,NA,19.68,-5.78,-5.78,-6.08,-0.242,-0.817,-0.35,717000000,7.13,-465000000,-6.46,0,0.2453,0.315,28.05,5,13,2,0,0,98589000,NA,-0.24,1.149,-2.96,Ultragenyx,HEALTHCARE,50,20,15,20,20,78.8,0.9345,31.88,14.5,26.44,30.77,19.3,27.82,-0.4516,-0.5288,-0.2487,-0.4788,16.7093,22.5174,24.6162,31.4278,-14.57,-15.2071,0.6371,25.8863,7.5322,0.3796,1.695,6397090.9091,1.0462,8e-4,-4e-4,-0.0012,0.0377,751,-0.0237,-0.3144,0.5978,-0.5096,FALSE,FALSE,FALSE,FALSE,Neutral,TRUE,15,20,1.0309,7.2165,70,15.5026,768,-0.7759,-0.4492,-0.5589,0.4444,-0.0025,0.0506,-0.618,-0.7702,1,0,30.01,No Signal,0.17,2.22,Stable,FALSE,16.8%,0,NA,NA,NA,NA,50,Unknown,FALSE,FALSE,NA,NA,NA,-470666666.6667,NA,NA,NA,NA,NA,NA,-470666666.6667,NA,NA,673000000,NA,125000000,0.2453,-291000000,NA,125000000,0.2453,14.4,26.4,16,0,1,14.3,14.3,50,8.2,1.5,50,1,78.8,28,6.9,50,FALSE,14.6,14.6,Very Weak,Very Weak,FALSE,FALSE,NEUTRAL,Proven,4.6,-0.0025,Analyst Upside,MACD ANALYST,14.5,-45.16,39.89,12.73,19.68,-6.46,NA,-0.35,-0.817,-6.08,0.2453,NA,NA,NA,NA,1456158000,$1.5B,N/A,-45.2%,-52.9%,-24.9%,-47.9%,28,28,6.9,36.8,0.17,No Signal
RBLX,46.44,142,33.88,2026-09-26,ELECTRONIC GAMING & MULTIMEDIA,34882978000,NA,192.31,230.25,-1.41,-1.41,-4.323,-0.0773,-0.176,-0.133,5685551000,8.04,-843521984,-24.79,0,0.3218,1.474,48.97,4,14,15,2,0,669993000,NA,8.18,5.95,0.213,Roblox Corp,COMMUNICATION SERVICES,50,20,15,20,35,64.3,0.0545,30.43,46.44,37.56,47.56,51.91,132.04,0.2364,-0.0235,-0.1054,-0.6483,45.795,43.279,56.6661,52.4988,4.1538,3.9163,0.2375,53.2008,38.3892,0.5435,0.6828,11059913.6364,1.258,8e-4,0.0013,5e-4,0.0333,751,-0.0544,0.0735,0.529,0.2417,TRUE,TRUE,FALSE,FALSE,Neutral,TRUE,55,85,46.9072,17.0103,70,50.9742,768,-0.0288,0.2336,-0.0834,0.4921,-0.0016,0.0473,-0.3938,-0.524,1,0,18.24,No Signal,0.04,2.54,Stable,FALSE,3.6%,0,NA,NA,NA,NA,50,Unknown,FALSE,FALSE,NA,NA,NA,711854333.3333,NA,NA,NA,NA,NA,6.6382,711854333.3333,6.6382,NA,4890551000,1009000000,991000000,0.3218,152000000,1009000000,991000000,0.3218,26.8,34.2,52.1,0,47.4,34.1,34.1,50,50,2.1,0.9,5.7,64.3,25.4,47.5,50,FALSE,36,36,Weak,Weak,FALSE,FALSE,NEUTRAL,Proven,27.8,-0.0016,Balanced,MACD RSI,46.44,23.64,142,33.88,230.25,-24.79,NA,-0.133,-0.176,-4.323,0.3218,6.6382,6.6382,NA,NA,34882978000,$34.9B,N/A,+23.6%,-2.4%,-10.5%,-64.8%,25.4,25.4,47.5,35.239999999999995,0.04,No Signal
RGTI,16.66,58.15,12.53,2026-09-26,COMPUTER HARDWARE,5507184000,NA,NA,9.94,-0.86,-0.86,-0.438,-0.0945,0,-5.46,13353000,0.04,-87229000,1.29,0,0,2.01,28.81,1,8,4,0,0,333769000,NA,NA,371.15,1.611,Rigetti Computing Inc,TECHNOLOGY,50,40,15,20,13,69.2,0.7293,34.92,16.66,15.94,18.36,12.9,32.1,0.0452,-0.0926,0.2915,-0.481,15.6042,16.0502,18.5883,55.0042,0.0037,-1.2142,1.2178,16.7647,14.4438,0.9549,0.5114,16684463.6364,3.0007,8e-4,0.0067,0.0059,0.0821,751,0.0043,1.0534,1.3034,1.1319,TRUE,TRUE,FALSE,FALSE,Neutral,TRUE,55,85,32.4742,61.8557,70,55.6134,768,5.0596,-0.0947,-0.2742,0.4286,-0.0032,0.0522,-0.8166,-0.9856,1,0,35.99,No Signal,0.19,3.83,Increasing,FALSE,18.7%,0,NA,NA,NA,NA,50,Unknown,FALSE,FALSE,NA,NA,NA,-66194000,NA,NA,NA,NA,NA,NA,-66194000,NA,NA,NA,NA,27763000,NA,537434000,NA,27763000,NA,8.8,19.7,7.2,0,14.9,11.2,11.2,50,24.6,10.3,50,17,69.2,33.7,63.7,50,FALSE,27.2,27.2,Very Weak,Very Weak,FALSE,FALSE,NEUTRAL,Proven,18.6,-0.0032,Analyst Upside,MACD RSI ANALYST,16.66,4.52,58.15,12.53,9.94,1.29,NA,-5.46,0,-0.438,0,NA,NA,NA,NA,5507184000,$5.5B,N/A,+4.5%,-9.3%,+29.1%,-48.1%,33.7,33.7,63.7,40.22,0.19,No Signal
RJF,159.87,182.73,138.33,2026-09-20,ASSET MANAGEMENT,31691592000,14.36,11.72,2.496,11.47,11.47,0.184,0.0258,0.151,0.193,15239999000,77.55,NA,NA,0.42,0.1067,0.917,186,2,3,9,0,0,192362000,0.0129,0.809,2.411,66.1,Raymond James Financial Inc.,FINANCIAL SERVICES,90,75,65,75,14,62.5,0.1634,74.5,159.87,176.69,149.94,140.89,171.89,-0.0952,0.0662,0.1347,-0.0699,169.973,173.3328,161.0191,32.2448,-2.5031,-1.618,-0.8851,184.7544,155.1916,0.1583,0.2466,1384009.0909,0.9141,8e-4,8e-4,-1e-4,0.0137,751,0.0016,-6e-4,0.2169,-0.0862,FALSE,FALSE,FALSE,TRUE,Neutral,FALSE,15,20,64.9485,43.299,30,37.8943,768,-0.1261,-0.109,0.0291,0.5079,0,0.0146,0.0068,0.0293,1,2,32.38,No Signal,0.04,6.45,Stable,FALSE,3.9%,0,NA,NA,NA,NA,50,Unknown,FALSE,FALSE,NA,NA,NA,169666666.6667,NA,NA,NA,NA,NA,0.0748,169666666.6667,0.0748,NA,15912000000,950000000,9977000000,0.1067,12699000000,950000000,9977000000,0.1067,52.1,52.3,66,82,63.4,59.6,59.6,86.3,82.5,61.3,90.1,61.9,62.5,74.1,34.1,50,FALSE,55.7,55.7,Neutral,Neutral,TRUE,FALSE,NEUTRAL,Proven,59.8,0,Analyst Upside,GX ANALYST,159.87,-9.520000000000001,182.73,138.33,2.496,NA,NA,0.193,0.151,0.184,0.1067,0.0748,0.0748,NA,NA,31691592000,$31.7B,14.4,-9.5%,+6.6%,+13.5%,-7%,74.1,74.1,34.1,64.46,0.04,Tier 2: Golden Cross
ROAD,93.71,151,88.73,2026-09-26,ENGINEERING & CONSTRUCTION,5099487000,36.67,24.51,5.1,2.45,2.45,0.15,0.0634,0.041,0.107,3477932000,62.43,507135000,15.01,0.342,0.3412,0.899,142.57,0,5,1,0,0,48206400,NA,1.567,2.043,18.43,Construction Partners Inc,INDUSTRIALS,25,40,65,40,6,70.8,0.5214,46.83,93.71,114.55,122.87,105.96,127.94,-0.1819,-0.2373,-0.1156,-0.2675,98.3275,105.4381,114.0924,40.0194,-4.2388,-3.849,-0.3898,108.2269,88.4281,0.2668,0.4461,568609.0909,1.5347,8e-4,0.0017,9e-4,0.0262,751,0.0375,0.1025,0.4158,0.5177,FALSE,FALSE,FALSE,FALSE,Neutral,FALSE,15,45,10.8247,15.9794,30,19.9433,768,0.6203,-0.2017,-0.315,0.4206,-0.0033,0.0339,-0.8346,-1.5508,1,1,38.6,No Signal,0.08,8.45,Increasing,FALSE,8%,0,NA,NA,NA,NA,50,Unknown,FALSE,FALSE,NA,NA,0.1561,111289333.3333,NA,NA,NA,NA,NA,1.7163,111289333.3333,1.7163,0.1561,2812356000,1786166000,94547000,0.3412,1040736000,1786166000,94547000,0.3412,7.7,9.3,6.2,63.9,10.3,13.8,13.8,34.5,52.5,53.6,13.5,33,70.8,41.9,16.7,50,FALSE,18.7,18.7,Very Weak,Very Weak,FALSE,FALSE,NEUTRAL,Proven,7.7,-0.0033,Analyst Upside,ANALYST,93.71,-18.19,151,88.73,5.1,15.01,0.1561,0.107,0.041,0.15,0.3412,1.7163,1.7163,NA,NA,5099487000,$5.1B,36.7,-18.2%,-23.7%,-11.6%,-26.8%,41.9,41.9,16.7,45.14,0.08,No Signal
ROKU,152.68,159.89,78.53,2026-09-19,ENTERTAINMENT,22803091000,64.83,39.22,8.1,2.37,2.37,0.131,0.0425,0.0682,0.122,5209110000,35.26,578996000,28.46,14.43,0.166,2.05,162.33,1,9,15,0,1,132051000,NA,0.6,3.993,19.03,Roku Inc,COMMUNICATION SERVICES,25,40,65,40,26,58.7,0.0632,45.62,152.68,158.6,135.4,88.23,98.01,-0.0373,0.1276,0.7305,0.5578,155.2007,152.3145,122.1172,44.8046,0.0547,0.471,-0.4162,158.5788,151.8227,0.1269,0.1414,2262113.6364,1.8995,8e-4,0.0017,9e-4,0.031,751,-0.0097,0.0253,0.4918,0.4372,FALSE,TRUE,TRUE,TRUE,Neutral,FALSE,100,45,70.6186,89.1753,30,73.7706,768,0.1636,-0.0016,0.0562,0.4762,0.003,0.0231,0.7475,2.0416,1,0,24.54,No Signal,0.06,2.97,Stable,FALSE,5.7%,0,NA,NA,NA,NA,50,Unknown,FALSE,FALSE,NA,NA,0.4379,288219666.6667,NA,NA,NA,NA,NA,NA,288219666.6667,NA,0.4379,4737251000,NA,2001815000,0.166,2823452000,NA,2001815000,0.166,86.1,92.7,36.6,0,68,66.5,66.5,11.5,30.1,49,50,42.3,58.7,38.4,72.2,50,FALSE,63.7,63.7,Neutral,Neutral,TRUE,FALSE,NEUTRAL,Proven,70.6,0.003,Alpha Leader,GX MA200,152.68,-3.73,159.89,78.53,8.1,28.46,0.4379,0.122,0.0682,0.131,0.166,NA,NA,NA,NA,22803091000,$22.8B,64.8,-3.7%,+12.8%,+73%,+55.8%,38.4,38.4,72.2,43.04,0.06,Tier 2: Golden Cross
RTX,189.4,226.41,153.36,2026-09-18,AEROSPACE & DEFENSE,260845093000,34.01,25.32,3.997,5.69,5.69,0.123,0.0421,0.0828,0.127,93499998000,69.43,15895000000,18.39,0.287,0.1338,0.287,234.82,4,11,8,0,0,1347758000,0.0141,2.282,3.164,49.25,RTX Corporation,INDUSTRIALS,45,60,65,60,23,70.7,0.2398,58.82,189.4,211.99,187.99,187.15,160.51,-0.1066,0.0075,0.012,0.18,197.56,207.6422,194.6871,29.12,-2.5557,-2.2226,-0.3331,209.1582,185.9618,0.1482,0.1526,3888859.0909,0.4311,8e-4,0.0014,5e-4,0.0155,751,-0.0012,0.2584,0.2461,0.5622,FALSE,FALSE,FALSE,TRUE,Oversold,FALSE,15,20,54.6392,31.9588,30,32.5335,768,0.2335,-0.1345,-0.0065,0.4603,-3e-4,0.0168,-0.088,-0.3306,1,1,13.91,No Signal,0.01,3.8,Increasing,FALSE,1%,0,NA,NA,NA,NA,50,Unknown,FALSE,FALSE,NA,NA,NA,5980666666.6667,NA,NA,NA,NA,NA,0.48,5980666666.6667,0.48,NA,80738000000,31858000000,8305000000,0.1338,66377000000,31858000000,8305000000,0.1338,44.3,40.9,24.7,63.9,59.8,43.8,43.8,38.8,64.5,46.4,49.5,44.8,70.7,49.7,25.6,50,FALSE,40.3,40.3,Weak,Weak,TRUE,FALSE,NEUTRAL,Proven,36.1,-3e-4,Analyst Upside,GX ANALYST,189.4,-10.66,226.41,153.36,3.997,18.39,NA,0.127,0.0828,0.123,0.1338,0.48,0.48,NA,NA,260845093000,$260.8B,34,-10.7%,+0.8%,+1.2%,+18%,49.7,49.7,25.6,49.82,0.01,Tier 2: Golden Cross
RXRX,3.74,7.18,2.77,2026-09-26,BIOTECHNOLOGY,2086094000,NA,NA,2.168,-1,-1,-0.566,-0.273,0,-17.6,54856000,0.108,-471604000,-5.31,0,0.2944,1.071,7.22,2,1,4,0,0,535342000,NA,NA,28.26,1.71,Recursion Pharmaceuticals Inc,HEALTHCARE,50,75,15,20,7,67.9,0.9305,41.79,3.74,3.49,3.52,2.84,4.63,0.0716,0.0625,0.3169,-0.1922,3.5048,3.3154,3.5857,55.3872,3.8993,2.7146,1.1847,4.0423,2.9672,0.7188,0.8238,18686586.3636,2.6785,8e-4,4e-4,-4e-4,0.0492,751,-0.044,-0.4621,0.7802,-0.1385,TRUE,TRUE,TRUE,FALSE,Neutral,TRUE,80,85,63.4021,64.9485,70,71.7603,768,-0.7307,0.1434,-0.0935,0.3889,-0.002,0.0368,-0.5053,-0.865,1,0,50.11,Low Signal,0.33,12.56,Stable,FALSE,33.4%,0,NA,NA,NA,NA,50,Unknown,FALSE,FALSE,NA,NA,NA,-350293666.6667,NA,NA,NA,NA,NA,0.0052,-350293666.6667,0.0052,NA,74681000,4753000,545683000,0.2944,915003000,4753000,545683000,0.2944,18.6,23.8,2.1,0,45.4,18.8,18.8,50,86.3,7.7,96.4,17,67.9,47.9,69.6,50,FALSE,35.4,35.4,Weak,Weak,FALSE,FALSE,NEUTRAL,Proven,26.8,-0.002,Analyst Upside,MACD RSI MA200 ANALYST,3.74,7.16,7.18,2.77,2.168,-5.31,NA,-17.6,0,-0.566,0.2944,0.0052,0.0052,NA,NA,2086094000,$2.1B,N/A,+7.2%,+6.2%,+31.7%,-19.2%,47.9,47.9,69.6,48.739999999999995,0.33,No Signal
SANA,2.94,6.55,2.61,2026-09-26,BIOTECHNOLOGY,886108000,NA,NA,5.97,-0.72,-0.72,-1.529,-0.292,0,0,0,0,-174186000,-1.082,0,0,2.131,8.43,2,6,1,0,0,299361000,NA,NA,NA,0.516,Sana Biotechnology Inc,HEALTHCARE,50,40,15,20,9,77.8,1.8673,35.78,2.945,4.16,3.42,2.68,3.39,-0.2921,-0.1389,0.0989,-0.1313,3.3512,3.4541,3.6376,37.9332,-5.1137,-3.977,-1.1366,4.0837,2.6188,0.2227,0.7184,3723490.9091,2.0135,8e-4,0.0023,0.0015,0.0829,751,-0.0105,0.1534,1.3156,0.2791,FALSE,FALSE,FALSE,FALSE,Neutral,FALSE,15,20,23.1959,40.7216,30,24.8531,768,-0.6543,-0.1878,-0.2192,0.3889,-0.0019,0.0407,-0.4871,-0.7548,1,0,47.04,Low Signal,0.14,12.22,Stable,FALSE,13.8%,0,NA,NA,NA,NA,50,Unknown,FALSE,FALSE,NA,NA,NA,-224987666.6667,NA,NA,NA,NA,NA,NA,-224987666.6667,NA,NA,NA,NA,57073000,NA,154568000,NA,57073000,NA,19.6,27.5,2.1,0,21.1,16.3,16.3,50,43.7,2.6,50,17,77.8,35.2,26.8,50,FALSE,21.7,21.7,Very Weak,Very Weak,FALSE,FALSE,NEUTRAL,Proven,10.3,-0.0019,Analyst Upside,ANALYST,2.945,-29.21,6.55,2.61,5.97,-1.082,NA,0,0,-1.529,0,NA,NA,NA,NA,886108000,$886.1M,N/A,-29.2%,-13.9%,+9.9%,-13.1%,35.2,35.2,26.8,41.120000000000005,0.14,No Signal
SENEA,182.66,210,99.58,2026-09-26,PACKAGED FOODS,1245764000,10.36,39.37,1.567,17.76,17.76,0.168,0.0828,0.0675,0.0719,1767391000,259.54,204056000,6.9,0.331,0.331,-0.024,202,0,1,0,0,0,5221200,NA,0.831,0.766,114.34,Seneca Foods Corp A,CONSUMER DEFENSIVE,90,75,65,40,1,75,0.1059,70.5,182.66,191.79,170.38,151.82,104.5,-0.0476,0.0721,0.2031,0.7479,190.196,183.1472,149.8057,46.12,-0.7702,1e-4,-0.7703,207.3604,173.0316,0.2805,0.3935,94622.7273,0.205,8e-4,0.0018,0.001,0.0226,751,-0.0127,0.4197,0.3593,0.7013,FALSE,FALSE,TRUE,TRUE,Neutral,FALSE,35,45,65.9794,52.5773,30,48.8093,768,1.0944,-0.0509,0.0719,0.5556,0.0022,0.0309,0.5477,1.116,1,0,17.53,No Signal,0.05,2.59,Increasing,FALSE,4.8%,0,NA,NA,NA,NA,50,Unknown,FALSE,FALSE,NA,NA,NA,89325000,NA,NA,NA,NA,NA,0.2803,89325000,0.2803,NA,NA,217102000,86921000,NA,774456000,217102000,86921000,NA,80.4,75.1,92.3,0,69.6,71.8,71.8,96.4,94,57.2,67.6,41.8,75,71.6,52.4,50,FALSE,67.1,67.1,Strong,Strong,TRUE,FALSE,NEUTRAL,Proven,77.3,0.0022,Alpha Leader,GX MA200 α>SPY ANALYST,182.66,-4.760000000000001,210,99.58,1.567,6.9,NA,0.0719,0.0675,0.168,0.331,0.2803,0.2803,NA,NA,1245764000,$1.2B,10.4,-4.8%,+7.2%,+20.3%,+74.8%,71.6,71.6,52.4,62.959999999999994,0.05,Tier 2: Golden Cross
SG,8.24,10.63,4.49,2026-09-26,RESTAURANTS,983281000,91.78,18.8,1.685,0.09,0.09,0.0307,-0.0904,0.0201,-0.126,681770000,5.75,-59441000,11.08,0,0.0786,2.206,7,2,2,10,0,1,107148000,NA,NA,1.468,3.928,Sweetgreen Inc,CONSUMER CYCLICAL,25,75,40,40,15,56.7,-0.1505,44.92,8.24,6.85,9.14,4.79,8.17,0.2029,-0.0985,0.7202,0.0086,7.115,6.6058,6.8562,69.068,4.8706,2.9512,1.9194,8.1137,6.1163,1.0632,0.5836,4811109.0909,1.7466,8e-4,8e-4,-1e-4,0.0469,751,-0.0079,-0.1784,0.744,-0.0282,TRUE,TRUE,TRUE,FALSE,Neutral,TRUE,80,65,29.8969,88.6598,70,63.451,768,-0.6431,0.3731,-0.128,0.5794,0.0046,0.0516,1.152,1.4057,1,0,43.81,Low Signal,0.24,4.99,Stable,FALSE,23.7%,0,NA,NA,NA,NA,50,Unknown,FALSE,FALSE,NA,NA,NA,-74482333.3333,NA,NA,NA,NA,NA,NA,-74482333.3333,NA,NA,679474000,NA,142631000,0.0786,467621000,NA,142631000,0.0786,92.8,80.8,97.4,0,38.1,73.2,73.2,7.2,93.4,30.4,50,26.8,56.7,38.5,78.9,50,FALSE,69.4,69.4,Strong,Strong,FALSE,FALSE,NEUTRAL,Proven,82.5,0.0046,Alpha Leader,MACD RSI MA200 α>SPY,8.24,20.29,10.63,4.49,1.685,11.08,NA,-0.126,0.0201,0.0307,0.0786,NA,NA,NA,NA,983281000,$983.3M,91.8,+20.3%,-9.8%,+72%,+0.9%,38.5,38.5,78.9,43.099999999999994,0.24,Tier 4: High Score
SMPL,9.6,25.66,9.38,2026-09-26,PACKAGED FOODS,849036000,NA,6.23,0.598,-2.11,-2.11,-0.122,0.0538,-0.143,0.128,1392235000,14.6,217475000,9.06,-0.326,0.0805,0.17,14.38,0,4,7,0,0,88441000,NA,1.643,0.837,16.04,Simply Good Foods Co,CONSUMER DEFENSIVE,50,90,15,20,11,59.1,0.4979,43.91,9.6,10.54,13.06,14.59,24.78,-0.0892,-0.2649,-0.342,-0.6126,10.397,10.6624,14.0161,37.4806,-3.6168,-2.9335,-0.6833,11.7561,9.0379,0.2068,0.4968,2322863.6364,0.419,8e-4,-0.0014,-0.0023,0.0237,751,0.0126,-0.4525,0.3759,-1.5299,FALSE,FALSE,FALSE,FALSE,Neutral,FALSE,15,20,9.7938,3.6082,30,13.4098,768,-0.8513,-0.1348,-0.2764,0.4365,-0.003,0.0362,-0.752,-1.3091,1,1,31.13,No Signal,0.09,3.42,Stable,FALSE,8.6%,0,NA,NA,NA,NA,50,Unknown,FALSE,FALSE,NA,NA,0.3624,175802666.6667,NA,NA,NA,NA,NA,0.28,175802666.6667,0.28,0.3624,1450920000,397037000,123884000,0.0805,1418120000,397037000,123884000,0.0805,10.3,13.5,10.3,63.9,13.9,17,17,50,100,19.1,68.5,6.7,59.1,46,7.1,50,FALSE,19,19,Very Weak,Very Weak,FALSE,FALSE,NEUTRAL,Proven,8.2,-0.003,Analyst Upside,ANALYST,9.6,-8.92,25.66,9.38,0.598,9.06,0.3624,0.128,-0.143,-0.122,0.0805,0.28,0.28,NA,NA,849036000,$849M,N/A,-8.9%,-26.5%,-34.2%,-61.3%,46,46,7.1,47.599999999999994,0.09,No Signal
SNAP,5.42,9.28,3.81,2026-09-20,INTERNET CONTENT & INFORMATION,9352324000,NA,8.01,4.853,-0.18,-0.18,-0.156,-0.0272,-0.049,-0.0264,6351084000,3.759,-146279008,1102.19,3.958,0.1348,1.05,7.39,3,8,29,1,2,1437047000,NA,496.06,1.719,1.146,Snap Inc,COMMUNICATION SERVICES,50,60,15,20,43,55.2,0.3635,37.52,5.42,5.42,4.41,4.02,8.33,0,0.229,0.3483,-0.3493,5.553,5.26,5.6838,48.591,0.8635,1.7259,-0.8623,5.8701,5.2359,0.2903,0.4625,34173200,1.849,8e-4,2e-4,-6e-4,0.0358,751,-0.0073,-0.3414,0.5683,-0.2858,FALSE,TRUE,FALSE,FALSE,Neutral,FALSE,55,45,82.9897,68.5567,30,62.1082,768,-0.6788,0.0321,0.0832,0.4524,-1e-4,0.0352,-0.0344,-0.0616,1,0,34.01,No Signal,0.07,3.07,Decreasing,FALSE,6.9%,0,NA,NA,NA,NA,50,Unknown,FALSE,FALSE,NA,NA,NA,230212333.3333,NA,NA,NA,NA,NA,1.7547,230212333.3333,1.7547,NA,5931447000,3381448000,958848000,0.1348,1927088000,3381448000,958848000,0.1348,48.5,48.7,19.1,0,71.1,41.2,41.2,50,56.3,17.5,12.6,12.9,55.2,32,63.3,50,FALSE,45.1,45.1,Neutral,Neutral,FALSE,FALSE,NEUTRAL,Proven,43.8,-1e-4,Analyst Upside,ANALYST,5.42,0,9.28,3.81,4.853,1102.19,NA,-0.0264,-0.049,-0.156,0.1348,1.7547,1.7547,NA,NA,9352324000,$9.4B,N/A,+0%,+22.9%,+34.8%,-34.9%,32,32,63.3,39.2,0.07,Tier 5: Underdog Watch
SOFI,16.58,32.73,14.88,2026-09-26,CREDIT SERVICES,21414236000,33.84,20.7,1.93,0.49,0.49,0.071,0.0125,0.149,0.17,4268439000,3.445,NA,NA,0.404,0.2123,2.208,20.35,3,5,12,2,2,1291570000,NA,0.596,5.76,8.58,SoFi Technologies Inc.,FINANCIAL SERVICES,45,75,40,60,24,55.2,0.2274,52.77,16.58,18.84,17.88,15.15,28.12,-0.12,-0.0727,0.0944,-0.4104,17.337,17.584,19.2181,41.6921,-1.9216,-1.4273,-0.4942,18.4641,16.2099,0.1642,0.4279,43658627.2727,2.3492,8e-4,0.0017,9e-4,0.0323,751,-0.0185,-0.0584,0.5133,0.4405,FALSE,FALSE,FALSE,FALSE,Neutral,FALSE,15,45,38.6598,39.6907,30,33.0361,768,0.2135,-0.0912,-0.1842,0.4683,-0.0026,0.0281,-0.6583,-1.4736,1,0,39.95,No Signal,0.15,5.23,Increasing,FALSE,14.6%,0,NA,NA,NA,NA,50,Unknown,FALSE,FALSE,NA,NA,NA,-4199174000,NA,NA,NA,NA,NA,0.298,-4199174000,0.298,NA,619353000,3300544000,3126237000,0.2123,11076227000,3300544000,3126237000,0.2123,13.9,10.4,29.9,0,27.8,16.9,16.9,39.6,89.6,36.1,64.9,60.8,55.2,53.8,34.6,50,FALSE,26.7,26.7,Very Weak,Very Weak,FALSE,FALSE,NEUTRAL,Proven,16,-0.0026,Analyst Upside,ANALYST,16.58,-12,32.73,14.88,1.93,NA,NA,0.17,0.149,0.071,0.2123,0.298,0.298,NA,NA,21414236000,$21.4B,33.8,-12%,-7.3%,+9.4%,-41%,53.8,53.8,34.6,52.279999999999994,0.15,No Signal
SOUN,6.05,22.17,5.65,2026-09-26,SOFTWARE - APPLICATION,2686879000,NA,227.27,5.54,-0.62,-0.62,-0.322,-0.195,-0.674,-0.759,203200000,0.484,-154590000,135.77,0,0,2.831,12.57,0,6,2,0,0,411577000,NA,NA,12.39,1.125,SoundHound AI Inc,TECHNOLOGY,50,40,15,20,8,68.8,1.0777,34.88,6.05,7.01,6.41,6.03,16.35,-0.1369,-0.0562,0.0033,-0.63,6.395,6.6315,7.9414,39.9117,-3.5439,-3.1552,-0.3886,7.1558,5.6342,0.2732,0.3654,21701963.6364,2.9109,8e-4,0.0037,0.0029,0.0644,751,-0.0136,0.3252,1.0216,0.7128,FALSE,FALSE,FALSE,FALSE,Neutral,FALSE,15,20,41.7526,30.9278,30,28.4613,768,0.5952,-0.1829,-0.187,0.3889,-0.0031,0.0381,-0.7789,-1.2866,1,0,44.64,Low Signal,0.4,6.95,Increasing,FALSE,40.1%,0,NA,NA,NA,NA,50,Unknown,FALSE,FALSE,NA,NA,NA,-92433000,NA,NA,NA,NA,NA,NA,-92433000,NA,NA,NA,NA,202776000,NA,490430000,NA,202776000,NA,9.3,14,2.1,0,26.8,10.7,10.7,50,48.1,12.9,50,2.1,68.8,35.2,27.7,50,FALSE,18.5,18.5,Very Weak,Very Weak,FALSE,FALSE,NEUTRAL,Proven,7.2,-0.0031,Analyst Upside,ANALYST,6.05,-13.69,22.17,5.65,5.54,135.77,NA,-0.759,-0.674,-0.322,0,NA,NA,NA,NA,2686879000,$2.7B,N/A,-13.7%,-5.6%,+0.3%,-63%,35.2,35.2,27.7,41.120000000000005,0.4,No Signal
SPGI,403.3,518.88,358.55,2026-09-18,FINANCIAL DATA & STOCK EXCHANGES,119131628000,24.75,19.88,3.807,16.33,16.33,0.143,0.0703,0.305,0.448,16122000000,53.79,8143000000,15.67,0.177,0.10780000000000001,1.077,520.3,6,17,1,0,0,294800000,0.0095,1.943,8.15,106.86,S&P Global Inc,FINANCIAL SERVICES,60,60,65,90,24,80.2,0.2901,68.02,403.3,436.49,386.1495,395.071,458.789,-0.076,0.0444,0.0208,-0.1209,419.0375,421.5966,426.0604,40.1244,-1.5116,-1.0651,-0.4465,450.8174,387.2576,0.2524,0.2811,1780763.6364,0.6886,8e-4,3e-4,-5e-4,0.0142,751,-0.0053,-0.0614,0.225,-0.5647,FALSE,FALSE,FALSE,FALSE,Neutral,FALSE,15,45,62.3711,33.5052,30,38.9124,768,-0.3809,-0.0383,0.0334,0.4683,2e-4,0.0187,0.0422,0.142,1,0,24.24,No Signal,0.02,3.27,Decreasing,FALSE,2.2%,0,NA,NA,NA,NA,50,Unknown,FALSE,FALSE,NA,NA,NA,4862666666.6667,NA,NA,NA,NA,NA,0.3999,4862666666.6667,0.3999,NA,15336000000,12598000000,4134000000,0.10780000000000001,31501000000,12598000000,4134000000,0.10780000000000001,55.7,57,29.9,0,64.4,46.6,46.6,56.1,66.7,51.5,58.6,89.2,80.2,64.1,36.6,50,FALSE,46.8,46.8,Neutral,Neutral,FALSE,FALSE,NEUTRAL,Proven,46.9,2e-4,Analyst Upside,ANALYST,403.3,-7.6,518.88,358.55,3.807,15.67,NA,0.448,0.305,0.143,0.10780000000000001,0.3999,0.3999,NA,NA,119131628000,$119.1B,24.8,-7.6%,+4.4%,+2.1%,-12.1%,64.1,64.1,36.6,58.459999999999994,0.02,Tier 5: Underdog Watch
SRPT,18.67,25.32,14.68,2026-09-26,BIOTECHNOLOGY,1972057000,NA,19.16,1.31,-1.57,-1.57,-0.0948,-0.0113,-0.0693,0.13,1974344000,19,-17533000,16.91,26.64,0.3297,0.261,21.86,0,8,11,3,2,105627000,NA,159.25,1.144,14.46,Sarepta Therapeutics Inc,HEALTHCARE,50,90,15,20,24,51,0.1709,43.1,18.67,19.46,16.85,20.48,17.72,-0.0406,0.108,-0.0884,0.0536,20.7495,18.6802,19.2079,43.5481,-0.1201,1.9518,-2.0718,23.251,18.248,0.0844,0.6993,3308004.5455,1.2685,8e-4,-0.0011,-0.0019,0.0496,751,0.0098,-0.5424,0.7873,-0.617,FALSE,FALSE,FALSE,FALSE,Neutral,FALSE,15,45,69.0722,19.5876,30,38.1392,768,-0.9096,0.0248,0.0343,0.4603,-0.0023,0.0363,-0.5709,-0.9897,1,1,47.8,Low Signal,0.24,8.02,Stable,FALSE,24.1%,0,NA,NA,NA,NA,50,Unknown,FALSE,FALSE,NA,NA,NA,-409097666.6667,NA,NA,NA,NA,NA,0.5548,-409097666.6667,0.5548,NA,2198237000,847623000,571148000,0.3297,1527798000,847623000,571148000,0.3297,17,18.7,24.7,63.9,64.9,30.8,30.8,50,97.3,20.1,45.9,11.9,51,42.4,32.8,50,FALSE,33,33,Weak,Weak,FALSE,FALSE,NEUTRAL,Proven,24.2,-0.0023,Analyst Upside,ANALYST,18.67,-4.06,25.32,14.68,1.31,16.91,NA,0.13,-0.0693,-0.0948,0.3297,0.5548,0.5548,NA,NA,1972057000,$2B,N/A,-4.1%,+10.8%,-8.8%,+5.4%,42.4,42.4,32.8,45.44,0.24,No Signal
STRL,512.29,1005.68,281.57,2026-09-26,ENGINEERING & CONSTRUCTION,15670191000,36.8,19.65,11.64,13.92,13.92,0.4,0.145,0.126,0.201,3438486000,112.23,714010000,22.11,1.165,0.1236,1.847,876,0,8,0,0,0,30588500,NA,0.634,4.558,44.22,"Sterling Infrastructure, Inc.",INDUSTRIALS,25,20,95,60,8,75,0.71,55.25,512.29,497.41,804.76,382.55,338.44,0.0299,-0.3634,0.3391,0.5137,490.012,539.0968,534.607,49.9201,-1.3372,-2.8907,1.5535,533.9875,446.0365,0.7533,0.5886,546568.1818,2.1489,8e-4,0.0035,0.0027,0.04,751,-0.0082,0.4308,0.6343,1.0611,TRUE,FALSE,FALSE,TRUE,Neutral,TRUE,15,45,6.701,66.4948,70,32.8093,768,2.9054,-0.0653,-0.4766,0.4841,-0.0012,0.063,-0.3,-0.3001,1,0,17.3,No Signal,0.04,2.19,Stable,FALSE,3.9%,0,NA,NA,NA,NA,50,Unknown,FALSE,FALSE,NA,NA,0.2298,397677000,NA,NA,NA,NA,NA,0.2091,397677000,0.2091,0.2298,2490049000,283875000,464451000,0.1236,1357315000,283875000,464451000,0.1236,31.4,42.5,41.2,0,3.1,28.8,28.8,33.8,20.8,85.6,73,57.7,75,58.6,46.7,50,FALSE,37.6,37.6,Weak,Weak,TRUE,FALSE,NEUTRAL,Proven,32,-0.0012,Analyst Upside,GX MACD ANALYST,512.29,2.9899999999999998,1005.68,281.57,11.64,22.11,0.2298,0.201,0.126,0.4,0.1236,0.2091,0.2091,NA,NA,15670191000,$15.7B,36.8,+3%,-36.3%,+33.9%,+51.4%,58.6,58.6,46.7,55.16,0.04,Tier 2: Golden Cross
SWKS,89.34,92.3,51.49,2026-09-20,SEMICONDUCTORS,13350034000,45.99,17.61,2.328,1.93,1.93,0.0509,0.0344,0.0723,0.0883,4014100000,26.8,880200000,16.22,-0.686,-0.0746,1.518,68.35,1,1,19,1,1,150406000,0.0311,12.57,3.298,38.13,Skyworks Solutions Inc,TECHNOLOGY,25,75,40,40,23,50,-0.2349,44.25,89.34,66.62,68,52.5,79.36,0.341,0.3138,0.7017,0.1258,81.1965,71.7582,65.3354,62.4613,7.0887,6.8716,0.2171,99.0224,63.3706,0.7284,0.8392,7841650,1.5968,8e-4,3e-4,-5e-4,0.025,751,0.012,-0.256,0.3972,-0.3276,TRUE,TRUE,TRUE,TRUE,Neutral,TRUE,100,85,87.1134,87.1134,70,88.3067,768,-0.5043,0.2914,0.1966,0.5079,0.0019,0.0364,0.4851,0.8388,1,1,47.05,Low Signal,0.22,4.17,Decreasing,FALSE,21.8%,0,NA,NA,NA,NA,50,Unknown,FALSE,FALSE,NA,NA,0.4116,1473200000,NA,NA,NA,NA,NA,0.0866,1473200000,0.0866,0.4116,4086900000,496900000,790000000,-0.0746,5738300000,496900000,790000000,-0.0746,76.8,68.4,66,63.9,84,72.3,72.3,18,84.2,33.5,89.2,43.8,50,48.2,91.3,50,FALSE,73.2,73.2,Strong,Strong,TRUE,FALSE,NEUTRAL,Proven,89.2,0.0019,Alpha Leader,GX MACD RSI MA200,89.34,34.1,92.3,51.49,2.328,16.22,0.4116,0.0883,0.0723,0.0509,-0.0746,0.0866,0.0866,NA,NA,13350034000,$13.4B,46,+34.1%,+31.4%,+70.2%,+12.6%,48.2,48.2,91.3,48.92,0.22,Tier 2: Golden Cross
TDUP,2.25,10,2.19,2026-09-26,INTERNET RETAIL,295501000,NA,NA,4.94,-0.18,-0.18,-0.368,-0.0825,-0.0665,-0.0674,334303000,2.636,-8703000,-2.746,0,0.0965,1.978,7.24,0,6,1,0,0,111010000,NA,NA,0.892,0.463,ThredUp Inc,CONSUMER CYCLICAL,50,60,15,20,7,71.4,2.2178,39.14,2.25,2.75,6.93,3.11,9.31,-0.1818,-0.6753,-0.2765,-0.7583,2.539,3.6608,4.7321,28.1283,-12.0553,-12.8712,0.8158,2.8597,2.2183,0.0494,0.6009,2275813.6364,1.5343,8e-4,0.0016,8e-4,0.0629,751,0.0035,0.0888,0.998,0.2018,FALSE,FALSE,FALSE,FALSE,Oversold,TRUE,15,20,0.5155,6.701,70,15.2448,768,-0.6739,-0.2835,-0.7072,0.4762,-0.0037,0.057,-0.9379,-1.0362,1,0,45.08,Low Signal,0.19,10.22,Increasing,FALSE,19.1%,0,NA,NA,NA,NA,50,Unknown,FALSE,FALSE,NA,NA,0.7939,-35699000,NA,NA,NA,NA,NA,0.2917,-35699000,0.2917,0.7939,310813000,17722000,42169000,0.0965,60748000,17722000,42169000,0.0965,5.7,17.6,36.6,0,0.5,13.5,13.5,50,53.6,11.9,66.7,12.4,71.4,39.9,5.2,50,FALSE,15.5,15.5,Very Weak,Very Weak,FALSE,FALSE,NEUTRAL,Proven,5.2,-0.0037,Analyst Upside,MACD ANALYST,2.25,-18.18,10,2.19,4.94,-2.746,0.7939,-0.0674,-0.0665,-0.368,0.0965,0.2917,0.2917,NA,NA,295501000,$295.5M,N/A,-18.2%,-67.5%,-27.7%,-75.8%,39.9,39.9,5.2,43.94,0.19,No Signal
TEAM,187.74,198.6,56.01,2026-09-19,SOFTWARE - APPLICATION,48607715000,NA,35.84,46.05,-0.21,-0.21,-0.0448,0.0304,-0.0082,0.123,6572308000,25.26,436393000,229.68,1.722,0.2147,1.159,199.23,6,21,6,0,0,159005000,NA,2.006,7.41,4.177,Atlassian Corp Plc,TECHNOLOGY,50,20,15,20,33,75,0.0612,31.5,187.74,168.47,78.74,66.88,162.42,0.1144,1.3843,1.8071,0.1559,188.6453,154.3018,111.8373,57.1787,5.2447,6.7253,-1.4806,200.1691,177.1214,0.4607,0.506,3548336.3636,1.29,8e-4,6e-4,-2e-4,0.036,751,-0.0307,-0.1133,0.5719,-0.0912,FALSE,TRUE,TRUE,TRUE,Neutral,FALSE,100,85,100,99.4845,30,90.6469,768,-0.4517,0.141,1.2999,0.5079,0.0088,0.0597,2.2096,2.3317,1,0,26.52,No Signal,0.06,3.14,Stable,FALSE,6.1%,0,NA,NA,NA,NA,50,Unknown,FALSE,FALSE,NA,NA,0.8284,1224296333.3333,NA,NA,NA,NA,NA,0.9349,1224296333.3333,0.9349,0.8284,5215304000,989560000,1239512000,0.2147,1058442000,989560000,1239512000,0.2147,99.5,96.4,66,0,100,82.2,82.2,50,0.5,22.7,29.7,16.5,75,31.2,94.6,50,FALSE,77.5,77.5,Strong,Strong,TRUE,FALSE,NEUTRAL,Proven,93.8,0.0088,Alpha Leader,GX RSI MA200,187.74,11.44,198.6,56.01,46.05,229.68,0.8284,0.123,-0.0082,-0.0448,0.2147,0.9349,0.9349,NA,NA,48607715000,$48.6B,N/A,+11.4%,+138.4%,+180.7%,+15.6%,31.2,31.2,94.6,38.72,0.06,Tier 2: Golden Cross
TER,398.38,487.72,125.78,2026-09-20,SEMICONDUCTOR EQUIPMENT & MATERIALS,58075898000,51.03,28.57,16.9,7.28,7.28,0.365,0.198,0.258,0.332,4464031000,28.44,1504894000,38.78,3.858,0.0918,1.778,446.47,1,11,5,0,0,156341000,0.0014,0.68,12.95,20.08,Teradyne Inc,TECHNOLOGY,25,20,95,90,17,69.1,0.1207,59.16,398.38,363.1,436.86,276.35,132.87,0.0972,-0.0881,0.4416,1.9983,363.3205,368.9966,329.6908,58.1025,1.3614,-0.0991,1.4605,407.5585,319.0825,0.8963,0.7111,2488590.9091,2.2313,8e-4,0.0026,0.0018,0.0329,751,0.0221,0.1824,0.5221,0.8467,TRUE,TRUE,TRUE,TRUE,Neutral,TRUE,100,85,34.0206,79.8969,70,70.9356,768,1.343,-0.0203,-0.2488,0.4444,-0.0014,0.0461,-0.349,-0.4765,1,1,21.62,No Signal,0.05,3.2,Increasing,FALSE,5.2%,0,NA,NA,NA,NA,50,Unknown,FALSE,FALSE,NA,NA,0.5822,450025333.3333,NA,NA,NA,NA,NA,NA,450025333.3333,NA,0.5822,3190024000,NA,349538000,0.0918,3437162000,NA,349538000,0.0918,29.9,35.8,16,63.9,17,30.1,30.1,16.5,13.7,85.1,50,80.4,69.1,53.2,75,50,FALSE,44.3,44.3,Weak,Weak,TRUE,FALSE,NEUTRAL,Proven,42.8,-0.0014,Strong Trend,GX MACD RSI MA200 ANALYST,398.38,9.719999999999999,487.72,125.78,16.9,38.78,0.5822,0.332,0.258,0.365,0.0918,NA,NA,NA,NA,58075898000,$58.1B,51,+9.7%,-8.8%,+44.2%,+199.8%,53.2,53.2,75,51.92,0.05,Tier 2: Golden Cross
TMO,675,663.57,434.5,2026-09-18,DIAGNOSTICS & RESEARCH,243412042000,34.85,23.58,4.551,18.89,18.89,0.135,0.0513,0.15,0.188,46336000000,123.89,11739000000,23.1,0.094,0.0196,0.854,645.15,3,19,5,0,1,369747000,0.0028,1.931,6,142.47,Thermo Fisher Scientific Inc,HEALTHCARE,45,60,65,60,28,70.5,-0.0442,58.8,675,633.71,513.03,480.05,459.22,0.0652,0.3157,0.4061,0.4699,632.571,604.2564,540.2249,72.5037,3.1362,2.6144,0.5218,684.574,580.568,0.9079,0.2545,2122009.0909,0.7571,8e-4,6e-4,-3e-4,0.0161,751,-0.0104,-0.0193,0.2561,-0.2753,TRUE,TRUE,TRUE,TRUE,Overbought,TRUE,100,30,87.6289,75.2577,70,77.8402,768,-0.3037,0.1417,0.2869,0.5238,0.0022,0.0207,0.5645,1.7173,1,0,18.8,No Signal,0.01,2.74,Decreasing,FALSE,1.4%,0,NA,NA,NA,NA,50,Unknown,FALSE,FALSE,NA,NA,NA,6829000000,NA,NA,NA,NA,NA,0.8027,6829000000,0.8027,NA,44556000000,42284000000,4064000000,0.0196,52679000000,42284000000,4064000000,0.0196,81.4,89.1,80.4,0,88.1,76,76,38.1,60.1,50,33.3,61.3,70.5,49.9,83,50,FALSE,73.8,73.8,Strong,Strong,TRUE,FALSE,NEUTRAL,Proven,90.7,0.0022,Alpha Leader,GX MACD MA200,675,6.52,663.57,434.5,4.551,23.1,NA,0.188,0.15,0.135,0.0196,0.8027,0.8027,NA,NA,243412042000,$243.4B,34.9,+6.5%,+31.6%,+40.6%,+47%,49.9,49.9,83,49.94,0.01,Tier 2: Golden Cross
TOST,30.6,42.15,22.26,2026-09-15,SOFTWARE - INFRASTRUCTURE,18565360000,40.66,19.01,9.08,0.79,0.79,0.252,0.0895,0.0714,0.0744,6804000000,11.63,477000000,34.59,1,0.2617,1.728,38.92,6,15,9,0,0,514000000,NA,0.247,2.471,3.544,Toast Inc,TECHNOLOGY,25,40,80,40,30,72.5,0.2719,51.5,30.6,36.97,27.08,26.06,36.85,-0.1723,0.13,0.1742,-0.1696,32.058,32.945,29.9143,39.8466,-3.143,-2.2917,-0.8513,35.5339,28.5821,0.2903,0.3039,8737418.1818,1.4575,8e-4,0.0011,3e-4,0.0273,751,0.0108,-0.0256,0.4335,0.1635,FALSE,FALSE,TRUE,TRUE,Neutral,FALSE,35,20,71.134,48.9691,30,45.884,768,-0.1586,-0.1244,0.0899,0.5317,7e-4,0.0288,0.1718,0.376,1,3,30.14,No Signal,0.06,4.34,Increasing,FALSE,6.2%,0,NA,NA,NA,NA,50,Unknown,FALSE,FALSE,NA,NA,0.2589,335666666.6667,NA,NA,NA,NA,NA,NA,335666666.6667,NA,0.2589,6153000000,NA,1015000000,0.2617,2045000000,NA,1015000000,0.2617,61.3,60.6,83,92.8,73.7,70.5,70.5,25.2,26.2,72.7,50,43.3,72.5,48.4,45.3,50,FALSE,61.1,61.1,Neutral,Neutral,TRUE,FALSE,NEUTRAL,Proven,64.9,7e-4,Consistent Beat,GX MA200 ANALYST,30.6,-17.23,42.15,22.26,9.08,34.59,0.2589,0.0744,0.0714,0.252,0.2617,NA,NA,NA,NA,18565360000,$18.6B,40.7,-17.2%,+13%,+17.4%,-17%,48.4,48.4,45.3,49.04,0.06,Tier 2: Golden Cross
TROW,105.51,120.5,83.17,2026-09-20,ASSET MANAGEMENT,22218979000,10.46,10.14,2.019,9.96,9.96,0.194,0.107,0.293,0.287,7592000000,34.95,2963800000,6.11,0.286,0.0641,1.48,109.33,0,0,9,1,3,213316000,0.05,2.474,2.557,51.58,T. Rowe Price Group Inc,FINANCIAL SERVICES,90,75,65,90,13,36.5,0.0362,74.15,105.51,112.55,110.27,89.03,103.21,-0.0625,-0.0432,0.1851,0.0223,106.756,111.2866,103.8774,41.681,-1.8739,-1.9338,0.0599,112.4046,101.1074,0.3897,0.1612,1439700,1.1203,8e-4,2e-4,-7e-4,0.0124,751,0.0065,-0.1962,0.1964,-0.8701,FALSE,FALSE,TRUE,TRUE,Neutral,TRUE,35,45,43.299,49.4845,70,45.3866,768,-0.449,-0.0444,-0.0797,0.4921,3e-4,0.0132,0.0873,0.416,1,1,47.35,Low Signal,0.13,20.36,Stable,FALSE,12.9%,0,NA,NA,NA,NA,50,Unknown,FALSE,FALSE,NA,NA,NA,1217533333.3333,NA,NA,NA,NA,NA,NA,1217533333.3333,NA,NA,7314800000,NA,3234300000,0.0641,11002500000,NA,3234300000,0.0641,57.7,61.7,52.1,63.9,47.9,56.7,56.7,95.7,88,63.4,50,85.6,36.5,72.3,46.8,50,FALSE,56.7,56.7,Neutral,Neutral,TRUE,FALSE,NEUTRAL,Proven,60.8,3e-4,Quality,GX MACD MA200,105.51,-6.25,120.5,83.17,2.019,6.11,NA,0.287,0.293,0.194,0.0641,NA,NA,NA,NA,22218979000,$22.2B,10.5,-6.2%,-4.3%,+18.5%,+2.2%,72.3,72.3,46.8,63.379999999999995,0.13,Tier 2: Golden Cross
TSLA,372.11,498.83,297.38,2026-09-18,AUTO MANUFACTURERS,1446324339000,332.91,149.25,16.28,1.1,1.1,0.0467,0.0193,0.0367,0.0141,103619002000,32.05,10755000000,115.3,-0.03,-0.0101,1.845,396.94,6,16,19,3,2,3949547000,NA,4.281,13.38,22,Tesla Inc,CONSUMER CYCLICAL,25,20,40,40,46,61.4,0.0667,34.39,372.11,345.82,379.71,355.28,423.39,0.076,-0.02,0.0474,-0.1211,365.6845,348.2486,395.622,55.3114,1.7509,1.4659,0.285,383.4514,347.9176,0.6808,0.4403,38722904.5455,2.2456,8e-4,0.0012,4e-4,0.0319,751,-0.0209,-0.16,0.5058,0.203,TRUE,TRUE,FALSE,FALSE,Neutral,TRUE,55,85,48.4536,35.0515,70,55.0464,768,-0.032,0.1052,-0.1308,0.4524,-0.0029,0.0249,-0.7226,-1.8308,1,0,17.31,No Signal,0.02,1.72,Decreasing,FALSE,1.7%,0,NA,NA,NA,NA,50,Unknown,FALSE,FALSE,NA,NA,0.1803,4719333333.3333,NA,NA,NA,NA,NA,0.0889,4719333333.3333,0.0889,0.1803,94827000000,7721000000,15219000000,-0.0101,86858000000,7721000000,15219000000,-0.0101,10.8,6.2,19.1,0,36.6,14.1,14.1,50,14.8,32,88.3,32,61.4,45.1,55.6,50,FALSE,28.7,28.7,Very Weak,Very Weak,FALSE,FALSE,NEUTRAL,Proven,20.6,-0.0029,Balanced,MACD RSI,372.11,7.6,498.83,297.38,16.28,115.3,0.1803,0.0141,0.0367,0.0467,-0.0101,0.0889,0.0889,NA,NA,1446324339000,$1.45T,332.9,+7.6%,-2%,+4.7%,-12.1%,45.1,45.1,55.6,47.06,0.02,No Signal
TWLO,275.8,258.35,98.44,2026-09-20,SOFTWARE - INFRASTRUCTURE,37447778000,33.68,36.5,4.171,7.24,7.24,0.135,0.0206,0.206,0.0783,5572328000,36.51,499808000,71.81,46.72,0.1045,1.405,260.18,6,20,4,0,1,153575000,NA,0.378,6.43,58.46,Twilio Inc,TECHNOLOGY,45,60,65,75,31,74.2,-0.0566,61.42,275.8,228.46,191.57,120.98,101.33,0.2072,0.4397,1.2797,1.7218,246.679,227.3956,172.1082,62.4589,6.2581,4.2988,1.9593,292.0368,201.3212,0.821,0.6389,2266913.6364,1.3547,8e-4,0.0026,0.0018,0.0311,751,-0.0851,0.3802,0.4943,0.9205,TRUE,TRUE,TRUE,TRUE,Neutral,TRUE,100,85,90.2062,96.3918,70,91.0902,768,1.5294,0.1165,0.347,0.5397,0.0055,0.0451,1.3795,1.9269,1,0,19.61,No Signal,0.04,3.47,Increasing,FALSE,3.5%,0,NA,NA,NA,NA,50,Unknown,FALSE,FALSE,NA,NA,0.4892,NA,NA,NA,NA,NA,NA,0.1106,NA,0.1106,0.4892,5067220000,993162000,823261000,0.1045,8977808000,993162000,823261000,0.1045,95.4,91.7,85.6,0,89.7,82.1,82.1,40.3,63.4,50,85.6,72.2,74.2,60.7,96.1,50,FALSE,82.2,82.2,Very Strong,Very Strong,TRUE,FALSE,NEUTRAL,Proven,97.9,0.0055,Alpha Leader,GX MACD RSI MA200,275.8,20.72,258.35,98.44,4.171,71.81,0.4892,0.0783,0.206,0.135,0.1045,0.1106,0.1106,NA,NA,37447778000,$37.4B,33.7,+20.7%,+44%,+128%,+172.2%,60.7,60.7,96.1,56.42,0.04,Tier 2: Golden Cross
TXN,278.07,332.33,150.2,2026-09-18,SEMICONDUCTORS,235745772000,39.65,26.32,13.22,6.51,6.51,0.352,0.131,0.311,0.426,19453000000,21.38,9520000000,25.33,0.518,0.0046,1.314,324.71,3,17,14,2,0,913248000,0.0216,0.928,12.6,19.72,Texas Instruments Incorporated,TECHNOLOGY,25,20,95,90,36,64.6,0.1677,58.71,278.07,261.77,285.43,186.42,182.04,0.0623,-0.0258,0.4916,0.5275,263.1955,271.007,246.2321,60.0638,0.2856,-0.6401,0.9256,276.6873,249.7037,1.0512,0.2937,5953781.8182,1.3539,8e-4,0.001,2e-4,0.0195,751,0.022,-0.0288,0.3101,0.1476,TRUE,TRUE,TRUE,TRUE,Neutral,TRUE,100,85,46.3918,82.4742,70,75.1624,768,-0.019,0.0257,-0.118,0.5,8e-4,0.0278,0.1987,0.4501,1,1,27.23,No Signal,0.02,3.87,Decreasing,FALSE,2.2%,0,NA,NA,NA,NA,50,Unknown,FALSE,FALSE,NA,NA,0.5702,1816666666.6667,NA,NA,NA,NA,NA,0.7804,1816666666.6667,0.7804,0.5702,17682000000,14052000000,3660000000,0.0046,18007000000,14052000000,3660000000,0.0046,63.4,63.2,58.8,63.9,39.7,58.9,58.9,26.6,17.5,84,34.2,89.7,64.6,54.2,79.7,50,FALSE,63.2,63.2,Neutral,Neutral,TRUE,FALSE,NEUTRAL,Proven,68.6,8e-4,Strong Trend,GX MACD RSI MA200 ANALYST,278.07,6.23,332.33,150.2,13.22,25.33,0.5702,0.426,0.311,0.352,0.0046,0.7804,0.7804,NA,NA,235745772000,$235.7B,39.6,+6.2%,-2.6%,+49.2%,+52.8%,54.2,54.2,79.7,52.52,0.02,Tier 2: Golden Cross
TXRH,159.75,215.47,152.58,2026-09-26,RESTAURANTS,10486138000,25.56,21.01,6.94,6.25,6.25,0.277,0.0872,0.0663,0.0851,6231515000,94.4,705438000,16.6,-0.005,0.1265,0.787,218.38,2,12,13,1,0,65641000,0.0177,1.641,1.879,23.41,Texas Roadhouse Inc,CONSUMER CYCLICAL,45,40,80,40,28,63.4,0.367,55.59,159.75,203.88,196.59,162.32,163.01,-0.2165,-0.1874,-0.0158,-0.02,177.653,193.2614,179.8402,17.3297,-5.3121,-4.4142,-0.8979,201.5209,153.7851,0.125,0.2645,1024077.2727,0.6721,8e-4,9e-4,0,0.0165,751,-0.0166,0.0764,0.2622,0.0275,FALSE,FALSE,FALSE,TRUE,Oversold,FALSE,15,20,17.0103,28.3505,30,20.5232,768,-0.1285,-0.2224,-0.1947,0.4524,-3e-4,0.0219,-0.0777,-0.2235,1,0,14.75,No Signal,0.03,1.98,Stable,FALSE,2.9%,0,NA,NA,NA,NA,50,Unknown,FALSE,FALSE,NA,NA,NA,319769666.6667,NA,NA,NA,NA,NA,0.0321,319769666.6667,0.0321,NA,5878075000,50000000,202427000,0.1265,1558552000,50000000,202427000,0.1265,45.4,45.1,19.1,0,26.3,32.7,32.7,53.2,36.1,76.3,93.7,41.2,63.4,62,15.5,50,FALSE,33,33,Weak,Weak,TRUE,FALSE,NEUTRAL,Proven,24.2,-3e-4,Analyst Upside,GX ANALYST,159.75,-21.65,215.47,152.58,6.94,16.6,NA,0.0851,0.0663,0.277,0.1265,0.0321,0.0321,NA,NA,10486138000,$10.5B,25.6,-21.6%,-18.7%,-1.6%,-2%,62,62,15.5,57.199999999999996,0.03,Tier 2: Golden Cross
U,41.55,52.15,16.78,2026-09-26,SOFTWARE - APPLICATION,18285695000,NA,28.65,6.4,-1.36,-1.36,-0.174,-0.0312,-0.29,-0.0518,2028410000,4.7,146200000,134.62,0,-0.0804,2.057,49.39,4,18,4,0,0,440089000,NA,NA,9.51,6.89,Unity Software Inc,TECHNOLOGY,50,40,15,20,26,75,0.1887,35.5,41.55,44.38,28.23,20.54,42.11,-0.0638,0.4718,1.0229,-0.0133,42.3685,40.1088,32.0764,47.7885,0.8462,1.6223,-0.7762,44.2504,40.4866,0.2825,0.4068,10004686.3636,1.9702,8e-4,0.0013,5e-4,0.0394,751,-0.0023,-0.0833,0.625,0.1942,FALSE,TRUE,TRUE,TRUE,Neutral,FALSE,100,45,93.8144,94.3299,30,81.7603,768,-0.2989,-0.0845,0.3714,0.5079,0.0058,0.034,1.4627,2.711,1,0,35.54,No Signal,0.07,3.51,Decreasing,FALSE,6.6%,0,NA,NA,NA,NA,50,Unknown,FALSE,FALSE,NA,NA,0.7417,289571333.3333,NA,NA,NA,NA,NA,NA,289571333.3333,NA,0.7417,1849648000,NA,2351987000,-0.0804,3033890000,NA,2351987000,-0.0804,96.4,99,66,0,90.7,80.5,80.5,50,41,16,50,4.1,75,35.9,81,50,FALSE,73.9,73.9,Strong,Strong,TRUE,FALSE,NEUTRAL,Proven,91.2,0.0058,Alpha Leader,GX MA200 ANALYST,41.55,-6.38,52.15,16.78,6.4,134.62,0.7417,-0.0518,-0.29,-0.174,-0.0804,NA,NA,NA,NA,18285695000,$18.3B,N/A,-6.4%,+47.2%,+102.3%,-1.3%,35.9,35.9,81,41.54,0.07,Tier 2: Golden Cross
UNH,376.59,458.79,252.96,2026-09-18,HEALTHCARE PLANS,336786555000,24.1,16.72,3.421,15.57,15.57,0.141,0.0487,0.0314,0.0713,450525987000,497.54,26681000000,14.78,0.615,0.0974,0.622,481.72,7,16,4,0,0,897595000,0.0239,1.02,0.841,108.78,UnitedHealth Group Incorporated,HEALTHCARE,60,60,65,40,27,77.8,0.2792,60.28,376.59,401.01,427.89,261.79,345.56,-0.0609,-0.1199,0.4385,0.0898,384.896,399.3788,355.4258,39.9348,-1.858,-1.7643,-0.0937,405.3303,364.4617,0.2968,0.1823,4981031.8182,0.2529,8e-4,-1e-4,-9e-4,0.0242,751,-0.0012,-0.0801,0.3837,-0.6192,FALSE,FALSE,TRUE,TRUE,Neutral,FALSE,35,20,26.2887,78.866,30,38.4098,768,-0.5618,-0.0493,-0.1276,0.4841,0.0026,0.0182,0.6667,2.3043,1,2,18.07,No Signal,0.01,2.47,Decreasing,FALSE,1.5%,0,NA,NA,NA,NA,50,Unknown,FALSE,FALSE,NA,NA,NA,20820666666.6667,NA,NA,NA,NA,NA,0.665,20820666666.6667,0.665,NA,447567000000,69501000000,28585000000,0.0974,104513000000,69501000000,28585000000,0.0974,84,95.3,41.2,82,38.7,71.3,71.3,57.6,71.6,51,37.8,31.4,77.8,52.9,49.2,50,FALSE,63.2,63.2,Neutral,Neutral,TRUE,FALSE,NEUTRAL,Proven,68.6,0.0026,Alpha Leader,GX MA200 ANALYST,376.59,-6.09,458.79,252.96,3.421,14.78,NA,0.0713,0.0314,0.141,0.0974,0.665,0.665,NA,NA,336786555000,$336.8B,24.1,-6.1%,-12%,+43.9%,+9%,52.9,52.9,49.2,51.739999999999995,0.01,Tier 2: Golden Cross
UPS,93.96,116.86,76.95,2026-09-22,INTEGRATED FREIGHT & LOGISTICS,84278419000,18.41,12.45,5.59,5.38,5.38,0.296,0.0728,0.0508,0.0905,89929998000,105.86,12084000000,10.01,-0.53,-0.0127,1.038,115.81,0,14,12,1,2,749349000,0.0655,1.408,1.204,17.7,United Parcel Service Inc,INDUSTRIALS,75,40,80,40,29,57.8,0.2325,62.53,93.96,105.65,108.14,94.95,82.58,-0.1106,-0.1311,-0.0104,0.1378,99.8115,104.1154,105.1432,34.8436,-2.7292,-2.0687,-0.6605,106.9657,92.6573,0.091,0.2922,4560436.3636,0.7593,8e-4,-5e-4,-0.0013,0.0174,751,0.0153,-0.2772,0.2763,-1.1869,FALSE,FALSE,FALSE,FALSE,Neutral,FALSE,15,20,23.7113,29.8969,30,22.8428,768,-0.6785,-0.1029,-0.1785,0.5238,-0.0015,0.0194,-0.3708,-1.2066,1,1,31.73,No Signal,0.03,7.04,Stable,FALSE,3.4%,0,NA,NA,NA,NA,50,Unknown,FALSE,FALSE,NA,NA,NA,5352666666.6667,NA,NA,NA,NA,NA,1.5653,5352666666.6667,1.5653,NA,88661000000,23585000000,4653000000,-0.0127,15067000000,23585000000,4653000000,-0.0127,28.4,15.5,80.4,63.9,28.4,39.1,39.1,74.1,47,78.4,17.1,38.1,57.8,56.1,20.6,50,FALSE,37.2,37.2,Weak,Weak,FALSE,FALSE,NEUTRAL,Proven,30.9,-0.0015,Consistent Beat,ANALYST,93.96,-11.06,116.86,76.95,5.59,10.01,NA,0.0905,0.0508,0.296,-0.0127,1.5653,1.5653,NA,NA,84278419000,$84.3B,18.4,-11.1%,-13.1%,-1%,+13.8%,56.1,56.1,20.6,53.66,0.03,No Signal
UPST,23.81,57.95,23.72,2026-09-26,CREDIT SERVICES,2317024000,45.79,13.59,2.983,0.52,0.52,0.0794,0.0198,0.0469,0.072,1285890000,13.26,115055000,NA,2.112,0.4257,2.165,40,2,6,6,0,1,97313000,NA,NA,3.592,8.2,Upstart Holdings Inc,FINANCIAL SERVICES,25,75,40,40,15,63.3,0.68,45.58,23.81,30.47,33.66,24.22,56.93,-0.2186,-0.2926,-0.0169,-0.5818,26.195,28.0484,32.8772,34.0111,-4.675,-4.2079,-0.4671,29.314,23.076,0.1177,0.4346,4267281.8182,2.7245,8e-4,0.0013,4e-4,0.0506,751,-0.0391,-0.2544,0.8035,0.136,FALSE,FALSE,FALSE,FALSE,Neutral,FALSE,15,20,8.7629,27.3196,30,17.8428,768,-0.524,-0.2229,-0.3857,0.381,-0.0037,0.0304,-0.9245,-1.9174,1,0,44.04,Low Signal,0.28,6.86,Increasing,FALSE,28.4%,0,NA,NA,NA,NA,50,Unknown,FALSE,FALSE,NA,NA,NA,-25272333.3333,NA,NA,NA,NA,NA,2.5118,-25272333.3333,2.5118,NA,1043857000,2003129000,455957000,0.4257,797488000,2003129000,455957000,0.4257,6.2,4.1,1,0,9.3,4.5,4.5,18.7,75.4,38.7,8.1,36.1,63.3,36.6,14.5,50,FALSE,11.7,11.7,Very Weak,Very Weak,FALSE,FALSE,NEUTRAL,Proven,2.1,-0.0037,Analyst Upside,ANALYST,23.81,-21.86,57.95,23.72,2.983,NA,NA,0.072,0.0469,0.0794,0.4257,2.5118,2.5118,NA,NA,2317024000,$2.3B,45.8,-21.9%,-29.3%,-1.7%,-58.2%,36.6,36.6,14.5,41.96,0.28,No Signal
UTZ,14.24,14.27,6.69,2026-09-26,PACKAGED FOODS,2050022000,NA,17.36,1.812,-0.33,-0.33,-0.0311,7e-4,-0.02,0.0215,1453100000,16.54,90700000,22.97,-0.478,2e-4,0.767,14.31,1,0,9,0,0,88613000,0.0261,NA,1.537,7.86,Utz Brands Inc,CONSUMER DEFENSIVE,50,75,15,20,10,55,0.0049,40.5,14.24,14.22,7.71,7.83,12.07,0.0014,0.847,0.8186,0.1798,14.2305,13.8978,9.8732,71.4582,1.2842,1.845,-0.5607,14.2776,14.1834,0.6008,0.0244,1584886.3636,0.3255,8e-4,6e-4,-2e-4,0.0401,751,-0.0054,0.0824,0.6371,-0.094,TRUE,TRUE,TRUE,TRUE,Overbought,FALSE,100,30,99.4845,91.7526,30,80.6959,768,-0.4774,0.013,0.7895,0.5,0.0065,0.0819,1.6472,1.267,1,0,37.87,No Signal,0.1,5.67,Increasing,FALSE,10.4%,0,NA,NA,NA,NA,50,Unknown,FALSE,FALSE,NA,NA,0.249,12633333.3333,NA,NA,NA,NA,NA,1.2053,12633333.3333,1.2053,0.249,1438800000,838800000,58600000,2e-4,695900000,838800000,58600000,2e-4,97.9,78.2,58.8,0,99,75.5,75.5,50,91.8,23.2,21.6,14.4,55,39.6,88.9,50,FALSE,73.3,73.3,Strong,Strong,TRUE,FALSE,NEUTRAL,Proven,89.7,0.0065,Alpha Leader,GX MA200,14.24,0.13999999999999999,14.27,6.69,1.812,22.97,0.249,0.0215,-0.02,-0.0311,2e-4,1.2053,1.2053,NA,NA,2050022000,$2.1B,N/A,+0.1%,+84.7%,+81.9%,+18%,39.6,39.6,88.9,43.760000000000005,0.1,Tier 2: Golden Cross
V,367.38,385.57,292.74,2026-09-18,CREDIT SERVICES,694490038000,31.54,24.69,19.98,11.73,11.73,0.612,0.191,0.508,0.661,44487999000,23.4,31094000000,24.37,0.102,0.1068,0.761,419.36,9,27,3,0,1,1704113000,0.0072,1.68,15.92,18.87,Visa Inc. Class A,FINANCIAL SERVICES,45,20,95,90,40,76.9,0.1415,64.94,367.38,383.9,336.23,299.54,334.93,-0.043,0.0926,0.2265,0.0969,371.4235,367.9974,336.8637,47.9309,-0.1974,0.1331,-0.3305,382.267,360.58,0.3136,0.1705,6067509.0909,0.6267,8e-4,7e-4,-1e-4,0.0118,751,-0.0071,0.0462,0.1872,-0.1738,FALSE,FALSE,TRUE,TRUE,Neutral,FALSE,35,45,68.0412,54.6392,30,49.8402,768,-0.1565,0.013,0.0877,0.5,0.0015,0.0143,0.3658,1.6098,1,0,24.11,No Signal,0.01,3.87,Decreasing,FALSE,1.1%,0,NA,NA,NA,NA,50,Unknown,FALSE,FALSE,NA,NA,NA,19988666666.6667,NA,NA,NA,NA,NA,0.6782,19988666666.6667,0.6782,NA,40000000000,23858000000,12359000000,0.1068,35178000000,23858000000,12359000000,0.1068,70.6,87,58.8,0,73.2,65.7,65.7,43.9,7.7,93.3,36.9,97.9,76.9,61.9,54.7,50,FALSE,62.5,62.5,Neutral,Neutral,TRUE,FALSE,NEUTRAL,Proven,67,0.0015,Alpha Leader,GX MA200 ANALYST,367.38,-4.3,385.57,292.74,19.98,24.37,NA,0.661,0.508,0.612,0.1068,0.6782,0.6782,NA,NA,694490038000,$694.5B,31.5,-4.3%,+9.3%,+22.7%,+9.7%,61.9,61.9,54.7,57.14,0.01,Tier 2: Golden Cross
VEEV,280.68,310.5,148.05,2026-09-22,HEALTH INFORMATION SERVICES,42130301000,42.73,28.99,5.67,6.09,6.09,0.144,0.0758,0.293,0.296,3458098000,21.15,1075341000,32.58,0.395,0.1627,0.974,297.3,8,12,8,1,0,161909000,NA,1.16,10.13,44.83,Veeva Systems Inc Class A,HEALTHCARE,25,40,65,90,29,73.3,0.0592,54.58,280.68,244.91,171.36,175.96,279.93,0.1461,0.638,0.5951,0.0027,270.023,241.6726,199.8996,67.1906,2.8169,3.2317,-0.4148,287.1192,252.9268,0.8117,0.313,1931127.2727,0.7011,8e-4,7e-4,-1e-4,0.0224,751,0.0158,0.0299,0.3554,-0.0934,TRUE,TRUE,TRUE,TRUE,Neutral,FALSE,100,65,97.9381,86.0825,30,84.3479,768,-0.2579,0.1208,0.6131,0.5397,0.0037,0.0307,0.925,1.8993,1,3,24.85,No Signal,0.03,4.02,Stable,FALSE,3.1%,0,NA,NA,NA,NA,50,Unknown,FALSE,FALSE,NA,NA,0.7553,NA,NA,NA,NA,NA,NA,NA,NA,NA,0.7553,3195311000,NA,1812012000,0.1627,7431449000,NA,1812012000,0.1627,88.1,91.2,85.6,92.8,97.4,90.2,90.2,23,46.4,52.1,50,85.6,73.3,51.8,89.5,50,FALSE,84.3,84.3,Very Strong,Very Strong,TRUE,FALSE,NEUTRAL,Proven,99.5,0.0037,Alpha Leader,GX RSI MA200,280.68,14.610000000000001,310.5,148.05,5.67,32.58,0.7553,0.296,0.293,0.144,0.1627,NA,NA,NA,NA,42130301000,$42.1B,42.7,+14.6%,+63.8%,+59.5%,+0.3%,51.8,51.8,89.5,51.08,0.03,Tier 2: Golden Cross
VERA,32.54,56.05,23.05,2026-09-26,BIOTECHNOLOGY,2344941000,NA,NA,5.84,-5.92,-5.92,-0.917,-0.468,0,0,0,0,-415224000,-3.597,0,0,0.953,77.5,1,12,1,0,0,72063000,NA,NA,NA,5.67,Vera Therapeutics Inc,HEALTHCARE,50,40,15,20,14,75,1.3817,35.5,32.54,36.82,42.46,38.1,26.96,-0.1162,-0.2336,-0.1459,0.207,34.1975,33.6117,39.399,45.1847,-0.4051,-0.007,-0.3981,36.3594,32.0356,0.1167,0.622,2565913.6364,1.3205,8e-4,0.0022,0.0014,0.0494,751,-0.0294,0.2747,0.7844,0.4364,FALSE,FALSE,FALSE,FALSE,Neutral,FALSE,15,45,12.3711,13.9175,30,19.9948,768,0.0432,0.1371,-0.275,0.4048,-0.0024,0.0359,-0.6077,-1.0666,1,0,51.97,Low Signal,0.24,6.18,Decreasing,FALSE,23.6%,0,NA,NA,NA,NA,50,Unknown,FALSE,FALSE,NA,NA,NA,-156543000,NA,NA,NA,NA,NA,0.1845,-156543000,0.1845,NA,NA,75228000,48876000,NA,407758000,75228000,48876000,NA,14.9,17.1,4.1,0,14.4,11.7,11.7,50,45.9,5.2,76.6,17,75,39.8,19,50,FALSE,17.7,17.7,Very Weak,Very Weak,FALSE,FALSE,NEUTRAL,Proven,5.7,-0.0024,Analyst Upside,ANALYST,32.54,-11.62,56.05,23.05,5.84,-3.597,NA,0,0,-0.917,0,0.1845,0.1845,NA,NA,2344941000,$2.3B,N/A,-11.6%,-23.4%,-14.6%,+20.7%,39.8,39.8,19,43.879999999999995,0.24,No Signal
VERX,11.37,26.54,10.21,2026-09-26,SOFTWARE - APPLICATION,1844418000,568.5,10.02,7.89,0.02,0.02,0.0146,0.0065,0.0045,0.0337,787439000,4.916,19386000,23.03,-0.44,0.1435,0.824,17.15,3,4,8,0,0,80062000,NA,NA,2.566,1.529,Vertex,TECHNOLOGY,25,40,40,40,15,66.7,0.5084,38.92,11.37,13.56,11.37,11.67,24.61,-0.1615,0,-0.0257,-0.538,12.7262,12.7136,14.107,34.4494,-3.0712,-1.7008,-1.3705,14.4622,10.9903,0.1094,0.416,1366913.6364,0.774,8e-4,-3e-4,-0.0012,0.0336,751,-0.032,-0.2468,0.5331,-0.5524,FALSE,FALSE,FALSE,FALSE,Neutral,FALSE,15,20,52.5773,25.7732,30,30.6778,768,-0.71,-0.1348,0.0053,0.5,7e-4,0.0416,0.1771,0.2683,1,0,28.94,No Signal,0.07,3.84,Increasing,FALSE,6.8%,0,NA,NA,NA,NA,50,Unknown,FALSE,FALSE,NA,NA,0.6435,59068500,NA,NA,NA,NA,NA,1.4044,59068500,1.4044,0.6435,748444000,338605000,230489000,0.1435,241107000,338605000,230489000,0.1435,61.9,58,58.8,0,60.8,53.9,53.9,50,31.1,27.3,18.9,24.7,66.7,35.1,24.6,50,FALSE,44,44,Weak,Weak,FALSE,FALSE,NEUTRAL,Proven,42.3,7e-4,Analyst Upside,ANALYST,11.37,-16.150000000000002,26.54,10.21,7.89,23.03,0.6435,0.0337,0.0045,0.0146,0.1435,1.4044,1.4044,NA,NA,1844418000,$1.8B,568.5,-16.2%,+0%,-2.6%,-53.8%,35.1,35.1,24.6,41.06,0.07,No Signal
VITL,9.95,45.16,7.95,2026-09-26,FARM PRODUCTS,427169000,NA,208.33,1.557,-0.05,-0.05,5e-4,4e-4,2e-4,-0.242,765672000,17.45,15713000,27.04,0.513,0.2687,1.047,13.22,1,3,6,0,0,42931500,NA,NA,0.691,6.61,Vital Farms Inc,CONSUMER DEFENSIVE,50,75,40,40,10,62.5,0.3286,51.75,9.95,10.94,11.19,13.2,40.86,-0.0905,-0.1108,-0.2462,-0.7565,10.4455,11.4164,16.8666,41.454,-1.3202,-1.6083,0.2881,11.9163,8.9747,0.3316,0.7975,1670195.4545,0.5931,8e-4,4e-4,-4e-4,0.0347,751,-0.0193,-0.0203,0.5512,-0.1925,FALSE,FALSE,FALSE,FALSE,Neutral,TRUE,15,45,27.3196,7.732,70,27.2423,768,-0.5246,-0.133,-0.1066,0.5159,-0.001,0.045,-0.2481,-0.3474,1,0,45.45,Low Signal,0.24,9.11,Increasing,FALSE,24.4%,0,NA,NA,NA,NA,50,Unknown,FALSE,FALSE,NA,NA,0.3762,9103666.6667,NA,NA,NA,NA,NA,0.1058,9103666.6667,0.1058,0.3762,759444000,30000000,21239000,0.2687,283653000,30000000,21239000,0.2687,35.6,40.4,73.7,0,41.8,41.8,41.8,50,94.5,26.3,86.5,23.7,62.5,52.6,19.9,50,FALSE,38.2,38.2,Weak,Weak,FALSE,FALSE,NEUTRAL,Proven,33,-0.001,Consistent Beat,MACD ANALYST,9.95,-9.049999999999999,45.16,7.95,1.557,27.04,0.3762,-0.242,2e-4,5e-4,0.2687,0.1058,0.1058,NA,NA,427169000,$427.2M,N/A,-9%,-11.1%,-24.6%,-75.6%,52.6,52.6,19.9,51.56,0.24,No Signal
WAL,77.61,95.75,65.11,2026-09-22,BANKS - REGIONAL,8568782000,8.86,6.83,1.135,8.86,8.86,0.13,0.0109,0.282,0.394,3487100000,32.18,NA,NA,0.14,0.1736,1.324,93.07,4,7,4,0,0,109101000,0.0206,1.467,4.22,67.88,Western Alliance Bancorporation,FINANCIAL SERVICES,90,90,65,90,15,75,0.1992,81,77.61,79.6,82.05,67.97,88.25,-0.025,-0.0541,0.1418,-0.1206,78.6505,80.2918,81.3338,44.5325,-1.0925,-0.8546,-0.238,81.3119,75.9891,0.3045,0.218,1094868.1818,1.469,8e-4,0.0011,3e-4,0.0224,751,0.0123,-0.0342,0.3551,0.1823,FALSE,FALSE,FALSE,FALSE,Neutral,FALSE,15,45,42.7835,44.3299,30,35.201,768,-0.0815,-0.0421,-0.1073,0.4921,-5e-4,0.0158,-0.1344,-0.5369,1,2,32.27,No Signal,0.05,6.4,Increasing,FALSE,5.5%,0,NA,NA,NA,NA,50,Unknown,FALSE,FALSE,NA,NA,NA,NA,NA,NA,NA,NA,NA,0.1886,NA,0.1886,NA,135800000,1479000000,NA,0.1736,7842000000,1479000000,NA,0.1736,41.2,33.2,52.1,82,41.2,45.5,45.5,97.1,98.4,48.5,75.7,83,75,77.6,39,50,FALSE,48.8,48.8,Neutral,Neutral,FALSE,FALSE,NEUTRAL,Proven,50,-5e-4,Analyst Upside,ANALYST,77.61,-2.5,95.75,65.11,1.135,NA,NA,0.394,0.282,0.13,0.1736,0.1886,0.1886,NA,NA,8568782000,$8.6B,8.9,-2.5%,-5.4%,+14.2%,-12.1%,77.6,77.6,39,66.56,0.05,Tier 5: Underdog Watch
WBS,77.57,79.4,51.49,2026-08-29,BANKS - REGIONAL,12568934000,12.63,12.3,1.326,6.14,6.14,0.107,0.0122,0.368,0.506,2769366000,17.2,NA,NA,0.028,0.028,1.005,76.18,1,1,11,1,0,162033000,0.0205,1.728,5.87,57.33,Webster Financial Corporation,FINANCIAL SERVICES,90,90,65,90,14,53.6,-0.0179,78.86,77.57,77.57,77.57,77.57,77.57,0,0,0,0,NA,NA,NA,NA,NA,NA,NA,NA,NA,NA,NA,NA,NA,0.0021,NA,NA,NA,0,NA,NA,NA,NA,NA,NA,NA,NA,Neutral,NA,15,50,52.5773,30.4124,NA,NA,1,-0.0111,-0.0111,-0.0111,0,-0.0111,NA,-2.7869,NA,0.0159,0,28.5,No Signal,NA,NA,Unknown,FALSE,N/A,0,NA,NA,NA,NA,50,Unknown,FALSE,FALSE,NA,NA,NA,NA,NA,NA,NA,NA,NA,NA,NA,NA,NA,NA,NA,NA,NA,NA,NA,NA,NA,0.5,50,0,0,57.2,21.2,49.5,90.6,96.7,42.3,50,93.8,53.6,70,50,50,FALSE,52.7,52.7,Neutral,Neutral,FALSE,FALSE,NEUTRAL,Emerging,57.7,-0.0111,Quality,,77.57,0,79.4,51.49,1.326,NA,NA,0.506,0.368,0.107,0.028,NA,NA,NA,NA,12568934000,$12.6B,12.6,+0%,+0%,+0%,+0%,70,70,50,62,NA,Tier 5: Underdog Watch
WDAY,189.45,249.85,110.36,2026-09-22,SOFTWARE - APPLICATION,46722671000,39.57,17.83,7.23,4.9,4.9,0.16,0.0451,0.123,0.118,10155000000,39.59,1586000000,26.77,2.06,0.1471,1.082,208.68,5,15,19,1,2,196000000,NA,0.709,4.637,26.84,Workday Inc,TECHNOLOGY,25,40,65,60,42,61.9,0.1015,48.94,189.45,190.75,124.21,128.77,242.75,-0.0068,0.5252,0.4712,-0.2196,193.3005,180.9338,158.0822,50.2329,1.0278,1.7834,-0.7556,205.7311,180.8699,0.3451,0.5045,3344031.8182,0.8166,8e-4,1e-4,-8e-4,0.0252,751,-0.0135,-0.1513,0.4006,-0.4742,FALSE,TRUE,TRUE,TRUE,Neutral,FALSE,100,85,95.8763,81.4433,30,85.8015,768,-0.5601,-0.074,0.5303,0.4841,0.004,0.0407,1.0094,1.5633,1,0,44.11,Low Signal,0.07,5.42,Decreasing,FALSE,7.2%,0,NA,NA,NA,NA,50,Unknown,FALSE,FALSE,NA,NA,NA,2295333333.3333,NA,NA,NA,NA,NA,0.4627,2295333333.3333,0.4627,NA,9552000000,2989000000,661000000,0.1471,6460000000,2989000000,661000000,0.1471,90.7,85.5,41.2,0,96.4,71.3,71.3,27.3,35,54.6,54.1,56.7,61.9,47,82.6,50,FALSE,70.4,70.4,Strong,Strong,TRUE,FALSE,NEUTRAL,Proven,84.5,0.004,Alpha Leader,GX RSI MA200 ANALYST,189.45,-0.6799999999999999,249.85,110.36,7.23,26.77,NA,0.118,0.123,0.16,0.1471,0.4627,0.4627,NA,NA,46722671000,$46.7B,39.6,-0.7%,+52.5%,+47.1%,-22%,47,47,82.6,48.2,0.07,Tier 2: Golden Cross
WING,99.07,300.78,95.82,2026-09-26,RESTAURANTS,2698919000,23.15,18.18,NA,4.28,4.28,0,0.19,0.162,0.298,720719000,26.13,234028000,16.79,0.198,0.2307,1.78,197.88,5,19,5,0,0,27242500,0.0123,1.217,5.29,-28.38,Wingstop Inc,CONSUMER CYCLICAL,60,50,15,75,29,75,0.9974,48.25,99.07,112.24,166.76,154.64,249.23,-0.1173,-0.4059,-0.3594,-0.6025,107.095,117.3351,180.0122,37.166,-4.8811,-4.4767,-0.4044,118.4604,95.7296,0.147,0.6138,1295063.6364,1.0821,8e-4,-2e-4,-0.0011,0.0318,751,0.0071,-0.286,0.5054,-0.5316,FALSE,FALSE,FALSE,FALSE,Neutral,FALSE,15,20,3.6082,2.0619,30,11.2448,768,-0.6332,-0.1212,-0.4337,0.4841,-0.004,0.0384,-1.0084,-1.6562,1,2,35.08,No Signal,0.18,3.74,Increasing,FALSE,18.2%,0,NA,NA,NA,NA,50,Unknown,FALSE,FALSE,NA,NA,NA,97357666.6667,NA,NA,NA,NA,NA,NA,97357666.6667,NA,NA,696853000,1210589000,127455000,0.2307,-772987000,1210589000,127455000,0.2307,5.2,7.3,41.2,82,5.7,20.7,20.7,60.4,50,24.2,50,64.4,75,50.5,5.6,50,FALSE,21.5,21.5,Very Weak,Very Weak,FALSE,FALSE,NEUTRAL,Proven,9.8,-0.004,Analyst Upside,ANALYST,99.07,-11.73,300.78,95.82,NA,16.79,NA,0.298,0.162,0,0.2307,NA,NA,NA,NA,2698919000,$2.7B,23.1,-11.7%,-40.6%,-35.9%,-60.2%,50.5,50.5,5.6,50.3,0.18,No Signal
WLDN,78.9,137,64.67,2026-09-16,ENGINEERING & CONSTRUCTION,1185514000,18.27,14.68,3.543,4.26,4.26,0.212,0.0586,0.088,0.0863,741835000,50.27,73680000,17.1,0.534,0.1559,1.188,137.5,0,2,0,0,0,15232100,NA,0.476,1.747,20.65,Willdan Group Inc,INDUSTRIALS,75,60,80,60,2,75,0.7427,71.25,78.9,85.94,81.32,75.33,97.11,-0.0819,-0.0298,0.0474,-0.1875,82.7575,80.3116,91.441,41.5323,-1.1142,-0.5045,-0.6097,89.8171,75.6979,0.2268,0.2984,187759.0909,1.1305,8e-4,0.0024,0.0016,0.033,751,-0.0146,0.3702,0.5233,0.7601,FALSE,FALSE,FALSE,FALSE,Neutral,FALSE,15,45,45.8763,35.567,30,34.3763,768,0.9121,-0.061,-0.0889,0.4444,-0.0011,0.035,-0.2887,-0.5191,1,0,46.34,Low Signal,0.13,10.52,Stable,FALSE,13.2%,0,NA,NA,NA,NA,50,Unknown,FALSE,FALSE,NA,NA,0.3751,54548666.6667,NA,NA,NA,NA,NA,0.1919,54548666.6667,0.1919,0.3751,681552000,67245000,34870000,0.1559,350465000,67245000,34870000,0.1559,33.5,34.7,16,0,46.9,29,29,74.8,69.9,65.5,74.8,46.4,75,67.6,33.8,50,FALSE,35.9,35.9,Weak,Weak,FALSE,FALSE,NEUTRAL,Proven,27.3,-0.0011,Analyst Upside,ANALYST,78.9,-8.19,137,64.67,3.543,17.1,0.3751,0.0863,0.088,0.212,0.1559,0.1919,0.1919,NA,NA,1185514000,$1.2B,18.3,-8.2%,-3%,+4.7%,-18.8%,67.6,67.6,33.8,60.559999999999995,0.13,No Signal
WMT,107.98,134.84,98.05,2026-09-18,DISCOUNT STORES,849843257000,38.97,36.9,8.68,2.74,2.74,0.223,0.0641,0.03,0.0345,735839977000,92.36,44073001000,19.57,-0.091,0.049,0.595,127.42,10,27,5,0,1,7958079000,0.009,4.105,1.244,11.85,Walmart Inc.,CONSUMER DEFENSIVE,25,40,80,40,43,76.2,0.18,51.87,107.98,104.34,115.69,123.5,103.05,0.0349,-0.0666,-0.1257,0.0478,107.107,109.3836,118.5675,49.338,-0.1571,-0.5266,0.3695,110.4867,103.7273,0.6292,0.202,23288168.1818,0.3936,8e-4,0.001,2e-4,0.0153,751,-0.0018,0.177,0.2421,0.203,TRUE,FALSE,FALSE,FALSE,Neutral,TRUE,15,45,39.6907,14.9485,70,32.3969,768,0.1236,-0.0591,-0.0667,0.5159,-8e-4,0.0175,-0.2084,-0.7504,1,1,23.67,No Signal,0.01,3.89,Decreasing,FALSE,1%,0,NA,NA,NA,NA,50,Unknown,FALSE,FALSE,NA,NA,NA,14234333333.3333,NA,NA,NA,NA,NA,0.4065,14234333333.3333,0.4065,NA,713163000000,39932000000,11529000000,0.049,98238000000,39932000000,11529000000,0.049,36.6,28.5,73.7,63.9,50,46.7,46.7,28.1,27.9,68.6,56.8,29.9,76.2,47.6,30.3,50,FALSE,42.9,42.9,Weak,Weak,FALSE,FALSE,NEUTRAL,Proven,39.7,-8e-4,Consistent Beat,MACD ANALYST,107.98,3.49,134.84,98.05,8.68,19.57,NA,0.0345,0.03,0.223,0.049,0.4065,0.4065,NA,NA,849843257000,$849.8B,39,+3.5%,-6.7%,-12.6%,+4.8%,47.6,47.6,30.3,48.56,0.01,No Signal
WTS,357.79,393.86,258.13,2026-09-26,SPECIALTY INDUSTRIAL MACHINERY,11944121000,31.55,25.32,5.43,11.34,11.34,0.188,0.116,0.143,0.209,2677200000,79.92,581000000,20.01,0.173,0.089,1.133,404,1,2,8,0,0,27466800,0.0062,3.162,4.35,62.77,Watts Water Technologies Inc,INDUSTRIALS,45,40,65,60,11,59.1,0.1292,53.66,357.79,378.14,359.26,283.79,275.13,-0.0538,-0.0041,0.2608,0.3004,355.43,360.5094,321.7668,50.0375,-0.7311,-0.8554,0.1243,365.6201,345.2399,0.6158,0.1969,203809.0909,0.9419,8e-4,0.0011,3e-4,0.0144,751,0.0041,0.0798,0.2283,0.2958,TRUE,FALSE,TRUE,TRUE,Neutral,TRUE,35,85,51.5464,59.2784,70,55.8196,768,0.1059,-0.0582,-0.0553,0.5079,5e-4,0.0168,0.1151,0.4306,1,1,29.92,No Signal,0.03,4.03,Decreasing,FALSE,2.7%,0,NA,NA,NA,NA,50,Unknown,FALSE,FALSE,NA,NA,0.4946,321066666.6667,NA,NA,NA,NA,NA,0.0493,321066666.6667,0.0493,0.4946,2438500000,108000000,347900000,0.089,2189400000,108000000,347900000,0.089,58.2,62.2,66,63.9,51.5,60.3,60.3,43.2,49.7,62.9,91,58.2,59.1,60,60.5,50,FALSE,60.3,60.3,Neutral,Neutral,TRUE,FALSE,NEUTRAL,Proven,63.9,5e-4,Balanced,GX MACD RSI MA200 ANALYST,357.79,-5.38,393.86,258.13,5.43,20.01,0.4946,0.209,0.143,0.188,0.089,0.0493,0.0493,NA,NA,11944121000,$11.9B,31.6,-5.4%,-0.4%,+26.1%,+30%,60,60,60.5,56,0.03,Tier 2: Golden Cross
XENE,36.94,72.66,35.66,2026-09-15,BIOTECHNOLOGY,5679691000,NA,NA,4.572,-4.74,-4.74,-0.436,-0.28,0,0,0,0,-439188992,34.16,0,0,0.616,81.21,3,17,0,0,0,96840000,NA,-0.06,649.22,12.84,Xenon Pharmaceuticals Inc,HEALTHCARE,50,60,15,20,20,78.8,1.1984,39.88,36.94,63.79,59.74,55.55,36.52,-0.4209,-0.3817,-0.335,0.0115,52.7235,59.3208,53.2454,16.8333,-12.2509,-7.8138,-4.4371,71.8638,33.5832,0.0877,1.1145,2008513.6364,0.8881,8e-4,6e-4,-3e-4,0.0317,751,-0.0349,-0.0401,0.504,-0.1265,FALSE,FALSE,FALSE,TRUE,Oversold,FALSE,15,20,4.6392,4.1237,30,11.9665,768,-0.4619,-0.4199,-0.4037,0.4127,-0.0034,0.0348,-0.8677,-1.5729,1,0,40.92,Low Signal,0.07,12.22,Stable,FALSE,6.7%,0,NA,NA,NA,NA,50,Unknown,FALSE,FALSE,NA,NA,NA,-207036666.6667,96840432,3685746841.92,NA,NA,NA,NA,-207036666.6667,NA,NA,NA,NA,119527000,NA,1242396000,NA,119527000,NA,6.7,8.3,5.7,0,6.7,6.2,6.2,50,59.6,10.8,50,17,78.8,39.4,2,50,FALSE,10.2,10.2,Very Weak,Very Weak,TRUE,FALSE,NEUTRAL,Proven,0.5,-0.0034,Analyst Upside,GX ANALYST,36.94,-42.089999999999996,72.66,35.66,4.572,34.16,NA,0,0,-0.436,0,NA,NA,NA,NA,5679691000,$5.7B,N/A,-42.1%,-38.2%,-33.5%,+1.1%,39.4,39.4,2,43.64,0.07,Tier 2: Golden Cross
XOM,160.59,174.09,107.28,2026-09-18,OIL & GAS INTEGRATED,671351898000,21.01,14.97,2.589,7.77,7.77,0.126,0.0552,0.0907,0.159,361060008000,85.49,67937001000,9.28,1.128,1.128,0.175,170.91,3,7,15,0,0,4111912000,0.025,1.399,1.948,63.08,Exxon Mobil Corp,ENERGY,60,75,65,60,25,63,0.0643,64.8,160.59,158.19,136.54,171.47,115.59,0.0152,0.1761,-0.0635,0.3893,162.4825,159.4256,147.9932,48.7192,0.3318,0.7733,-0.4415,168.3311,156.6339,0.3382,0.2723,14522800,0.1899,8e-4,5e-4,-3e-4,0.0167,751,-0.015,0.0849,0.2644,-0.325,FALSE,TRUE,TRUE,TRUE,Neutral,FALSE,100,45,78.866,22.1649,30,62.8428,768,-0.2185,0.0184,0.2526,0.5635,0.0015,0.0157,0.3694,1.4795,1,0,12.51,No Signal,0.01,2.99,Stable,FALSE,1%,0,NA,NA,NA,NA,50,Unknown,FALSE,FALSE,NA,NA,NA,NA,NA,NA,NA,NA,NA,0.1243,NA,0.1243,NA,NA,32229000000,10588000000,NA,259380000000,32229000000,10588000000,NA,71.6,82.9,94.3,0,85.6,73.9,73.9,66.9,80.3,47.9,83.8,46.9,63,63,50,50,FALSE,66.5,66.5,Strong,Strong,TRUE,FALSE,NEUTRAL,Proven,75.3,0.0015,Alpha Leader,GX MA200 α>SPY,160.59,1.52,174.09,107.28,2.589,9.28,NA,0.159,0.0907,0.126,1.128,0.1243,0.1243,NA,NA,671351898000,$671.4B,21,+1.5%,+17.6%,-6.3%,+38.9%,63,63,50,57.8,0.01,Tier 2: Golden Cross
YETI,42.28,53.99,31.66,2026-09-26,LEISURE,3085966000,18.54,13.21,5.22,2.28,2.28,0.253,0.113,0.0924,0.193,1935756000,25.23,289114000,11.27,0.541,0.0614,1.699,54.87,2,8,6,0,0,72989000,NA,1.655,1.743,8.35,YETI Holdings Inc,CONSUMER CYCLICAL,75,40,80,60,16,68.8,0.2978,66.63,42.28,41.78,51.21,35.52,34.08,0.012,-0.1744,0.1903,0.2406,41.208,45.45,44.4643,48.4633,-1.5543,-2.6699,1.1156,43.2738,39.1422,0.7595,0.3319,1760504.5455,1.2971,8e-4,3e-4,-6e-4,0.0249,751,0.0015,-0.2056,0.3957,-0.3612,TRUE,FALSE,FALSE,TRUE,Neutral,TRUE,15,45,19.0722,50.5155,70,33.3247,768,-0.5045,-0.0618,-0.2234,0.4762,1e-4,0.0252,0.0272,0.0681,1,2,41.26,Low Signal,0.11,5.38,Stable,FALSE,11.1%,0,NA,NA,NA,NA,50,Unknown,FALSE,FALSE,NA,NA,0.5741,222298000,NA,NA,NA,NA,NA,0.1652,222298000,0.1652,0.5741,1868494000,100662000,NA,0.0614,609504000,100662000,NA,0.0614,54.6,53.9,36.6,82,20.1,48.4,48.4,72.7,50.8,73.2,79.3,47.9,68.8,66.9,41.4,50,FALSE,49.5,49.5,Neutral,Neutral,TRUE,FALSE,NEUTRAL,Proven,52.6,1e-4,Analyst Upside,GX MACD ANALYST,42.28,1.2,53.99,31.66,5.22,11.27,0.5741,0.193,0.0924,0.253,0.0614,0.1652,0.1652,NA,NA,3085966000,$3.1B,18.5,+1.2%,-17.4%,+19%,+24.1%,66.9,66.9,41.4,60.14,0.11,Tier 2: Golden Cross
YEXT,6.47,9.03,3.265,2026-09-26,SOFTWARE - INFRASTRUCTURE,640392000,38.06,7.6,17.87,0.17,0.17,0.278,0.0179,0.059,0.161,443021000,3.874,39847000,10.37,3.902,0.051,1.154,7,0,0,1,0,0,98979000,NA,0,1.743,1.297,Yext Inc,TECHNOLOGY,25,20,80,40,1,50,0.0819,45.25,6.47,6.5,4.44,3.77,8.65,-0.0046,0.4572,0.7162,-0.252,6.436,6.0436,5.4962,56.0445,1.4632,1.9113,-0.4481,6.7921,6.0799,0.5477,0.3595,1223572.7273,0.8291,8e-4,5e-4,-3e-4,0.0306,751,-0.0054,-0.0366,0.4857,-0.1496,TRUE,TRUE,TRUE,TRUE,Neutral,FALSE,100,85,91.2371,88.1443,30,85.75,768,-0.5882,0.068,0.3972,0.5635,0.0028,0.0335,0.7103,1.3363,1,0,29.48,No Signal,0.06,4.27,Increasing,FALSE,6.1%,0,NA,NA,NA,NA,50,Unknown,FALSE,FALSE,NA,NA,0.7446,48281666.6667,NA,NA,NA,NA,NA,4.1418,48281666.6667,4.1418,0.7446,446579000,147704000,86828000,0.051,35662000,147704000,86828000,0.051,85.6,78.8,94.3,0,91.8,78,78,30.9,12,76.8,3.6,40.2,50,39.1,87.3,50,FALSE,74.4,74.4,Strong,Strong,TRUE,FALSE,NEUTRAL,Proven,91.8,0.0028,Alpha Leader,GX RSI MA200 α>SPY,6.47,-0.45999999999999996,9.03,3.265,17.87,10.37,0.7446,0.161,0.059,0.278,0.051,4.1418,4.1418,NA,NA,640392000,$640.4M,38.1,-0.5%,+45.7%,+71.6%,-25.2%,39.1,39.1,87.3,43.46,0.06,Tier 2: Golden Cross
ZION,63.83,72.85,44.82,2026-09-16,BANKS - REGIONAL,9923369000,8.82,10.1,1.326,7.71,7.71,0.164,0.0132,0.318,0.521,3687000000,25.12,NA,NA,0.871,0.0367,0.773,75.09,1,6,12,1,2,145953000,0.026,4.392,3.243,52.18,Zions Bancorporation,FINANCIAL SERVICES,90,90,65,90,22,53.4,0.1764,78.84,63.83,68.32,69.14,55.59,57.3,-0.0657,-0.0768,0.1482,0.114,66.6275,68.6292,63.2808,35.226,-2.2324,-1.58,-0.6524,70.9359,62.3191,0.1753,0.2328,1482531.8182,1.2334,8e-4,0.0011,3e-4,0.0193,751,0.0106,0.0239,0.307,0.2383,FALSE,FALSE,TRUE,TRUE,Neutral,FALSE,35,20,37.1134,45.3608,30,34.9562,768,0.0422,-0.1012,-0.1083,0.5159,1e-4,0.0139,0.022,0.0998,1,2,26.93,No Signal,0.04,4.65,Increasing,FALSE,4.1%,0,NA,NA,NA,NA,50,Unknown,FALSE,FALSE,NA,NA,NA,925000000,NA,NA,NA,NA,NA,0.2547,925000000,0.2547,NA,662000000,1956000000,NA,0.0367,7681000000,1956000000,NA,0.0367,53.1,54.9,73.7,82,40.7,58.7,58.7,97.8,96.7,56.2,69.4,90.7,53.4,77.5,34.5,50,FALSE,55.7,55.7,Neutral,Neutral,TRUE,FALSE,NEUTRAL,Proven,59.8,1e-4,Consistent Beat,GX MA200 ANALYST,63.83,-6.569999999999999,72.85,44.82,1.326,NA,NA,0.521,0.318,0.164,0.0367,0.2547,0.2547,NA,NA,9923369000,$9.9B,8.8,-6.6%,-7.7%,+14.8%,+11.4%,77.5,77.5,34.5,66.5,0.04,Tier 2: Golden Cross
ZM,89.71,114.74,70.7,2026-09-22,SOFTWARE - APPLICATION,25901640000,8.24,14.6,2.291,10.77,10.77,0.321,0.0611,0.652,0.246,4993050000,16.89,1333759000,14.22,3.423,0.037,1.04,118.24,2,16,11,0,1,263233000,NA,2.433,3.748,33.98,Zoom Video Communications Inc,TECHNOLOGY,90,75,95,90,30,65,0.318,86,89.71,93.83,86.48,78.68,83.99,-0.0439,0.0374,0.1402,0.0681,94.205,96.9928,91.065,38.6361,-2.5027,-1.9908,-0.5119,100.6727,87.7373,0.1525,0.3184,3251004.5455,0.8853,8e-4,6e-4,-2e-4,0.0212,751,-0.0125,-0.0253,0.3368,-0.1469,FALSE,FALSE,FALSE,TRUE,Neutral,FALSE,15,20,60.3093,43.8144,30,36.6057,768,-0.2748,-0.1757,-0.0101,0.4683,2e-4,0.0289,0.0481,0.1049,1,0,15.84,No Signal,0.03,2.59,Stable,FALSE,2.7%,0,NA,NA,NA,NA,50,Unknown,FALSE,FALSE,NA,NA,0.7702,1734906000,291783711,26362658288.85,NA,NA,NA,NA,1734906000,NA,0.7702,4868769000,NA,931992000,0.037,11303611000,NA,931992000,0.037,56.2,55.4,29.9,0,57.7,45.3,45.3,98.6,84.7,81.4,50,100,65,82.1,35.8,50,FALSE,48.5,48.5,Neutral,Neutral,TRUE,FALSE,NEUTRAL,Proven,49.5,2e-4,Analyst Upside,GX ANALYST,89.71,-4.390000000000001,114.74,70.7,2.291,14.22,0.7702,0.246,0.652,0.321,0.037,NA,NA,NA,NA,25901640000,$25.9B,8.2,-4.4%,+3.7%,+14%,+6.8%,82.1,82.1,35.8,69.25999999999999,0.03,Tier 2: Golden Cross
ZNTL,2.7,6.95,1.212,2026-09-26,BIOTECHNOLOGY,255614000,NA,NA,1.891,-1.96,-1.96,-0.667,-0.332,0,0,26865000,0.374,-149768000,-2.313,0,0,1.862,6.89,0,4,5,0,0,94672000,NA,NA,7.77,2.004,Zentalis Pharmaceuticals Llc,HEALTHCARE,50,75,15,20,9,61.1,1.5519,41.11,2.7,3.89,4.04,2.14,1.49,-0.3059,-0.3317,0.2617,0.8121,3.421,3.9706,3.3859,24.5089,-9.538,-7.5035,-2.0345,4.2885,2.5535,0.0845,0.631,922577.2727,1.6776,8e-4,-4e-4,-0.0012,0.0667,751,-0.0236,-0.4519,1.0595,-0.2916,FALSE,FALSE,FALSE,TRUE,Oversold,FALSE,15,20,7.2165,59.7938,30,23.8737,768,-0.9393,-0.343,-0.3974,0.4762,7e-4,0.0872,0.1826,0.1319,1,0,33.14,No Signal,0.05,5.24,Stable,FALSE,5.1%,0,NA,NA,NA,NA,50,Unknown,FALSE,FALSE,NA,NA,NA,-168244333.3333,NA,NA,NA,NA,NA,NA,-168244333.3333,NA,NA,0,NA,24783000,NA,143646000,NA,24783000,NA,62.9,56,36.6,0,7.7,41.3,41.3,50,90.7,6.2,50,17,61.1,40.5,27,50,FALSE,37.7,37.7,Weak,Weak,TRUE,FALSE,NEUTRAL,Proven,32.5,7e-4,Analyst Upside,GX ANALYST,2.7,-30.59,6.95,1.212,1.891,-2.313,NA,0,0,-0.667,0,NA,NA,NA,NA,255614000,$255.6M,N/A,-30.6%,-33.2%,+26.2%,+81.2%,40.5,40.5,27,44.3,0.05,Tier 2: Golden Cross
ZS,193.05,336.99,114.62,2026-09-22,SOFTWARE - INFRASTRUCTURE,33773521000,NA,40.49,12.38,-0.39,-0.39,-0.0287,-0.0103,-0.0189,-0.0101,3352523000,20.93,43850000,171.17,0,0.2858,0.948,208.86,8,29,9,0,0,163055000,NA,2.022,9.11,15.94,Zscaler Inc,TECHNOLOGY,50,20,15,20,46,74.5,0.0819,31.45,193.05,170.31,132.26,137.26,286.66,0.1335,0.4596,0.4065,-0.3266,186.9402,173.8464,167.4337,53.6475,5.15,4.2914,0.8586,220.3884,153.4921,0.5913,0.8319,3822104.5455,1.3339,8e-4,9e-4,0,0.0296,751,-0.106,-0.0588,0.4693,0.0246,TRUE,TRUE,TRUE,TRUE,Neutral,TRUE,100,85,92.268,75.7732,70,87.5851,768,-0.2702,0.0353,0.4022,0.5635,0.0027,0.0494,0.6894,0.8788,1,0,16.76,No Signal,0.04,1.47,Stable,FALSE,4%,0,NA,NA,NA,NA,50,Unknown,FALSE,FALSE,NA,NA,0.7687,602868333.3333,NA,NA,NA,NA,NA,NA,602868333.3333,NA,0.7687,2673115000,NA,928354000,0.2858,2598261000,NA,928354000,0.2858,84.5,69.4,94.3,0,92.8,75.5,75.5,50,18,23.7,50,14.9,74.5,36.5,83.2,50,FALSE,71.5,71.5,Strong,Strong,TRUE,FALSE,NEUTRAL,Proven,87.6,0.0027,Alpha Leader,GX MACD RSI MA200 α>SPY,193.05,13.350000000000001,336.99,114.62,12.38,171.17,0.7687,-0.0101,-0.0189,-0.0287,0.2858,NA,NA,NA,NA,33773521000,$33.8B,N/A,+13.4%,+46%,+40.6%,-32.7%,36.5,36.5,83.2,41.9,0.04,Tier 2: Golden Cross
