symbol,price_now,price_1m,price_3m,price_6m,price_1y,ret_1m,ret_3m,ret_6m,ret_1y,ma20,ma50,ma200,rsi14,macd_line,macd_signal,macd_hist,bb_upper,bb_lower,bb_pct,vol_annual,avg_vol_30,beta,spy_mean_daily,mean_daily_ret,mean_daily_alpha,sd_daily_alpha,days_in_pull,today_alpha,jensen_alpha_ann,tracking_error,info_ratio,above_ma20,above_ma50,above_ma200,golden_cross,rsi_zone,macd_bullish,trend_score,rsi_score,ret3m_score,ret6m_score,macd_score,momentum_score,days_tracked,cum_alpha_all,alpha_30d,alpha_63d,alpha_hit_rate,hist_mean_alpha,hist_sd_alpha,hist_alpha_ann,hist_ir,confidence_weight,alpha_streak
AAPL,330.320007,325.130005,308.630005,255.919998,255.449997,0.015963,0.070278,0.290716,0.293091,331.620999,322.175599,288.860699,51.433116,1.240105,1.549576,-0.309471,346.038756,317.203242,0.454882,0.230759,42527645.454545,1.053958,8.29e-4,0.001,1.7e-4,0.013529,750,-0.009891,0.031601,0.214765,0.199657,FALSE,TRUE,TRUE,TRUE,Neutral,FALSE,100,85,70.103093,72.680412,30,76.31701,768,0.08449871442249135,0.049060110855273065,0.057892002289988254,0.5714285714285714,0.0016499009059601007,0.017009275500161156,0.4157750283019454,1.5398283665977073,1,0
ABBV,259.929993,259.98999,261.070007,208.839996,244.380005,-2.31e-4,-0.004367,0.244637,0.06363,260.954997,257.724599,231.340299,48.526229,0.672302,0.858333,-0.186031,270.520863,251.389131,0.446424,0.171375,4119954.545455,0.264744,8.29e-4,8.78e-4,4.8e-5,0.017007,750,-0.008129,0.165844,0.269981,0.045038,FALSE,TRUE,TRUE,TRUE,Neutral,FALSE,100,45,58.247423,65.979381,30,65.420103,768,-0.033907706197304766,-0.017215972381433242,0.007147870596825534,0.49206349206349204,0.0021516189505905834,0.015940294317897064,0.542207975548827,2.142739103522699,1,0
ACAD,19.889999,28.889999,25.969999,22.200001,21.24,-0.311526,-0.234116,-0.104054,-0.063559,25.258,27.0478,24.4322,15.629912,-8.361718,-5.137019,-3.224699,31.513909,19.002092,0.070966,0.524983,2179372.727273,0.912353,8.29e-4,3.6e-4,-4.69e-4,0.029741,750,-0.014687,-0.099982,0.47213,-0.25057,FALSE,FALSE,FALSE,TRUE,Oversold,FALSE,15,20,15.463918,22.164948,30,18.822165,768,-0.5651984467795668,-0.3380949097737258,-0.23835773387947612,0.49206349206349204,-8.625698521726115e-4,0.024783191447002584,-0.2173676027474981,-0.5525064006750008,1,0
ACN,212.300003,188.089996,137.350006,201.330002,243.710007,0.128715,0.545686,0.054488,-0.128883,185.011499,178.889399,196.29335,69.997715,1.39233,0.981356,0.410974,202.544953,167.478045,1.278184,0.719707,6318540.909091,0.662433,8.29e-4,-2.62e-4,-0.001091,0.021131,750,0.155985,-0.204487,0.335444,-0.819943,TRUE,TRUE,TRUE,FALSE,Neutral,TRUE,80,65,97.42268,41.237113,70,74.224227,768,-0.6288739534891636,0.16770453853228373,0.5553719479699186,0.5,0.0015311609338674876,0.03565951516809394,0.3858525553346069,0.6816252597604778,1,3
AFRM,70.43,69.940002,84.580002,46.310001,74.419998,0.007006,-0.167297,0.520838,-0.053615,70.751,73.313,66.7578,47.431234,-1.728236,-1.737594,0.009358,74.442536,67.059464,0.456522,0.488996,4364722.727273,2.551189,8.29e-4,0.002914,0.002084,0.042926,750,0.01555,0.20096,0.681425,0.770726,FALSE,FALSE,TRUE,TRUE,Neutral,TRUE,35,45,25.773196,86.597938,70,47.551546,768,1.0413694070740727,-0.08172918430867726,-0.21615289529174542,0.5238095238095238,8.634046335686157e-4,0.029058755771382398,0.21757796765929116,0.47166932250273735,1,3
AI,11.11,10.34,9.06,8.64,17.5,0.074468,0.226269,0.28588,-0.365143,10.6925,10.1732,10.276,59.251786,1.540073,1.659807,-0.119734,11.173452,10.211548,0.934035,0.452298,5222404.545455,1.97182,8.29e-4,-2.09e-4,-0.001038,0.037314,750,0.009136,-0.464724,0.592338,-0.441627,TRUE,TRUE,TRUE,FALSE,Neutral,FALSE,80,85,85.051546,71.134021,30,75.492268,768,-0.7529156290066896,0.07847512887502939,0.18197196344988242,0.5079365079365079,8.0762900614333e-4,0.03137253925133158,0.20352250954811915,0.40866035447229165,1,2
ALGM,36.380001,35.470001,55.485001,32.599998,28.42,0.025655,-0.344327,0.115951,0.280084,35.384,38.7095,40.205225,48.495131,-1.80247,-3.274776,1.472305,37.872047,32.895953,0.700157,0.402805,2368100,2.240338,8.29e-4,8.94e-4,6.4e-5,0.032354,750,-9.58e-4,-0.24311,0.513603,0.031438,TRUE,FALSE,FALSE,FALSE,Neutral,TRUE,15,45,6.701031,51.030928,70,29.716495,768,-0.33621261866227325,-0.043618113590551455,-0.3988433990543594,0.49206349206349204,-0.0025427981105791823,0.03892669722788703,-0.640785123865954,-1.0369661821734701,1,0
ALNY,231.179993,246.110001,312.779999,318.850006,460.649994,-0.060664,-0.260886,-0.274957,-0.498144,249.648499,242.469399,303.73965,39.518216,-0.110165,0.261726,-0.371891,267.050735,232.246263,-0.030636,0.403842,1507900,0.73261,8.29e-4,8.55e-4,2.6e-5,0.029034,750,-0.064846,0.062376,0.460896,0.014073,FALSE,FALSE,FALSE,FALSE,Neutral,FALSE,15,20,12.886598,9.278351,30,15.471649,768,-0.344971867401875,-0.039817123698447476,-0.2619346028059828,0.5158730158730159,-0.0021324348481489845,0.03596493467916716,-0.5373735817335441,-0.9412321772158959,1,0
ALRM,54.860001,55.610001,49.689999,43.669998,51.939999,-0.013487,0.104045,0.25624,0.056219,54.6245,55.349,49.27725,52.026184,-0.713986,-0.724305,0.010318,56.788796,52.460204,0.554406,0.138304,469995.454545,0.8717,8.29e-4,4.8e-5,-7.82e-4,0.016662,750,0.005377,-0.170179,0.264506,-0.744773,TRUE,FALSE,TRUE,TRUE,Neutral,TRUE,35,85,74.742268,68.041237,70,64.530928,768,-0.45960497434446435,-0.03859559475792651,0.10458773788070297,0.6031746031746031,0.00208833108699177,0.019312224034322617,0.526259433921926,1.7165929832397624,1,4
AMD,615.72998,459.609985,517.820007,217.5,164.009995,0.339679,0.189081,1.830942,2.754222,557.602003,511.649802,372.591951,66.962989,6.248792,5.523965,0.724827,673.626182,441.577825,0.750499,0.554982,21692304.545455,2.2866,8.29e-4,0.003042,0.002213,0.032146,750,0.004706,0.288745,0.510307,1.092818,TRUE,TRUE,TRUE,TRUE,Neutral,TRUE,100,65,81.958763,100,70,86.337629,768,2.6993054748027308,0.3308910035194157,0.09160601033120686,0.5476190476190477,0.004952930254441143,0.03688258170595739,1.248138424119168,2.1317740420837996,1,0
AMGN,407.269989,438.119995,374.149994,347.940002,298.5,-0.070415,0.088521,0.170518,0.364389,401.261501,408.8514,364.154301,50.034911,0.382932,-0.260125,0.643057,441.746105,360.776896,0.574207,0.456852,3160154.545455,0.512637,8.29e-4,7.18e-4,-1.12e-4,0.017095,750,-0.035567,0.073711,0.271375,-0.103761,TRUE,FALSE,TRUE,TRUE,Neutral,TRUE,35,85,74.226804,57.731959,70,62.314433,768,-0.11574124420963783,-0.073047911211912675,0.07679904077173227,0.4603174603174603,7.919712354709448e-4,0.018646311926066073,0.19957675133867808,0.6742434459578731,1,0
AMKR,52.900002,45.73,69.650002,46.700001,29.469999,0.15679,-0.240488,0.132762,0.795046,50.7535,51.9018,57.2132,52.461123,0.634269,-0.558938,1.193208,56.167313,45.339687,0.698243,0.572085,3864459.090909,2.341374,8.29e-4,0.001889,0.00106,0.033639,750,0.008144,-0.013377,0.534007,0.499992,TRUE,TRUE,FALSE,FALSE,Neutral,TRUE,55,85,14.43299,53.608247,70,48.551546,768,0.4845295626298971,0.048464288846682635,-0.29791938294967724,0.5238095238095238,-0.002078944367045671,0.044988775542016586,-0.5238939804955091,-0.7335656129966608,1,1
AMPL,14.3,13.83,8.84,6.84,10.03,0.033984,0.617647,1.090643,0.425723,13.32175,12.2935,9.118525,63.184026,2.905098,3.034867,-0.12977,14.324124,12.319377,0.987967,0.504459,1613527.272727,1.421394,8.29e-4,9.84e-4,1.54e-4,0.032405,750,0.030708,-0.049215,0.51441,0.075554,TRUE,TRUE,TRUE,TRUE,Neutral,FALSE,100,85,98.969072,95.360825,30,89.512887,768,-0.3213393895834039,0.12206750127730448,0.5871135416777595,0.5714285714285714,0.006006804390682926,0.045869271903788894,1.5137147064520975,2.0788440625732023,1,4
AMZN,248.229996,254.919998,242.669998,209.770004,220.630005,-0.026244,0.022912,0.183344,0.125096,252.011,256.186599,241.218,44.203503,-0.985853,-0.833929,-0.151924,260.355519,243.666481,0.273444,0.215705,34218486.363636,1.382247,8.29e-4,0.001096,2.66e-4,0.015631,750,-0.005476,-0.012752,0.248138,0.270598,FALSE,FALSE,TRUE,TRUE,Neutral,FALSE,35,45,63.402062,58.762887,30,49.273196,768,0.07726166595851369,-0.05962588858688367,-0.011070038943254201,0.46825396825396826,-1.7300958835121587e-4,0.02024105297822163,-0.0435984162645064,-0.13568671917399172,1,0
ANAB,48.630001,55.279999,63.419998,38.453335,21.313334,-0.120297,-0.233207,0.26465,1.28167,53.566,55.1102,48.706533,28.64426,-3.30516,-2.378387,-0.926773,58.505803,48.626197,3.85e-4,0.299961,592195.454545,0.828074,8.29e-4,0.002882,0.002052,0.044995,750,-0.034215,0.553146,0.71428,0.724099,FALSE,FALSE,FALSE,TRUE,Oversold,FALSE,15,20,15.979381,69.587629,30,28.46134,768,1.0895791965314658,-0.173793440600026,-0.250725544169734,0.46825396825396826,0.00176525906142188,0.04009474257472546,0.44484528347831376,0.6989100579590243,1,0
ANET,204.490005,189.259995,159.990005,126.68,149.270004,0.080471,0.278142,0.614225,0.369934,199.0495,192.802,158.51065,57.417095,1.89855,1.86432,0.034229,210.93524,187.163759,0.728867,0.371404,4743454.545455,1.850748,8.29e-4,0.002494,0.001665,0.027851,750,0.002637,0.24167,0.442126,0.948811,TRUE,TRUE,TRUE,TRUE,Neutral,TRUE,100,85,86.597938,90.206186,70,88.770619,768,1.5805164581218052,0.10515049188601244,0.21988021007358305,0.5476190476190477,0.0020399104366527142,0.031643110349623485,0.514057430036484,1.0233688760547168,1,2
APPN,37.77,40.389999,24.4,24.469999,30.629999,-0.064868,0.547951,0.543523,0.233105,36.8345,35.1154,28.008525,54.305355,0.365125,1.288212,-0.923087,40.370494,33.298506,0.632283,0.700091,888945.454545,1.146223,8.29e-4,4.26e-4,-4.03e-4,0.03344,750,0.069098,-0.132176,0.530844,-0.191416,TRUE,TRUE,TRUE,TRUE,Neutral,FALSE,100,85,97.938144,87.113402,30,87.554124,768,-0.5682350682178967,0.0144344793268405,0.5384378785147057,0.5317460317460317,0.00425861799702878,0.044726925135322254,1.0731717352512526,1.5114713271533249,1,1
ARHS,9.87,8.36,8.62,6.38,10.63,0.180622,0.145012,0.547022,-0.071496,8.63525,8.7376,8.392,63.664681,3.255342,1.276839,1.978503,10.256544,7.013956,0.880791,0.756404,1358168.181818,1.467477,8.29e-4,8.13e-4,-1.6e-5,0.034816,750,0.040455,-0.101839,0.552684,-0.007465,TRUE,TRUE,TRUE,TRUE,Neutral,TRUE,100,85,78.865979,87.628866,70,85.935567,768,-0.37774692212848215,0.013741211873833814,0.09936239338286357,0.48412698412698413,0.0018646575053747842,0.03770537909185915,0.4698936913544456,0.7850476762235111,1,2
ARWR,64.790001,82.739998,83.989998,61.029999,35.009998,-0.216945,-0.228599,0.061609,0.850614,72.953999,81.2664,72.507925,30.864332,-6.817951,-6.04825,-0.769701,89.437079,56.47092,0.252352,0.613727,2254409.090909,1.674901,8.29e-4,0.002209,0.00138,0.03919,750,-0.011867,0.206577,0.622118,0.558809,FALSE,FALSE,FALSE,TRUE,Neutral,FALSE,15,20,16.494845,41.752577,30,23.048969,768,0.32361028267468894,-0.2688654250643957,-0.2574397789841071,0.46825396825396826,-0.0010371170262394292,0.03370778389279122,-0.26135349061233615,-0.4884249419589765,1,0
ASAN,8.93,9.83,7.34,6.37,13.27,-0.091556,0.216621,0.401884,-0.327054,9.109,9.049,8.4276,48.323529,-1.33308,-0.071412,-1.261669,10.203822,8.014178,0.418252,0.833411,9000231.818182,1.629599,8.29e-4,2.1e-5,-8.08e-4,0.039976,750,0.057529,-0.335257,0.634607,-0.32092,FALSE,FALSE,TRUE,TRUE,Neutral,FALSE,35,45,84.020619,79.896907,30,59.685567,768,-0.7293887133231455,-0.05966368425885282,0.2091802565860601,0.48412698412698413,0.0035754227235301255,0.04875405689346241,0.9010065263295917,1.164171348332463,1,2
ATI,191.139999,200.949997,188.100006,146.630005,83.010002,-0.048818,0.016162,0.303553,1.302614,192.416499,202.547799,166.6357,46.682072,-2.477061,-2.671556,0.194495,209.627752,175.205245,0.462917,0.401564,1628731.818182,1.446253,8.29e-4,0.002445,0.001616,0.023514,750,0.007404,0.313883,0.373273,1.090782,FALSE,FALSE,TRUE,TRUE,Neutral,TRUE,35,45,62.371134,74.226804,70,56.056701,768,1.5860369399922347,-0.10951707632377439,-0.01989080133372223,0.47619047619047616,4.2073618061785737e-4,0.024649754458390245,0.10602551751570005,0.27095522676164613,1,3
AVGO,343.640015,369.679993,360.450012,314.549988,333.390015,-0.070439,-0.046636,0.092481,0.030745,354.204498,373.9692,367.42055,39.547196,-1.723398,-1.844029,0.120631,370.717239,337.691758,0.180111,0.318898,27024018.181818,2.003152,8.29e-4,0.002396,0.001567,0.026727,750,-0.023282,0.185216,0.424274,0.930758,FALSE,FALSE,FALSE,TRUE,Neutral,TRUE,15,20,47.42268,45.360825,70,37.048969,768,1.5082006063783044,-0.04575702169207607,-0.09380562492845623,0.4603174603174603,-0.0013984485633737722,0.024932569413351827,-0.3524090379701906,-0.8903888865993487,1,0
AXON,422.209991,518.299988,597.039978,412.809998,711.340027,-0.185395,-0.292828,0.022771,-0.406458,461.776997,531.361001,497.654,33.017034,-6.983123,-6.466033,-0.51709,527.062297,396.491698,0.196968,0.553761,1079963.636364,1.201356,8.29e-4,0.001582,7.53e-4,0.031524,750,-0.002517,0.147578,0.500433,0.379003,FALSE,FALSE,FALSE,TRUE,Neutral,FALSE,15,20,8.762887,38.14433,30,20.007732,768,0.16332189938853414,-0.3407320842753985,-0.31903200838596846,0.4126984126984127,-0.0011395717837903677,0.041538376427629475,-0.28717208951517265,-0.43550429270174174,1,0
BAC,53.73,61.990002,58.73,49.380001,50.68,-0.133247,-0.085135,0.088092,0.060182,58.5155,61.0208,55.31035,21.948359,-3.36576,-2.574344,-0.791416,64.677956,52.353045,0.111721,0.240933,37599731.818182,0.905151,8.29e-4,0.001093,2.63e-4,0.012913000000000001,750,-0.014644,0.08617,0.204987,0.323653,FALSE,FALSE,FALSE,TRUE,Oversold,FALSE,15,20,39.175258,44.845361,30,30.471649,768,0.0983453331471964,-0.14393654609304518,-0.0973433735746434,0.5793650793650794,1.1029595306410981e-4,0.012549837259932535,0.02779458017215567,0.13951527324875726,1,0
BARK,8.52,10.8,10.93,9.92,16.299999,-0.211111,-0.220494,-0.141129,-0.477301,8.9235,9.5604,11.45155,41.445267,-4.878063,-4.534075,-0.343988,10.350038,7.496962,0.358574,0.648338,55918.181818,1.175882,8.29e-4,-3.48e-4,-0.001178,0.043195,750,0.005309,-0.333535,0.685707,-0.432797,FALSE,FALSE,FALSE,FALSE,Neutral,FALSE,15,45,18.556701,18.041237,30,22.675258,768,-0.8388327047591525,-0.1755093655739961,-0.24090165110913453,0.47619047619047616,-0.0019865159624362027,0.04567765398872451,-0.500602022533923,-0.6903805366226186,1,5
BBAI,2.74,2.95,3.53,3.58,6.98,-0.071186,-0.223796,-0.234637,-0.60745,2.817,2.9554,3.98415,42.271973,-3.105588,-2.825798,-0.27979,2.997455,2.636545,0.28665,0.369428,14696822.727273,2.591846,8.29e-4,0.003196,0.002367,0.067146,750,0.032179,0.263687,1.065908,0.559539,FALSE,FALSE,FALSE,FALSE,Neutral,FALSE,15,45,17.525773,11.340206,30,21.025773,768,0.05271234227969823,-0.1276547380537506,-0.2698074906364468,0.38095238095238093,-0.004705326551697736,0.032531177947117226,-1.1857422910278295,-2.2960971004576556,1,3
BLK,1064.359985,1128.099976,995.72998,966.559998,1141.069946,-0.056502,0.068924,0.101184,-0.067226,1074.127509,1109.196401,1060.975752,43.976399,-1.193661,-1.221802,0.02814,1116.034959,1032.220058,0.383463,0.235577,536459.090909,1.085698,8.29e-4,8.08e-4,-2.1e-5,0.011699,750,0.003952,-0.023202,0.18572,-0.028482,FALSE,FALSE,TRUE,TRUE,Neutral,TRUE,35,45,69.072165,46.907216,70,52.603093,768,-0.09546282688025753,-0.07489937699757221,0.03816953754133667,0.47619047619047616,-4.986484108063642e-4,0.014300556557574718,-0.12565939952320376,-0.5535307725988075,1,1
BMRN,58.439999,64.839996,58.990002,55.5,54.860001,-0.098704,-0.009324,0.052973,0.065257,63.341,64.0186,58.64725,29.761274,-2.293016,-1.246663,-1.046353,68.364904,58.317096,0.012232,0.215774,2000681.818182,0.625618,8.29e-4,-2.94e-4,-0.001123,0.020394,750,-0.027783,-0.204819,0.323749,-0.874359,FALSE,FALSE,FALSE,TRUE,Oversold,FALSE,15,20,56.185567,40.721649,30,34.75,768,-0.6326228329273407,-0.1518285884497148,-0.011650419269452428,0.48412698412698413,2.707740269543242e-4,0.021097605839267473,0.06823505479248969,0.2037389670490259,1,0
BRCC,8.94,8.27,12.1,7.98,15.6,0.081016,-0.261157,0.120301,-0.426923,9.0215,9.148,10.2926,47.74323,-0.096658,-0.365599,0.268941,9.805676,8.237325,0.448034,0.556937,103859.090909,0.845097,8.29e-4,-5.4e-4,-0.00137,0.047574,750,-0.015028,-0.312837,0.755207,-0.457113,FALSE,FALSE,FALSE,FALSE,Neutral,TRUE,15,45,12.371134,51.546392,70,31.520619,768,-0.8845479861216549,0.10844745056223482,-0.2606386613159345,0.5714285714285714,0.002243298335470266,0.04897926033452788,0.565311180538507,0.7270680861624343,1,0
BRZE,25.65,32.779999,23.809999,23.68,28.040001,-0.217511,0.077278,0.083193,-0.085235,25.78,27.379,24.3148,47.427876,-4.157346,-3.95424,-0.203107,31.176327,20.383673,0.487955,0.961944,2740172.727273,1.423108,8.29e-4,-8.7e-5,-9.17e-4,0.034081,750,0.020129,-0.319455,0.541016,-0.427005,FALSE,FALSE,TRUE,TRUE,Neutral,FALSE,35,45,72.680412,44.329897,30,49.170103,768,-0.6864359550504677,-0.15590547921814402,0.06376685033729812,0.5317460317460317,0.001189260387235844,0.04762678890701407,0.2996936175834327,0.39639295038801525,1,3
CALM,65.839996,79.019997,83.849998,78.099998,92.959999,-0.166793,-0.214788,-0.156978,-0.291738,72.01,79.2548,80.26345,22.863578,-4.582448,-3.994692,-0.587756,78.118456,65.901544,-0.005038,0.264404,1163454.545455,0.294157,8.29e-4,7.6e-4,-6.9e-5,0.022058,750,-0.034402,0.130101,0.350165,-0.049793,FALSE,FALSE,FALSE,FALSE,Oversold,FALSE,15,20,19.587629,17.010309,30,19.028351,768,-0.2650095365979861,-0.17877993067511355,-0.2065616107061804,0.46825396825396826,-0.0012120411665952164,0.019829921955615063,-0.3054343739819945,-0.970279009497217,1,0
CAT,826.349976,779.159973,963.530029,717.219971,480.820007,0.060565,-0.142372,0.152157,0.718626,809.029999,824.430801,793.816749,53.403087,-0.189374,-0.719595,0.53022,835.418706,782.641291,0.82817,0.252334,2362813.636364,1.290323,8.29e-4,0.001726,8.97e-4,0.016523,750,0.017408,0.165261,0.262295,0.861413,TRUE,TRUE,TRUE,TRUE,Neutral,TRUE,100,85,27.835052,56.185567,70,64.337629,768,0.7424814078040993,0.019472096656212745,-0.18186301443552177,0.48412698412698413,-0.0010410893474771044,0.02174830127541504,-0.26235451556423034,-0.7599113524705472,1,1
CAVA,54.400002,61.080002,76.879997,79.629997,61.669998,-0.109365,-0.292404,-0.31684,-0.117885,54.126,61.5898,72.29125,43.078187,-5.001678,-5.98352,0.981841,60.750418,47.501581,0.520681,0.496689,3740281.818182,1.656595,8.29e-4,0.001389,5.59e-4,0.033238,750,0.003762,0.003644,0.527638,0.267013,TRUE,FALSE,FALSE,FALSE,Neutral,TRUE,15,45,9.278351,5.154639,70,21.314433,768,-0.1527851682333845,-0.23409066626630015,-0.3061947962494076,0.46825396825396826,-0.0034295327470126175,0.034493175356507984,-0.8642422522471795,-1.5783453975400277,1,4
CELH,27.41,30.719999,33.16,34.080002,57.5,-0.107747,-0.173402,-0.195716,-0.523304,28.3745,29.395,36.5132,41.028001,-2.310403,-2.011623,-0.29878,30.708325,26.040675,0.293365,0.441562,7106854.545455,0.980594,8.29e-4,-1.08e-4,-9.37e-4,0.037685,750,4.1e-4,-0.232109,0.598229,-0.394774,FALSE,FALSE,FALSE,FALSE,Neutral,FALSE,15,45,24.226804,13.402062,30,23.448454,768,-0.7619378389492786,-0.14482943298738116,-0.1846142126171928,0.47619047619047616,-0.001732340460262569,0.03914396717201024,-0.4365497959861674,-0.7025361569218611,1,1
CFR,153.479996,158.320007,154.860001,138.570007,125.779999,-0.030571,-0.008911,0.107599,0.220226,159.0205,162.576,146.378,34.386328,-1.476619,-1.085243,-0.391376,166.188434,151.852567,0.113522,0.140179,520886.363636,0.831171,8.29e-4,8.72e-4,4.2e-5,0.015222,750,0.003522,0.04589,0.241642,0.043869,FALSE,FALSE,TRUE,TRUE,Neutral,FALSE,35,20,56.701031,48.453608,30,41.451031,768,-0.045339678461652544,-0.06259469161609565,-0.01119482667163163,0.5555555555555556,7.65798257554615e-4,0.011718133281452705,0.192981160903763,1.0374238090343295,1,1
CGEM,14.53,21.790001,17.629999,14.43,6,-0.33318,-0.175837,0.00693,1.421667,19.1525,19.4652,15.330775,25.48876,-8.17469,-4.31947,-3.85522,24.921212,13.383788,0.099347,0.868069,1218522.727273,1.241564,8.29e-4,0.001731,9.01e-4,0.042823,750,-0.055204,0.176642,0.679795,0.334121,FALSE,FALSE,FALSE,TRUE,Oversold,FALSE,15,20,23.195876,36.082474,30,23.925258,768,-0.1662989038839905,-0.34921761393249007,-0.19909212202880078,0.4444444444444444,-1.264284117219799e-4,0.04369086345744704,-0.03185995975393893,-0.04593612159599847,1,0
COIN,189.289993,176.820007,165.479996,171.460007,346.170013,0.070524,0.143884,0.103989,-0.453188,186.3455,172.3996,185.74605,53.35141,2.83798,3.280514,-0.442533,207.984244,164.706756,0.568038,0.845746,9433509.090909,2.510675,8.29e-4,0.002435,0.001606,0.044983,750,0.013666,0.08895,0.714084,0.566759,TRUE,TRUE,TRUE,FALSE,Neutral,FALSE,80,85,78.350515,47.42268,30,68.739691,768,0.4947849950820935,0.1927589455445875,0.08813250085586599,0.4444444444444444,-0.0011082614345048476,0.04073228945568556,-0.2792818814952216,-0.431920353487654,1,1
COST,914.940002,939.960022,951.669983,1014.960022,917.340027,-0.026618,-0.038595,-0.098546,-0.002616,907.947495,933.237198,961.119498,48.533571,-0.560842,-0.907649,0.346807,929.123597,886.771392,0.665104,0.169431,2357559.090909,0.438977,8.29e-4,7.1e-4,-1.2e-4,0.013284,750,0.00327,0.087091,0.210874,-0.143092,TRUE,FALSE,FALSE,FALSE,Neutral,TRUE,15,45,50.515464,23.195876,70,37.293814,768,-0.06908288645447203,-0.03832476945933383,-0.031976007230382075,0.5,-2.7802075521031667e-4,0.013002193517220423,-0.0700612303129998,-0.3394383155242157,1,1
CRM,236.690002,258.109985,166.110001,187.179993,235.690002,-0.082988,0.424899,0.264505,0.004243,242.6205,218.5064,200.60475,52.944442,0.883553,2.392043,-1.508491,264.27549,220.965511,0.363069,0.374294,12731595.454545,0.985074,8.29e-4,5.12e-4,-3.18e-4,0.022628,750,0.029231,-0.07699,0.359211,-0.223016,FALSE,TRUE,TRUE,TRUE,Neutral,FALSE,100,85,92.783505,69.072165,30,82.399485,768,-0.3864498105716725,0.15668728047164393,0.4216831396260081,0.4603174603174603,0.0023791148186759915,0.035129704739160335,0.5995369343063498,1.0750809659385114,1,2
CRNX,84.949997,84.949997,83.860001,83.860001,83.860001,0,0.012998,0.012998,0.012998,NA,NA,NA,NA,NA,NA,NA,NA,NA,NA,NA,0,NA,-0.001173,0.001622,0.001704,0.00662,8,-0.004437,NA,0.105094,4.086927,NA,NA,NA,NA,Neutral,NA,15,50,61.340206,36.597938,NA,NA,10,0.9426694387881838,0.9426694387881838,0.9426694387881838,0.6,0.08185357190869845,0.1993449728231129,20.627100120992008,6.518274089156743,0.15873015873015872,0
CROX,119.239998,115.279999,125.279999,83.660004,85,0.034351,-0.048212,0.425293,0.402824,118.3955,124.7412,106.3348,46.939752,-0.23349,-0.602943,0.369453,129.064342,107.726658,0.539578,0.41043,1131736.363636,1.17078,8.29e-4,9.57e-4,1.28e-4,0.029896,750,0.014669,-0.003507,0.474592,0.067826,TRUE,FALSE,TRUE,TRUE,Neutral,TRUE,35,45,46.907216,81.443299,70,52.860825,768,-0.24655811809547246,-0.04431245619716595,-0.07817578859657759,0.48412698412698413,0.0015494293405157813,0.025117454834947844,0.39045619380997687,0.9792563942508433,1,1
CRS,383.690002,473.059998,597.23999,391.51001,251.479996,-0.188919,-0.357561,-0.019974,0.525728,417.938998,483.340999,441.093,24.48354,-6.531817,-6.501913,-0.029904,475.298414,360.579583,0.201453,0.277507,719986.363636,1.479388,8.29e-4,0.002779,0.001949,0.025741,750,-0.014977,0.391051,0.40862,1.202226,FALSE,FALSE,FALSE,TRUE,Oversold,FALSE,15,20,5.154639,32.474227,30,17.791237,768,2.7170465875855396,-0.24258138836874332,-0.3821224297493312,0.48412698412698413,-0.0019961429523545635,0.024059353073863424,-0.50302802399335,-1.3170672919717947,1,0
CRWD,266.089996,215.070007,193.979996,99.779999,124.989998,0.237225,0.371739,1.666767,1.12889,239.530001,218.065,152.8007,67.241575,6.063303,5.476567,0.586736,281.56346,197.496543,0.815939,0.611251,11095409.090909,1.585338,8.29e-4,0.002976,0.002146,0.027728,750,0.003278,0.418473,0.440165,1.228679,TRUE,TRUE,TRUE,TRUE,Neutral,TRUE,100,65,90.721649,98.969072,70,88.760309,768,2.847162822286602,0.3296323135776009,0.32586094312028413,0.5555555555555556,0.006868917820192711,0.038308756448111186,1.7309672906885631,2.8463646455847047,1,4
CVX,207.100006,211.050003,169.199997,198.970001,154.580002,-0.018716,0.223995,0.04086,0.339759,208.833,202.3026,186.3511,52.39568,0.271128,0.764537,-0.493409,217.073605,200.592396,0.39485,0.223424,9665113.636364,0.334024,8.29e-4,4.27e-4,-4.03e-4,0.01564,750,0.012369,0.037661,0.248276,-0.40899,FALSE,TRUE,TRUE,TRUE,Neutral,FALSE,100,85,84.536082,38.659794,30,73.842784,768,-0.31122389509293125,0.011241174363548767,0.2579592156867845,0.5952380952380952,0.0017215782735623393,0.014002244169375054,0.4338377249377095,1.9517734097252921,1,1
CXM,5.22,7.6,5.41,6.06,7.76,-0.313158,-0.03512,-0.138614,-0.32732,5.423,6.3088,6.00505,39.408376,-7.090925,-6.461407,-0.629518,6.080878,4.765122,0.345716,0.629935,4114990.909091,0.960067,8.29e-4,-8.76e-4,-0.001706,0.027119,750,0.052762,-0.421463,0.430501,-0.998394,FALSE,FALSE,FALSE,TRUE,Neutral,FALSE,15,20,51.546392,18.556701,30,28.925258,768,-0.8128640733629696,-0.26372941604208444,-0.03186226934898018,0.5079365079365079,-4.2268477933903595e-4,0.031462602971635965,-0.10651656439343705,-0.21326629779071052,1,2
DDOG,276.459991,223.839996,260.359985,120.360001,152.699997,0.235079,0.061837,1.296942,0.810478,240.989252,244.005501,184.15755,70.281562,4.060112,1.989447,2.070665,283.2795,198.699004,0.919373,0.407429,3590663.636364,1.293882,8.29e-4,0.002085,0.001255,0.032082,750,0.007747,0.254864,0.509279,0.621057,TRUE,TRUE,TRUE,TRUE,Overbought,TRUE,100,30,68.041237,96.391753,70,76.190722,768,0.6898244833972278,0.19283465228164443,0.041907529866580306,0.5793650793650794,0.006832434943651565,0.04693633903937201,1.7217736058001945,2.3108223708840216,1,9
DECK,79.57,84.580002,104.690002,98.309998,101.18,-0.059234,-0.239947,-0.190621,-0.21358,79.9095,88.1326,101.4049,41.191688,-3.397496,-3.969257,0.571761,84.217224,75.601775,0.460594,0.28892,3420677.272727,1.304425,8.29e-4,3.41e-4,-4.89e-4,0.026632,750,0.016517,-0.186827,0.422771,-0.2914,FALSE,FALSE,FALSE,FALSE,Neutral,TRUE,15,45,14.948454,13.917526,70,24.768041,768,-0.4601793418656188,-0.12474658027248198,-0.2617376647708114,0.4365079365079365,-0.0030181663780028027,0.022311097252780663,-0.7605779272567063,-2.1474473158732956,1,2
DHR,211.759995,206.929993,197.929993,191.119995,212.880005,0.023341,0.069873,0.107995,-0.005261,213.411,208.3618,201.67515,47.227608,1.849864,1.790519,0.059345,230.468921,196.353079,0.451606,0.283385,4206281.818182,0.7696,8.29e-4,1.39e-4,-6.9e-4,0.016784,750,-0.045972,-0.125811,0.266445,-0.652928,FALSE,TRUE,TRUE,TRUE,Neutral,TRUE,100,45,69.587629,49.484536,70,69.523196,768,-0.4486858751547239,0.007560215060972153,0.06881149971879741,0.5158730158730159,0.0010199162557922717,0.02175050158582906,0.2570188964596525,0.7443813910102898,1,0
DKNG,19.35,23.440001,25.889999,23.16,35.16,-0.174488,-0.252607,-0.164508,-0.449659,22.4815,23.6298,25.80485,30.196255,-5.55921,-3.818222,-1.740988,26.097046,18.865954,0.06694,0.477755,13413672.727273,1.269711,8.29e-4,-5.2e-5,-8.81e-4,0.028335,750,0.016638,-0.278428,0.449798,-0.493673,FALSE,FALSE,FALSE,FALSE,Neutral,FALSE,15,20,13.402062,16.494845,30,17.069588,768,-0.6391503146962161,-0.2303236169017283,-0.25859781740135857,0.47619047619047616,-8.956422965007439e-4,0.033788663920551826,-0.22570185871818746,-0.42078848440711775,1,1
DKS,132.850006,132.949997,236.179993,191.75,232.839996,-7.52e-4,-0.437505,-0.307171,-0.429436,131.582,162.867,199.93105,40.085165,-5.226502,-7.242978,2.016476,142.130271,121.033728,0.560105,0.459021,3106309.090909,1.252944,8.29e-4,7.18e-4,-1.12e-4,0.025136,750,-0.012506,-0.081045,0.399029,-0.070608,TRUE,FALSE,FALSE,FALSE,Neutral,TRUE,15,45,2.061856,7.216495,70,19.561856,768,-0.29342373369735786,-0.3007873205077709,-0.4507614333055139,0.46825396825396826,-0.003270154420914442,0.03657748842749693,-0.8240789140704394,-1.4192361015165733,1,0
DOCN,139.800003,108.919998,130.130005,90.010002,35.869999,0.283511,0.07431,0.553161,2.897408,130.9675,124.5592,104.93905,57.904498,3.410914,3.066682,0.344232,151.544515,110.390486,0.714621,0.80531,2716018.181818,2.149501,8.29e-4,0.003358,0.002528,0.039989,750,0.046271,0.396834,0.634801,1.003628,TRUE,TRUE,TRUE,TRUE,Neutral,TRUE,100,85,71.649485,88.659794,70,83.976804,768,2.287495179150289,0.20850226850754572,0.011462932495563738,0.4523809523809524,0.002099128872187883,0.05947448956155781,0.5289804757913465,0.5602845529194139,1,1
DOCU,69.739998,64.639999,45.77,48.369999,68.970001,0.078898,0.523705,0.441803,0.011164,67.962001,62.7234,53.65345,59.750286,2.352047,3.082399,-0.730352,71.929107,63.994894,0.724092,0.435813,3536613.636364,1.09126,8.29e-4,0.001134,3.04e-4,0.027951,750,0.036787,0.057594,0.443703,0.172795,TRUE,TRUE,TRUE,TRUE,Neutral,FALSE,100,85,96.907216,83.505155,30,86.523196,768,-0.18577566035613102,0.12896036911774078,0.517730158438034,0.49206349206349204,0.0032749880709411114,0.032554142852303604,0.82529699387716,1.5969956306437108,1,3
DUOL,146.570007,158.770004,125.760002,96.540001,303.720001,-0.076841,0.165474,0.518231,-0.517417,146.512,141.987801,127.58715,51.798968,-0.035566,0.58397,-0.619537,157.282115,135.741886,0.502693,0.5898,1189654.545455,1.367754,8.29e-4,6.11e-4,-2.18e-4,0.036666,750,0.027501,-0.131804,0.582051,-0.094383,TRUE,TRUE,TRUE,TRUE,Neutral,FALSE,100,85,79.381443,86.082474,30,81.780928,768,-0.44018082663745384,0.010035894751617702,0.17396687812775613,0.5476190476190477,0.004414608217310504,0.03799687610600893,1.1124812707622471,1.8443551169100476,1,1
ENTG,158.479996,129.509995,146.660004,116.400002,93.959999,0.223689,0.080595,0.361512,0.686675,143.012499,140.9072,131.7509,63.893222,2.811181,1.398799,1.412382,161.075839,124.949159,0.928146,0.532675,2034895.454545,2.453634,8.29e-4,0.001315,4.85e-4,0.030126,750,0.026907,-0.181527,0.478233,0.255762,TRUE,TRUE,TRUE,TRUE,Neutral,TRUE,100,85,73.195876,77.835052,70,82.275773,768,0.06272991106948766,0.10639760229517292,-0.00360748220999918,0.4603174603174603,-0.0011965415831873593,0.03815394491706693,-0.30152847896321455,-0.49783865904442726,1,5
ERAS,14.58,16.76,18.469999,17.809999,2.21,-0.130072,-0.210612,-0.181359,5.597285,15.25525,17.0021,13.92425,40.027782,-4.995283,-4.856346,-0.138938,16.852346,13.658154,0.288601,0.53265,4775631.818182,1.464093,8.29e-4,0.004302,0.003473,0.054047,750,-0.00724,0.778065,0.857974,1.019927,FALSE,FALSE,TRUE,TRUE,Neutral,FALSE,35,45,21.134021,14.948454,30,27.829897,768,2.372437918098107,-0.18676833554002248,-0.2511475985612207,0.49206349206349204,-0.001165203140347573,0.06238094224043378,-0.2936311913675884,-0.2965172655791932,1,0
ETSY,72.839996,81.75,76.970001,51.639999,70.489998,-0.108991,-0.053657,0.410534,0.033338,72.8015,78.5446,65.58105,46.208606,-3.035698,-3.113444,0.077746,78.758184,66.844815,0.503231,0.440264,3342081.818182,0.968112,8.29e-4,6.39e-4,-1.91e-4,0.02884,750,0.0171,-0.041436,0.457815,-0.105066,TRUE,FALSE,TRUE,TRUE,Neutral,TRUE,35,45,45.360825,80.412371,70,52.190722,768,-0.36845874934817124,-0.08918576916262366,-0.06894291513536654,0.5555555555555556,0.0026543500735477046,0.029061275100424933,0.6688962185340216,1.4499192130101433,1,4
EXP,173.070007,191.529999,220.149994,187.960007,230.990005,-0.096382,-0.213854,-0.079219,-0.250747,181.176501,196.654401,207.5318,32.4809,-3.604935,-3.502425,-0.10251,193.856852,168.496149,0.180352,0.206423,458968.181818,1.180252,8.29e-4,2.62e-4,-5.68e-4,0.017598,750,0.010204,-0.180758,0.279365,-0.512166,FALSE,FALSE,FALSE,FALSE,Neutral,FALSE,15,20,20.103093,26.804124,30,21.141753,768,-0.4332362305475087,-0.1556939171721421,-0.23505298588583634,0.42857142857142855,-0.0019221228914908784,0.019278060816912527,-0.48437496865570134,-1.5827709670034271,1,1
FHN,23.049999,24.030001,25.68,23.18,22.360001,-0.040782,-0.102414,-0.005608,0.030859,23.917,24.7414,24.40995,33.204763,-2.046149,-1.790731,-0.255418,25.279132,22.554868,0.181749,0.167332,5018131.818182,1.067569,8.29e-4,0.001232,4.03e-4,0.016472,750,-4.8e-4,0.087436,0.261493,0.388382,FALSE,FALSE,FALSE,TRUE,Neutral,FALSE,15,20,37.113402,34.020619,30,27.688144,768,0.1419200115564052,-0.0673857458426742,-0.11280657724413434,0.46825396825396826,-4.4350801414334075e-4,0.012328031378214383,-0.11176401956412187,-0.571094544078305,1,1
FIGS,14.08,15.26,9.99,14.66,6.78,-0.077326,0.409409,-0.039563,1.076696,13.436,13.2706,12.7637,55.779179,0.087308,-0.46247,0.549778,14.828572,12.043428,0.731227,0.615574,2691245.454545,1.054654,8.29e-4,0.001994,0.001165,0.040175,750,0.01409,0.282152,0.637758,0.460326,TRUE,TRUE,TRUE,TRUE,Neutral,TRUE,100,85,92.268041,31.443299,70,78.719072,768,0.4788087961085383,-0.020771230540952645,0.38649184470037956,0.48412698412698413,-4.61846053608178e-5,0.04706279218860624,-0.011638520550926085,-0.015578291193776678,1,1
FIVE,221.169998,245.080002,182.429993,235.389999,155.179993,-0.09756,0.212355,-0.06041,0.425248,235.254501,234.244201,214.56085,39.664002,-1.927237,-0.880703,-1.046534,256.289633,214.21937,0.165215,0.367398,1249531.818182,1.281376,8.29e-4,9.44e-4,1.15e-4,0.02911,750,0.005504,-0.029941,0.462104,0.062481,FALSE,FALSE,TRUE,TRUE,Neutral,FALSE,35,20,83.505155,28.350515,30,45.471649,768,-0.1830606071905484,-0.08100895696237531,0.19890148197418656,0.5238095238095238,-6.484565443978584e-4,0.026659902249328443,-0.16341104918826033,-0.3861202647625458,1,1
FIZZ,29.690001,31.690001,33.330002,33.75,37.599998,-0.063111,-0.109211,-0.120296,-0.210372,30.9005,31.4704,33.5817,38.02744,-2.038995,-1.424022,-0.614973,32.854301,28.946699,0.190219,0.249232,436513.636364,0.153186,8.29e-4,-4.57e-4,-0.001287,0.01981,750,0.014998,-0.147229,0.314482,-1.031003,FALSE,FALSE,FALSE,FALSE,Neutral,FALSE,15,20,35.56701,19.587629,30,24.337629,768,-0.6538460577404352,-0.06973146303957312,-0.10816071227750335,0.47619047619047616,-7.66594861842803e-4,0.020772775042936318,-0.19318190518438635,-0.5858300655306026,1,1
FROG,97.589996,91.779999,94.809998,50.610001,47,0.063304,0.029322,0.928275,1.076383,91.3385,89.4541,68.257675,59.015787,1.0715,0.669964,0.401535,97.616367,85.060634,0.9979,0.4847,1800050,1.284314,8.29e-4,0.002554,0.001725,0.036189,750,0.003884,0.375239,0.574486,0.756619,TRUE,TRUE,TRUE,TRUE,Neutral,TRUE,100,85,64.948454,94.329897,70,83.100515,768,1.1142220634066424,0.07655627287471911,0.007193890987795326,0.5079365079365079,0.005327764086304183,0.04343888623185944,1.342596549748654,1.9470027948428932,1,4
FSLY,26.389999,20.77,18.129999,33.5,8.64,0.270583,0.455598,-0.212239,2.054398,24.508,24.1616,19.885675,55.338411,2.99986,2.674715,0.325145,28.845463,20.170537,0.716947,0.974309,7935954.545455,1.643757,8.29e-4,0.002151,0.001321,0.056941,750,0.026265,0.198391,0.903917,0.368342,TRUE,TRUE,TRUE,TRUE,Neutral,TRUE,100,85,94.329897,11.85567,70,75.420103,768,-0.2980450460293873,0.1256349322441046,0.3929980306186489,0.48412698412698413,-0.0014351473339917935,0.06843678244074715,-0.361657128165932,-0.3328949262423728,1,4
FTNT,178.720001,161.850006,156.25,82.529999,85.18,0.104232,0.143808,1.165516,1.098145,169.4565,163.0578,118.07755,62.099071,2.852707,2.567205,0.285502,186.542528,152.370473,0.771084,0.384972,4086450,1.014907,8.29e-4,0.001834,0.001005,0.024254,750,-0.002007,0.250044,0.385024,0.657517,TRUE,TRUE,TRUE,TRUE,Neutral,TRUE,100,85,77.835052,95.876289,70,87.275773,768,0.6298466948216506,0.17636829642985719,0.12349026195404122,0.5476190476190477,0.005892916308101804,0.031452177529702294,1.4850149096416547,2.9742661283334995,1,0
GE,312.390015,331.089996,377.519989,281.160004,300.880005,-0.05648,-0.172521,0.111076,0.038254,320.485001,342.5136,323.8025,36.686444,-2.224816,-2.419295,0.19448,336.161697,304.808304,0.241815,0.24753,4216327.272727,1.156352,8.29e-4,0.001904,0.001074,0.016413,750,-0.001463,0.238016,0.260545,1.038961,FALSE,FALSE,FALSE,TRUE,Neutral,TRUE,15,20,24.742268,50,70,31.17268,768,1.0670938588220982,-0.11698023836181826,-0.19759242938994792,0.49206349206349204,-7.383502348789332e-4,0.01980004741157374,-0.18606425918949115,-0.59196558311691,1,0
GGG,77.760002,76.830002,75.239998,84.620003,84.529999,0.012105,0.033493,-0.081068,-0.08009,77.146999,79.3132,81.86195,49.810528,-0.347185,-0.573287,0.226102,78.608521,75.685478,0.709714,0.140087,1591045.454545,0.723358,8.29e-4,1.44e-4,-6.85e-4,0.011351,750,0.01019,-0.114794,0.180196,-0.957946,TRUE,FALSE,FALSE,FALSE,Neutral,TRUE,15,45,66.494845,26.28866,70,42.706186,768,-0.4126706209531812,-0.05385456741016792,0.02168696809726489,0.40476190476190477,-0.0012123272951101139,0.01304415203364179,-0.3055064783677487,-1.4753813918472711,1,1
GOOGL,338.23999,335.019989,359.910004,295.769989,244.899994,0.009611,-0.06021,0.143591,0.381135,342.569499,343.850198,338.741749,45.386348,-0.188685,-0.104874,-0.083811,354.333788,330.805211,0.315989,0.260365,26832454.545455,1.147443,8.29e-4,0.001409,5.79e-4,0.015896,750,-0.018756,0.115156,0.252347,0.578467,FALSE,FALSE,FALSE,TRUE,Neutral,FALSE,15,45,43.814433,55.670103,30,37.778351,768,0.46216179806150026,-0.01211396599479908,-0.09424554947817976,0.47619047619047616,-5.921390264498089e-4,0.018567078782257326,-0.14921903466535186,-0.5062678811033591,1,0
GRMN,282.459991,275.170013,240.020004,237.649994,255.179993,0.026493,0.176819,0.188555,0.106905,281.897501,287.0672,245.95435,47.710921,0.54893,0.328,0.22093,296.18371,267.611292,0.519686,0.228504,826227.272727,1.005427,8.29e-4,0.001558,7.29e-4,0.019296,750,-0.017053,0.182498,0.306321,0.599478,TRUE,FALSE,TRUE,TRUE,Neutral,TRUE,35,45,80.412371,59.278351,70,58.479381,768,0.6053446192043255,-0.03828463104708546,0.15635996105603445,0.4365079365079365,8.164682411926769e-4,0.02154225011474154,0.20574999678055458,0.6016563473376169,1,0
HALO,106.940002,107.720001,79.449997,64.489998,74.940002,-0.007241,0.346004,0.658242,0.427008,110.277,102.353,78.0958,47.170532,2.136843,3.031665,-0.894822,115.746417,104.807583,0.19494,0.275776,2406381.818182,0.681953,8.29e-4,0.001747,9.17e-4,0.025283,750,-0.033124,0.297626,0.401349,0.575925,FALSE,TRUE,TRUE,TRUE,Neutral,FALSE,100,45,89.690722,91.752577,30,80.007732,768,0.5820840256229096,-2.8168557341090583e-4,0.3331865213058367,0.5079365079365079,0.003775547285414587,0.025738251808874183,0.9514379159244759,2.328633487903296,1,0
HD,282.459991,319.769989,357.899994,321.630005,397.019989,-0.116678,-0.210785,-0.121786,-0.28855,301.427003,323.419999,339.425649,25.189505,-3.605247,-3.204505,-0.400742,322.608243,280.245764,0.052269,0.203635,4908268.181818,0.713387,8.29e-4,5.9e-5,-7.7e-4,0.013101,750,-0.008919,-0.134188,0.207972,-0.933282,FALSE,FALSE,FALSE,FALSE,Oversold,FALSE,15,20,20.618557,19.072165,30,19.75,768,-0.508912970214267,-0.17433459544233654,-0.22731563148940825,0.42063492063492064,-0.0021034313672109667,0.01603831454975641,-0.5300647045371636,-2.081948055177902,1,0
HNST,5.02,5.63,3.9,2.82,3.55,-0.108348,0.287179,0.780142,0.414085,5.39125,5.0234,3.54275,41.315822,-0.031205,1.348138,-1.379343,5.84067,4.94183,0.086968,0.359277,1903572.727273,1.479684,8.29e-4,0.002971,0.002141,0.043602,750,-0.023226,0.439347,0.692157,0.779608,FALSE,FALSE,TRUE,TRUE,Neutral,FALSE,35,45,87.628866,92.783505,30,63.345361,768,1.1519076209373518,0.0073162015741550235,0.25748979648417003,0.49206349206349204,0.004466143642621116,0.04651682857982874,1.1254681979405212,1.5241329762095885,1,0
HON,213.800003,209.979996,229.860001,240.639755,207.756821,0.018192,-0.069869,-0.111535,0.029088,208.100502,222.178201,230.406942,52.197525,-0.830428,-1.551941,0.721513,215.575424,200.62558,0.881242,0.167779,2968895.454545,0.740493,8.29e-4,3.33e-4,-4.96e-4,0.012985,750,0.011775,-0.070848,0.206127,-0.606861,TRUE,FALSE,FALSE,FALSE,Neutral,TRUE,15,85,41.752577,20.618557,70,40.149485,768,-0.3290596823371057,-0.030087539615965664,-0.0901261641267953,0.40476190476190477,-0.0017442303480581186,0.018243323079389057,-0.43954604771064587,-1.517749713719796,1,2
HOOD,111.150002,103.510002,112.730003,68.900002,139.139999,0.073809,-0.014016,0.613208,-0.201164,116.549,105.1726,94.338175,47.83495,2.194903,3.283938,-1.089035,127.376872,105.721127,0.25069,0.801548,23202968.181818,2.613534,8.29e-4,0.004194,0.003365,0.038641,750,-0.013783,0.510683,0.613408,1.382352,FALSE,TRUE,TRUE,TRUE,Neutral,FALSE,100,45,55.154639,89.690722,30,69.234536,768,5.754579780321171,0.17261428507146248,-0.06824060899558315,0.4444444444444444,0.0013855588105305397,0.04119063929759847,0.349160820253696,0.5339821039969146,1,0
HUBB,466.980011,443.309998,487.100006,494.25,430.470001,0.053394,-0.041306,-0.055174,0.084814,456.072002,472.751001,487.639451,53.260073,-0.442106,-0.976492,0.534387,474.415296,437.728707,0.79733,0.257013,488647.681818,1.213717,8.29e-4,7.51e-4,-7.8e-5,0.015844,750,0.027714,-0.064368,0.251523,-0.07831,TRUE,FALSE,FALSE,FALSE,Neutral,TRUE,15,85,49.484536,29.896907,70,44.324742,768,-0.15613568929911925,-0.011211222693342293,-0.06459529582643841,0.4603174603174603,-0.0015845343445097314,0.019548968123013256,-0.39930265481645233,-1.2867023342715338,1,1
HUBS,217.449997,251.110001,192.119995,244.669998,440.25,-0.134045,0.131845,-0.111252,-0.506076,225.647501,230.198799,247.119699,47.014353,-3.215016,-2.129615,-1.085401,256.829109,194.465892,0.368552,0.689152,1732550,1.16769,8.29e-4,-4.59e-4,-0.001288,0.032232,750,0.059052,-0.359692,0.511668,-0.634476,FALSE,FALSE,FALSE,FALSE,Neutral,FALSE,15,45,76.28866,21.134021,30,40.613402,768,-0.7610545026969018,-0.09418865191956916,0.1322950132115539,0.5,5.681646027056415e-4,0.05331619586191079,0.14317747988182167,0.1691668602616319,1,2
IBKR,85.809998,90.389999,91.330002,67.739998,68.779999,-0.050669,-0.06044,0.266755,0.247601,89.6585,90.7146,81.15505,39.660477,-1.516824,-0.90624,-0.610584,94.364476,84.952523,0.091105,0.304924,3892640.909091,1.467736,8.29e-4,0.002114,0.001285,0.019258,750,0.002782,0.226024,0.305712,1.059135,FALSE,FALSE,TRUE,TRUE,Neutral,FALSE,35,20,43.298969,70.103093,30,41.760309,768,1.18835658765411,-0.044388267446117124,-0.09892347341891394,0.46825396825396826,-8.94205875938286e-5,0.020139541205335267,-0.022533988073644807,-0.07048362257622728,1,1
IBM,225.619995,231.399994,289.519989,248.160004,286.48999,-0.024978,-0.22071,-0.090829,-0.212468,232.801999,231.545999,255.930149,44.068359,-1.567428,-0.922262,-0.645166,249.25294,216.351058,0.281714,0.349887,5599713.636364,0.748217,8.29e-4,8.82e-4,5.2e-5,0.021204,750,0.024089,0.065834,0.336599,0.039233,FALSE,FALSE,FALSE,FALSE,Neutral,FALSE,15,45,18.041237,24.226804,30,23.757732,768,-0.12508124469223136,-0.041821697593766305,-0.23118476068188776,0.5079365079365079,-5.230395270519342e-4,0.036303138334483426,-0.13180596081708743,-0.22871287352946967,1,2
IDYA,37.810001,39.950001,37.650002,32.740002,27.360001,-0.053567,0.00425,0.154856,0.381944,38.2135,37.9794,34.0529,47.818684,-0.391168,-0.166671,-0.224497,40.002168,36.424832,0.387207,0.336855,846490.909091,1.141882,8.29e-4,9.99e-4,1.69e-4,0.028751,750,-0.01766,0.012946,0.456413,0.093342,FALSE,FALSE,TRUE,TRUE,Neutral,FALSE,35,45,60.309278,56.701031,30,47.93299,768,-0.20487675645097625,-0.02070934629191712,-0.017769006712322843,0.4523809523809524,5.569857444430086e-4,0.028108847560964406,0.14036040759963817,0.31455841661417805,1,0
IESC,330.160004,300.589996,327,241.25,195.804993,0.098373,0.009664,0.368539,0.686167,323.526999,334.2793,289.720175,51.968075,-0.705235,-1.159111,0.453876,339.316137,307.737861,0.71005,0.584215,257036.363636,2.163017,8.29e-4,0.003878,0.003048,0.03786,750,0.026496,0.525029,0.601009,1.278058,TRUE,FALSE,TRUE,TRUE,Neutral,TRUE,35,85,60.824742,78.350515,70,62.417526,768,4.766120100875107,-0.046187048084848636,-0.05145320002071685,0.5,1.7428652594802236e-4,0.04546308430225849,0.043920204538901636,0.06085625006814143,1,1
INCY,117.139999,125.010002,116.860001,95.93,86.699997,-0.062955,0.002396,0.221099,0.351096,124.129,123.653,106.77225,36.217803,-0.490017,0.166859,-0.656876,129.09152,119.16648,-0.204179,0.251946,1575472.727273,0.506434,8.29e-4,0.00114,3.11e-4,0.02037,750,-0.036476,0.181541,0.323369,0.242371,FALSE,FALSE,TRUE,TRUE,Neutral,FALSE,35,20,59.793814,64.43299,30,45.574742,768,0.03088223257030487,-0.08279478698714005,0.004297820667323871,0.48412698412698413,0.00202501782345697,0.020822193184809712,0.5103044915111565,1.5438412794812628,1,0
INTA,37.59,42.220001,27.389999,24.780001,40.060001,-0.109664,0.372399,0.516949,-0.061658,37.5265,37.4682,30.3919,51.454455,-1.491717,-0.995118,-0.496599,41.444394,33.608606,0.508104,0.372811,562468.181818,1.211498,8.29e-4,5.96e-4,-2.33e-4,0.029563,750,0.036328,-0.103037,0.469294,-0.125358,TRUE,TRUE,TRUE,TRUE,Neutral,FALSE,100,85,91.237113,85.56701,30,85.234536,768,-0.37155659943429376,-0.055558343273751976,0.37876013250592533,0.48412698412698413,0.004178620747583921,0.038521709904772224,1.0530124283911482,1.7219782842493574,1,2
INTU,282.779999,344.929993,275.350006,422.480011,679.5,-0.180181,0.026984,-0.330667,-0.583841,303.959499,323.3822,395.583151,37.795777,-5.181326,-4.021062,-1.160264,350.87182,257.047177,0.274265,0.423215,3671345.454545,0.866269,8.29e-4,-5.22e-4,-0.001352,0.022127,750,0.02386,-0.312709,0.351248,-0.969862,FALSE,FALSE,FALSE,FALSE,Neutral,FALSE,15,20,64.43299,4.639175,30,30.007732,768,-0.7034539409174789,-0.21460840239189738,0.03262394288580994,0.4444444444444444,-0.0023227840703093747,0.036040589247814094,-0.5853415857179625,-1.0230979782962968,1,2
IONQ,43.990002,37.779999,49.119999,29.299999,63.09,0.164373,-0.104438,0.501365,-0.302742,40.6095,40.408,43.47085,58.236287,2.540656,1.072548,1.468108,46.491244,34.727757,0.787372,0.551701,23550713.636364,2.916656,8.29e-4,0.003403,0.002574,0.059426,750,0.001181,0.247986,0.94336,0.687551,TRUE,TRUE,TRUE,FALSE,Neutral,TRUE,80,85,36.597938,84.536082,70,67.636598,768,0.5132530827945267,0.024182762046837558,-0.18168914371530798,0.47619047619047616,8.310624369510317e-5,0.0483627091428734,0.020942773411166,0.02727867695307222,1,0
IONS,44,59.880001,81.800003,74.790001,65.800003,-0.265197,-0.462103,-0.411686,-0.331307,48.8265,54.1534,70.56925,31.270858,-7.205359,-6.899909,-0.30545,59.440405,38.212596,0.272633,0.502214,4436168.181818,0.677026,8.29e-4,4.02e-4,-4.27e-4,0.027647,750,-0.016341,-0.040219,0.43888,-0.245461,FALSE,FALSE,FALSE,FALSE,Neutral,FALSE,15,20,1.546392,2.061856,30,10.626289,768,-0.3928824813835814,-0.2710798246340811,-0.4653756130618273,0.4444444444444444,-0.003970866988494341,0.03146227300910267,-1.0006584811005739,-2.0035284553978214,1,0
ISRG,401.23999,369.25,426.01001,452.070007,438.040009,0.086635,-0.058144,-0.112438,-0.084011,386.268997,378.839998,448.05345,57.923319,2.21812,1.643782,0.574337,425.052954,347.48504,0.693005,0.282676,2370031.818182,1.136511,8.29e-4,6.45e-4,-1.85e-4,0.017619,750,-0.015039,-0.075114,0.2797,-0.166537,TRUE,TRUE,FALSE,FALSE,Neutral,TRUE,55,85,44.329897,20.103093,70,50.819588,768,-0.20760521723298542,0.0155268602216454,-0.07769609099004504,0.42857142857142855,-0.0018897831434413193,0.025003079950765436,-0.47622535214721246,-1.199827278695216,1,0
JAZZ,233.009995,243.710007,243.470001,186.949997,136.899994,-0.043905,-0.042962,0.246376,0.702045,240.160501,247.598201,211.58175,38.478567,-1.564236,-1.238852,-0.325384,249.445407,230.875595,0.114939,0.2085,759990.909091,0.701631,8.29e-4,0.001032,2.03e-4,0.020363,750,0.004652,0.11351,0.323256,0.158217,FALSE,FALSE,TRUE,TRUE,Neutral,FALSE,35,20,47.938144,66.494845,30,42.430412,768,-0.024627848099008864,-0.0695790565951191,-0.05893003824306098,0.5079365079365079,0.0010492590107818852,0.017523278575289254,0.2644132707170351,0.9505339054543966,1,1
JBSS,66.620003,73.879997,90.599998,82.190002,64.709999,-0.098267,-0.26468,-0.189439,0.029516,68.6675,75.831001,77.737,29.041056,-3.595214,-3.920671,0.325456,72.604675,64.730326,0.239979,0.151424,124004.545455,0.211068,8.29e-4,-3.55e-4,-0.001184,0.019762,750,-1.29e-4,-0.133575,0.313705,-0.951463,FALSE,FALSE,FALSE,FALSE,Oversold,TRUE,15,20,11.85567,14.43299,70,20.193299,768,-0.64699990101653,-0.17604794676116953,-0.2658480147994875,0.46825396825396826,-0.0016013442632509666,0.01860858186273459,-0.4035387543392436,-1.3660660598043233,1,1
JNJ,258.660004,271.190002,263.040009,243.039993,186.050003,-0.046204,-0.016651,0.064269,0.390271,268.772501,266.0658,241.49775,35.173132,-0.075366,0.366247,-0.441613,276.631496,260.913505,-0.143371,0.151714,6390659.090909,3.78e-4,8.29e-4,7.43e-4,-8.6e-5,0.01492,750,-0.024749,0.18725,0.236847,-0.091589,FALSE,FALSE,TRUE,TRUE,Neutral,FALSE,35,20,54.123711,42.268041,30,39.440722,768,-0.12429663888516052,-0.04831837323787791,-0.007134328695894254,0.5476190476190477,9.906618779788932e-4,0.013633208561122167,0.2496467932506811,1.1535266774802242,1,0
JPM,333.179993,354.950012,334.470001,294.600006,310.709991,-0.061333,-0.003857,0.130957,0.072318,346.800002,352.5872,321.705301,35.133835,-1.554781,-1.022209,-0.532572,364.70968,328.890323,0.119758,0.196424,8059277.272727,0.872769,8.29e-4,0.001232,4.02e-4,0.012013,750,0.00532,0.127993,0.190694,0.53174,FALSE,FALSE,TRUE,TRUE,Neutral,FALSE,35,20,58.762887,53.092784,30,42.997423,768,0.33884390767012973,-0.06133444035745039,-0.016938849936988465,0.5158730158730159,3.801159714475791e-4,0.01234435618912163,0.09578922480478994,0.4888188485845612,1,1
KEYS,373.880005,319.269989,313.859985,291.23999,173.100006,0.171047,0.191232,0.283752,1.159908,340.803,332.915801,301.644999,70.379722,3.024942,1.914504,1.110438,375.784427,305.821573,0.97278,0.365344,1005831.818182,1.454077,8.29e-4,0.001662,8.33e-4,0.018617,750,0.025247,0.115014,0.295538,0.710315,TRUE,TRUE,TRUE,TRUE,Overbought,TRUE,100,30,82.474227,70.618557,70,75.365979,768,0.7003166753595234,0.1788024033256408,0.14039105080241487,0.5793650793650794,1.1675883786646997e-4,0.02193226538194448,0.029423227142350433,0.0845096964633399,1,8
KO,86.099998,88,84.139999,76.720001,66.779999,-0.021591,0.023294,0.122263,0.289308,87.854,87.8486,79.93835,39.658796,-0.404756,-0.059123,-0.345632,89.503513,86.204487,-0.031672,0.123743,15612650,0.013083,8.29e-4,6.52e-4,-1.78e-4,0.014169,750,-0.001551,0.161496,0.224926,-0.199137,FALSE,FALSE,TRUE,TRUE,Neutral,FALSE,35,20,63.917526,52.061856,30,44.337629,768,-0.19664776024517772,-0.041700011921049995,0.034047535824307085,0.5238095238095238,0.0015574939401941637,0.012734700755930884,0.39248847292892924,1.9415022213182638,1,1
KRYS,325.309998,363.839996,375.070007,260.950012,179.610001,-0.105898,-0.132669,0.246637,0.811202,342.884,342.530999,300.978449,38.168264,-1.048417,-0.517161,-0.531256,362.81048500000003,322.957514,0.059029,0.28918,277504.545455,0.941269,8.29e-4,0.001891,0.001062,0.02939,750,-0.023584,0.279904,0.466548,0.573636,FALSE,FALSE,TRUE,TRUE,Neutral,FALSE,35,20,30.927835,67.010309,30,37.430412,768,0.5216461229568958,-0.0460863206888964,-0.14225813337269988,0.5555555555555556,0.0016030830236465092,0.02441827306463953,0.4039769219589203,1.042176651968099,1,0
KYMR,110.120003,119.050003,113.510002,85.400002,54.66,-0.075011,-0.029865,0.289461,1.014636,115.3125,114.5346,92.91875,40.44337,-1.042734,-0.236104,-0.806631,121.156069,109.468931,0.055708,0.322025,769709.090909,1.553146,8.29e-4,0.00353,0.0027,0.041682,750,-0.016722,0.564796,0.661677,1.028319,FALSE,FALSE,TRUE,TRUE,Neutral,FALSE,35,45,52.57732,72.164948,30,48.706186,768,2.5157024983428418,-0.1300471543424997,-0.04782946819070921,0.5158730158730159,0.0016504576163264514,0.030843645454076994,0.41591531931426573,0.849452197617914,1,0
LIN,469.450012,486.76001,546.640015,502.600006,466.809998,-0.035562,-0.141208,-0.065957,0.005655,467.532002,481.089402,485.91435,45.717906,-0.667687,-1.079792,0.412105,479.972585,455.09142,0.577087,0.138063,2025390.909091,0.460562,8.29e-4,3.49e-4,-4.8e-4,0.011521,750,-0.012739,-0.0082,0.182894,-0.661339,TRUE,FALSE,FALSE,FALSE,Neutral,TRUE,15,45,28.865979,27.835052,70,31.726804,768,-0.31865864220303763,-0.01897256595826391,-0.14184115087303217,0.4523809523809524,-3.5963337946202744e-4,0.012313695254841127,-0.09062761162443092,-0.4636303557245334,1,0
LLY,1149.849976,1160,1213.910034,935.580017,825.419983,-0.00875,-0.052772,0.229024,0.393048,1152.053491,1177.649797,1073.411303,44.960216,-0.126618,-0.337031,0.210413,1194.424735,1109.682247,0.473998,0.195761,2298922.727273,0.635635,8.29e-4,0.00128,4.51e-4,0.021844,750,-0.008032,0.189793,0.346756,0.327702,FALSE,FALSE,TRUE,TRUE,Neutral,TRUE,35,45,45.876289,64.948454,70,49.252577,768,0.11513964460744641,-0.09634539766460515,-0.05307437643254165,0.47619047619047616,0.0016850922588066406,0.021259091994005237,0.42464324921927343,1.258285646703909,1,0
LMB,49.689999,44.790001,76,80.419998,89.419998,0.109399,-0.346184,-0.382119,-0.444308,50.2985,51.887,74.8718,48.01041,-0.734607,-0.936408,0.201801,52.995226,47.601775,0.387178,0.410431,402127.272727,1.402437,8.29e-4,0.001552,7.23e-4,0.037932,750,0.013749,0.09798,0.602145,0.302415,FALSE,FALSE,FALSE,FALSE,Neutral,TRUE,15,45,5.670103,2.57732,70,19.716495,768,-0.17299143841113285,0.14417309414282786,-0.36351264105602976,0.48412698412698413,-0.003551846182721858,0.054003963056219614,-0.8950652380459082,-1.0440680086592833,1,2
LOVE,14.97,15.38,17.49,14.37,16.700001,-0.026658,-0.144082,0.041754,-0.103593,14.932,16.0109,15.130425,47.290459,-1.730196,-2.703301,0.973105,16.586395,13.277605,0.511485,0.665965,317809.090909,1.490612,8.29e-4,5.59e-4,-2.71e-4,0.037416,750,-0.007099,-0.170801,0.593962,-0.114911,TRUE,FALSE,FALSE,TRUE,Neutral,TRUE,15,45,27.319588,39.175258,70,33.530928,768,-0.5947326741280756,-0.1157506894966126,-0.16175231534262247,0.49206349206349204,-3.5099350971694006e-4,0.03235470278091683,-0.0884503644486689,-0.17221141757293093,1,0
LSCC,128.860001,111.68,136.529999,95.019997,73.599998,0.153832,-0.056178,0.356136,0.750815,117.5415,121.042,112.13355,61.034648,1.591292,-0.078876,1.670169,131.723389,103.359611,0.899048,0.576685,1682231.818182,2.357512,8.29e-4,0.00132,4.9e-4,0.031523,750,0.024009,-0.160144,0.500419,0.247003,TRUE,TRUE,TRUE,TRUE,Neutral,TRUE,100,85,44.845361,77.319588,70,73.667526,768,-0.0999079168992476,0.10456456933308123,-0.12425776926264587,0.5079365079365079,-0.0010215341331578315,0.030484696573573486,-0.2574266015557735,-0.531950567179172,1,3
MA,550,581.099976,539.390015,493.440002,573.77002,-0.053519,0.01967,0.114624,-0.041428,566.739005,570.262595,532.251798,36.603216,-0.714535,-0.338112,-0.376423,583.10348,550.374529,-0.011443,0.144939,2747954.545455,0.642378,8.29e-4,5.29e-4,-3e-4,0.011832,750,-0.004449,-9.34e-4,0.187829,-0.402944,FALSE,FALSE,TRUE,TRUE,Neutral,FALSE,35,20,62.886598,50.515464,30,43.719072,768,-0.24602481763949946,-0.035776183612401646,0.020347191555216693,0.5,0.001016121308893154,0.01381509102431978,0.2560625698410748,1.167594602368724,1,0
MCD,231.830002,261.109985,280.630005,307.140015,300.519989,-0.112137,-0.173894,-0.245198,-0.22857,246.308001,259.865002,290.24785,23.613751,-3.337532,-2.779188,-0.558344,264.72635,227.889652,0.106968,0.213992,5876236.363636,0.19509,8.29e-4,-6.4e-5,-8.94e-4,0.013809,750,0.002071,-0.05695,0.219204,-1.027322,FALSE,FALSE,FALSE,FALSE,Oversold,FALSE,15,20,23.71134,9.793814,30,18.822165,768,-0.5423871059643283,-0.12810131238083267,-0.17224476502307817,0.42063492063492064,-0.0020522117310912027,0.013364960623581274,-0.517157356234983,-2.4375568463119452,1,1
MCHP,78.5,71.410004,84.639999,65.599998,64.110001,0.099286,-0.072543,0.196646,0.224458,74.431499,75.7956,78.8188,57.554768,0.882036,-0.256005,1.138041,79.888753,68.974246,0.872761,0.353048,8253495.454545,2.081071,8.29e-4,4.83e-4,-3.47e-4,0.025699,750,0.007603,-0.313355,0.407964,-0.214205,TRUE,TRUE,FALSE,FALSE,Neutral,TRUE,55,85,40.206186,61.85567,70,57.93299,768,-0.37449054590941655,0.0264501495047893,-0.12584790914908073,0.48412698412698413,-0.0012693261093103141,0.027240310718260864,-0.3198701795461992,-0.7397098922865787,1,1
MDB,351.730011,434.209991,354.880005,253.119995,321.529999,-0.189954,-0.008876,0.389578,0.093926,379.216499,388.497599,343.1585,41.740495,-2.352518,-0.767484,-1.585034,434.747804,323.685195,0.252514,0.852702,3341104.545455,1.709939,8.29e-4,9.13e-4,8.4e-5,0.038522,750,0.007167,-0.127338,0.611524,0.03443,FALSE,FALSE,TRUE,TRUE,Neutral,FALSE,35,45,57.216495,79.381443,30,51.541237,768,-0.4278231633926646,-0.19429406838262753,-0.04102589591781447,0.49206349206349204,0.001984293032062051,0.045580472068487594,0.5000418440796369,0.6910783043088438,1,3
MEDP,598.080017,583.210022,557.599976,498.339996,543.900024,0.025497,0.072597,0.200145,0.099614,608.185501,600.268201,523.611376,45.549914,1.045532,1.290489,-0.244957,638.137653,578.233349,0.331306,0.257278,237050,1.003231,8.29e-4,0.001719,8.89e-4,0.031889,750,-0.043598,0.223412,0.506221,0.442667,FALSE,FALSE,TRUE,TRUE,Neutral,FALSE,35,45,71.134021,62.371134,30,52.314433,768,0.28845847974797967,-0.010867410179526082,0.06809742008574138,0.5079365079365079,0.001894501801599895,0.030364727471935783,0.47741445400317356,0.990434831999684,1,0
META,725.929993,578.539978,582.900024,574.460022,717.340027,0.254762,0.245377,0.263674,0.011975,690.047995,622.599996,627.979697,61.105305,5.298089,5.311912,-0.013823,789.392394,590.703596,0.680594,0.57171400000000006,23292731.818182,1.439086,8.29e-4,0.001443,6.13e-4,0.020284,750,-7.49e-4,0.062753,0.321996,0.479917,TRUE,TRUE,TRUE,FALSE,Neutral,FALSE,80,85,85.56701,68.556701,30,75.131443,768,0.4655269317388395,0.3393082316868412,0.20615798785102601,0.5,5.889880931296758e-4,0.026905043498177555,0.1484249994686783,0.34751462558419444,1,0
MITK,17.950001,17.84,19.209999,13.9,9.77,0.006166,-0.065591,0.291367,0.837257,17.5645,17.762,15.07905,52.526118,-1.015866,-1.061317,0.045451,18.677379,16.451621,0.6732,0.467899,626890.909091,1.159407,8.29e-4,0.001138,3.09e-4,0.028098,750,0.051003,0.04452,0.446041,0.174512,TRUE,TRUE,TRUE,TRUE,Neutral,TRUE,100,85,42.783505,73.195876,70,72.224227,768,-0.1262768444910819,-0.041772155880848705,-0.09548895271133706,0.48412698412698413,8.666240096405743e-4,0.031869357250385394,0.21838925042942472,0.4316757802849396,1,2
MLI,61.32,61.040001,56.5,55.360001,49.974998,0.004587,0.08531,0.107659,0.227014,61.0245,63.5608,62.33175,48.811887,-1.078769,-1.398377,0.319608,63.607293,58.441708,0.557205,0.231259,1830345.454545,1.086241,8.29e-4,0.001825,9.95e-4,0.017506,750,0.009931,0.232779,0.277896,0.902514,TRUE,FALSE,FALSE,TRUE,Neutral,TRUE,15,45,73.71134,48.969072,70,49.407216,768,0.9895873174992953,-0.01628772812363244,0.06398059049967864,0.48412698412698413,-2.9079063662950478e-5,0.022117065056424516,-0.00732792404306352,-0.020871477462630263,1,1
MPWR,1360.969971,1225.959961,1288.160034,1118.48999,915.869995,0.110126,0.056522,0.216792,0.485986,1261.655994,1303.681602,1280.8585,58.966236,1.664284,0.255674,1.40861,1429.583434,1093.728553,0.795705,0.505864,710245.454545,2.398206,8.29e-4,0.002065,0.001235,0.029438,750,0.008423,0.019019,0.467309,0.666098,TRUE,TRUE,TRUE,TRUE,Neutral,TRUE,100,85,67.010309,63.402062,70,77.533505,768,0.7472312834610866,0.05514128246486116,-0.014774026588220135,0.5396825396825397,-0.0010840745043637768,0.03167817639279644,-0.27318677509967176,-0.5432493661846736,1,1
MRK,143.809998,149.860001,129.559998,120.870003,90.129997,-0.040371,0.109988,0.189791,0.595584,147.3605,142.0126,122.6364,45.074489,0.694167,1.243065,-0.548898,152.286775,142.434224,0.139636,0.188154,9649213.636364,0.280592,8.29e-4,5.95e-4,-2.35e-4,0.017882,750,-0.012106,0.091248,0.283867,-0.208279,FALSE,TRUE,TRUE,TRUE,Neutral,FALSE,100,45,75.257732,60.309278,30,69.389175,768,-0.26921132982314866,-0.04880301881663707,0.10833085613596416,0.49206349206349204,0.0015155583423130676,0.020583690765934633,0.38192070226289304,1.16882550853487,1,0
MS,188.009995,211.039993,213.929993,165.809998,156.889999,-0.109126,-0.121161,0.133888,0.198356,203.7345,209.9376,193.8151,24.527264,-3.045154,-2.221499,-0.823655,222.438515,185.030485,0.079649,0.232881,5279390.909091,1.278722,8.29e-4,0.001321,4.92e-4,0.013729,750,-0.002156,0.06571,0.217935,0.568833,FALSE,FALSE,FALSE,TRUE,Oversold,FALSE,15,20,34.020619,54.123711,30,30.780928,768,0.3170858343594196,-0.11589080763168624,-0.1504727704571076,0.48412698412698413,-6.404427168211057e-4,0.013565132857848388,-0.16139156463891863,-0.7494738940404178,1,0
MSFT,512.799988,501.019989,390.48999,373.459991,519.710022,0.023512,0.313222,0.373106,-0.013296,501.301498,485.005199,432.617399,60.224817,1.488026,1.490853,-0.002827,516.760082,485.842915,0.871913,0.240426,21262977.272727,0.966569,8.29e-4,7.68e-4,-6.1e-5,0.013658,750,-0.001978,-0.008412,0.216808,-0.071031,TRUE,TRUE,TRUE,TRUE,Neutral,FALSE,100,85,88.14433,78.865979,30,82.966495,768,-0.10743204119678074,0.06623380633022258,0.28339925912233865,0.4523809523809524,0.0016359870444138625,0.022285454173864766,0.41226873519229335,1.1653560660348947,1,0
MTZ,213.660004,237.740005,373.429993,336.25,215,-0.101287,-0.427845,-0.36458,-0.006233,222.779999,255.234399,305.295149,38.879056,-5.938377,-6.452403,0.514026,246.498442,199.061556,0.307745,0.526632,1538300,1.638044,8.29e-4,0.00199,0.001161,0.026677,750,-0.001596,0.159204,0.423477,0.690872,FALSE,FALSE,FALSE,FALSE,Neutral,TRUE,15,20,2.57732,3.608247,70,15.244845,768,0.4210961705450995,-0.2098610608490854,-0.45318170557271364,0.4603174603174603,-0.005040394038084718,0.03577329933458323,-1.270179297597349,-2.2366898300016955,1,0
MYRG,297.920013,286.459991,433.01001,285.679993,202,0.040006,-0.311979,0.042845,0.474852,286.0465,310.736801,328.841051,51.166218,-1.852948,-3.135001,1.282053,301.00363,271.089369,0.896918,0.329908,267850,1.505393,8.29e-4,0.00159,7.61e-4,0.026829,750,0.016886,0.086125,0.425894,0.450261,TRUE,FALSE,FALSE,FALSE,Neutral,TRUE,15,85,7.731959,39.690722,70,33.757732,768,0.29898464067115804,-0.07990196744010603,-0.34218027144534946,0.48412698412698413,-0.0014206797826836705,0.031111359656651905,-0.35801130523628494,-0.7248989640672202,1,3
NBIX,140.710007,156.759995,174.259995,131.600006,137,-0.102386,-0.192528,0.069225,0.02708,147.811502,156.2742,147.32765,35.705556,-3.304356,-3.014369,-0.289987,162.331596,133.291409,0.25546,0.269255,1268113.636364,0.708116,8.29e-4,5.6e-4,-2.7e-4,0.020679,750,-0.00975,-0.006981,0.328266,-0.207122,FALSE,FALSE,FALSE,TRUE,Neutral,FALSE,15,20,22.164948,42.783505,30,24.956186,768,-0.2645202484200643,-0.090106968418596,-0.2014280444412775,0.5,2.0378399104067224e-4,0.021547785717759223,0.051353565742249405,0.15013006956686073,1,0
NDSN,329.019989,314.399994,290.380005,263.100006,228.550003,0.046501,0.133067,0.250551,0.439597,318.0295,314.5946,286.680451,62.876725,1.23821,0.815275,0.422936,332.985204,303.073796,0.867435,0.175012,357986.363636,0.974858,8.29e-4,6.36e-4,-1.93e-4,0.012226,750,0.001785,-0.043404,0.194087,-0.250706,TRUE,TRUE,TRUE,TRUE,Neutral,TRUE,100,85,76.804124,67.525773,70,81.296392,768,-0.17725841531155018,0.06765810416460116,0.11066370004322135,0.5079365079365079,8.118090047691283e-4,0.013999025769656299,0.20457586920182033,0.9205689484582019,1,1
NEE,76.349998,82.93,88.339996,93.150002,78.669998,-0.079344,-0.135726,-0.180354,-0.02949,79.731,83.3238,87.43325,29.117755,-2.831996,-2.451558,-0.380438,85.704247,73.757753,0.216988,0.160474,12361145.454545,0.328665,8.29e-4,6.83e-4,-1.46e-4,0.017365,750,0.006271,0.103416,0.275658,-0.13389,FALSE,FALSE,FALSE,FALSE,Oversold,FALSE,15,20,29.896907,15.463918,30,21.811856,768,-0.3647566538192052,-0.1058848548871435,-0.13729317180374345,0.47619047619047616,-0.001544747632557889,0.013659014196499527,-0.389276403404588,-1.7953058758009173,1,1
NET,351,285.51001,242.410004,211.690002,217.059998,0.229379,0.44796,0.658085,0.617064,329.438,305.9918,234.44405,61.408945,4.737441,4.630395,0.107046,379.456928,279.419073,0.715538,0.604543,3100840.909091,1.673507,8.29e-4,0.002989,0.002159,0.03179,750,0.008929,0.40339,0.504644,1.07832,TRUE,TRUE,TRUE,TRUE,Neutral,TRUE,100,85,93.814433,91.237113,70,91.141753,768,2.429444258273056,0.2122728708510646,0.4039418305722615,0.5079365079365079,0.003685994389873647,0.04413304166810328,0.928870586248159,1.3258398860779068,1,1
NFLX,67.849998,80.809998,77.650002,98.660004,117.089996,-0.160376,-0.126207,-0.312285,-0.420531,74.278501,75.6012,84.204,32.448156,-3.12693,-2.106499,-1.020431,82.08263,66.474372,0.088135,0.355483,33853377.272727,0.792267,8.29e-4,0.001012,1.83e-4,0.020185,750,-0.026647,0.08954,0.320427,0.143929,FALSE,FALSE,FALSE,FALSE,Neutral,FALSE,15,20,32.989691,6.701031,30,20.987113,768,-0.11948635195883184,-0.14866127485688974,-0.13049526608062023,0.42857142857142855,-0.0027040475271571476,0.022319554542797028,-0.6814199768436012,-1.923220450418659,1,0
NPWR,1.42,1.75,1.65,1.56,3.05,-0.188571,-0.139394,-0.089744,-0.534426,1.739,1.6792,1.88835,31.274758,-3.925665,-1.165689,-2.759977,2.028821,1.449179,-0.05034,0.549327,578022.727273,2.093704,8.29e-4,-0.00165,-0.002479,0.052405,750,-0.048763,-0.853387,0.831901,-0.751026,FALSE,FALSE,FALSE,FALSE,Neutral,FALSE,15,20,29.381443,24.742268,30,23.512887,768,-0.9427630156681347,-0.14302908626881827,-0.1883879927733898,0.4365079365079365,-0.0026249970288824654,0.045947863204086135,-0.6614992512783813,-0.9069091156459453,1,0
NTRA,408.470001,320.76001,279.320007,207.979996,161.610001,0.273444,0.462373,0.963987,1.527504,368.036502,328.156501,248.1422,77.628071,7.015987,6.350911,0.665076,437.040486,299.032518,0.792979,0.358432,1557340.909091,1.314717,8.29e-4,0.003422,0.002592,0.026572,750,-0.013494,0.587446,0.421822,1.548586,TRUE,TRUE,TRUE,TRUE,Overbought,TRUE,100,30,94.845361,94.845361,70,83.92268,768,3.4908459965921166,0.26493407201974417,0.42544136430682555,0.5317460317460317,0.004835832464993278,0.03405470004267187,1.218629781178306,2.2542104440760506,1,0
NTRS,169.199997,182.679993,176.5,142.25,131.199997,-0.07379,-0.04136,0.189455,0.289634,178.728501,182.5308,162.638,30.521453,-2.027774,-1.493719,-0.534055,190.706534,166.750469,0.102251,0.231934,1019822.727273,1.006924,8.29e-4,0.001383,5.54e-4,0.013471,750,-0.002728,0.138145,0.21385,0.652758,FALSE,FALSE,TRUE,TRUE,Neutral,FALSE,35,20,48.969072,59.793814,30,41.399485,768,0.29286217871826414,-0.08136307070885518,-0.05797506269529196,0.5555555555555556,6.756202711633673e-4,0.014410414829570267,0.17025630833316857,0.7442630511417134,1,0
NVDA,230.860001,217.440002,194.830002,177.389999,187.240005,0.061718,0.18493,0.301426,0.232963,223.511,217.77440000000001,200.4263,60.099906,1.377541,1.109557,0.267984,235.332715,211.689285,0.810826,0.250698,112076990.909091,2.042657,8.29e-4,0.002645,0.001816,0.024182,750,0.009076,0.239591,0.383873,1.191874,TRUE,TRUE,TRUE,TRUE,Neutral,TRUE,100,85,81.443299,73.71134,70,83.925258,768,2.178984196481953,0.06931941882951032,0.13266697671903938,0.4444444444444444,1.240569876177533e-4,0.019524922062056506,0.03126236087967383,0.10086307231133405,1,2
OKTA,212.630005,166.429993,141.419998,80.190002,91.690002,0.277594,0.503536,1.651577,1.31901,189.01575,163.2457,111.519475,69.512528,7.373406,7.071016,0.30239,218.532918,159.498582,0.900009,0.601297,3967304.545455,1.265014,8.29e-4,0.001897,0.001067,0.031999,750,0.01505,0.213546,0.507962,0.529448,TRUE,TRUE,TRUE,TRUE,Neutral,TRUE,100,65,96.391753,98.453608,70,90.358247,768,0.44644625097806556,0.5169340956968613,0.46484276543811953,0.5396825396825397,0.007765976382298603,0.050970111458384704,1.957026048339248,2.418693027022978,1,4
OLLI,87.910004,72.339996,74.209999,95.220001,127.639999,0.215234,0.184611,-0.07677,-0.311266,79.00225,76.3471,89.516425,68.976597,4.0734069999999996,2.814571,1.258836,89.567719,68.436781,0.92155,0.454556,2040377.272727,0.778988,8.29e-4,5.14e-4,-3.15e-4,0.023889,750,0.024603,-0.033293,0.379222,-0.209612,TRUE,TRUE,FALSE,FALSE,Neutral,TRUE,55,65,80.927835,27.319588,70,60.242268,768,-0.3432242473208913,0.11562115534365236,0.15246930708015372,0.5158730158730159,-0.0011904465385262242,0.02876064360584253,-0.2999925277086085,-0.6570698903452014,1,1
OLMA,8.27,10.56,12.64,15.06,11.04,-0.216856,-0.345728,-0.450863,-0.250906,9.66025,10.5309,16.203775,27.77364,-6.347464,-5.01771,-1.329754,11.314615,8.005885,0.079824,0.483495,1239759.090909,0.837351,8.29e-4,0.001494,6.64e-4,0.070233,750,-0.044607,0.201412,1.114911,0.15016,FALSE,FALSE,FALSE,FALSE,Oversold,FALSE,15,20,6.185567,1.030928,30,11.811856,768,-0.5894064978715459,-0.26430345801210053,-0.36494754699836884,0.42857142857142855,-0.005586153683029945,0.034454029881917377,-1.4077107281235461,-2.573790087488416,1,0
ON,80.080002,72.650002,91.220001,62.189999,48.349998,0.102271,-0.122122,0.287667,0.656257,73.2225,76.75,80.3059,59.257489,0.157717,-1.538378,1.696096,79.589668,66.855333,1.038505,0.623454,11247195.454545,2.101205,8.29e-4,5.08e-4,-3.22e-4,0.031838,750,0.039976,-0.311224,0.505414,-0.160362,TRUE,TRUE,FALSE,FALSE,Neutral,TRUE,55,85,33.505155,71.649485,70,57.881443,768,-0.4858896149022255,0.05508468647054876,-0.18909230326216353,0.46825396825396826,-9.406452246490005e-4,0.03927331804189339,-0.23704259661154814,-0.3802143735918103,1,5
ONON,30.200001,27.73,36.830002,33.029999,40.959999,0.089073,-0.180016,-0.08568,-0.262695,28.367,31.2054,38.0949,55.626866,-0.42232,-2.044649,1.622329,31.024458,25.709542,0.844879,0.362363,11358550,1.385158,8.29e-4,7.03e-4,-1.26e-4,0.027288,750,0.018142,-0.11227,0.43318,-0.073326,TRUE,FALSE,FALSE,FALSE,Neutral,TRUE,15,85,22.680412,25.257732,70,35.35567,768,-0.388360060812301,-0.027469165279932706,-0.2029330474448875,0.42857142857142855,-0.0020430625633493845,0.028911779921903264,-0.5148517659640449,-1.1217784868665626,1,2
ORCL,138.070007,141.320007,140.270004,146.380005,289.01001,-0.022997,-0.015684,-0.05677,-0.522266,146.5705,143.1468,163.1016,43.560815,-1.919627,-0.957709,-0.961919,163.277444,129.863556,0.2456,0.499523,34668695.454545,1.548637,8.29e-4,8.29e-4,-0,0.028687,750,0.003825,-0.114743,0.455392,-1.45e-4,FALSE,FALSE,FALSE,FALSE,Neutral,FALSE,15,45,54.639175,29.381443,30,35.768041,768,-0.33758622457541654,-0.0318156604695774,-0.06618315348239123,0.4603174603174603,-0.002774464937803462,0.033186118079135206,-0.6991651643264725,-1.3271593072486654,1,3
ORN,9.19,9.05,14.81,11.48,8.36,0.01547,-0.379473,-0.199477,0.099282,8.963,9.5886,11.9909,50.639929,-3.342177,-3.839029,0.496852,9.552783,8.373217,0.692443,0.418265,489795.454545,1.605111,8.29e-4,0.001733,9.04e-4,0.039659,750,0.07307,0.101301,0.629563,0.36181,TRUE,FALSE,FALSE,FALSE,Neutral,TRUE,15,85,4.123711,12.886598,70,27.314433,768,0.2146838562507123,-0.03625601665169398,-0.40954950238294263,0.47619047619047616,-0.0039011272887140612,0.0326737670614686,-0.9830840767559434,-1.8953576952411237,1,3
PANW,396.25,362.089996,348.059998,163.210007,206.800003,0.094341,0.138453,1.427854,0.916102,367.4045,360.3086,249.2533,60.422844,2.91335,2.192427,0.720923,414.097982,320.711018,0.808881,0.569219,6813054.545455,1.201566,8.29e-4,0.001989,0.001159,0.024466,750,-0.004451,0.250001,0.388389,0.752165,TRUE,TRUE,TRUE,TRUE,Neutral,TRUE,100,85,77.319588,97.42268,70,87.430412,768,0.8853598478816103,0.10715170602944979,0.10296740436089791,0.5634920634920635,0.006228549827825773,0.03430545428273598,1.5695945566120948,2.8821995016624915,1,0
PD,15.58,14.04,9.98,6.4,16.309999,0.109687,0.561122,1.434375,-0.044758,14.397,12.767,9.7223,69.455773,4.616811,4.801638,-0.184827,15.503202,13.290797,1.034712,0.402079,1713695.454545,1.303921,8.29e-4,1.07e-4,-7.23e-4,0.031597,750,0.030005,-0.245602,0.501585,-0.363001,TRUE,TRUE,TRUE,TRUE,Neutral,FALSE,100,65,98.453608,97.938144,30,86.873711,768,-0.6040281644179937,0.2878639901001321,0.5443933489472412,0.5238095238095238,0.0077644704283450555,0.04847090687296163,1.956646547942954,2.5429098575800153,1,4
PEP,125.599998,139.789993,144.220001,157.009995,143.139999,-0.101509,-0.129108,-0.200051,-0.122537,132.63,137.168,147.3852,23.96026,-2.453278,-2.011104,-0.442174,141.166307,124.093692,0.088229,0.148769,9144195.454545,0.086584,8.29e-4,-3.14e-4,-0.001144,0.015439,750,-0.010622,-0.097318,0.245084,-1.176096,FALSE,FALSE,FALSE,FALSE,Oversold,FALSE,15,20,32.474227,12.371134,30,21.966495,768,-0.6104153956043742,-0.11413796383075991,-0.12533751376614044,0.42857142857142855,-0.0013647882000979794,0.013269181325146201,-0.3439266264246908,-1.6327564216302217,1,0
PG,143.949997,146.210007,151.410004,143.119995,153.179993,-0.015457,-0.04927,0.005799,-0.060256,146.188,145.775401,147.646701,43.537062,0.100492,0.207087,-0.106594,149.409186,142.966815,0.152612,0.168211,7976990.909091,0.098193,8.29e-4,4.5e-5,-7.84e-4,0.014235,750,-0.010938,-0.009067,0.225967,-0.874305,FALSE,FALSE,FALSE,FALSE,Neutral,FALSE,15,45,46.391753,35.56701,30,34.530928,768,-0.4849097497954523,0.002614293293343284,-0.05091539448522597,0.5317460317460317,-6.484095450855382e-6,0.012897872282137816,-0.0016339920536155561,-0.007980527484642648,1,0
PINS,19.459999,21.25,22.07,18.18,31.85,-0.084235,-0.11826,0.070407,-0.389011,19.0315,21.6148,21.25775,46.984724,-3.896671,-4.696762,0.80009,20.459775,17.603225,0.650006,0.522605,15004827.272727,1.23861,8.29e-4,7.1e-5,-7.59e-4,0.028496,750,0.028391,-0.24107,0.452354,-0.422668,TRUE,FALSE,FALSE,TRUE,Neutral,TRUE,15,45,34.536082,43.298969,70,36.520619,768,-0.5819239041599993,-0.1622346994567092,-0.13520045505287948,0.5,-3.46077230620525e-5,0.029909585351886057,-0.008721146211637231,-0.018368043739920018,1,3
PLNT,41.849998,50.470001,53.450001,73.290001,103.059998,-0.170795,-0.217025,-0.428981,-0.593926,46.6805,50.358,68.14075,33.225736,-6.057427,-4.813162,-1.244265,55.312987,38.048014,0.220214,0.493925,2633372.727273,0.58727,8.29e-4,1.39e-4,-6.91e-4,0.023742,750,-0.010547,-0.087822,0.3769,-0.461902,FALSE,FALSE,FALSE,FALSE,Neutral,FALSE,15,20,19.072165,1.546392,30,15.780928,768,-0.5960147497922474,-0.21955141452872184,-0.2281042010350529,0.5,-0.004154480935296621,0.03733546598273707,-1.0469291956947484,-1.7664260657310926,1,0
PM,188.179993,187.149994,182.270004,158.100006,160.860001,0.005504,0.032424,0.190259,0.169837,189.846999,190.0558,177.75765,46.297248,0.290595,0.32901,-0.038414,196.263344,183.430653,0.370097,0.196492,4368454.545455,0.080666,8.29e-4,0.001085,2.55e-4,0.017882,750,-0.015618,0.256455,0.283861,0.2265,FALSE,FALSE,TRUE,TRUE,Neutral,FALSE,35,45,65.463918,60.824742,30,50.304124,768,0.09942470040258189,-0.004451269562352089,0.0428021133727059,0.5634920634920635,0.002034488108715184,0.018387911722963862,0.5126910033962264,1.7563983323640506,1,0
PRIM,76.25,72.25,88.199997,147.820007,139.649994,0.055363,-0.135487,-0.48417,-0.453992,74.777,78.229,119.21255,51.030429,-1.507944,-1.945809,0.437865,78.186815,71.367184,0.715994,0.324755,1316695.454545,1.49498,8.29e-4,0.001958,0.001129,0.033747,750,0.021432,0.18101,0.535725,0.531003,TRUE,FALSE,FALSE,FALSE,Neutral,TRUE,15,85,30.412371,0.515464,70,32.726804,768,0.3798549630028689,-0.040178708021216925,-0.17000632146588424,0.48412698412698413,-0.004996983534842851,0.0615885325950036,-1.2592398507803986,-1.287977665480329,1,3
PRPL,2.13,3.73,9,16.325001,22.875,-0.428954,-0.763333,-0.869525,-0.906885,2.88875,5.1817,12.134,24.667212,-23.755939,-23.249918,-0.506021,3.997036,1.780464,0.157692,1.50846,52872.727273,1.472506,8.29e-4,-0.002038,-0.002868,0.059257,750,-0.029181,-0.821428,0.940678,-0.768237,FALSE,FALSE,FALSE,FALSE,Oversold,FALSE,15,20,0,0,30,9.75,768,-0.9769758148703624,-0.6227962884882502,-0.7712311831385683,0.3492063492063492,-0.016192185169919254,0.060836778111213755,-4.080430662819652,-4.225124650486832,1,0
PTGX,139.190002,146.490005,131.619995,103.779999,64,-0.049833,0.057514,0.341203,1.174844,143.552499,144.888399,111.006275,41.826173,-1.032385,-0.656495,-0.37589,149.658238,137.446761,0.142754,0.274252,699931.818182,0.473166,8.29e-4,0.003448,0.002618,0.034755,750,-0.013849,0.76994,0.55172,1.195932,FALSE,FALSE,TRUE,TRUE,Neutral,FALSE,35,45,67.525773,76.28866,30,54.015464,768,3.129775846994253,-0.09522366420208328,0.03750093148561895,0.5,0.001786281572780158,0.026407688679108872,0.4501429563405998,1.0737910925583745,1,0
QBTS,16.559999,16.540001,22.530001,14.32,25.629999,0.001209,-0.26498,0.156425,-0.353882,16.963,18.1624,20.84405,43.763188,-2.390611,-2.558297,0.167686,17.878251,16.047749,0.279842,0.547065,15650672.727273,2.835542,8.29e-4,0.007293,0.006463,0.081627,750,-0.002387,1.245075,1.295786,1.256953,FALSE,FALSE,FALSE,FALSE,Neutral,TRUE,15,45,11.340206,57.216495,70,32.345361,768,10.973630480070074,-0.1347430195647209,-0.3313478965666853,0.40476190476190477,-0.002012336657911638,0.05812591489723362,-0.5071088377937327,-0.5495802373574109,1,0
QCOM,182.089996,166.610001,176.25,126.800003,166.490005,0.092912,0.033135,0.436041,0.093699,184.4775,171.1712,169.23085,50.163221,2.533606,3.159185,-0.625579,202.896557,166.058443,0.435189,0.566721,14356250,1.705009,8.29e-4,0.001048,2.19e-4,0.022965,750,-0.012379,-0.092285,0.364559,0.151078,FALSE,TRUE,TRUE,TRUE,Neutral,FALSE,100,85,65.979381,82.989691,30,77.141753,768,0.05021005573769122,0.13386968399997157,-0.03557943723736101,0.48412698412698413,3.054862908537669e-4,0.03717257567044575,0.07698254529514927,0.1304575870723764,1,0
QRVO,112.209999,96.400002,87.57,78.699997,90.470001,0.164004,0.281375,0.425794,0.240301,113.3765,102.1008,90.403325,53.104943,3.768678,4.669872,-0.901194,125.032541,101.720459,0.449962,0.592527,1765190.909091,1.619592,8.29e-4,6.39e-4,-1.9e-4,0.024163,750,-0.021612,-0.177388,0.383576,-0.124825,FALSE,TRUE,TRUE,TRUE,Neutral,FALSE,100,85,87.113402,81.958763,30,83.275773,768,-0.3132381824407351,0.16634413252805147,0.2420443592940953,0.5238095238095238,0.0018321455436243574,0.02640212750413389,0.46170067699333805,1.1015933787941097,1,0
RARE,14.75,25.809999,33.470001,22.450001,29.99,-0.428516,-0.559307,-0.342984,-0.508169,14.52675,21.4261,24.19005,35.151168,-11.78741,-13.692099,1.90469,15.864443,13.189057,0.583446,1.706247,6988286.363636,1.058612,8.29e-4,-2.5e-4,-0.001079,0.037662,750,-0.020413,-0.284197,0.597866,-0.454862,TRUE,FALSE,FALSE,FALSE,Neutral,TRUE,15,20,1.030928,4.123711,70,14.884021,768,-0.7912664640272132,-0.43793755218737074,-0.5700751682026928,0.4603174603174603,-0.0023205314267798908,0.05061996070085086,-0.5847739195485324,-0.7277226982911841,1,0
RBLX,43,40.669998,55.41,60.110001,134.070007,0.05729,-0.223967,-0.284645,-0.679272,46.1305,42.5058,55.6271,45.491059,0.498791,2.372833,-1.874042,52.579418,39.681582,0.257285,0.752286,11587263.636364,1.267931,8.29e-4,0.001146,3.16e-4,0.033478,750,0.013086,0.023735,0.531444,0.150041,FALSE,TRUE,FALSE,FALSE,Neutral,FALSE,55,45,17.010309,8.762887,30,30.35567,768,-0.12031866069699726,0.11914903900784912,-0.24366194692946264,0.48412698412698413,-0.0022842937287847202,0.047784864888465665,-0.5756420196537495,-0.7588603389665693,1,2
RGTI,15.62,14.99,17.940001,14.19,29.85,0.042028,-0.12932,0.100775,-0.476717,15.70125,16.1338,18.368225,46.628193,-0.436078,-0.659652,0.223575,16.776554,14.625946,0.46222,0.475435,16601340.909091,2.999539,8.29e-4,0.006764,0.005934,0.082048,750,-0.009407,1.077535,1.302469,1.148189,FALSE,FALSE,FALSE,FALSE,Neutral,TRUE,15,45,31.958763,46.391753,70,36.365979,768,4.266818219255077,-0.07194580423818997,-0.2066785355816847,0.4444444444444444,-0.0026254481687323396,0.05173262362532958,-0.6616129385205496,-0.8056366502728051,1,0
RJF,159.759995,173.5,162.660004,142.199997,165.899994,-0.079193,-0.017829,0.123488,-0.03701,166.563501,172.6562,160.9149,35.992075,-2.527745,-2.155374,-0.372371,181.2863,151.840702,0.268947,0.221385,1329240.909091,0.910115,8.29e-4,7.91e-4,-3.8e-5,0.013662,750,0.009228,0.009215,0.21688,-0.044139,FALSE,FALSE,FALSE,TRUE,Neutral,FALSE,15,20,53.608247,52.57732,30,36.347938,768,-0.12880809560205797,-0.09597835941703392,-0.031981098551271625,0.5158730158730159,2.548448362782761e-4,0.014570203276498604,0.06422089874212558,0.2776581960756234,1,1
ROAD,90.150002,100.559998,107.919998,105.889999,124.760002,-0.10352,-0.164659,-0.148645,-0.277413,95.6055,104.4217,113.75915,36.24909,-4.321984,-4.112996,-0.208988,104.001362,87.209639,0.175108,0.391417,587427.272727,1.535967,8.29e-4,0.001566,7.37e-4,0.026103,750,-4.5e-4,0.073618,0.414377,0.448014,FALSE,FALSE,FALSE,FALSE,Neutral,FALSE,15,20,26.28866,17.525773,30,21.141753,768,0.5596016933431105,-0.2138245725586243,-0.20486513414159357,0.42857142857142855,-0.0035623792017213346,0.033792501104637156,-0.8977195588337763,-1.6734782810444453,1,0
ROKU,151.259995,155.529999,142.429993,97.660004,103.57,-0.027455,0.061995,0.548843,0.460461,154.226498,152.963299,123.035475,40.032416,-0.292974,0.084586,-0.377559,157.760267,150.692728,0.080264,0.122156,2121831.818182,1.898847,8.29e-4,0.001629,8e-4,0.030961,750,-0.008481,0.013675,0.491496,0.410082,FALSE,FALSE,TRUE,TRUE,Neutral,FALSE,35,45,68.556701,88.14433,30,56.695876,768,0.12537304675281047,-0.02978463611651405,0.03376521133089372,0.47619047619047616,0.0027617901874815295,0.02277896388992703,0.6959711272453455,1.9246731444126237,1,0
RTX,185.009995,205.160004,199.25,196.210007,167.199997,-0.098216,-0.071468,-0.057082,0.106519,193.553999,207.017399,194.89975,24.232679,-2.825049,-2.533271,-0.291778,203.453391,183.654606,0.068458,0.128588,3930331.818182,0.433006,8.29e-4,0.001408,5.78e-4,0.015492,750,-0.005231,0.264289,0.245927,0.592757,FALSE,FALSE,FALSE,TRUE,Oversold,FALSE,15,20,41.237113,28.865979,30,27.89433,768,0.24141680221281692,-0.15537643737837248,-0.07449563975459161,0.4603174603174603,-4.2075474897702473e-4,0.01653483951141937,-0.10603019674221023,-0.40395158161909117,1,0
RXRX,4.07,3.33,3.8,3.11,5.1,0.222222,0.071053,0.308682,-0.201961,3.62875,3.3961,3.573125,60.927195,4.958296,3.772852,1.185445,4.273342,2.984158,0.842271,0.865989,20346209.090909,2.690358,8.29e-4,6.33e-4,-1.96e-4,0.049205,750,-0.016311,-0.40275300000000003,0.781105,-0.063284000000000007,TRUE,TRUE,TRUE,FALSE,Neutral,TRUE,80,85,70.618557,74.742268,70,75.884021,768,-0.6695482545482929,0.17390530343741206,0.003844265208239772,0.42063492063492064,-4.051429320834263e-4,0.03780432016007991,-0.10209601888502343,-0.17012459515568948,1,0
SANA,2.89,3.83,4.01,3.2,3.7,-0.245431,-0.279302,-0.096875,-0.218919,3.1575,3.4356,3.5987,36.623779,-5.617747,-4.890811,-0.726936,3.7202480000000002,2.594752,0.262327,0.708284,3902281.818182,2.017412,8.29e-4,0.002375,0.001546,0.082875,750,-0.01036,0.176918,1.315594,0.296124,FALSE,FALSE,FALSE,FALSE,Neutral,FALSE,15,20,10.309278,23.71134,30,17.585052,768,-0.6721114521303518,-0.28798787590551644,-0.3033696488913378,0.40476190476190477,-0.0014822209126029366,0.040003412392837244,-0.37351966997594005,-0.5881880102071614,1,0
SENEA,177.029999,204.039993,183.979996,160.919998,109.269997,-0.132376,-0.037776,0.100112,0.620115,185.668501,184.3272,151.1905,40.442411,-1.272839,-0.626066,-0.646772,198.929881,172.40712,0.174299,0.33161,97677.272727,0.203917,8.29e-4,0.001784,9.54e-4,0.022633,750,-0.007233,0.406931,0.359294,0.669458,FALSE,FALSE,TRUE,TRUE,Neutral,FALSE,35,45,51.030928,45.876289,30,42.984536,768,0.8660592441845145,-0.07370453137816702,-0.03978673844427305,0.5396825396825397,0.001338915827639443,0.030716102973904785,0.33740678856513967,0.6919702625150801,1,0
SG,8.68,6.47,8.77,5.39,8.07,0.341577,-0.010262,0.61039,0.075589,7.485,6.76,6.88715,70.345656,6.916379,4.984781,1.931598,8.973281,5.996719,0.90147,0.532218,5316131.818182,1.725345,8.29e-4,8.29e-4,-0,0.046859,750,-0.023204,-0.151707,0.743871,-1.27e-4,TRUE,TRUE,TRUE,FALSE,Overbought,TRUE,80,30,55.670103,89.175258,70,66.036082,768,-0.6129421960244206,0.36186468871008315,-0.014955659514838349,0.5634920634920635,0.004842911576407472,0.051281779578561455,1.220413717254683,1.4991452821586404,1,0
SMPL,9.88,11.38,13.73,14.16,24.82,-0.13181,-0.280408,-0.30226,-0.601934,10.074,10.5626,13.835025,44.545548,-3.344736,-3.295349,-0.049387,11.201411,8.946589,0.413962,0.406379,2352436.363636,0.413619,8.29e-4,-0.001368,-0.002198,0.023726,750,0.039313,-0.431267,0.376645,-1.47044,FALSE,FALSE,FALSE,FALSE,Neutral,FALSE,15,45,9.793814,7.731959,30,17.984536,768,-0.8309686323737934,-0.13219954790813337,-0.2871800454094158,0.4444444444444444,-0.0026728182958641288,0.036289417600632465,-0.6735502105577604,-1.1692024250722663,1,1
SNAP,5.65,5.35,4.84,4.63,7.71,0.056075,0.167355,0.220302,-0.267185,5.5375,5.3298,5.63785,55.000689,0.325586,0.830137,-0.504551,5.892232,5.182768,0.65857,0.462825,32722031.818182,1.852575,8.29e-4,2.18e-4,-6.12e-4,0.035846,750,0.044513,-0.332311,0.569037,-0.270816,TRUE,TRUE,TRUE,FALSE,Neutral,FALSE,80,85,79.896907,63.917526,30,72.502577,768,-0.6289336739452789,0.08627710030364133,0.11353004989991633,0.4444444444444444,-6.965355225247463e-4,0.03435647964285819,-0.17552695167623608,-0.321836193535502,1,3
SOFI,15.84,17.049999,18.24,15.85,25.76,-0.070968,-0.131579,-6.31e-4,-0.385093,16.9655,17.472,18.993775,36.787817,-3.004387,-2.20897,-0.795417,18.469501,15.461499,0.125831,0.326389,44444018.181818,2.343595,8.29e-4,0.001695,8.65e-4,0.032274,750,0.00585,-0.062791,0.512334,0.4256,FALSE,FALSE,FALSE,FALSE,Neutral,FALSE,15,20,31.443299,34.536082,30,26.090206,768,0.18845029725925921,-0.132835044986638,-0.17693353714611737,0.46825396825396826,-0.002529060282581612,0.027972442180762582,-0.6373231912105661,-1.4352549945753648,1,1
SOUN,6.05,6.85,6.55,6.78,16.15,-0.116788,-0.076336,-0.10767,-0.625387,6.187,6.5944,7.8191,42.766427,-3.442287,-3.446138,0.003851,6.72804,5.64596,0.373392,0.381652,19796104.545455,2.91172,8.29e-4,0.003607,0.002777,0.064337,750,0.0032,0.300251,1.021318,0.685234,FALSE,FALSE,FALSE,FALSE,Neutral,TRUE,15,45,39.690722,21.649485,70,33.737113,768,0.742318758537519,-0.14808131263268154,-0.12859377111368142,0.3888888888888889,-0.0032220019318557605,0.03751170156304644,-0.8119444868276516,-1.363513060765732,1,3
SPGI,388.160004,440.209991,439.890015,407.90918,455.695374,-0.118239,-0.117598,-0.048416,-0.148203,410.055,417.8264,424.546281,32.762839,-2.064596,-1.557984,-0.506613,440.955703,379.154298,0.14572,0.266745,1997886.363636,0.684013,8.29e-4,2.85e-4,-5.45e-4,0.014186,750,-0.017779,-0.071267,0.225195,-0.609761,FALSE,FALSE,FALSE,FALSE,Neutral,FALSE,15,20,35.051546,30.412371,30,26.347938,768,-0.4004901447265382,-0.0846585070143906,-0.12097881895820106,0.4523809523809524,-2.946453956077878e-4,0.018607404762489753,-0.07425063969316252,-0.25137039313508475,1,0
SRPT,17.57,21.33,19.280001,23.23,19.32,-0.176278,-0.088693,-0.24365,-0.09058,20.0895,18.8232,19.13575,38.208324,-1.998312,0.009466,-2.007778,22.947902,17.231098,0.059282,0.597722,2940595.454545,1.2758100000000001,8.29e-4,-0.001111,-0.00194,0.04962,750,-0.037458,-0.546542,0.787693,-0.620663,FALSE,FALSE,FALSE,FALSE,Neutral,FALSE,15,20,38.659794,10.309278,30,23.409794,768,-0.9133602289292166,-0.1015157771747579,-0.11081269983259823,0.4523809523809524,-0.0023950759534524303,0.035937179573095536,-0.6035591402700125,-1.0579754036162736,1,0
STRL,505.119995,456.100006,700.75,416.339996,337.929993,0.107476,-0.279172,0.213239,0.494747,497.307497,525.050402,538.0512,48.784902,-1.170189,-1.921411,0.751221,532.380204,462.234789,0.611376,0.539772,538940.909091,2.154401,8.29e-4,0.003494,0.002665,0.04001,750,0.025343,0.430175,0.635134,1.057209,TRUE,FALSE,FALSE,FALSE,Neutral,TRUE,15,45,10.824742,62.886598,70,33.324742,768,3.0668090488107387,-0.047664592561481034,-0.3456960563921566,0.48412698412698413,-0.0010447126412326201,0.06226124908040111,-0.26326758559062025,-0.2663663078770808,1,1
SWKS,83.160004,67.410004,62.560001,55.189999,76.339996,0.233645,0.329284,0.506795,0.089337,84.815999,73.7384,65.6939,52.133571,4.894785,6.179356,-1.284571,96.79329,72.838709,0.430869,0.842056,7170309.090909,1.600341,8.29e-4,2.09e-4,-6.2e-4,0.025074,750,-0.028924,-0.281844,0.398042,-0.392824,FALSE,TRUE,TRUE,TRUE,Neutral,FALSE,100,85,88.659794,85.051546,30,84.358247,768,-0.49242953407170864,0.22223534374698395,0.27394908943455376,0.5079365079365079,0.00209953023632964,0.03637596934989802,0.5290816195550693,0.9162370061329185,1,0
TDUP,2.13,2.52,7.03,3.36,8.96,-0.154762,-0.697013,-0.366071,-0.762277,2.439,3.3204,4.607725,25.915067,-11.813883,-12.297784,0.483901,2.841139,2.036861,0.115805,0.480196,2212777.272727,1.534228,8.29e-4,0.001512,6.83e-4,0.062814,750,0.002934,0.060347,0.997136,0.172506,FALSE,FALSE,FALSE,FALSE,Oversold,TRUE,15,20,0.515464,3.092784,70,14.523196,768,-0.6209706752460005,-0.2727063855695733,-0.7093271172142261,0.47619047619047616,-0.003661106476776579,0.05695095401482768,-0.9225988321476979,-1.0204967514704073,1,1
TEAM,189.910004,187.029999,83.839996,68.290001,149.570007,0.015399,1.265148,1.780934,0.269706,186.9275,161.4614,112.213575,57.719602,2.977982,4.730168,-1.752186,200.46267,173.392331,0.610176,0.556396,3224309.090909,1.29432,8.29e-4,7.02e-4,-1.28e-4,0.036126,750,0.05745,-0.093711,0.573483,-0.056134,TRUE,TRUE,TRUE,TRUE,Neutral,FALSE,100,85,100,99.484536,30,90.646907,768,-0.45254190095872104,0.09791615390666397,1.2301577384884381,0.5,0.008856712946921006,0.059936356298515604,2.2318916626240934,2.345754197101834,1,2
TER,415.790009,335.459991,369.089996,309.609985,141.119995,0.239462,0.126527,0.342948,1.946358,375.277502,373.4246,333.789299,62.475215,2.732707,1.327846,1.404861,425.499589,325.055416,0.903334,0.664964,2436722.727273,2.229642,8.29e-4,0.0026,0.001771,0.032923,750,0.035332,0.189183,0.522636,0.853757,TRUE,TRUE,TRUE,TRUE,Neutral,TRUE,100,85,75.773196,76.804124,70,82.842784,768,1.6513056235278407,0.10346720327172632,0.029283360051738372,0.4603174603174603,-9.245365074024728e-4,0.04566773419575894,-0.23298319986542315,-0.32137705795979693,1,5
TMO,652.51001,600.5,523.440002,491.459991,530.72998,0.086611,0.24658,0.327697,0.229458,644.443503,615.799203,542.21345,55.60344,2.835811,2.89638,-0.060569,699.729029,589.157976,0.572953,0.25514,2244672.727273,0.758664,8.29e-4,5.02e-4,-3.27e-4,0.016163,750,-0.035173,-0.032073,0.256583,-0.321602,TRUE,TRUE,TRUE,TRUE,Neutral,FALSE,100,85,86.082474,75.773196,30,81.729381,768,-0.27866635173937204,0.0698025493583374,0.23729466671126542,0.5079365079365079,0.002082347603844153,0.02075806422877744,0.5247515961687266,1.5924530849052165,1,0
TOST,29.23,33.59,28.82,26.469999,35.599998,-0.129801,0.014226,0.104269,-0.178933,31.1675,32.916,29.80345,34.011421,-3.317435,-2.807229,-0.510207,34.245317,28.089683,0.185248,0.324482,8246218.181818,1.453936,8.29e-4,0.001151,3.22e-4,0.027324,750,0.006495,-0.013799,0.433755,0.186933,FALSE,FALSE,FALSE,TRUE,Neutral,FALSE,15,20,61.85567,47.938144,30,37.89433,768,-0.15471497211224572,-0.16353737314954597,-0.002684285399780495,0.5396825396825397,5.295658118941259e-4,0.02895471407902816,0.13345058459731973,0.2903360269329024,1,1
TROW,105.830002,108.980003,118.550003,90.169998,101.07,-0.028904,-0.107297,0.173672,0.047096,105.622,110.3014,103.8744,46.429546,-1.509274,-1.782495,0.273221,110.167571,101.076429,0.52288,0.16991,1508304.545455,1.115077,8.29e-4,1.84e-4,-6.45e-4,0.012344,750,0.015324,-0.186586,0.195948,-0.829467,TRUE,FALSE,TRUE,TRUE,Neutral,TRUE,35,45,36.082474,58.247423,70,44.974227,768,-0.43056096801204535,-0.0510620357094731,-0.12371138519746594,0.5,5.017001891704578e-4,0.013265357784061104,0.12642844767095537,0.6003791024109378,1,1
TSLA,354.109985,356.089996,393.450012,360.589996,459.459991,-0.00556,-0.099987,-0.017971,-0.229291,365.154996,346.565798,393.705749,45.618371,0.353803,1.025989,-0.672186,383.035236,347.274756,0.191139,0.401455,38219368.181818,2.246401,8.29e-4,0.001068,2.39e-4,0.031839,750,-0.003756,-0.200368,0.505424,0.119021,FALSE,TRUE,FALSE,FALSE,Neutral,FALSE,55,45,37.628866,32.989691,30,41.386598,768,-0.09415318281525464,0.01661439681840582,-0.1461826257258988,0.4523809523809524,-0.003120093394010349,0.02482812938705384,-0.786263535290608,-1.9949125588538117,1,0
TWLO,301.269989,228.649994,209.309998,130.949997,102.699997,0.317603,0.439348,1.300649,1.933496,258.813,234.993,175.3068,69.875443,7.030218,5.767764,1.262454,313.701321,203.92468,0.886758,0.618929,2483936.363636,1.347389,8.29e-4,0.002792,0.001963,0.031212,750,0.02834,0.422033,0.495481,0.998311,TRUE,TRUE,TRUE,TRUE,Neutral,TRUE,100,65,93.298969,96.907216,70,89.121134,768,1.751665356028719,0.3680668285056812,0.40168146129055704,0.5396825396825397,0.006322516546743211,0.0451548999269292,1.5932741697792892,2.222723089167658,1,4
TXN,281.309998,253.339996,293.079987,194.869995,180.389999,0.110405,-0.04016,0.443578,0.559455,267.881004,270.3634,248.22775,61.849073,1.206669,0.313613,0.893056,284.977949,250.784058,0.892731,0.243276,5799445.454545,1.353279,8.29e-4,0.001037,2.07e-4,0.019556,750,0.002572,-0.021613,0.310443,0.168242,TRUE,TRUE,TRUE,TRUE,Neutral,TRUE,100,85,50,84.020619,70,76.554124,768,0.020285307017539944,0.058767967412690414,-0.08310921948542394,0.5079365079365079,0.0010593049364483065,0.027780041602166017,0.26694484398497326,0.6053246711207465,1,1
TXRH,156.699997,191.570007,194.279999,162.979996,162.809998,-0.182022,-0.193432,-0.038532,-0.037528,170.235999,190.2548,179.64995,16.575284,-5.656852,-5.120361,-0.536491,191.599898,148.8721,0.183204,0.263924,1158740.909091,0.670098,8.29e-4,7.87e-4,-4.2e-5,0.016509,750,5.19e-4,0.058371,0.262065,-0.040392,FALSE,FALSE,FALSE,TRUE,Oversold,FALSE,15,20,21.649485,31.958763,30,22.636598,768,-0.11663600220844927,-0.22332720899406722,-0.19476300740759822,0.4444444444444444,-1.1583946667492226e-4,0.02155409663119134,-0.02919154560208041,-0.08531531413420929,1,1
U,43.610001,40.919998,29.32,22.75,38.299999,0.065738,0.487381,0.916923,0.138642,42.22,41.0324,31.92785,56.660866,0.090202,0.637841,-0.547639,44.609133,39.830867,0.790901,0.482436,10061109.090909,1.972153,8.29e-4,0.001437,6.08e-4,0.039466,750,0.063694,-0.050085,0.626501,0.244399,TRUE,TRUE,TRUE,TRUE,Neutral,FALSE,100,85,95.876289,93.814433,30,88.275773,768,-0.2774356908705562,-0.06731566242043718,0.430239462547918,0.49206349206349204,0.003970310853062468,0.03122464531931099,1.000518334971742,2.018493091736254,1,2
UNH,365.200012,396.299988,425.359985,277.26001,348.299988,-0.078476,-0.141433,0.317175,0.048521,380.2325,394.773799,356.198349,32.03046,-1.905333,-1.786631,-0.118702,400.598914,359.866085,0.130949,0.17309,5038400,0.251003,8.29e-4,-1.65e-4,-9.95e-4,0.024185,750,-0.006905,-0.094145,0.383923,-0.652999,FALSE,FALSE,TRUE,TRUE,Neutral,FALSE,35,20,28.350515,75.257732,30,38.306701,768,-0.5803365564866485,-0.0550043014624525,-0.14104381645712405,0.5,0.0024600311114654346,0.01788882697926425,0.6199278400892896,2.1830264933403867,1,0
UPS,93.889999,102.660004,110.660004,98.18,84.379997,-0.085428,-0.151545,-0.043695,0.112704,97.8255,102.3646,105.03075,35.924598,-2.801137,-2.505448,-0.29569,104.895035,90.755965,0.221658,0.291398,4692913.636364,0.758333,8.29e-4,-4.78e-4,-0.001307,0.01741,750,0.003033,-0.278924,0.27637,-1.19202,FALSE,FALSE,FALSE,FALSE,Neutral,FALSE,15,20,26.804124,30.927835,30,23.976804,768,-0.6659469103931437,-0.08203822335236166,-0.1718546155590076,0.5158730158730159,-0.00124953171287027,0.019317043770389005,-0.31488199164330805,-1.0268497209529466,1,1
UPST,22.950001,27.389999,34.779999,25.58,52.130001,-0.162103,-0.340138,-0.102815,-0.559754,25.1345,27.5658,32.36875,31.370427,-5.568983,-4.909588,-0.659395,28.18324,22.08576,0.141737,0.384788,4393509.090909,2.722633,8.29e-4,0.001223,3.94e-4,0.050598,750,-0.003523,-0.26086,0.803215,0.123512,FALSE,FALSE,FALSE,FALSE,Neutral,FALSE,15,20,7.216495,22.680412,30,16.451031,768,-0.5068846217443805,-0.24335442711875976,-0.37993369718001413,0.38095238095238093,-0.0036113178727941206,0.030151571933849777,-0.9100521039441184,-1.901323556379388,1,0
UTZ,14.26,14.21,8.27,7.71,12.3,0.003519,0.724305,0.849546,0.15935,14.2405,14.1824,9.9613,72.697204,0.972416,1.381795,-0.40938,14.280237,14.200763,0.745368,0.024274,1566859.090909,0.326027,8.29e-4,7.28e-4,-1.02e-4,0.040096,750,-0.001082,0.115237,0.636501,-0.04028,TRUE,TRUE,TRUE,TRUE,Overbought,FALSE,100,30,99.484536,93.298969,30,81.005155,768,-0.4395697305276952,0.013323694604645775,0.696657843514817,0.5,0.006251640174526573,0.08169162540186697,1.5754133239806964,1.2148333521354862,1,0
V,359.850006,372.670013,362.130005,300.799988,347.829987,-0.0344,-0.006296,0.19631,0.034557,368.461502,368.486003,337.39925,39.99554,-0.522694,-0.165238,-0.357456,378.659596,358.263408,0.077789,0.157134,6087159.090909,0.625341,8.29e-4,6.71e-4,-1.58e-4,0.011811,750,-3.36e-4,0.038427,0.187492,-0.212728,FALSE,FALSE,TRUE,TRUE,Neutral,FALSE,35,20,57.731959,61.340206,30,44.337629,768,-0.17351831610201185,-0.009708429433011645,-0.006560496544272931,0.5,0.0015675969830419947,0.01400488246899858,0.39503443972658264,1.776868223900555,1,1
VEEV,281.929993,279.230011,192.740005,173.979996,293.26001,0.009669,0.462748,0.620474,-0.038635,270.201999,248.8592,200.95955,64.711479,3.154257,3.14062,0.013637,287.65606,252.747938,0.835967,0.286987,1514700,0.700957,8.29e-4,7.21e-4,-1.08e-4,0.022426,750,-0.014115,0.035302,0.356001,-0.076417,TRUE,TRUE,TRUE,TRUE,Neutral,TRUE,100,85,95.360825,90.721649,70,91.502577,768,-0.2693566250831758,0.13094045018537992,0.4525706738341684,0.5396825396825397,0.004007987629463984,0.030534878295955442,1.010012882624924,2.0836772472329628,1,0
VERA,30.99,34.23,41.200001,40.860001,28.790001,-0.094654,-0.247816,-0.241557,0.076415,33.69725,33.2005,39.115625,39.978234,-1.57983,-0.685891,-0.893939,36.393178,31.001321,-0.0021,0.611797,2464922.727273,1.326046,8.29e-4,0.002326,0.001497,0.049328,750,-0.042043,0.309,0.783062,0.481636,FALSE,FALSE,FALSE,FALSE,Neutral,FALSE,15,20,13.917526,10.824742,30,16.090206,768,-0.006311160169036212,-0.03210942322482724,-0.2634832791547945,0.3888888888888889,-0.0024478755699945194,0.035892458907165026,-0.6168646436386189,-1.0826458029059332,1,0
VERX,12.3,13.83,12.85,12.03,24.540001,-0.110629,-0.042802,0.022444,-0.498778,12.256,12.659,13.94245,50.092233,-3.038442,-2.738621,-0.299822,13.732163,10.779837,0.514904,0.513561,1465759.090909,0.764434,8.29e-4,-2.71e-4,-0.0011,0.033638,750,0.042359,-0.228069,0.53399,-0.519312,TRUE,FALSE,FALSE,FALSE,Neutral,FALSE,15,85,48.453608,37.628866,30,41.561856,768,-0.6780161289018519,-0.0842983806112031,-0.036456161468053305,0.5079365079365079,0.001302004604702506,0.04184077800961624,0.3281051603850315,0.4939841781783423,1,3
VITL,8.92,10.21,12.76,12.59,40.66,-0.126347,-0.30094,-0.291501,-0.78062,10.2185,11.0906,16.37505,33.279332,-3.938915,-2.490443,-1.448472,11.941965,8.495035,0.123288,0.793624,1771622.727273,0.596007,8.29e-4,3.17e-4,-5.13e-4,0.034768,750,-0.040576,-0.044788,0.551925,-0.234146,FALSE,FALSE,FALSE,FALSE,Neutral,FALSE,15,20,8.247423,8.247423,30,13.873711,768,-0.5591580152779356,-0.17266475145972504,-0.2967039816468381,0.5079365079365079,-0.0019277307398741946,0.044522808558063114,-0.48578814644829704,-0.6873280861089788,1,0
WAL,75.699997,77.260002,81.540001,72.07,86.010002,-0.020192,-0.071621,0.050368,-0.11987,78.154,79.8104,81.12555,39.352969,-1.463977,-1.152798,-0.311179,81.678897,74.629104,0.151904,0.205931,1147240.909091,1.460315,8.29e-4,0.001089,2.59e-4,0.022259,750,0.006206,-0.030906,0.353348,0.18483,FALSE,FALSE,FALSE,FALSE,Neutral,FALSE,15,20,40.721649,40.206186,30,30.007732,768,-0.053421081424377403,-0.05177900862011342,-0.09323207540023792,0.47619047619047616,-6.801985739170825e-4,0.015630959472516973,-0.1714100406271048,-0.6907968529595067,1,1
WBS,77.57,77.57,77.57,77.57,77.57,0,0,0,0,NA,NA,NA,NA,NA,NA,NA,NA,NA,NA,NA,NA,NA,0.002098,NA,NA,NA,0,NA,NA,NA,NA,NA,NA,NA,NA,Neutral,NA,15,50,59.278351,35.051546,NA,NA,NA,NA,NA,NA,NA,NA,NA,NA,NA,NA,NA
WDAY,186.75,198.380005,135.399994,132.259995,232.210007,-0.058625,0.379247,0.411992,-0.195771,190.9785,184.721599,157.3895,47.645788,0.419904,1.089635,-0.669731,201.2174,180.739599,0.293508,0.44126,2609863.636364,0.818551,8.29e-4,1.88e-4,-6.41e-4,0.025037,750,-0.021262,-0.123666,0.397448,-0.406577,FALSE,TRUE,TRUE,TRUE,Neutral,FALSE,100,45,91.752577,80.927835,30,78.46134,768,-0.571417464486201,-0.05238129543246517,0.3836211257757194,0.48412698412698413,0.0038937441071059684,0.04049377585106099,0.981223514990704,1.5264388207535926,1,0
WING,104.360001,109.599998,177.990005,152.509995,262.559998,-0.04781,-0.413675,-0.315717,-0.602529,105.81175,114.6081,177.283375,45.307033,-3.295978,-4.043208,0.747231,116.423134,95.200365,0.431595,0.645137,1377800,1.06743,8.29e-4,-2.01e-4,-0.001031,0.031944,750,-0.011369,-0.273782,0.507098,-0.512106,FALSE,FALSE,FALSE,FALSE,Neutral,TRUE,15,45,3.608247,5.670103,70,19.716495,768,-0.6188787101287416,-0.12736924671576344,-0.42841334168907064,0.48412698412698413,-0.002952581289080045,0.03857239739119099,-0.7440504848481714,-1.215137716857444,1,0
WLDN,73.68,87.339996,76.300003,80.339996,95.830002,-0.1564,-0.034338,-0.082898,-0.231138,80.239999,80.467199,90.851,30.701275,-2.505773,-1.414862,-1.090911,87.527586,72.952413,0.04992,0.309321,187518.181818,1.136992,8.29e-4,0.002371,0.001542,0.032967,750,-0.00449,0.359884,0.523334,0.74239,FALSE,FALSE,FALSE,FALSE,Neutral,FALSE,15,20,52.061856,25.773196,30,30.523196,768,1.0312316705381566,-0.1258698598452771,-0.061357660320211616,0.42857142857142855,-0.0014447333825738542,0.03470458743713725,-0.3640728124086113,-0.6608472579610407,1,0
WMT,104.260002,105.919998,111.839996,125.790001,101.959999,-0.015672,-0.067775,-0.171158,0.022558,107.294001,108.9346,118.38375,40.078244,-0.650327,-0.451217,-0.19911,110.57485,104.013152,0.03762,0.226897,22554904.545455,0.392261,8.29e-4,9.93e-4,1.63e-4,0.015298,750,0.001489,0.168225,0.242843,0.169634,FALSE,FALSE,FALSE,FALSE,Neutral,FALSE,15,45,42.268041,15.979381,30,29.376289,768,0.06713693744500171,-0.08185332211310037,-0.0677882826895373,0.5,-0.0012646982781807123,0.01769008275197003,-0.3187039661015395,-1.1348993131957346,1,1
WTS,359.48999,355.73999,368.549988,288.920013,278.390015,0.010541,-0.024583,0.244254,0.291318,354.915001,361.6992,323.4172,52.146665,-0.390307,-0.639676,0.249369,362.727573,347.102428,0.792797,0.169231,198622.727273,0.941304,8.29e-4,0.001135,3.05e-4,0.014384,750,0.013209,0.089254,0.228343,0.337148,TRUE,FALSE,TRUE,TRUE,Neutral,TRUE,35,85,53.092784,65.463918,70,57.520619,768,0.1582719308974987,-0.03454333769901907,-0.04804100192480798,0.5079365079365079,5.890493415258341e-4,0.016876026383717806,0.14844043406451018,0.5540918337722017,1,1
XENE,38.93,60,60.959999,56.849998,39.119999,-0.351167,-0.361384,-0.315215,-0.004857,48.2095,56.9782,53.122475,25.429613,-13.307625,-11.074966,-2.232659,68.869016,27.549984,0.275418,1.142714,2379890.909091,0.892359,8.29e-4,7.17e-4,-1.13e-4,0.031758,750,0.045004,-0.005882,0.504143,-0.056296,FALSE,FALSE,FALSE,TRUE,Oversold,FALSE,15,20,4.639175,6.185567,30,12.378866,768,-0.4110396901557428,-0.370996461398581,-0.3701939211435473,0.42063492063492064,-0.002943816414050093,0.03479009799901396,-0.7418417363406234,-1.3432453344444004,1,1
XOM,163.820007,164.550003,137.089996,160.690002,111.989998,-0.004436,0.194981,0.019479,0.462809,162.686502,160.396801,148.8646,54.6059,0.369743,0.510016,-0.140272,167.797648,157.575356,0.610886,0.249791,13974168.181818,0.192235,8.29e-4,6.22e-4,-2.07e-4,0.01658,750,0.004791,0.116609,0.263199,-0.198448,TRUE,TRUE,TRUE,TRUE,Neutral,FALSE,100,85,82.989691,37.113402,30,73.069588,768,-0.2196487662207185,-0.0016283783377241123,0.23165196751821204,0.5714285714285714,0.0016169873700025204,0.015087315251549866,0.4074808172406352,1.701354965875552,1,2
YETI,41.369999,40.16,49.689999,36.360001,33.84,0.030129,-0.167438,0.137789,0.222518,41.41,44.7238,44.41455,44.867481,-1.159232,-1.750534,0.591302,43.671629,39.148372,0.491157,0.34405,1773240.909091,1.288646,8.29e-4,2.91e-4,-5.38e-4,0.024914,750,0.006749,-0.195955,0.395505,-0.342907,FALSE,FALSE,FALSE,TRUE,Neutral,TRUE,15,45,25.257732,54.639175,70,36.005155,768,-0.4799803114567073,-0.05497407447175806,-0.19039491489038085,0.46825396825396826,-7.866256945562259e-5,0.02557727718568834,-0.019822967502816893,-0.04882183387027056,1,1
YEXT,6.62,6.53,4.95,3.76,8.43,0.013782,0.337374,0.760638,-0.214709,6.398,6.1448,5.45865,60.490655,1.489866,1.616106,-0.12624,6.636378,6.159622,0.965647,0.331323,1248409.090909,0.83055,8.29e-4,6.14e-4,-2.15e-4,0.030611,750,0.021401,-0.018765,0.485941,-0.111502,TRUE,TRUE,TRUE,TRUE,Neutral,FALSE,100,85,89.175258,92.268041,30,85.956186,768,-0.43990562056449123,0.06127389361001723,0.31739679270938037,0.5634920634920635,0.003961429295123001,0.032738289111821535,0.9982801823709964,1.9208621529602357,1,1
ZION,62.650002,66.360001,69.349998,58.130001,56.48,-0.055907,-0.096611,0.077757,0.109242,65.740001,67.9856,63.36965,31.448907,-2.484514,-2.084861,-0.399653,70.90358,60.576421,0.200789,0.206505,1527445.454545,1.232755,8.29e-4,0.001095,2.66e-4,0.019256,750,-0.001783,0.018341,0.305676,0.219159,FALSE,FALSE,FALSE,TRUE,Neutral,FALSE,15,20,38.14433,43.814433,30,29.956186,768,0.0638950567015022,-0.07653737567708896,-0.10795323163532144,0.49206349206349204,5.764023603586646e-5,0.013622366587674269,0.014525339481038348,0.06716970758955443,1,0
ZM,93.800003,94.900002,87.144997,82.360001,81.279999,-0.011591,0.076367,0.138902,0.154035,92.92275,97.0449,91.08895,50.460883,-2.206797,-2.323437,0.11664,99.893207,85.952294,0.562926,0.36123,2938981.818182,0.886678,8.29e-4,7.26e-4,-1.03e-4,0.021235,750,0.031598,-0.002351,0.337103,-0.077239,TRUE,FALSE,TRUE,TRUE,Neutral,TRUE,35,85,72.164948,55.154639,70,61.180412,768,-0.24732393589138568,-0.12066943202364733,0.05424798615217363,0.48412698412698413,5.676973295907595e-4,0.02920109824375865,0.1430597270568714,0.3086156434627212,1,3
ZNTL,2.605,3.71,4.46,2.63,1.54,-0.297844,-0.415919,-0.009506,0.691558,3.2035,3.7918,3.4111,27.892571,-10.434143,-9.157414,-1.276729,4.164261,2.242739,0.188528,0.692912,1231213.636364,1.677957,8.29e-4,-4.09e-4,-0.001238,0.066831,750,-0.06135,-0.453767,1.060914,-0.294143,FALSE,FALSE,FALSE,TRUE,Oversold,FALSE,15,20,3.092784,33.505155,30,17.378866,768,-0.9373578647758741,-0.3127192956642344,-0.4341726926203835,0.49206349206349204,0.0016639505061320768,0.08542661650401694,0.41931552754528334,0.30920568412809757,1,0
ZS,198.779999,178.369995,147.330002,138.559998,304.529999,0.114425,0.349216,0.434613,-0.347256,190.551749,177.9505,166.5901,56.319908,3.93457,4.292295,-0.357726,224.106039,156.99746,0.622611,0.793956,3753040.909091,1.320595,8.29e-4,8.65e-4,3.5e-5,0.029517,750,-0.004993,-0.058148,0.468573,0.018915,TRUE,TRUE,TRUE,TRUE,Neutral,FALSE,100,85,90.206186,82.474227,30,84.306701,768,-0.26214667676507275,0.08452808883371743,0.3285377818194779,0.5634920634920635,0.0035049213533407896,0.04915367808728134,0.883240181041879,1.131937705574769,1,0
