symbol,date,close
AAPL,2024-09-03,222.77
AMD,2024-09-03,136.94
AMZN,2024-09-03,176.25
CRM,2024-09-03,248.06
CRWD,2024-09-03,66.65
DUOL,2024-09-03,206.36
GOOGL,2024-09-03,157.36
JPM,2024-09-03,220.3
META,2024-09-03,511.76
MSFT,2024-09-03,409.44
NVDA,2024-09-03,108
PANW,2024-09-03,177.535
SPY,2024-09-03,552.08
TSLA,2024-09-03,210.6
UNH,2024-09-03,598.68
WMT,2024-09-03,77.17
XOM,2024-09-03,115.47
AAPL,2024-09-04,220.85
AMD,2024-09-04,140.87
AMZN,2024-09-04,173.33
CRM,2024-09-04,247.68
CRWD,2024-09-04,64.83
DUOL,2024-09-04,206.8
GOOGL,2024-09-04,156.45
JPM,2024-09-04,219.33
META,2024-09-04,512.74
MSFT,2024-09-04,408.9
NVDA,2024-09-04,106.21
PANW,2024-09-04,173.075
SPY,2024-09-04,550.95
TSLA,2024-09-04,219.41
UNH,2024-09-04,604.18
WMT,2024-09-04,77.24
XOM,2024-09-04,114.06
AAPL,2024-09-05,222.38
AMD,2024-09-05,139.44
AMZN,2024-09-05,177.89
CRM,2024-09-05,246.12
CRWD,2024-09-05,64.1075
DUOL,2024-09-05,210.26
GOOGL,2024-09-05,157.24
JPM,2024-09-05,217.63
META,2024-09-05,516.86
MSFT,2024-09-05,408.39
NVDA,2024-09-05,107.21
PANW,2024-09-05,171.87
SPY,2024-09-05,549.61
TSLA,2024-09-05,230.17
UNH,2024-09-05,595.49
WMT,2024-09-05,76.96
XOM,2024-09-05,113.17
AAPL,2024-09-06,220.82
AMD,2024-09-06,134.35
AMZN,2024-09-06,171.39
CRM,2024-09-06,243.97
CRWD,2024-09-06,61.5975
DUOL,2024-09-06,208.26
GOOGL,2024-09-06,150.92
JPM,2024-09-06,212.46
META,2024-09-06,500.27
MSFT,2024-09-06,401.7
NVDA,2024-09-06,102.83
PANW,2024-09-06,167.91
SPY,2024-09-06,540.36
TSLA,2024-09-06,210.73
UNH,2024-09-06,596.88
WMT,2024-09-06,76.64
XOM,2024-09-06,112.64
AAPL,2024-09-09,220.91
AMD,2024-09-09,138.15
AMZN,2024-09-09,175.4
CRM,2024-09-09,245.76
CRWD,2024-09-09,61.645
DUOL,2024-09-09,217.1
GOOGL,2024-09-09,148.71
JPM,2024-09-09,216.81
META,2024-09-09,504.79
MSFT,2024-09-09,405.72
NVDA,2024-09-09,106.47
PANW,2024-09-09,172.025
SPY,2024-09-09,546.41
TSLA,2024-09-09,216.27
UNH,2024-09-09,594.1
WMT,2024-09-09,77.34
XOM,2024-09-09,115.01
AAPL,2024-09-10,220.11
AMD,2024-09-10,142.84
AMZN,2024-09-10,179.55
CRM,2024-09-10,246.16
CRWD,2024-09-10,61.935
DUOL,2024-09-10,217.11
GOOGL,2024-09-10,148.66
JPM,2024-09-10,205.56
META,2024-09-10,504.79
MSFT,2024-09-10,414.2
NVDA,2024-09-10,108.1
PANW,2024-09-10,173.79
SPY,2024-09-10,548.79
TSLA,2024-09-10,226.17
UNH,2024-09-10,599.03
WMT,2024-09-10,78.81
XOM,2024-09-10,110.82
AAPL,2024-09-11,222.66
AMD,2024-09-11,149.86
AMZN,2024-09-11,184.52
CRM,2024-09-11,249.57
CRWD,2024-09-11,63.3825
DUOL,2024-09-11,223.18
GOOGL,2024-09-11,151.16
JPM,2024-09-11,207.23
META,2024-09-11,511.83
MSFT,2024-09-11,423.04
NVDA,2024-09-11,116.91
PANW,2024-09-11,170.885
SPY,2024-09-11,554.42
TSLA,2024-09-11,228.13
UNH,2024-09-11,589.75
WMT,2024-09-11,78.84
XOM,2024-09-11,109.72
AAPL,2024-09-12,222.77
AMD,2024-09-12,150.77
AMZN,2024-09-12,187
CRM,2024-09-12,253.37
CRWD,2024-09-12,64.275
DUOL,2024-09-12,228.96
GOOGL,2024-09-12,154.69
JPM,2024-09-12,206.6
META,2024-09-12,525.6
MSFT,2024-09-12,427
NVDA,2024-09-12,119.14
PANW,2024-09-12,172.58
SPY,2024-09-12,559.09
TSLA,2024-09-12,229.81
UNH,2024-09-12,588.42
WMT,2024-09-12,79.66
XOM,2024-09-12,111.23
AAPL,2024-09-13,222.5
AMD,2024-09-13,152.31
AMZN,2024-09-13,186.49
CRM,2024-09-13,254.57
CRWD,2024-09-13,64.7825
DUOL,2024-09-13,228.73
GOOGL,2024-09-13,157.46
JPM,2024-09-13,204.32
META,2024-09-13,524.62
MSFT,2024-09-13,430.59
NVDA,2024-09-13,119.1
PANW,2024-09-13,173.45
SPY,2024-09-13,562.01
TSLA,2024-09-13,230.29
UNH,2024-09-13,594.32
WMT,2024-09-13,80.6
XOM,2024-09-13,111.15
AAPL,2024-09-16,216.32
AMD,2024-09-16,152.08
AMZN,2024-09-16,184.89
CRM,2024-09-16,256.91
CRWD,2024-09-16,66.9525
DUOL,2024-09-16,234
GOOGL,2024-09-16,158.06
JPM,2024-09-16,207.86
META,2024-09-16,533.28
MSFT,2024-09-16,431.34
NVDA,2024-09-16,116.78
PANW,2024-09-16,173.055
SPY,2024-09-16,562.84
TSLA,2024-09-16,226.78
UNH,2024-09-16,589.14
WMT,2024-09-16,80.56
XOM,2024-09-16,112.71
AAPL,2024-09-17,216.79
AMD,2024-09-17,150.82
AMZN,2024-09-17,186.88
CRM,2024-09-17,255.19
CRWD,2024-09-17,67.18
DUOL,2024-09-17,242.48
GOOGL,2024-09-17,159.32
JPM,2024-09-17,209.25
META,2024-09-17,536.32
MSFT,2024-09-17,435.15
NVDA,2024-09-17,115.59
PANW,2024-09-17,168.965
SPY,2024-09-17,563.07
TSLA,2024-09-17,227.87
UNH,2024-09-17,577.96
WMT,2024-09-17,78.6
XOM,2024-09-17,114.18
AAPL,2024-09-18,220.69
AMD,2024-09-18,148.29
AMZN,2024-09-18,186.43
CRM,2024-09-18,252.43
CRWD,2024-09-18,66.78
DUOL,2024-09-18,250.23
GOOGL,2024-09-18,159.81
JPM,2024-09-18,207.53
META,2024-09-18,537.95
MSFT,2024-09-18,430.81
NVDA,2024-09-18,113.37
PANW,2024-09-18,164.875
SPY,2024-09-18,561.4
TSLA,2024-09-18,227.2
UNH,2024-09-18,580.65
WMT,2024-09-18,79.03
XOM,2024-09-18,114.58
AAPL,2024-09-19,228.87
AMD,2024-09-19,156.74
AMZN,2024-09-19,189.87
CRM,2024-09-19,265.99
CRWD,2024-09-19,69.345
DUOL,2024-09-19,264
GOOGL,2024-09-19,162.14
JPM,2024-09-19,210.48
META,2024-09-19,559.1
MSFT,2024-09-19,438.69
NVDA,2024-09-19,117.87
PANW,2024-09-19,166.8
SPY,2024-09-19,570.98
TSLA,2024-09-19,243.92
UNH,2024-09-19,577.07
WMT,2024-09-19,78.04
XOM,2024-09-19,116
AAPL,2024-09-20,228.2
AMD,2024-09-20,155.95
AMZN,2024-09-20,191.6
CRM,2024-09-20,266.8
CRWD,2024-09-20,74.9625
DUOL,2024-09-20,268.34
GOOGL,2024-09-20,163.59
JPM,2024-09-20,211.09
META,2024-09-20,561.35
MSFT,2024-09-20,435.27
NVDA,2024-09-20,116
PANW,2024-09-20,170.06
SPY,2024-09-20,568.25
TSLA,2024-09-20,238.25
UNH,2024-09-20,575
WMT,2024-09-20,79.06
XOM,2024-09-20,115.27
AAPL,2024-09-23,226.47
AMD,2024-09-23,156.75
AMZN,2024-09-23,193.88
CRM,2024-09-23,264.21
CRWD,2024-09-23,73.285
DUOL,2024-09-23,270.27
GOOGL,2024-09-23,161.85
JPM,2024-09-23,211.44
META,2024-09-23,564.41
MSFT,2024-09-23,433.51
NVDA,2024-09-23,116.26
PANW,2024-09-23,172.085
SPY,2024-09-23,569.67
TSLA,2024-09-23,250
UNH,2024-09-23,573.41
WMT,2024-09-23,80.33
XOM,2024-09-23,117.36
AAPL,2024-09-24,227.37
AMD,2024-09-24,158.32
AMZN,2024-09-24,193.96
CRM,2024-09-24,270.44
CRWD,2024-09-24,72.135
DUOL,2024-09-24,269.79
GOOGL,2024-09-24,162.29
JPM,2024-09-24,211.59
META,2024-09-24,563.33
MSFT,2024-09-24,429.17
NVDA,2024-09-24,120.87
PANW,2024-09-24,171.76
SPY,2024-09-24,571.3
TSLA,2024-09-24,254.27
UNH,2024-09-24,575.19
WMT,2024-09-24,80.67
XOM,2024-09-24,117.05
AAPL,2024-09-25,226.37
AMD,2024-09-25,162.02
AMZN,2024-09-25,192.53
CRM,2024-09-25,274.09
CRWD,2024-09-25,71.6175
DUOL,2024-09-25,287.54
GOOGL,2024-09-25,161.49
JPM,2024-09-25,210.19
META,2024-09-25,568.31
MSFT,2024-09-25,432.11
NVDA,2024-09-25,123.51
PANW,2024-09-25,170.255
SPY,2024-09-25,570.04
TSLA,2024-09-25,257.02
UNH,2024-09-25,576.31
WMT,2024-09-25,81.4
XOM,2024-09-25,114.77
AAPL,2024-09-26,227.52
AMD,2024-09-26,167.49
AMZN,2024-09-26,191.16
CRM,2024-09-26,275.76
CRWD,2024-09-26,70.37
DUOL,2024-09-26,277.96
GOOGL,2024-09-26,162.73
JPM,2024-09-26,209.78
META,2024-09-26,567.84
MSFT,2024-09-26,431.31
NVDA,2024-09-26,124.04
PANW,2024-09-26,169.365
SPY,2024-09-26,572.3
TSLA,2024-09-26,254.22
UNH,2024-09-26,574.81
WMT,2024-09-26,79.92
XOM,2024-09-26,112.8
AAPL,2024-09-27,227.79
AMD,2024-09-27,164.35
AMZN,2024-09-27,187.97
CRM,2024-09-27,276.64
CRWD,2024-09-27,71.465
DUOL,2024-09-27,278.03
GOOGL,2024-09-27,163.95
JPM,2024-09-27,210.5
META,2024-09-27,567.36
MSFT,2024-09-27,428.02
NVDA,2024-09-27,121.4
PANW,2024-09-27,167.875
SPY,2024-09-27,571.47
TSLA,2024-09-27,260.46
UNH,2024-09-27,581.85
WMT,2024-09-27,79.78
XOM,2024-09-27,115.82
AAPL,2024-09-30,233
AMD,2024-09-30,164.08
AMZN,2024-09-30,186.33
CRM,2024-09-30,273.71
CRWD,2024-09-30,70.1175
DUOL,2024-09-30,282.02
GOOGL,2024-09-30,165.85
JPM,2024-09-30,210.86
META,2024-09-30,572.44
MSFT,2024-09-30,430.3
NVDA,2024-09-30,121.44
PANW,2024-09-30,170.9
SPY,2024-09-30,573.76
TSLA,2024-09-30,261.63
UNH,2024-09-30,584.68
WMT,2024-09-30,80.75
XOM,2024-09-30,117.22
AAPL,2024-10-01,226.21
AMD,2024-10-01,159.75
AMZN,2024-10-01,185.13
CRM,2024-10-01,270.87
CRWD,2024-10-01,68.7875
DUOL,2024-10-01,280.66
GOOGL,2024-10-01,166.99
JPM,2024-10-01,207.04
META,2024-10-01,576.47
MSFT,2024-10-01,420.69
NVDA,2024-10-01,117
PANW,2024-10-01,164.645
SPY,2024-10-01,568.62
TSLA,2024-10-01,258.02
UNH,2024-10-01,583.3
WMT,2024-10-01,81.27
XOM,2024-10-01,119.93
AAPL,2024-10-02,226.78
AMD,2024-10-02,159.78
AMZN,2024-10-02,184.76
CRM,2024-10-02,279.48
CRWD,2024-10-02,70.06
DUOL,2024-10-02,285.42
GOOGL,2024-10-02,165.86
JPM,2024-10-02,207.29
META,2024-10-02,572.81
MSFT,2024-10-02,417.13
NVDA,2024-10-02,118.85
PANW,2024-10-02,166.065
SPY,2024-10-02,568.86
TSLA,2024-10-02,249.02
UNH,2024-10-02,592.31
WMT,2024-10-02,80.43
XOM,2024-10-02,121.52
AAPL,2024-10-03,225.67
AMD,2024-10-03,162.85
AMZN,2024-10-03,181.96
CRM,2024-10-03,280.91
CRWD,2024-10-03,70.9375
DUOL,2024-10-03,283.66
GOOGL,2024-10-03,165.86
JPM,2024-10-03,205.23
META,2024-10-03,582.77
MSFT,2024-10-03,416.54
NVDA,2024-10-03,122.85
PANW,2024-10-03,167.97
SPY,2024-10-03,567.82
TSLA,2024-10-03,240.66
UNH,2024-10-03,592.75
WMT,2024-10-03,80.43
XOM,2024-10-03,122.58
AAPL,2024-10-04,226.8
AMD,2024-10-04,170.9
AMZN,2024-10-04,186.51
CRM,2024-10-04,287.75
CRWD,2024-10-04,73.06
DUOL,2024-10-04,283.49
GOOGL,2024-10-04,167.06
JPM,2024-10-04,211.22
META,2024-10-04,595.94
MSFT,2024-10-04,416.06
NVDA,2024-10-04,124.92
PANW,2024-10-04,171.18
SPY,2024-10-04,572.98
TSLA,2024-10-04,250.08
UNH,2024-10-04,591.2
WMT,2024-10-04,80.94
XOM,2024-10-04,124.83
AAPL,2024-10-07,221.69
AMD,2024-10-07,170.97
AMZN,2024-10-07,180.8
CRM,2024-10-07,284.57
CRWD,2024-10-07,71.7425
DUOL,2024-10-07,279.75
GOOGL,2024-10-07,162.98
JPM,2024-10-07,210.93
META,2024-10-07,584.78
MSFT,2024-10-07,409.54
NVDA,2024-10-07,127.72
PANW,2024-10-07,168.97
SPY,2024-10-07,567.8
TSLA,2024-10-07,240.83
UNH,2024-10-07,583.56
WMT,2024-10-07,79.1
XOM,2024-10-07,125.37
AAPL,2024-10-08,225.77
AMD,2024-10-08,172.8
AMZN,2024-10-08,182.72
CRM,2024-10-08,291.57
CRWD,2024-10-08,73.2525
DUOL,2024-10-08,284.95
GOOGL,2024-10-08,164.38
JPM,2024-10-08,210.75
META,2024-10-08,592.89
MSFT,2024-10-08,414.71
NVDA,2024-10-08,132.89
PANW,2024-10-08,177.565
SPY,2024-10-08,573.17
TSLA,2024-10-08,244.5
UNH,2024-10-08,581.58
WMT,2024-10-08,79.71
XOM,2024-10-08,122.04
AAPL,2024-10-09,229.54
AMD,2024-10-09,171.02
AMZN,2024-10-09,185.17
CRM,2024-10-09,287.92
CRWD,2024-10-09,74.585
DUOL,2024-10-09,291.97
GOOGL,2024-10-09,161.86
JPM,2024-10-09,213.42
META,2024-10-09,590.51
MSFT,2024-10-09,417.46
NVDA,2024-10-09,132.65
PANW,2024-10-09,181.435
SPY,2024-10-09,577.14
TSLA,2024-10-09,241.05
UNH,2024-10-09,591.22
WMT,2024-10-09,80.4
XOM,2024-10-09,122.09
AAPL,2024-10-10,229.04
AMD,2024-10-10,164.18
AMZN,2024-10-10,186.65
CRM,2024-10-10,290.17
CRWD,2024-10-10,78.73
DUOL,2024-10-10,290.28
GOOGL,2024-10-10,162.08
JPM,2024-10-10,212.84
META,2024-10-10,583.83
MSFT,2024-10-10,415.84
NVDA,2024-10-10,134.81
PANW,2024-10-10,184.7
SPY,2024-10-10,576.13
TSLA,2024-10-10,238.77
UNH,2024-10-10,597.7
WMT,2024-10-10,79.61
XOM,2024-10-10,123.14
AAPL,2024-10-11,227.55
AMD,2024-10-11,167.89
AMZN,2024-10-11,188.82
CRM,2024-10-11,288.1
CRWD,2024-10-11,80.0525
DUOL,2024-10-11,289.75
GOOGL,2024-10-11,163.24
JPM,2024-10-11,222.29
META,2024-10-11,589.95
MSFT,2024-10-11,416.32
NVDA,2024-10-11,134.8
PANW,2024-10-11,186.6
SPY,2024-10-11,579.58
TSLA,2024-10-11,217.8
UNH,2024-10-11,598.05
WMT,2024-10-11,80.1
XOM,2024-10-11,123.61
AAPL,2024-10-14,231.3
AMD,2024-10-14,165.27
AMZN,2024-10-14,187.54
CRM,2024-10-14,291.64
CRWD,2024-10-14,77.63
DUOL,2024-10-14,288.26
GOOGL,2024-10-14,164.96
JPM,2024-10-14,221.48
META,2024-10-14,590.42
MSFT,2024-10-14,419.14
NVDA,2024-10-14,138.07
PANW,2024-10-14,186.955
SPY,2024-10-14,584.32
TSLA,2024-10-14,219.16
UNH,2024-10-14,605.4
WMT,2024-10-14,80.29
XOM,2024-10-14,124.08
AAPL,2024-10-15,233.85
AMD,2024-10-15,156.64
AMZN,2024-10-15,187.69
CRM,2024-10-15,288.35
CRWD,2024-10-15,75.5775
DUOL,2024-10-15,290.59
GOOGL,2024-10-15,165.46
JPM,2024-10-15,222.39
META,2024-10-15,586.27
MSFT,2024-10-15,418.74
NVDA,2024-10-15,131.6
PANW,2024-10-15,187.22
SPY,2024-10-15,579.78
TSLA,2024-10-15,219.57
UNH,2024-10-15,556.29
WMT,2024-10-15,81.65
XOM,2024-10-15,120.35
AAPL,2024-10-16,231.78
AMD,2024-10-16,156.13
AMZN,2024-10-16,186.89
CRM,2024-10-16,290.86
CRWD,2024-10-16,76.56
DUOL,2024-10-16,286.5
GOOGL,2024-10-16,165.16
JPM,2024-10-16,223.64
META,2024-10-16,576.79
MSFT,2024-10-16,416.12
NVDA,2024-10-16,135.72
PANW,2024-10-16,186.615
SPY,2024-10-16,582.3
TSLA,2024-10-16,221.33
UNH,2024-10-16,571.34
WMT,2024-10-16,81.22
XOM,2024-10-16,120.66
AAPL,2024-10-17,232.15
AMD,2024-10-17,156.25
AMZN,2024-10-17,187.53
CRM,2024-10-17,291.11
CRWD,2024-10-17,77.585
DUOL,2024-10-17,287.65
GOOGL,2024-10-17,162.93
JPM,2024-10-17,224.42
META,2024-10-17,576.93
MSFT,2024-10-17,416.72
NVDA,2024-10-17,136.93
PANW,2024-10-17,188.075
SPY,2024-10-17,582.35
TSLA,2024-10-17,220.89
UNH,2024-10-17,566.03
WMT,2024-10-17,80.89
XOM,2024-10-17,120.35
AAPL,2024-10-18,235
AMD,2024-10-18,155.97
AMZN,2024-10-18,188.99
CRM,2024-10-18,292.94
CRWD,2024-10-18,77.5375
DUOL,2024-10-18,286.12
GOOGL,2024-10-18,163.42
JPM,2024-10-18,225.37
META,2024-10-18,576.47
MSFT,2024-10-18,418.16
NVDA,2024-10-18,138
PANW,2024-10-18,187.415
SPY,2024-10-18,584.59
TSLA,2024-10-18,220.7
UNH,2024-10-18,569.61
WMT,2024-10-18,81.31
XOM,2024-10-18,120.01
AAPL,2024-10-21,236.48
AMD,2024-10-21,157.9
AMZN,2024-10-21,189.07
CRM,2024-10-21,291.29
CRWD,2024-10-21,77.3875
DUOL,2024-10-21,288.06
GOOGL,2024-10-21,164.07
JPM,2024-10-21,223
META,2024-10-21,575.16
MSFT,2024-10-21,418.78
NVDA,2024-10-21,143.71
PANW,2024-10-21,189.205
SPY,2024-10-21,583.63
TSLA,2024-10-21,218.85
UNH,2024-10-21,571.47
WMT,2024-10-21,80.81
XOM,2024-10-21,120.08
AAPL,2024-10-22,235.86
AMD,2024-10-22,154.09
AMZN,2024-10-22,189.7
CRM,2024-10-22,288.33
CRWD,2024-10-22,77.1275
DUOL,2024-10-22,281.3
GOOGL,2024-10-22,165.14
JPM,2024-10-22,224.12
META,2024-10-22,582.01
MSFT,2024-10-22,427.51
NVDA,2024-10-22,143.59
PANW,2024-10-22,188.05
SPY,2024-10-22,583.32
TSLA,2024-10-22,217.97
UNH,2024-10-22,569.86
WMT,2024-10-22,82.02
XOM,2024-10-22,120.7
AAPL,2024-10-23,230.76
AMD,2024-10-23,152.91
AMZN,2024-10-23,184.71
CRM,2024-10-23,284.43
CRWD,2024-10-23,74.825
DUOL,2024-10-23,279.93
GOOGL,2024-10-23,162.78
JPM,2024-10-23,223.41
META,2024-10-23,563.69
MSFT,2024-10-23,424.6
NVDA,2024-10-23,139.56
PANW,2024-10-23,179.095
SPY,2024-10-23,577.99
TSLA,2024-10-23,213.65
UNH,2024-10-23,564.64
WMT,2024-10-23,83.27
XOM,2024-10-23,120.27
AAPL,2024-10-24,230.57
AMD,2024-10-24,153.44
AMZN,2024-10-24,186.38
CRM,2024-10-24,286.76
CRWD,2024-10-24,76.1175
DUOL,2024-10-24,281.4
GOOGL,2024-10-24,162.72
JPM,2024-10-24,224.98
META,2024-10-24,567.78
MSFT,2024-10-24,424.73
NVDA,2024-10-24,140.41
PANW,2024-10-24,182.29
SPY,2024-10-24,579.24
TSLA,2024-10-24,260.48
UNH,2024-10-24,560.81
WMT,2024-10-24,83.04
XOM,2024-10-24,119.59
AAPL,2024-10-25,231.41
AMD,2024-10-25,156.23
AMZN,2024-10-25,187.83
CRM,2024-10-25,290.46
CRWD,2024-10-25,75.155
DUOL,2024-10-25,291.61
GOOGL,2024-10-25,165.27
JPM,2024-10-25,222.31
META,2024-10-25,573.25
MSFT,2024-10-25,428.15
NVDA,2024-10-25,141.54
PANW,2024-10-25,183.22
SPY,2024-10-25,579.04
TSLA,2024-10-25,269.19
UNH,2024-10-25,564.56
WMT,2024-10-25,82.51
XOM,2024-10-25,119.49
AAPL,2024-10-28,233.4
AMD,2024-10-28,159.92
AMZN,2024-10-28,188.39
CRM,2024-10-28,293.77
CRWD,2024-10-28,75.33
DUOL,2024-10-28,290.24
GOOGL,2024-10-28,166.72
JPM,2024-10-28,225.5
META,2024-10-28,578.16
MSFT,2024-10-28,426.59
NVDA,2024-10-28,140.52
PANW,2024-10-28,181.175
SPY,2024-10-28,580.83
TSLA,2024-10-28,262.51
UNH,2024-10-28,565.24
WMT,2024-10-28,82.75
XOM,2024-10-28,118.9
AAPL,2024-10-29,233.67
AMD,2024-10-29,166.25
AMZN,2024-10-29,190.83
CRM,2024-10-29,298.89
CRWD,2024-10-29,77.735
DUOL,2024-10-29,294.81
GOOGL,2024-10-29,169.68
JPM,2024-10-29,222.9
META,2024-10-29,593.28
MSFT,2024-10-29,431.95
NVDA,2024-10-29,141.25
PANW,2024-10-29,182.695
SPY,2024-10-29,581.77
TSLA,2024-10-29,259.52
UNH,2024-10-29,562.13
WMT,2024-10-29,81.7
XOM,2024-10-29,117.28
AAPL,2024-10-30,230.1
AMD,2024-10-30,148.6
AMZN,2024-10-30,192.73
CRM,2024-10-30,296.4
CRWD,2024-10-30,76.8625
DUOL,2024-10-30,299.97
GOOGL,2024-10-30,174.46
JPM,2024-10-30,224.41
META,2024-10-30,591.8
MSFT,2024-10-30,432.53
NVDA,2024-10-30,139.34
PANW,2024-10-30,179.755
SPY,2024-10-30,580.01
TSLA,2024-10-30,257.55
UNH,2024-10-30,562.96
WMT,2024-10-30,81.39
XOM,2024-10-30,116.69
AAPL,2024-10-31,225.91
AMD,2024-10-31,144.07
AMZN,2024-10-31,186.4
CRM,2024-10-31,291.37
CRWD,2024-10-31,74.2175
DUOL,2024-10-31,292.97
GOOGL,2024-10-31,171.11
JPM,2024-10-31,221.92
META,2024-10-31,567.58
MSFT,2024-10-31,406.35
NVDA,2024-10-31,132.76
PANW,2024-10-31,180.165
SPY,2024-10-31,568.64
TSLA,2024-10-31,249.85
UNH,2024-10-31,564.5
WMT,2024-10-31,81.95
XOM,2024-10-31,116.78
AAPL,2024-11-01,222.91
AMD,2024-11-01,141.86
AMZN,2024-11-01,197.93
CRM,2024-11-01,294.72
CRWD,2024-11-01,75.7825
DUOL,2024-11-01,293.68
GOOGL,2024-11-01,171.29
JPM,2024-11-01,222.94
META,2024-11-01,567.16
MSFT,2024-11-01,410.37
NVDA,2024-11-01,135.4
PANW,2024-11-01,181.32
SPY,2024-11-01,571.04
TSLA,2024-11-01,248.98
UNH,2024-11-01,567.56
WMT,2024-11-01,82.19
XOM,2024-11-01,114.95
AAPL,2024-11-04,222.01
AMD,2024-11-04,140.71
AMZN,2024-11-04,195.78
CRM,2024-11-04,298.01
CRWD,2024-11-04,74.72
DUOL,2024-11-04,290.65
GOOGL,2024-11-04,169.24
JPM,2024-11-04,219.78
META,2024-11-04,560.68
MSFT,2024-11-04,408.46
NVDA,2024-11-04,136.05
PANW,2024-11-04,180.56
SPY,2024-11-04,569.81
TSLA,2024-11-04,242.84
UNH,2024-11-04,557.77
WMT,2024-11-04,82.45
XOM,2024-11-04,118.61
AAPL,2024-11-05,223.45
AMD,2024-11-05,141.66
AMZN,2024-11-05,199.5
CRM,2024-11-05,297.49
CRWD,2024-11-05,76.895
DUOL,2024-11-05,303
GOOGL,2024-11-05,169.74
JPM,2024-11-05,221.49
META,2024-11-05,572.43
MSFT,2024-11-05,411.46
NVDA,2024-11-05,139.91
PANW,2024-11-05,183.145
SPY,2024-11-05,576.7
TSLA,2024-11-05,251.44
UNH,2024-11-05,567.03
WMT,2024-11-05,83.68
XOM,2024-11-05,118.96
AAPL,2024-11-06,222.72
AMD,2024-11-06,145.1
AMZN,2024-11-06,207.09
CRM,2024-11-06,306.9
CRWD,2024-11-06,80
DUOL,2024-11-06,318.85
GOOGL,2024-11-06,176.51
JPM,2024-11-06,247.06
META,2024-11-06,572.05
MSFT,2024-11-06,420.18
NVDA,2024-11-06,145.61
PANW,2024-11-06,192.59
SPY,2024-11-06,591.04
TSLA,2024-11-06,288.53
UNH,2024-11-06,596.69
WMT,2024-11-06,83.44
XOM,2024-11-06,121
AAPL,2024-11-07,227.48
AMD,2024-11-07,149.82
AMZN,2024-11-07,210.05
CRM,2024-11-07,310.78
CRWD,2024-11-07,82.695
DUOL,2024-11-07,315.82
GOOGL,2024-11-07,180.75
JPM,2024-11-07,236.38
META,2024-11-07,591.7
MSFT,2024-11-07,425.43
NVDA,2024-11-07,148.88
PANW,2024-11-07,193.5
SPY,2024-11-07,595.61
TSLA,2024-11-07,296.91
UNH,2024-11-07,605.45
WMT,2024-11-07,83.85
XOM,2024-11-07,121.15
AAPL,2024-11-08,226.96
AMD,2024-11-08,147.95
AMZN,2024-11-08,208.18
CRM,2024-11-08,321.95
CRWD,2024-11-08,82.5075
DUOL,2024-11-08,326.89
GOOGL,2024-11-08,178.35
JPM,2024-11-08,236.98
META,2024-11-08,589.34
MSFT,2024-11-08,422.54
NVDA,2024-11-08,147.63
PANW,2024-11-08,195.7
SPY,2024-11-08,598.19
TSLA,2024-11-08,321.22
UNH,2024-11-08,615.81
WMT,2024-11-08,84.83
XOM,2024-11-08,121.11
AAPL,2024-11-11,224.23
AMD,2024-11-11,147.35
AMZN,2024-11-11,206.84
CRM,2024-11-11,341.73
CRWD,2024-11-11,85.605
DUOL,2024-11-11,318.23
GOOGL,2024-11-11,180.35
JPM,2024-11-11,239.29
META,2024-11-11,583.17
MSFT,2024-11-11,418.01
NVDA,2024-11-11,145.26
PANW,2024-11-11,199.05
SPY,2024-11-11,598.76
TSLA,2024-11-11,350
UNH,2024-11-11,625.25
WMT,2024-11-11,84.21
XOM,2024-11-11,120.47
AAPL,2024-11-12,224.23
AMD,2024-11-12,143.63
AMZN,2024-11-12,208.91
CRM,2024-11-12,341.15
CRWD,2024-11-12,85.875
DUOL,2024-11-12,314.33
GOOGL,2024-11-12,181.62
JPM,2024-11-12,239.56
META,2024-11-12,584.82
MSFT,2024-11-12,423.03
NVDA,2024-11-12,148.29
PANW,2024-11-12,199.01
SPY,2024-11-12,596.9
TSLA,2024-11-12,328.49
UNH,2024-11-12,614.67
WMT,2024-11-12,84.99
XOM,2024-11-12,120.35
AAPL,2024-11-13,225.12
AMD,2024-11-13,139.3
AMZN,2024-11-13,214.1
CRM,2024-11-13,341.72
CRWD,2024-11-13,86.97
DUOL,2024-11-13,323.43
GOOGL,2024-11-13,178.88
JPM,2024-11-13,241.16
META,2024-11-13,580
MSFT,2024-11-13,425.2
NVDA,2024-11-13,146.27
PANW,2024-11-13,201.18
SPY,2024-11-13,597.19
TSLA,2024-11-13,330.24
UNH,2024-11-13,605.87
WMT,2024-11-13,85.5
XOM,2024-11-13,121.47
AAPL,2024-11-14,228.22
AMD,2024-11-14,138.84
AMZN,2024-11-14,211.48
CRM,2024-11-14,331.65
CRWD,2024-11-14,86.09
DUOL,2024-11-14,322.57
GOOGL,2024-11-14,175.58
JPM,2024-11-14,241.87
META,2024-11-14,577.16
MSFT,2024-11-14,426.89
NVDA,2024-11-14,146.76
PANW,2024-11-14,197.195
SPY,2024-11-14,593.35
TSLA,2024-11-14,311.18
UNH,2024-11-14,593.15
WMT,2024-11-14,84.47
XOM,2024-11-14,120.56
AAPL,2024-11-15,225
AMD,2024-11-15,134.9
AMZN,2024-11-15,202.61
CRM,2024-11-15,325.26
CRWD,2024-11-15,84.1875
DUOL,2024-11-15,307.32
GOOGL,2024-11-15,172.49
JPM,2024-11-15,245.31
META,2024-11-15,554.08
MSFT,2024-11-15,415
NVDA,2024-11-15,141.98
PANW,2024-11-15,193.5
SPY,2024-11-15,585.75
TSLA,2024-11-15,320.72
UNH,2024-11-15,592.23
WMT,2024-11-15,84.25
XOM,2024-11-15,119.31
AAPL,2024-11-18,228.02
AMD,2024-11-18,138.93
AMZN,2024-11-18,201.7
CRM,2024-11-18,322.25
CRWD,2024-11-18,85.7425
DUOL,2024-11-18,306.92
GOOGL,2024-11-18,175.3
JPM,2024-11-18,245.03
META,2024-11-18,554.4
MSFT,2024-11-18,415.76
NVDA,2024-11-18,140.15
PANW,2024-11-18,193.415
SPY,2024-11-18,588.15
TSLA,2024-11-18,338.74
UNH,2024-11-18,589.65
WMT,2024-11-18,84.08
XOM,2024-11-18,120.31
AAPL,2024-11-19,228.28
AMD,2024-11-19,139.39
AMZN,2024-11-19,204.61
CRM,2024-11-19,323.43
CRWD,2024-11-19,88.3225
DUOL,2024-11-19,322.07
GOOGL,2024-11-19,178.12
JPM,2024-11-19,243.09
META,2024-11-19,561.09
MSFT,2024-11-19,417.79
NVDA,2024-11-19,147.01
PANW,2024-11-19,194.03
SPY,2024-11-19,590.3
TSLA,2024-11-19,346
UNH,2024-11-19,577
WMT,2024-11-19,86.6
XOM,2024-11-19,118.63
AAPL,2024-11-20,229
AMD,2024-11-20,137.6
AMZN,2024-11-20,202.88
CRM,2024-11-20,325.7
CRWD,2024-11-20,87.5375
DUOL,2024-11-20,331.14
GOOGL,2024-11-20,175.98
JPM,2024-11-20,240.78
META,2024-11-20,565.52
MSFT,2024-11-20,415.49
NVDA,2024-11-20,145.89
PANW,2024-11-20,196.445
SPY,2024-11-20,590.5
TSLA,2024-11-20,342.03
UNH,2024-11-20,600.5
WMT,2024-11-20,87.18
XOM,2024-11-20,120.32
AAPL,2024-11-21,228.52
AMD,2024-11-21,137.49
AMZN,2024-11-21,198.38
CRM,2024-11-21,335.78
CRWD,2024-11-21,89.3875
DUOL,2024-11-21,341.6
GOOGL,2024-11-21,167.63
JPM,2024-11-21,244.76
META,2024-11-21,563.09
MSFT,2024-11-21,412.87
NVDA,2024-11-21,146.67
PANW,2024-11-21,198.85
SPY,2024-11-21,593.67
TSLA,2024-11-21,339.64
UNH,2024-11-21,597.49
WMT,2024-11-21,88.39
XOM,2024-11-21,121.93
AAPL,2024-11-22,229.87
AMD,2024-11-22,138.35
AMZN,2024-11-22,197.12
CRM,2024-11-22,342.02
CRWD,2024-11-22,93.065
DUOL,2024-11-22,351.97
GOOGL,2024-11-22,164.76
JPM,2024-11-22,248.55
META,2024-11-22,559.14
MSFT,2024-11-22,417
NVDA,2024-11-22,141.95
PANW,2024-11-22,191.68
SPY,2024-11-22,595.51
TSLA,2024-11-22,352.56
UNH,2024-11-22,590.87
WMT,2024-11-22,90.44
XOM,2024-11-22,121.79
AAPL,2024-11-25,232.87
AMD,2024-11-25,141.13
AMZN,2024-11-25,201.45
CRM,2024-11-25,339.11
CRWD,2024-11-25,90.92
DUOL,2024-11-25,348
GOOGL,2024-11-25,167.65
JPM,2024-11-25,250.29
META,2024-11-25,565.11
MSFT,2024-11-25,418.79
NVDA,2024-11-25,136.02
PANW,2024-11-25,193.19
SPY,2024-11-25,597.53
TSLA,2024-11-25,338.59
UNH,2024-11-25,605.83
WMT,2024-11-25,89.5
XOM,2024-11-25,119.97
AAPL,2024-11-26,235.06
AMD,2024-11-26,137.72
AMZN,2024-11-26,207.86
CRM,2024-11-26,343.18
CRWD,2024-11-26,91.075
DUOL,2024-11-26,353.53
GOOGL,2024-11-26,169.12
JPM,2024-11-26,249.97
META,2024-11-26,573.54
MSFT,2024-11-26,427.99
NVDA,2024-11-26,136.92
PANW,2024-11-26,198.2
SPY,2024-11-26,600.65
TSLA,2024-11-26,338.23
UNH,2024-11-26,606.79
WMT,2024-11-26,91.31
XOM,2024-11-26,117.97
AAPL,2024-11-27,234.93
AMD,2024-11-27,136.24
AMZN,2024-11-27,205.74
CRM,2024-11-27,330.01
CRWD,2024-11-27,86.8975
DUOL,2024-11-27,347.64
GOOGL,2024-11-27,169.23
JPM,2024-11-27,249.79
META,2024-11-27,569.2
MSFT,2024-11-27,422.99
NVDA,2024-11-27,135.34
PANW,2024-11-27,192.185
SPY,2024-11-27,598.83
TSLA,2024-11-27,332.89
UNH,2024-11-27,608.38
WMT,2024-11-27,91.88
XOM,2024-11-27,117.66
AAPL,2024-11-29,237.33
AMD,2024-11-29,137.18
AMZN,2024-11-29,207.89
CRM,2024-11-29,329.99
CRWD,2024-11-29,86.4925
DUOL,2024-11-29,348.27
GOOGL,2024-11-29,168.95
JPM,2024-11-29,249.72
META,2024-11-29,574.32
MSFT,2024-11-29,423.46
NVDA,2024-11-29,138.25
PANW,2024-11-29,193.91
SPY,2024-11-29,602.55
TSLA,2024-11-29,345.16
UNH,2024-11-29,610.2
WMT,2024-11-29,92.5
XOM,2024-11-29,117.96
AAPL,2024-12-02,239.59
AMD,2024-12-02,142.06
AMZN,2024-12-02,210.71
CRM,2024-12-02,331.01
CRWD,2024-12-02,86.7
DUOL,2024-12-02,346.52
GOOGL,2024-12-02,171.49
JPM,2024-12-02,246.25
META,2024-12-02,592.83
MSFT,2024-12-02,430.98
NVDA,2024-12-02,138.63
PANW,2024-12-02,195.085
SPY,2024-12-02,603.63
TSLA,2024-12-02,357.09
UNH,2024-12-02,608.52
WMT,2024-12-02,92.64
XOM,2024-12-02,117.85
AAPL,2024-12-03,242.65
AMD,2024-12-03,141.98
AMZN,2024-12-03,213.44
CRM,2024-12-03,331.43
CRWD,2024-12-03,87.4875
DUOL,2024-12-03,360.98
GOOGL,2024-12-03,171.34
JPM,2024-12-03,244.82
META,2024-12-03,613.65
MSFT,2024-12-03,431.2
NVDA,2024-12-03,140.26
PANW,2024-12-03,196.295
SPY,2024-12-03,603.91
TSLA,2024-12-03,351.42
UNH,2024-12-03,605.23
WMT,2024-12-03,93.51
XOM,2024-12-03,117.67
AAPL,2024-12-04,243.01
AMD,2024-12-04,143.99
AMZN,2024-12-04,218.16
CRM,2024-12-04,367.87
CRWD,2024-12-04,91.04
DUOL,2024-12-04,364.65
GOOGL,2024-12-04,174.37
JPM,2024-12-04,243.4
META,2024-12-04,613.78
MSFT,2024-12-04,437.42
NVDA,2024-12-04,145.14
PANW,2024-12-04,202.29
SPY,2024-12-04,607.66
TSLA,2024-12-04,357.93
UNH,2024-12-04,610.79
WMT,2024-12-04,94.45
XOM,2024-12-04,114.28
AAPL,2024-12-05,243.04
AMD,2024-12-05,141.36
AMZN,2024-12-05,220.55
CRM,2024-12-05,361.38
CRWD,2024-12-05,91.21
DUOL,2024-12-05,373.03
GOOGL,2024-12-05,172.64
JPM,2024-12-05,245.48
META,2024-12-05,608.93
MSFT,2024-12-05,442.62
NVDA,2024-12-05,145.06
PANW,2024-12-05,201.515
SPY,2024-12-05,606.66
TSLA,2024-12-05,369.49
UNH,2024-12-05,578.97
WMT,2024-12-05,95.3
XOM,2024-12-05,114.78
AAPL,2024-12-06,242.84
AMD,2024-12-06,138.59
AMZN,2024-12-06,227.03
CRM,2024-12-06,361.99
CRWD,2024-12-06,91.4125
DUOL,2024-12-06,368.5
GOOGL,2024-12-06,174.71
JPM,2024-12-06,247.36
META,2024-12-06,623.77
MSFT,2024-12-06,443.57
NVDA,2024-12-06,142.44
PANW,2024-12-06,202.95
SPY,2024-12-06,607.81
TSLA,2024-12-06,389.22
UNH,2024-12-06,549.62
WMT,2024-12-06,95.7
XOM,2024-12-06,113.57
AAPL,2024-12-09,246.75
AMD,2024-12-09,130.87
AMZN,2024-12-09,226.09
CRM,2024-12-09,351.57
CRWD,2024-12-09,88.4
DUOL,2024-12-09,360.61
GOOGL,2024-12-09,175.37
JPM,2024-12-09,243.81
META,2024-12-09,613.57
MSFT,2024-12-09,446.02
NVDA,2024-12-09,138.81
PANW,2024-12-09,194.47
SPY,2024-12-09,604.68
TSLA,2024-12-09,389.79
UNH,2024-12-09,560.62
WMT,2024-12-09,93.83
XOM,2024-12-09,112.9
AAPL,2024-12-10,247.77
AMD,2024-12-10,127.74
AMZN,2024-12-10,225.04
CRM,2024-12-10,348.82
CRWD,2024-12-10,86.6937
DUOL,2024-12-10,361.825
GOOGL,2024-12-10,185.17
JPM,2024-12-10,242.86
META,2024-12-10,619.32
MSFT,2024-12-10,443.33
NVDA,2024-12-10,135.07
PANW,2024-12-10,194.88
SPY,2024-12-10,602.8
TSLA,2024-12-10,400.99
UNH,2024-12-10,565.19
WMT,2024-12-10,94.55
XOM,2024-12-10,112.67
AAPL,2024-12-11,246.49
AMD,2024-12-11,130.15
AMZN,2024-12-11,230.26
CRM,2024-12-11,354.85
CRWD,2024-12-11,90.7425
DUOL,2024-12-11,344.35
GOOGL,2024-12-11,195.4
JPM,2024-12-11,243.53
META,2024-12-11,632.68
MSFT,2024-12-11,448.99
NVDA,2024-12-11,139.31
PANW,2024-12-11,199.21
SPY,2024-12-11,607.46
TSLA,2024-12-11,424.77
UNH,2024-12-11,533.53
WMT,2024-12-11,94.96
XOM,2024-12-11,111.92
AAPL,2024-12-12,247.96
AMD,2024-12-12,130.6
AMZN,2024-12-12,228.97
CRM,2024-12-12,358.03
CRWD,2024-12-12,91.375
DUOL,2024-12-12,339.52
GOOGL,2024-12-12,191.96
JPM,2024-12-12,241.53
META,2024-12-12,630.79
MSFT,2024-12-12,449.56
NVDA,2024-12-12,137.34
PANW,2024-12-12,200.105
SPY,2024-12-12,604.33
TSLA,2024-12-12,418.1
UNH,2024-12-12,515.76
WMT,2024-12-12,94.09
XOM,2024-12-12,111.82
AAPL,2024-12-13,248.13
AMD,2024-12-13,126.91
AMZN,2024-12-13,227.46
CRM,2024-12-13,354.31
CRWD,2024-12-13,92.005
DUOL,2024-12-13,338.07
GOOGL,2024-12-13,189.82
JPM,2024-12-13,239.94
META,2024-12-13,620.35
MSFT,2024-12-13,447.27
NVDA,2024-12-13,134.25
PANW,2024-12-13,196.56
SPY,2024-12-13,604.21
TSLA,2024-12-13,436.23
UNH,2024-12-13,520.48
WMT,2024-12-13,94.25
XOM,2024-12-13,110.84
AAPL,2024-12-16,251.04
AMD,2024-12-16,126.69
AMZN,2024-12-16,232.93
CRM,2024-12-16,357.23
CRWD,2024-12-16,97.05
DUOL,2024-12-16,348.72
GOOGL,2024-12-16,196.66
JPM,2024-12-16,239.58
META,2024-12-16,624.24
MSFT,2024-12-16,451.59
NVDA,2024-12-16,132
PANW,2024-12-16,202.5
SPY,2024-12-16,606.79
TSLA,2024-12-16,463.02
UNH,2024-12-16,498.5
WMT,2024-12-16,94.87
XOM,2024-12-16,108.47
AAPL,2024-12-17,253.48
AMD,2024-12-17,125.02
AMZN,2024-12-17,231.15
CRM,2024-12-17,350.97
CRWD,2024-12-17,94.105
DUOL,2024-12-17,354.04
GOOGL,2024-12-17,195.42
JPM,2024-12-17,238.36
META,2024-12-17,619.44
MSFT,2024-12-17,454.46
NVDA,2024-12-17,130.39
PANW,2024-12-17,201.24
SPY,2024-12-17,604.29
TSLA,2024-12-17,479.86
UNH,2024-12-17,485.52
WMT,2024-12-17,95.42
XOM,2024-12-17,108.01
AAPL,2024-12-18,248.05
AMD,2024-12-18,121.41
AMZN,2024-12-18,220.52
CRM,2024-12-18,337.23
CRWD,2024-12-18,87.295
DUOL,2024-12-18,332.81
GOOGL,2024-12-18,188.4
JPM,2024-12-18,230.37
META,2024-12-18,597.19
MSFT,2024-12-18,437.39
NVDA,2024-12-18,128.91
PANW,2024-12-18,188.76
SPY,2024-12-18,586.28
TSLA,2024-12-18,440.13
UNH,2024-12-18,499.72
WMT,2024-12-18,93.55
XOM,2024-12-18,106.42
AAPL,2024-12-19,249.79
AMD,2024-12-19,118.88
AMZN,2024-12-19,223.29
CRM,2024-12-19,336.23
CRWD,2024-12-19,87.7575
DUOL,2024-12-19,335.22
GOOGL,2024-12-19,188.51
JPM,2024-12-19,232.96
META,2024-12-19,595.57
MSFT,2024-12-19,437.03
NVDA,2024-12-19,130.68
PANW,2024-12-19,189.36
SPY,2024-12-19,586.1
TSLA,2024-12-19,436.17
UNH,2024-12-19,489.25
WMT,2024-12-19,93.4
XOM,2024-12-19,105.51
AAPL,2024-12-20,254.49
AMD,2024-12-20,119.21
AMZN,2024-12-20,224.92
CRM,2024-12-20,343.65
CRWD,2024-12-20,90.5725
DUOL,2024-12-20,342.12
GOOGL,2024-12-20,191.41
JPM,2024-12-20,237.6
META,2024-12-20,585.25
MSFT,2024-12-20,436.6
NVDA,2024-12-20,134.7
PANW,2024-12-20,186.78
SPY,2024-12-20,591.15
TSLA,2024-12-20,421.06
UNH,2024-12-20,500.13
WMT,2024-12-20,92.24
XOM,2024-12-20,105.87
AAPL,2024-12-23,255.27
AMD,2024-12-23,124.6
AMZN,2024-12-23,225.06
CRM,2024-12-23,342.9
CRWD,2024-12-23,90.375
DUOL,2024-12-23,337.73
GOOGL,2024-12-23,194.63
JPM,2024-12-23,238.39
META,2024-12-23,599.85
MSFT,2024-12-23,435.25
NVDA,2024-12-23,139.67
PANW,2024-12-23,188.22
SPY,2024-12-23,594.69
TSLA,2024-12-23,430.6
UNH,2024-12-23,506.34
WMT,2024-12-23,90.35
XOM,2024-12-23,106.3
AAPL,2024-12-24,258.2
AMD,2024-12-24,126.29
AMZN,2024-12-24,229.05
CRM,2024-12-24,344.43
CRWD,2024-12-24,91.4475
DUOL,2024-12-24,340.39
GOOGL,2024-12-24,196.11
JPM,2024-12-24,242.31
META,2024-12-24,607.75
MSFT,2024-12-24,439.33
NVDA,2024-12-24,140.22
PANW,2024-12-24,189.51
SPY,2024-12-24,601.3
TSLA,2024-12-24,462.28
UNH,2024-12-24,506.1
WMT,2024-12-24,92.68
XOM,2024-12-24,106.4
AAPL,2024-12-26,259.02
AMD,2024-12-26,125.06
AMZN,2024-12-26,227.05
CRM,2024-12-26,341.72
CRWD,2024-12-26,91.27
DUOL,2024-12-26,341.88
GOOGL,2024-12-26,195.6
JPM,2024-12-26,243.14
META,2024-12-26,603.35
MSFT,2024-12-26,438.11
NVDA,2024-12-26,139.93
PANW,2024-12-26,188.5
SPY,2024-12-26,601.34
TSLA,2024-12-26,454.13
UNH,2024-12-26,511.15
WMT,2024-12-26,92.79
XOM,2024-12-26,106.49
AAPL,2024-12-27,255.59
AMD,2024-12-27,125.19
AMZN,2024-12-27,223.75
CRM,2024-12-27,338.45
CRWD,2024-12-27,88.7475
DUOL,2024-12-27,333.34
GOOGL,2024-12-27,192.76
JPM,2024-12-27,241.17
META,2024-12-27,599.81
MSFT,2024-12-27,430.53
NVDA,2024-12-27,137.01
PANW,2024-12-27,186.18
SPY,2024-12-27,595.01
TSLA,2024-12-27,431.66
UNH,2024-12-27,509.99
WMT,2024-12-27,91.66
XOM,2024-12-27,106.48
AAPL,2024-12-30,252.2
AMD,2024-12-30,122.44
AMZN,2024-12-30,221.3
CRM,2024-12-30,335.74
CRWD,2024-12-30,87.3275
DUOL,2024-12-30,325.2
GOOGL,2024-12-30,191.24
JPM,2024-12-30,239.32
META,2024-12-30,591.24
MSFT,2024-12-30,424.83
NVDA,2024-12-30,137.49
PANW,2024-12-30,184.2
SPY,2024-12-30,588.22
TSLA,2024-12-30,417.41
UNH,2024-12-30,507.8
WMT,2024-12-30,90.57
XOM,2024-12-30,105.76
AAPL,2024-12-31,250.42
AMD,2024-12-31,120.79
AMZN,2024-12-31,219.39
CRM,2024-12-31,334.33
CRWD,2024-12-31,85.54
DUOL,2024-12-31,324.23
GOOGL,2024-12-31,189.3
JPM,2024-12-31,239.71
META,2024-12-31,585.51
MSFT,2024-12-31,421.5
NVDA,2024-12-31,134.29
PANW,2024-12-31,181.96
SPY,2024-12-31,586.08
TSLA,2024-12-31,403.84
UNH,2024-12-31,505.86
WMT,2024-12-31,90.35
XOM,2024-12-31,107.57
AAPL,2025-01-02,243.85
AMD,2025-01-02,120.63
AMZN,2025-01-02,220.22
CRM,2025-01-02,330.66
CRWD,2025-01-02,86.835
DUOL,2025-01-02,325.88
GOOGL,2025-01-02,189.43
JPM,2025-01-02,240
META,2025-01-02,599.24
MSFT,2025-01-02,418.58
NVDA,2025-01-02,138.31
PANW,2025-01-02,180.74
SPY,2025-01-02,584.64
TSLA,2025-01-02,379.28
UNH,2025-01-02,504.51
WMT,2025-01-02,90
XOM,2025-01-02,107.31
AAPL,2025-01-03,243.36
AMD,2025-01-03,125.37
AMZN,2025-01-03,224.19
CRM,2025-01-03,332.9
CRWD,2025-01-03,89.755
DUOL,2025-01-03,340.06
GOOGL,2025-01-03,191.79
JPM,2025-01-03,243.28
META,2025-01-03,604.63
MSFT,2025-01-03,423.35
NVDA,2025-01-03,144.47
PANW,2025-01-03,183.25
SPY,2025-01-03,591.95
TSLA,2025-01-03,410.44
UNH,2025-01-03,513
WMT,2025-01-03,90.78
XOM,2025-01-03,107.86
AAPL,2025-01-06,245
AMD,2025-01-06,129.55
AMZN,2025-01-06,227.61
CRM,2025-01-06,330.53
CRWD,2025-01-06,91.59
DUOL,2025-01-06,336.72
GOOGL,2025-01-06,196.87
JPM,2025-01-06,240.85
META,2025-01-06,630.2
MSFT,2025-01-06,427.85
NVDA,2025-01-06,149.43
PANW,2025-01-06,179.5
SPY,2025-01-06,595.36
TSLA,2025-01-06,411.05
UNH,2025-01-06,513.67
WMT,2025-01-06,91.43
XOM,2025-01-06,107.74
AAPL,2025-01-07,242.21
AMD,2025-01-07,127.33
AMZN,2025-01-07,222.11
CRM,2025-01-07,324.93
CRWD,2025-01-07,89.9825
DUOL,2025-01-07,320.35
GOOGL,2025-01-07,195.49
JPM,2025-01-07,243.17
META,2025-01-07,617.89
MSFT,2025-01-07,422.37
NVDA,2025-01-07,140.14
PANW,2025-01-07,175.51
SPY,2025-01-07,588.63
TSLA,2025-01-07,394.36
UNH,2025-01-07,514.25
WMT,2025-01-07,90.81
XOM,2025-01-07,108.75
AAPL,2025-01-08,242.7
AMD,2025-01-08,121.84
AMZN,2025-01-08,222.13
CRM,2025-01-08,326.9
CRWD,2025-01-08,89.68
DUOL,2025-01-08,323.14
GOOGL,2025-01-08,193.95
JPM,2025-01-08,243.13
META,2025-01-08,610.72
MSFT,2025-01-08,424.56
NVDA,2025-01-08,140.11
PANW,2025-01-08,172.83
SPY,2025-01-08,589.49
TSLA,2025-01-08,394.94
UNH,2025-01-08,524.52
WMT,2025-01-08,91.8
XOM,2025-01-08,106.93
AAPL,2025-01-10,236.85
AMD,2025-01-10,116.04
AMZN,2025-01-10,218.94
CRM,2025-01-10,317.85
CRWD,2025-01-10,87.21
DUOL,2025-01-10,318.67
GOOGL,2025-01-10,192.04
JPM,2025-01-10,239.87
META,2025-01-10,615.86
MSFT,2025-01-10,418.95
NVDA,2025-01-10,135.91
PANW,2025-01-10,173.42
SPY,2025-01-10,580.49
TSLA,2025-01-10,394.74
UNH,2025-01-10,520.69
WMT,2025-01-10,93
XOM,2025-01-10,106.54
AAPL,2025-01-13,234.4
AMD,2025-01-13,117.32
AMZN,2025-01-13,218.46
CRM,2025-01-13,319.07
CRWD,2025-01-13,85.365
DUOL,2025-01-13,316.38
GOOGL,2025-01-13,191.01
JPM,2025-01-13,244.21
META,2025-01-13,608.33
MSFT,2025-01-13,417.19
NVDA,2025-01-13,133.23
PANW,2025-01-13,167.82
SPY,2025-01-13,581.39
TSLA,2025-01-13,403.31
UNH,2025-01-13,541.14
WMT,2025-01-13,91.53
XOM,2025-01-13,109.29
AAPL,2025-01-14,233.28
AMD,2025-01-14,116.09
AMZN,2025-01-14,217.76
CRM,2025-01-14,323.54
CRWD,2025-01-14,87.01
DUOL,2025-01-14,312.52
GOOGL,2025-01-14,189.66
JPM,2025-01-14,247.47
META,2025-01-14,594.25
MSFT,2025-01-14,415.67
NVDA,2025-01-14,131.76
PANW,2025-01-14,170.58
SPY,2025-01-14,582.19
TSLA,2025-01-14,396.36
UNH,2025-01-14,543.74
WMT,2025-01-14,90.79
XOM,2025-01-14,109.72
AAPL,2025-01-15,237.87
AMD,2025-01-15,119.96
AMZN,2025-01-15,223.35
CRM,2025-01-15,321.16
CRWD,2025-01-15,90.505
DUOL,2025-01-15,319.98
GOOGL,2025-01-15,195.55
JPM,2025-01-15,252.35
META,2025-01-15,617.12
MSFT,2025-01-15,426.31
NVDA,2025-01-15,136.24
PANW,2025-01-15,174.19
SPY,2025-01-15,592.78
TSLA,2025-01-15,428.22
UNH,2025-01-15,543.42
WMT,2025-01-15,91.34
XOM,2025-01-15,111.51
AAPL,2025-01-16,228.26
AMD,2025-01-16,118.44
AMZN,2025-01-16,220.66
CRM,2025-01-16,320
CRWD,2025-01-16,90.845
DUOL,2025-01-16,341.8
GOOGL,2025-01-16,192.91
JPM,2025-01-16,254.27
META,2025-01-16,611.3
MSFT,2025-01-16,424.58
NVDA,2025-01-16,133.57
PANW,2025-01-16,177.17
SPY,2025-01-16,591.64
TSLA,2025-01-16,413.82
UNH,2025-01-16,510.59
WMT,2025-01-16,91.3
XOM,2025-01-16,111.32
AAPL,2025-01-17,229.98
AMD,2025-01-17,121.46
AMZN,2025-01-17,225.94
CRM,2025-01-17,324.56
CRWD,2025-01-17,89.25
DUOL,2025-01-17,351.13
GOOGL,2025-01-17,196
JPM,2025-01-17,259.16
META,2025-01-17,612.77
MSFT,2025-01-17,429.03
NVDA,2025-01-17,137.71
PANW,2025-01-17,177.11
SPY,2025-01-17,597.58
TSLA,2025-01-17,426.5
UNH,2025-01-17,509.76
WMT,2025-01-17,91.94
XOM,2025-01-17,112.32
AAPL,2025-01-21,222.64
AMD,2025-01-21,122.28
AMZN,2025-01-21,230.71
CRM,2025-01-21,326.84
CRWD,2025-01-21,91.6025
DUOL,2025-01-21,337.28
GOOGL,2025-01-21,198.05
JPM,2025-01-21,263.03
META,2025-01-21,616.46
MSFT,2025-01-21,428.5
NVDA,2025-01-21,140.83
PANW,2025-01-21,183.51
SPY,2025-01-21,603.05
TSLA,2025-01-21,424.07
UNH,2025-01-21,524.99
WMT,2025-01-21,93.08
XOM,2025-01-21,111.47
AAPL,2025-01-22,223.83
AMD,2025-01-22,123.75
AMZN,2025-01-22,235.01
CRM,2025-01-22,332.62
CRWD,2025-01-22,94.495
DUOL,2025-01-22,336.04
GOOGL,2025-01-22,198.37
JPM,2025-01-22,262.84
META,2025-01-22,623.5
MSFT,2025-01-22,446.2
NVDA,2025-01-22,147.07
PANW,2025-01-22,187.7
SPY,2025-01-22,606.44
TSLA,2025-01-22,415.11
UNH,2025-01-22,519.72
WMT,2025-01-22,93.23
XOM,2025-01-22,109.53
AAPL,2025-01-23,223.66
AMD,2025-01-23,123.04
AMZN,2025-01-23,235.42
CRM,2025-01-23,334.66
CRWD,2025-01-23,94.425
DUOL,2025-01-23,335.99
GOOGL,2025-01-23,197.98
JPM,2025-01-23,265.95
META,2025-01-23,636.45
MSFT,2025-01-23,446.71
NVDA,2025-01-23,147.22
PANW,2025-01-23,187.32
SPY,2025-01-23,609.75
TSLA,2025-01-23,412.38
UNH,2025-01-23,529.77
WMT,2025-01-23,93.81
XOM,2025-01-23,110.15
AAPL,2025-01-24,222.78
AMD,2025-01-24,122.84
AMZN,2025-01-24,234.85
CRM,2025-01-24,333.88
CRWD,2025-01-24,93.73
DUOL,2025-01-24,328.6
GOOGL,2025-01-24,200.21
JPM,2025-01-24,264.84
META,2025-01-24,647.49
MSFT,2025-01-24,444.06
NVDA,2025-01-24,142.62
PANW,2025-01-24,187.7
SPY,2025-01-24,607.97
TSLA,2025-01-24,406.58
UNH,2025-01-24,532.51
WMT,2025-01-24,94.76
XOM,2025-01-24,108.66
AAPL,2025-01-27,229.86
AMD,2025-01-27,115.01
AMZN,2025-01-27,235.42
CRM,2025-01-27,347.1
CRWD,2025-01-27,93.4375
DUOL,2025-01-27,326.82
GOOGL,2025-01-27,191.81
JPM,2025-01-27,265.85
META,2025-01-27,659.88
MSFT,2025-01-27,434.56
NVDA,2025-01-27,118.42
PANW,2025-01-27,189.3
SPY,2025-01-27,599.37
TSLA,2025-01-27,397.15
UNH,2025-01-27,543.52
WMT,2025-01-27,97.4
XOM,2025-01-27,110.17
AAPL,2025-01-28,238.26
AMD,2025-01-28,114.17
AMZN,2025-01-28,238.15
CRM,2025-01-28,359.95
CRWD,2025-01-28,102.17
DUOL,2025-01-28,350.72
GOOGL,2025-01-28,195.3
JPM,2025-01-28,267.14
META,2025-01-28,674.33
MSFT,2025-01-28,447.2
NVDA,2025-01-28,128.99
PANW,2025-01-28,192.94
SPY,2025-01-28,604.52
TSLA,2025-01-28,398.09
UNH,2025-01-28,542.48
WMT,2025-01-28,97.29
XOM,2025-01-28,108.04
AAPL,2025-01-29,239.36
AMD,2025-01-29,117.35
AMZN,2025-01-29,237.07
CRM,2025-01-29,354
CRWD,2025-01-29,99.2675
DUOL,2025-01-29,358.48
GOOGL,2025-01-29,195.41
JPM,2025-01-29,266.58
META,2025-01-29,676.49
MSFT,2025-01-29,442.33
NVDA,2025-01-29,123.7
PANW,2025-01-29,185.42
SPY,2025-01-29,601.81
TSLA,2025-01-29,389.1
UNH,2025-01-29,538.1
WMT,2025-01-29,97.5
XOM,2025-01-29,108.67
AAPL,2025-01-30,237.59
AMD,2025-01-30,118.86
AMZN,2025-01-30,234.64
CRM,2025-01-30,343.57
CRWD,2025-01-30,99.2175
DUOL,2025-01-30,363.28
GOOGL,2025-01-30,200.87
JPM,2025-01-30,268.23
META,2025-01-30,687
MSFT,2025-01-30,414.99
NVDA,2025-01-30,124.65
PANW,2025-01-30,187.42
SPY,2025-01-30,605.04
TSLA,2025-01-30,400.28
UNH,2025-01-30,545.57
WMT,2025-01-30,98.65
XOM,2025-01-30,109.57
AAPL,2025-01-31,236
AMD,2025-01-31,115.95
AMZN,2025-01-31,237.68
CRM,2025-01-31,341.7
CRWD,2025-01-31,99.5175
DUOL,2025-01-31,363.99
GOOGL,2025-01-31,204.02
JPM,2025-01-31,267.3
META,2025-01-31,689.18
MSFT,2025-01-31,415.06
NVDA,2025-01-31,120.07
PANW,2025-01-31,184.42
SPY,2025-01-31,601.82
TSLA,2025-01-31,404.6
UNH,2025-01-31,542.49
WMT,2025-01-31,98.16
XOM,2025-01-31,106.83
AAPL,2025-02-03,228.01
AMD,2025-02-03,114.27
AMZN,2025-02-03,237.42
CRM,2025-02-03,339.24
CRWD,2025-02-03,99.3925
DUOL,2025-02-03,364.44
GOOGL,2025-02-03,201.23
JPM,2025-02-03,266.81
META,2025-02-03,697.46
MSFT,2025-02-03,410.92
NVDA,2025-02-03,116.66
PANW,2025-02-03,182.79
SPY,2025-02-03,597.77
TSLA,2025-02-03,383.68
UNH,2025-02-03,548.18
WMT,2025-02-03,99.54
XOM,2025-02-03,107.09
AAPL,2025-02-04,232.8
AMD,2025-02-04,119.5
AMZN,2025-02-04,242.06
CRM,2025-02-04,344.14
CRWD,2025-02-04,101.88
DUOL,2025-02-04,386.16
GOOGL,2025-02-04,206.38
JPM,2025-02-04,267.94
META,2025-02-04,704.19
MSFT,2025-02-04,412.37
NVDA,2025-02-04,118.65
PANW,2025-02-04,183.4
SPY,2025-02-04,601.78
TSLA,2025-02-04,392.21
UNH,2025-02-04,545.45
WMT,2025-02-04,100.77
XOM,2025-02-04,109.96
AAPL,2025-02-05,232.47
AMD,2025-02-05,112.01
AMZN,2025-02-05,236.17
CRM,2025-02-05,347.93
CRWD,2025-02-05,104.305
DUOL,2025-02-05,392
GOOGL,2025-02-05,191.33
JPM,2025-02-05,270.43
META,2025-02-05,704.87
MSFT,2025-02-05,413.29
NVDA,2025-02-05,124.83
PANW,2025-02-05,186.85
SPY,2025-02-05,604.22
TSLA,2025-02-05,378.17
UNH,2025-02-05,539.81
WMT,2025-02-05,102.46
XOM,2025-02-05,109.88
AAPL,2025-02-06,233.22
AMD,2025-02-06,110.16
AMZN,2025-02-06,238.83
CRM,2025-02-06,330.81
CRWD,2025-02-06,105.1275
DUOL,2025-02-06,389.36
GOOGL,2025-02-06,191.6
JPM,2025-02-06,276.9
META,2025-02-06,711.99
MSFT,2025-02-06,415.82
NVDA,2025-02-06,128.68
PANW,2025-02-06,187.37
SPY,2025-02-06,606.32
TSLA,2025-02-06,374.32
UNH,2025-02-06,530.04
WMT,2025-02-06,102.85
XOM,2025-02-06,108.43
AAPL,2025-02-07,227.63
AMD,2025-02-07,107.56
AMZN,2025-02-07,229.15
CRM,2025-02-07,325.83
CRWD,2025-02-07,105.3975
DUOL,2025-02-07,393.8
GOOGL,2025-02-07,185.34
JPM,2025-02-07,275.8
META,2025-02-07,714.52
MSFT,2025-02-07,409.75
NVDA,2025-02-07,129.84
PANW,2025-02-07,193.94
SPY,2025-02-07,600.77
TSLA,2025-02-07,361.62
UNH,2025-02-07,527.03
WMT,2025-02-07,101.15
XOM,2025-02-07,108.89
AAPL,2025-02-10,227.65
AMD,2025-02-10,110.48
AMZN,2025-02-10,233.14
CRM,2025-02-10,327.2
CRWD,2025-02-10,107.23
DUOL,2025-02-10,401.45
GOOGL,2025-02-10,186.47
JPM,2025-02-10,271.04
META,2025-02-10,717.4
MSFT,2025-02-10,412.22
NVDA,2025-02-10,133.57
PANW,2025-02-10,196.4
SPY,2025-02-10,604.85
TSLA,2025-02-10,350.73
UNH,2025-02-10,533.37
WMT,2025-02-10,102.92
XOM,2025-02-10,110.97
AAPL,2025-02-11,232.62
AMD,2025-02-11,111.1
AMZN,2025-02-11,232.76
CRM,2025-02-11,324.4
CRWD,2025-02-11,107.91
DUOL,2025-02-11,383.66
GOOGL,2025-02-11,185.32
JPM,2025-02-11,274.99
META,2025-02-11,719.8
MSFT,2025-02-11,411.44
NVDA,2025-02-11,132.8
PANW,2025-02-11,195.49
SPY,2025-02-11,605.31
TSLA,2025-02-11,328.5
UNH,2025-02-11,533.92
WMT,2025-02-11,102.47
XOM,2025-02-11,111.67
AAPL,2025-02-12,236.87
AMD,2025-02-12,111.72
AMZN,2025-02-12,228.93
CRM,2025-02-12,326.12
CRWD,2025-02-12,108.6575
DUOL,2025-02-12,398.11
GOOGL,2025-02-12,183.61
JPM,2025-02-12,275.45
META,2025-02-12,725.38
MSFT,2025-02-12,409.04
NVDA,2025-02-12,131.14
PANW,2025-02-12,196.73
SPY,2025-02-12,603.36
TSLA,2025-02-12,336.51
UNH,2025-02-12,527.4
WMT,2025-02-12,103.61
XOM,2025-02-12,107.35
AAPL,2025-02-13,241.53
AMD,2025-02-13,111.81
AMZN,2025-02-13,230.37
CRM,2025-02-13,329.85
CRWD,2025-02-13,113.4425
DUOL,2025-02-13,430.32
GOOGL,2025-02-13,186.14
JPM,2025-02-13,276.32
META,2025-02-13,728.56
MSFT,2025-02-13,410.54
NVDA,2025-02-13,135.29
PANW,2025-02-13,201.88
SPY,2025-02-13,609.73
TSLA,2025-02-13,355.94
UNH,2025-02-13,531.18
WMT,2025-02-13,105.05
XOM,2025-02-13,108.13
AAPL,2025-02-14,244.6
AMD,2025-02-14,113.1
AMZN,2025-02-14,228.68
CRM,2025-02-14,326.54
CRWD,2025-02-14,112.935
DUOL,2025-02-14,432.69
GOOGL,2025-02-14,185.23
JPM,2025-02-14,276.59
META,2025-02-14,736.67
MSFT,2025-02-14,408.43
NVDA,2025-02-14,138.85
PANW,2025-02-14,200.03
SPY,2025-02-14,609.7
TSLA,2025-02-14,355.84
UNH,2025-02-14,523.51
WMT,2025-02-14,104.04
XOM,2025-02-14,108.24
AAPL,2025-02-18,244.47
AMD,2025-02-18,114.28
AMZN,2025-02-18,226.65
CRM,2025-02-18,328.96
CRWD,2025-02-18,113.84
DUOL,2025-02-18,441.39
GOOGL,2025-02-18,183.77
JPM,2025-02-18,279.95
META,2025-02-18,716.37
MSFT,2025-02-18,409.64
NVDA,2025-02-18,139.4
PANW,2025-02-18,208.28
SPY,2025-02-18,611.49
TSLA,2025-02-18,354.11
UNH,2025-02-18,500.73
WMT,2025-02-18,103.78
XOM,2025-02-18,110.14
AAPL,2025-02-19,244.87
AMD,2025-02-19,114.69
AMZN,2025-02-19,226.63
CRM,2025-02-19,324.53
CRWD,2025-02-19,112.535
DUOL,2025-02-19,432.52
GOOGL,2025-02-19,185.27
JPM,2025-02-19,279.25
META,2025-02-19,703.77
MSFT,2025-02-19,414.77
NVDA,2025-02-19,139.23
PANW,2025-02-19,205.19
SPY,2025-02-19,612.93
TSLA,2025-02-19,360.56
UNH,2025-02-19,511.04
WMT,2025-02-19,104
XOM,2025-02-19,110.3
AAPL,2025-02-20,245.83
AMD,2025-02-20,114.17
AMZN,2025-02-20,222.88
CRM,2025-02-20,318.43
CRWD,2025-02-20,109.035
DUOL,2025-02-20,421.78
GOOGL,2025-02-20,184.56
JPM,2025-02-20,266.8
META,2025-02-20,694.84
MSFT,2025-02-20,416.13
NVDA,2025-02-20,140.11
PANW,2025-02-20,198.81
SPY,2025-02-20,610.38
TSLA,2025-02-20,354.4
UNH,2025-02-20,502.42
WMT,2025-02-20,97.21
XOM,2025-02-20,112
AAPL,2025-02-21,245.55
AMD,2025-02-21,110.84
AMZN,2025-02-21,216.58
CRM,2025-02-21,309.8
CRWD,2025-02-21,101.67
DUOL,2025-02-21,385.35
GOOGL,2025-02-21,179.66
JPM,2025-02-21,264.24
META,2025-02-21,683.55
MSFT,2025-02-21,408.21
NVDA,2025-02-21,134.43
PANW,2025-02-21,191.03
SPY,2025-02-21,599.94
TSLA,2025-02-21,337.8
UNH,2025-02-21,466.42
WMT,2025-02-21,94.78
XOM,2025-02-21,110.69
AAPL,2025-02-24,247.1
AMD,2025-02-24,108.11
AMZN,2025-02-24,212.71
CRM,2025-02-24,308.32
CRWD,2025-02-24,97.93
DUOL,2025-02-24,389.9
GOOGL,2025-02-24,179.25
JPM,2025-02-24,261.34
META,2025-02-24,668.13
MSFT,2025-02-24,404
NVDA,2025-02-24,130.28
PANW,2025-02-24,190.39
SPY,2025-02-24,597.21
TSLA,2025-02-24,330.53
UNH,2025-02-24,461.52
WMT,2025-02-24,93.67
XOM,2025-02-24,111.27
AAPL,2025-02-25,247.04
AMD,2025-02-25,103.96
AMZN,2025-02-25,212.8
CRM,2025-02-25,305.88
CRWD,2025-02-25,94.9375
DUOL,2025-02-25,385.81
GOOGL,2025-02-25,175.42
JPM,2025-02-25,257.4
META,2025-02-25,657.5
MSFT,2025-02-25,397.9
NVDA,2025-02-25,126.63
PANW,2025-02-25,188.01
SPY,2025-02-25,594.24
TSLA,2025-02-25,302.8
UNH,2025-02-25,470.38
WMT,2025-02-25,97.69
XOM,2025-02-25,109.73
AAPL,2025-02-26,240.36
AMD,2025-02-26,104.74
AMZN,2025-02-26,214.35
CRM,2025-02-26,307.33
CRWD,2025-02-26,98.64
DUOL,2025-02-26,386.56
GOOGL,2025-02-26,172.73
JPM,2025-02-26,258.79
META,2025-02-26,673.7
MSFT,2025-02-26,399.73
NVDA,2025-02-26,131.28
PANW,2025-02-26,189.55
SPY,2025-02-26,594.54
TSLA,2025-02-26,290.8
UNH,2025-02-26,463.59
WMT,2025-02-26,96.2
XOM,2025-02-26,109.46
AAPL,2025-02-27,237.3
AMD,2025-02-27,99.51
AMZN,2025-02-27,208.74
CRM,2025-02-27,294.9
CRWD,2025-02-27,95.06
DUOL,2025-02-27,375.78
GOOGL,2025-02-27,168.5
JPM,2025-02-27,259.05
META,2025-02-27,658.24
MSFT,2025-02-27,392.53
NVDA,2025-02-27,120.15
PANW,2025-02-27,187.5
SPY,2025-02-27,585.05
TSLA,2025-02-27,281.95
UNH,2025-02-27,468.56
WMT,2025-02-27,96.79
XOM,2025-02-27,110.15
AAPL,2025-02-28,241.84
AMD,2025-02-28,99.86
AMZN,2025-02-28,212.28
CRM,2025-02-28,297.85
CRWD,2025-02-28,97.415
DUOL,2025-02-28,312.07
GOOGL,2025-02-28,170.28
JPM,2025-02-28,264.65
META,2025-02-28,668.2
MSFT,2025-02-28,396.99
NVDA,2025-02-28,124.92
PANW,2025-02-28,190.43
SPY,2025-02-28,594.18
TSLA,2025-02-28,292.98
UNH,2025-02-28,474.96
WMT,2025-02-28,98.61
XOM,2025-02-28,111.33
AAPL,2025-03-03,238.03
AMD,2025-03-03,98.23
AMZN,2025-03-03,205.02
CRM,2025-03-03,293.06
CRWD,2025-03-03,95.6825
DUOL,2025-03-03,295.23
GOOGL,2025-03-03,167.01
JPM,2025-03-03,260.62
META,2025-03-03,655.05
MSFT,2025-03-03,388.49
NVDA,2025-03-03,114.06
PANW,2025-03-03,183.68
SPY,2025-03-03,583.77
TSLA,2025-03-03,284.65
UNH,2025-03-03,467.05
WMT,2025-03-03,97.59
XOM,2025-03-03,107.76
AAPL,2025-03-04,235.93
AMD,2025-03-04,100.75
AMZN,2025-03-04,203.8
CRM,2025-03-04,287.34
CRWD,2025-03-04,97.54
DUOL,2025-03-04,294.15
GOOGL,2025-03-04,170.92
JPM,2025-03-04,250.25
META,2025-03-04,640
MSFT,2025-03-04,388.61
NVDA,2025-03-04,115.99
PANW,2025-03-04,184.38
SPY,2025-03-04,576.86
TSLA,2025-03-04,272.04
UNH,2025-03-04,474.61
WMT,2025-03-04,94.97
XOM,2025-03-04,107.54
AAPL,2025-03-05,235.74
AMD,2025-03-05,101.67
AMZN,2025-03-05,208.36
CRM,2025-03-05,291.97
CRWD,2025-03-05,91.36
DUOL,2025-03-05,292.74
GOOGL,2025-03-05,173.02
JPM,2025-03-05,251.53
META,2025-03-05,656.47
MSFT,2025-03-05,401.02
NVDA,2025-03-05,117.3
PANW,2025-03-05,184.28
SPY,2025-03-05,583.06
TSLA,2025-03-05,279.1
UNH,2025-03-05,475.98
WMT,2025-03-05,95.98
XOM,2025-03-05,105.44
AAPL,2025-03-06,235.33
AMD,2025-03-06,98.85
AMZN,2025-03-06,200.7
CRM,2025-03-06,286.05
CRWD,2025-03-06,86.9325
DUOL,2025-03-06,272.77
GOOGL,2025-03-06,172.35
JPM,2025-03-06,246.54
META,2025-03-06,627.93
MSFT,2025-03-06,396.89
NVDA,2025-03-06,110.57
PANW,2025-03-06,179.33
SPY,2025-03-06,572.71
TSLA,2025-03-06,263.45
UNH,2025-03-06,487.72
WMT,2025-03-06,94.64
XOM,2025-03-06,107.62
AAPL,2025-03-07,239.07
AMD,2025-03-07,100.31
AMZN,2025-03-07,199.25
CRM,2025-03-07,282.89
CRWD,2025-03-07,83.375
DUOL,2025-03-07,295.56
GOOGL,2025-03-07,173.86
JPM,2025-03-07,242.28
META,2025-03-07,625.66
MSFT,2025-03-07,393.31
NVDA,2025-03-07,112.69
PANW,2025-03-07,180.93
SPY,2025-03-07,575.92
TSLA,2025-03-07,262.67
UNH,2025-03-07,493.48
WMT,2025-03-07,91.72
XOM,2025-03-07,109.02
AAPL,2025-03-10,227.48
AMD,2025-03-10,96.63
AMZN,2025-03-10,194.54
CRM,2025-03-10,272.9
CRWD,2025-03-10,77.215
DUOL,2025-03-10,277.18
GOOGL,2025-03-10,165.87
JPM,2025-03-10,232.22
META,2025-03-10,597.99
MSFT,2025-03-10,380.16
NVDA,2025-03-10,106.98
PANW,2025-03-10,173.83
SPY,2025-03-10,560.58
TSLA,2025-03-10,222.15
UNH,2025-03-10,480.22
WMT,2025-03-10,87.82
XOM,2025-03-10,111.8
AAPL,2025-03-11,220.84
AMD,2025-03-11,96.76
AMZN,2025-03-11,196.59
CRM,2025-03-11,277.05
CRWD,2025-03-11,82.4375
DUOL,2025-03-11,274.91
GOOGL,2025-03-11,164.04
JPM,2025-03-11,229.14
META,2025-03-11,605.71
MSFT,2025-03-11,380.45
NVDA,2025-03-11,108.76
PANW,2025-03-11,178.93
SPY,2025-03-11,555.92
TSLA,2025-03-11,230.58
UNH,2025-03-11,486.04
WMT,2025-03-11,87.44
XOM,2025-03-11,109.16
AAPL,2025-03-12,216.98
AMD,2025-03-12,100.79
AMZN,2025-03-12,198.89
CRM,2025-03-12,284.58
CRWD,2025-03-12,86.69
DUOL,2025-03-12,291.02
GOOGL,2025-03-12,167.11
JPM,2025-03-12,227.9
META,2025-03-12,619.56
MSFT,2025-03-12,383.27
NVDA,2025-03-12,115.74
PANW,2025-03-12,179.48
SPY,2025-03-12,558.87
TSLA,2025-03-12,248.09
UNH,2025-03-12,481.11
WMT,2025-03-12,85.2
XOM,2025-03-12,109.13
AAPL,2025-03-13,209.68
AMD,2025-03-13,98.11
AMZN,2025-03-13,193.89
CRM,2025-03-13,271.74
CRWD,2025-03-13,83.1325
DUOL,2025-03-13,272.49
GOOGL,2025-03-13,162.76
JPM,2025-03-13,225.19
META,2025-03-13,590.64
MSFT,2025-03-13,378.77
NVDA,2025-03-13,115.58
PANW,2025-03-13,176.32
SPY,2025-03-13,551.42
TSLA,2025-03-13,240.68
UNH,2025-03-13,481.52
WMT,2025-03-13,84.5
XOM,2025-03-13,108.67
AAPL,2025-03-14,213.49
AMD,2025-03-14,100.97
AMZN,2025-03-14,197.95
CRM,2025-03-14,279.4
CRWD,2025-03-14,88.4337
DUOL,2025-03-14,283.54
GOOGL,2025-03-14,165.49
JPM,2025-03-14,232.44
META,2025-03-14,607.6
MSFT,2025-03-14,388.56
NVDA,2025-03-14,121.67
PANW,2025-03-14,182.34
SPY,2025-03-14,562.81
TSLA,2025-03-14,249.98
UNH,2025-03-14,488.65
WMT,2025-03-14,85.35
XOM,2025-03-14,111.9
AAPL,2025-03-17,214
AMD,2025-03-17,104.59
AMZN,2025-03-17,195.74
CRM,2025-03-17,280.75
CRWD,2025-03-17,91.2075
DUOL,2025-03-17,294.18
GOOGL,2025-03-17,164.29
JPM,2025-03-17,233.93
META,2025-03-17,604.9
MSFT,2025-03-17,388.7
NVDA,2025-03-17,119.53
PANW,2025-03-17,185
SPY,2025-03-17,567.15
TSLA,2025-03-17,238.01
UNH,2025-03-17,499.02
WMT,2025-03-17,87.46
XOM,2025-03-17,113.76
AAPL,2025-03-18,212.69
AMD,2025-03-18,103.51
AMZN,2025-03-18,192.82
CRM,2025-03-18,278.73
CRWD,2025-03-18,90.7875
DUOL,2025-03-18,288.81
GOOGL,2025-03-18,160.67
JPM,2025-03-18,234.97
META,2025-03-18,582.36
MSFT,2025-03-18,383.52
NVDA,2025-03-18,115.43
PANW,2025-03-18,183.1
SPY,2025-03-18,561.02
TSLA,2025-03-18,225.31
UNH,2025-03-18,503.8
WMT,2025-03-18,85.59
XOM,2025-03-18,113.64
AAPL,2025-03-19,215.24
AMD,2025-03-19,106.23
AMZN,2025-03-19,195.54
CRM,2025-03-19,279.39
CRWD,2025-03-19,93.7625
DUOL,2025-03-19,301.12
GOOGL,2025-03-19,163.89
JPM,2025-03-19,239.11
META,2025-03-19,584.06
MSFT,2025-03-19,387.82
NVDA,2025-03-19,117.52
PANW,2025-03-19,187.54
SPY,2025-03-19,567.13
TSLA,2025-03-19,235.86
UNH,2025-03-19,503.2
WMT,2025-03-19,86.33
XOM,2025-03-19,115.41
AAPL,2025-03-20,214.1
AMD,2025-03-20,107.14
AMZN,2025-03-20,194.95
CRM,2025-03-20,279.03
CRWD,2025-03-20,92.2575
DUOL,2025-03-20,306.17
GOOGL,2025-03-20,162.8
JPM,2025-03-20,239.01
META,2025-03-20,586
MSFT,2025-03-20,386.84
NVDA,2025-03-20,118.53
PANW,2025-03-20,184.01
SPY,2025-03-20,565.49
TSLA,2025-03-20,236.26
UNH,2025-03-20,511.3
WMT,2025-03-20,85.81
XOM,2025-03-20,115.9
AAPL,2025-03-21,218.27
AMD,2025-03-21,106.44
AMZN,2025-03-21,196.21
CRM,2025-03-21,280.62
CRWD,2025-03-21,90.56
DUOL,2025-03-21,309.3
GOOGL,2025-03-21,163.99
JPM,2025-03-21,241.63
META,2025-03-21,596.25
MSFT,2025-03-21,391.26
NVDA,2025-03-21,117.7
PANW,2025-03-21,182.32
SPY,2025-03-21,563.98
TSLA,2025-03-21,248.71
UNH,2025-03-21,516.85
WMT,2025-03-21,85.98
XOM,2025-03-21,115.5
AAPL,2025-03-24,220.73
AMD,2025-03-24,113.85
AMZN,2025-03-24,203.26
CRM,2025-03-24,285.96
CRWD,2025-03-24,93.16
DUOL,2025-03-24,330
GOOGL,2025-03-24,167.68
JPM,2025-03-24,248.06
META,2025-03-24,618.85
MSFT,2025-03-24,393.08
NVDA,2025-03-24,121.41
PANW,2025-03-24,184.79
SPY,2025-03-24,574.08
TSLA,2025-03-24,278.39
UNH,2025-03-24,516.5
WMT,2025-03-24,87.49
XOM,2025-03-24,115.8
AAPL,2025-03-25,223.75
AMD,2025-03-25,114.81
AMZN,2025-03-25,205.71
CRM,2025-03-25,288.61
CRWD,2025-03-25,96.2375
DUOL,2025-03-25,340.5
GOOGL,2025-03-25,170.56
JPM,2025-03-25,251.13
META,2025-03-25,626.31
MSFT,2025-03-25,395.16
NVDA,2025-03-25,120.69
PANW,2025-03-25,189.95
SPY,2025-03-25,575.46
TSLA,2025-03-25,288.14
UNH,2025-03-25,513.43
WMT,2025-03-25,84.76
XOM,2025-03-25,116.59
AAPL,2025-03-26,221.53
AMD,2025-03-26,110.19
AMZN,2025-03-26,201.13
CRM,2025-03-26,280.99
CRWD,2025-03-26,92.8525
DUOL,2025-03-26,331.22
GOOGL,2025-03-26,165.06
JPM,2025-03-26,251.03
META,2025-03-26,610.98
MSFT,2025-03-26,389.97
NVDA,2025-03-26,113.76
PANW,2025-03-26,184.96
SPY,2025-03-26,568.59
TSLA,2025-03-26,272.06
UNH,2025-03-26,518.2
WMT,2025-03-26,85.21
XOM,2025-03-26,118.27
AAPL,2025-03-27,223.85
AMD,2025-03-27,106.65
AMZN,2025-03-27,201.36
CRM,2025-03-27,277.81
CRWD,2025-03-27,91.64
DUOL,2025-03-27,332.94
GOOGL,2025-03-27,162.24
JPM,2025-03-27,248.12
META,2025-03-27,602.58
MSFT,2025-03-27,390.58
NVDA,2025-03-27,111.43
PANW,2025-03-27,174.44
SPY,2025-03-27,567.08
TSLA,2025-03-27,273.13
UNH,2025-03-27,515.72
WMT,2025-03-27,85.63
XOM,2025-03-27,117.89
AAPL,2025-03-28,217.9
AMD,2025-03-28,103.22
AMZN,2025-03-28,192.72
CRM,2025-03-28,269.97
CRWD,2025-03-28,89.2775
DUOL,2025-03-28,315
GOOGL,2025-03-28,154.33
JPM,2025-03-28,242.85
META,2025-03-28,576.74
MSFT,2025-03-28,378.8
NVDA,2025-03-28,109.67
PANW,2025-03-28,172.76
SPY,2025-03-28,555.66
TSLA,2025-03-28,263.55
UNH,2025-03-28,516.04
WMT,2025-03-28,85.15
XOM,2025-03-28,117.73
AAPL,2025-03-31,222.13
AMD,2025-03-31,102.74
AMZN,2025-03-31,190.26
CRM,2025-03-31,268.36
CRWD,2025-03-31,88.145
DUOL,2025-03-31,310.54
GOOGL,2025-03-31,154.64
JPM,2025-03-31,245.3
META,2025-03-31,576.36
MSFT,2025-03-31,375.39
NVDA,2025-03-31,108.38
PANW,2025-03-31,170.64
SPY,2025-03-31,559.39
TSLA,2025-03-31,259.16
UNH,2025-03-31,523.75
WMT,2025-03-31,87.79
XOM,2025-03-31,118.93
AAPL,2025-04-01,223.19
AMD,2025-04-01,102.78
AMZN,2025-04-01,192.17
CRM,2025-04-01,270.2
CRWD,2025-04-01,90.595
DUOL,2025-04-01,327.38
GOOGL,2025-04-01,157.07
JPM,2025-04-01,243.66
META,2025-04-01,586
MSFT,2025-04-01,382.19
NVDA,2025-04-01,110.15
PANW,2025-04-01,171.31
SPY,2025-04-01,560.97
TSLA,2025-04-01,268.46
UNH,2025-04-01,523.12
WMT,2025-04-01,88.83
XOM,2025-04-01,119.04
AAPL,2025-04-02,223.89
AMD,2025-04-02,102.96
AMZN,2025-04-02,196.01
CRM,2025-04-02,271.54
CRWD,2025-04-02,92.8725
DUOL,2025-04-02,337.56
GOOGL,2025-04-02,157.04
JPM,2025-04-02,245.82
META,2025-04-02,583.93
MSFT,2025-04-02,382.14
NVDA,2025-04-02,110.42
PANW,2025-04-02,173.18
SPY,2025-04-02,564.52
TSLA,2025-04-02,282.76
UNH,2025-04-02,523.2
WMT,2025-04-02,89.76
XOM,2025-04-02,118.67
AAPL,2025-04-03,203.19
AMD,2025-04-03,93.8
AMZN,2025-04-03,178.41
CRM,2025-04-03,255.23
CRWD,2025-04-03,86.8475
DUOL,2025-04-03,313.9
GOOGL,2025-04-03,150.72
JPM,2025-04-03,228.69
META,2025-04-03,531.62
MSFT,2025-04-03,373.11
NVDA,2025-04-03,101.8
PANW,2025-04-03,165.17
SPY,2025-04-03,536.7
TSLA,2025-04-03,267.28
UNH,2025-04-03,540.44
WMT,2025-04-03,87.26
XOM,2025-04-03,112.43
AAPL,2025-04-04,188.38
AMD,2025-04-04,85.76
AMZN,2025-04-04,171
CRM,2025-04-04,240.76
CRWD,2025-04-04,80.4075
DUOL,2025-04-04,292.88
GOOGL,2025-04-04,145.6
JPM,2025-04-04,210.28
META,2025-04-04,504.73
MSFT,2025-04-04,359.84
NVDA,2025-04-04,94.31
PANW,2025-04-04,153.57
SPY,2025-04-04,505.28
TSLA,2025-04-04,239.43
UNH,2025-04-04,525.05
WMT,2025-04-04,83.19
XOM,2025-04-04,104.34
AAPL,2025-04-07,181.46
AMD,2025-04-07,83.64
AMZN,2025-04-07,175.26
CRM,2025-04-07,244.21
CRWD,2025-04-07,81.09
DUOL,2025-04-07,296.51
GOOGL,2025-04-07,146.75
JPM,2025-04-07,214.44
META,2025-04-07,516.25
MSFT,2025-04-07,357.86
NVDA,2025-04-07,97.64
PANW,2025-04-07,152.44
SPY,2025-04-07,504.38
TSLA,2025-04-07,233.29
UNH,2025-04-07,524.7
WMT,2025-04-07,83.83
XOM,2025-04-07,102.94
AAPL,2025-04-08,172.42
AMD,2025-04-08,78.21
AMZN,2025-04-08,170.66
CRM,2025-04-08,243.99
CRWD,2025-04-08,81.26
DUOL,2025-04-08,293.27
GOOGL,2025-04-08,144.7
JPM,2025-04-08,216.87
META,2025-04-08,510.45
MSFT,2025-04-08,354.56
NVDA,2025-04-08,96.3
PANW,2025-04-08,152.53
SPY,2025-04-08,496.48
TSLA,2025-04-08,221.86
UNH,2025-04-08,553.08
WMT,2025-04-08,81.79
XOM,2025-04-08,100.77
AAPL,2025-04-09,198.85
AMD,2025-04-09,96.84
AMZN,2025-04-09,191.1
CRM,2025-04-09,265.17
CRWD,2025-04-09,94.5025
DUOL,2025-04-09,337.4
GOOGL,2025-04-09,158.71
JPM,2025-04-09,234.34
META,2025-04-09,585.77
MSFT,2025-04-09,390.49
NVDA,2025-04-09,114.33
PANW,2025-04-09,173.02
SPY,2025-04-09,548.62
TSLA,2025-04-09,272.2
UNH,2025-04-09,578.5
WMT,2025-04-09,89.6
XOM,2025-04-09,105.8
AAPL,2025-04-10,190.42
AMD,2025-04-10,88.7
AMZN,2025-04-10,181.22
CRM,2025-04-10,255.12
CRWD,2025-04-10,92.1525
DUOL,2025-04-10,316.94
GOOGL,2025-04-10,152.82
JPM,2025-04-10,227.11
META,2025-04-10,546.29
MSFT,2025-04-10,381.35
NVDA,2025-04-10,107.57
PANW,2025-04-10,168.27
SPY,2025-04-10,524.58
TSLA,2025-04-10,252.4
UNH,2025-04-10,594.4
WMT,2025-04-10,90.61
XOM,2025-04-10,99.93
AAPL,2025-04-11,198.15
AMD,2025-04-11,93.4
AMZN,2025-04-11,184.87
CRM,2025-04-11,255
CRWD,2025-04-11,94.475
DUOL,2025-04-11,329.35
GOOGL,2025-04-11,157.14
JPM,2025-04-11,236.2
META,2025-04-11,543.57
MSFT,2025-04-11,388.45
NVDA,2025-04-11,110.93
PANW,2025-04-11,168.34
SPY,2025-04-11,533.94
TSLA,2025-04-11,252.31
UNH,2025-04-11,599.47
WMT,2025-04-11,92.8
XOM,2025-04-11,103.14
AAPL,2025-04-14,202.52
AMD,2025-04-14,94.5
AMZN,2025-04-14,182.12
CRM,2025-04-14,254.55
CRWD,2025-04-14,94.665
DUOL,2025-04-14,326.67
GOOGL,2025-04-14,159.07
JPM,2025-04-14,234.72
META,2025-04-14,531.48
MSFT,2025-04-14,387.81
NVDA,2025-04-14,110.71
PANW,2025-04-14,169.98
SPY,2025-04-14,539.12
TSLA,2025-04-14,252.35
UNH,2025-04-14,587.06
WMT,2025-04-14,94.73
XOM,2025-04-14,103.39
AAPL,2025-04-15,202.14
AMD,2025-04-15,95.29
AMZN,2025-04-15,179.59
CRM,2025-04-15,254.93
CRWD,2025-04-15,98.2
DUOL,2025-04-15,325.17
GOOGL,2025-04-15,156.31
JPM,2025-04-15,233.13
META,2025-04-15,521.52
MSFT,2025-04-15,385.73
NVDA,2025-04-15,112.2
PANW,2025-04-15,173.55
SPY,2025-04-15,537.61
TSLA,2025-04-15,254.11
UNH,2025-04-15,583.59
WMT,2025-04-15,93.97
XOM,2025-04-15,103.1
AAPL,2025-04-16,194.27
AMD,2025-04-16,88.29
AMZN,2025-04-16,174.33
CRM,2025-04-16,249.84
CRWD,2025-04-16,94.96
DUOL,2025-04-16,326.4
GOOGL,2025-04-16,153.33
JPM,2025-04-16,229.61
META,2025-04-16,502.31
MSFT,2025-04-16,371.61
NVDA,2025-04-16,104.49
PANW,2025-04-16,169.76
SPY,2025-04-16,525.66
TSLA,2025-04-16,241.55
UNH,2025-04-16,585.04
WMT,2025-04-16,91.19
XOM,2025-04-16,104.19
AAPL,2025-04-17,196.98
AMD,2025-04-17,87.5
AMZN,2025-04-17,172.61
CRM,2025-04-17,247.26
CRWD,2025-04-17,93.905
DUOL,2025-04-17,326.5
GOOGL,2025-04-17,151.16
JPM,2025-04-17,231.96
META,2025-04-17,501.48
MSFT,2025-04-17,367.78
NVDA,2025-04-17,101.49
PANW,2025-04-17,167.69
SPY,2025-04-17,526.41
TSLA,2025-04-17,241.37
UNH,2025-04-17,454.11
WMT,2025-04-17,93.22
XOM,2025-04-17,106.92
AAPL,2025-04-21,193.16
AMD,2025-04-21,85.56
AMZN,2025-04-21,167.32
CRM,2025-04-21,236.26
CRWD,2025-04-21,90.6725
DUOL,2025-04-21,316.07
GOOGL,2025-04-21,147.67
JPM,2025-04-21,228.99
META,2025-04-21,484.66
MSFT,2025-04-21,359.12
NVDA,2025-04-21,96.91
PANW,2025-04-21,160.05
SPY,2025-04-21,513.88
TSLA,2025-04-21,227.5
UNH,2025-04-21,425.33
WMT,2025-04-21,92.41
XOM,2025-04-21,105.35
AAPL,2025-04-22,199.74
AMD,2025-04-22,86.26
AMZN,2025-04-22,173.18
CRM,2025-04-22,243.39
CRWD,2025-04-22,92.1125
DUOL,2025-04-22,336.34
GOOGL,2025-04-22,151.47
JPM,2025-04-22,235.59
META,2025-04-22,500.28
MSFT,2025-04-22,366.82
NVDA,2025-04-22,98.89
PANW,2025-04-22,163.63
SPY,2025-04-22,527.25
TSLA,2025-04-22,237.97
UNH,2025-04-22,427.18
WMT,2025-04-22,94.85
XOM,2025-04-22,108.3
AAPL,2025-04-23,204.6
AMD,2025-04-23,90.39
AMZN,2025-04-23,180.6
CRM,2025-04-23,250.48
CRWD,2025-04-23,96.4375
DUOL,2025-04-23,370
GOOGL,2025-04-23,155.35
JPM,2025-04-23,240.88
META,2025-04-23,520.27
MSFT,2025-04-23,374.39
NVDA,2025-04-23,102.71
PANW,2025-04-23,168.32
SPY,2025-04-23,535.42
TSLA,2025-04-23,250.74
UNH,2025-04-23,427.96
WMT,2025-04-23,94.96
XOM,2025-04-23,107.37
AAPL,2025-04-24,208.37
AMD,2025-04-24,94.47
AMZN,2025-04-24,186.54
CRM,2025-04-24,264.7
CRWD,2025-04-24,103.5125
DUOL,2025-04-24,375.02
GOOGL,2025-04-24,159.28
JPM,2025-04-24,244.64
META,2025-04-24,533.15
MSFT,2025-04-24,387.3
NVDA,2025-04-24,106.43
PANW,2025-04-24,176.04
SPY,2025-04-24,546.69
TSLA,2025-04-24,259.51
UNH,2025-04-24,424.25
WMT,2025-04-24,95.84
XOM,2025-04-24,108.63
AAPL,2025-04-25,209.28
AMD,2025-04-25,96.65
AMZN,2025-04-25,188.99
CRM,2025-04-25,267.85
CRWD,2025-04-25,106.22
DUOL,2025-04-25,381.83
GOOGL,2025-04-25,161.96
JPM,2025-04-25,243.55
META,2025-04-25,547.27
MSFT,2025-04-25,391.85
NVDA,2025-04-25,111.01
PANW,2025-04-25,178.98
SPY,2025-04-25,550.64
TSLA,2025-04-25,284.95
UNH,2025-04-25,418.64
WMT,2025-04-25,95.09
XOM,2025-04-25,108.57
AAPL,2025-04-28,210.14
AMD,2025-04-28,96.39
AMZN,2025-04-28,187.7
CRM,2025-04-28,265.64
CRWD,2025-04-28,105.77
DUOL,2025-04-28,384.34
GOOGL,2025-04-28,160.61
JPM,2025-04-28,243.22
META,2025-04-28,549.74
MSFT,2025-04-28,391.16
NVDA,2025-04-28,108.73
PANW,2025-04-28,181.54
SPY,2025-04-28,550.85
TSLA,2025-04-28,285.88
UNH,2025-04-28,420
WMT,2025-04-28,95.22
XOM,2025-04-28,108.63
AAPL,2025-04-29,211.21
AMD,2025-04-29,96.06
AMZN,2025-04-29,187.39
CRM,2025-04-29,267.76
CRWD,2025-04-29,107.7475
DUOL,2025-04-29,385.13
GOOGL,2025-04-29,160.16
JPM,2025-04-29,244.62
META,2025-04-29,554.44
MSFT,2025-04-29,394.04
NVDA,2025-04-29,109.02
PANW,2025-04-29,186.65
SPY,2025-04-29,554.32
TSLA,2025-04-29,292.03
UNH,2025-04-29,409.23
WMT,2025-04-29,96.04
XOM,2025-04-29,108.36
AAPL,2025-04-30,212.5
AMD,2025-04-30,97.35
AMZN,2025-04-30,184.42
CRM,2025-04-30,268.71
CRWD,2025-04-30,107.2175
DUOL,2025-04-30,389.48
GOOGL,2025-04-30,158.8
JPM,2025-04-30,244.62
META,2025-04-30,549
MSFT,2025-04-30,395.26
NVDA,2025-04-30,108.92
PANW,2025-04-30,186.93
SPY,2025-04-30,554.54
TSLA,2025-04-30,282.16
UNH,2025-04-30,411.44
WMT,2025-04-30,97.25
XOM,2025-04-30,105.63
AAPL,2025-05-01,213.32
AMD,2025-05-01,96.65
AMZN,2025-05-01,190.2
CRM,2025-05-01,269.33
CRWD,2025-05-01,107.97
DUOL,2025-05-01,400
GOOGL,2025-05-01,161.3
JPM,2025-05-01,246.89
META,2025-05-01,572.21
MSFT,2025-05-01,425.4
NVDA,2025-05-01,111.61
PANW,2025-05-01,186.27
SPY,2025-05-01,558.47
TSLA,2025-05-01,280.52
UNH,2025-05-01,400.68
WMT,2025-05-01,97.41
XOM,2025-05-01,105.78
AAPL,2025-05-02,205.35
AMD,2025-05-02,98.8
AMZN,2025-05-02,189.98
CRM,2025-05-02,275.08
CRWD,2025-05-02,110.145
DUOL,2025-05-02,486.42
GOOGL,2025-05-02,164.03
JPM,2025-05-02,252.51
META,2025-05-02,597.02
MSFT,2025-05-02,435.28
NVDA,2025-05-02,114.5
PANW,2025-05-02,187.7
SPY,2025-05-02,566.76
TSLA,2025-05-02,287.21
UNH,2025-05-02,399.92
WMT,2025-05-02,98.75
XOM,2025-05-02,106.21
AAPL,2025-05-05,198.89
AMD,2025-05-05,100.59
AMZN,2025-05-05,186.35
CRM,2025-05-05,272.63
CRWD,2025-05-05,110.8675
DUOL,2025-05-05,494.13
GOOGL,2025-05-05,164.21
JPM,2025-05-05,252.56
META,2025-05-05,599.27
MSFT,2025-05-05,436.17
NVDA,2025-05-05,113.82
PANW,2025-05-05,188.13
SPY,2025-05-05,563.51
TSLA,2025-05-05,280.26
UNH,2025-05-05,404.81
WMT,2025-05-05,99.33
XOM,2025-05-05,103.27
AAPL,2025-05-06,198.51
AMD,2025-05-06,98.62
AMZN,2025-05-06,185.01
CRM,2025-05-06,273.36
CRWD,2025-05-06,110.8025
DUOL,2025-05-06,490.55
GOOGL,2025-05-06,163.23
JPM,2025-05-06,249.25
META,2025-05-06,587.31
MSFT,2025-05-06,433.31
NVDA,2025-05-06,113.54
PANW,2025-05-06,188.69
SPY,2025-05-06,558.8
TSLA,2025-05-06,275.35
UNH,2025-05-06,394.51
WMT,2025-05-06,98.55
XOM,2025-05-06,104.71
AAPL,2025-05-07,196.25
AMD,2025-05-07,100.36
AMZN,2025-05-07,188.71
CRM,2025-05-07,278.23
CRWD,2025-05-07,105.63
DUOL,2025-05-07,495.56
GOOGL,2025-05-07,151.38
JPM,2025-05-07,249.39
META,2025-05-07,596.81
MSFT,2025-05-07,433.35
NVDA,2025-05-07,117.06
PANW,2025-05-07,188.14
SPY,2025-05-07,561.15
TSLA,2025-05-07,276.22
UNH,2025-05-07,391.06
WMT,2025-05-07,98.83
XOM,2025-05-07,104.61
AAPL,2025-05-08,197.49
AMD,2025-05-08,101.7
AMZN,2025-05-08,192.08
CRM,2025-05-08,279.74
CRWD,2025-05-08,107.1575
DUOL,2025-05-08,503.57
GOOGL,2025-05-08,154.28
JPM,2025-05-08,253.47
META,2025-05-08,598.01
MSFT,2025-05-08,438.17
NVDA,2025-05-08,117.37
PANW,2025-05-08,188.53
SPY,2025-05-08,565.06
TSLA,2025-05-08,284.82
UNH,2025-05-08,385.55
WMT,2025-05-08,97.43
XOM,2025-05-08,106.07
AAPL,2025-05-09,198.53
AMD,2025-05-09,102.84
AMZN,2025-05-09,193.06
CRM,2025-05-09,275.42
CRWD,2025-05-09,102.6425
DUOL,2025-05-09,512.75
GOOGL,2025-05-09,152.75
JPM,2025-05-09,253.08
META,2025-05-09,592.49
MSFT,2025-05-09,438.73
NVDA,2025-05-09,116.65
PANW,2025-05-09,186.93
SPY,2025-05-09,564.34
TSLA,2025-05-09,298.26
UNH,2025-05-09,380.64
WMT,2025-05-09,96.72
XOM,2025-05-09,107.31
AAPL,2025-05-12,210.79
AMD,2025-05-12,108.12
AMZN,2025-05-12,208.64
CRM,2025-05-12,288.82
CRWD,2025-05-12,107.36
DUOL,2025-05-12,517.83
GOOGL,2025-05-12,158.46
JPM,2025-05-12,260.05
META,2025-05-12,639.43
MSFT,2025-05-12,449.26
NVDA,2025-05-12,123
PANW,2025-05-12,193.5
SPY,2025-05-12,582.99
TSLA,2025-05-12,318.38
UNH,2025-05-12,378.75
WMT,2025-05-12,96.75
XOM,2025-05-12,109.16
AAPL,2025-05-13,212.93
AMD,2025-05-13,112.46
AMZN,2025-05-13,211.37
CRM,2025-05-13,289.17
CRWD,2025-05-13,110.05
DUOL,2025-05-13,531.46
GOOGL,2025-05-13,159.53
JPM,2025-05-13,263.01
META,2025-05-13,656.03
MSFT,2025-05-13,449.14
NVDA,2025-05-13,129.93
PANW,2025-05-13,192
SPY,2025-05-13,586.84
TSLA,2025-05-13,334.07
UNH,2025-05-13,311.38
WMT,2025-05-13,95.88
XOM,2025-05-13,109.46
AAPL,2025-05-14,212.33
AMD,2025-05-14,117.72
AMZN,2025-05-14,210.25
CRM,2025-05-14,290.74
CRWD,2025-05-14,108.985
DUOL,2025-05-14,540.68
GOOGL,2025-05-14,165.37
JPM,2025-05-14,265.64
META,2025-05-14,659.36
MSFT,2025-05-14,452.94
NVDA,2025-05-14,135.34
PANW,2025-05-14,190.9
SPY,2025-05-14,587.59
TSLA,2025-05-14,347.68
UNH,2025-05-14,308.01
WMT,2025-05-14,96.83
XOM,2025-05-14,108.48
AAPL,2025-05-15,211.45
AMD,2025-05-15,114.99
AMZN,2025-05-15,205.17
CRM,2025-05-15,290.76
CRWD,2025-05-15,107.96
DUOL,2025-05-15,530.52
GOOGL,2025-05-15,163.96
JPM,2025-05-15,267.49
META,2025-05-15,643.88
MSFT,2025-05-15,453.13
NVDA,2025-05-15,134.83
PANW,2025-05-15,192.9
SPY,2025-05-15,590.46
TSLA,2025-05-15,342.82
UNH,2025-05-15,274.35
WMT,2025-05-15,96.35
XOM,2025-05-15,108.58
AAPL,2025-05-16,211.26
AMD,2025-05-16,117.17
AMZN,2025-05-16,205.59
CRM,2025-05-16,291.15
CRWD,2025-05-16,109.815
DUOL,2025-05-16,529.05
GOOGL,2025-05-16,166.19
JPM,2025-05-16,267.56
META,2025-05-16,640.34
MSFT,2025-05-16,454.27
NVDA,2025-05-16,135.4
PANW,2025-05-16,192.98
SPY,2025-05-16,594.2
TSLA,2025-05-16,349.98
UNH,2025-05-16,291.91
WMT,2025-05-16,98.24
XOM,2025-05-16,108.19
AAPL,2025-05-19,208.78
AMD,2025-05-19,114.74
AMZN,2025-05-19,206.16
CRM,2025-05-19,287.63
CRWD,2025-05-19,111.0875
DUOL,2025-05-19,520.23
GOOGL,2025-05-19,166.54
JPM,2025-05-19,264.88
META,2025-05-19,640.43
MSFT,2025-05-19,458.87
NVDA,2025-05-19,135.57
PANW,2025-05-19,194.3
SPY,2025-05-19,594.85
TSLA,2025-05-19,342.09
UNH,2025-05-19,315.89
WMT,2025-05-19,98.12
XOM,2025-05-19,106.47
AAPL,2025-05-20,206.86
AMD,2025-05-20,113.51
AMZN,2025-05-20,204.07
CRM,2025-05-20,288.06
CRWD,2025-05-20,110.5625
DUOL,2025-05-20,525.73
GOOGL,2025-05-20,163.98
JPM,2025-05-20,265.68
META,2025-05-20,637.1
MSFT,2025-05-20,458.17
NVDA,2025-05-20,134.38
PANW,2025-05-20,194.48
SPY,2025-05-20,592.85
TSLA,2025-05-20,343.82
UNH,2025-05-20,321.58
WMT,2025-05-20,97.8
XOM,2025-05-20,104.95
AAPL,2025-05-21,202.09
AMD,2025-05-21,112.06
AMZN,2025-05-21,201.12
CRM,2025-05-21,282.28
CRWD,2025-05-21,108.685
DUOL,2025-05-21,514.3
GOOGL,2025-05-21,168.56
JPM,2025-05-21,261.04
META,2025-05-21,635.5
MSFT,2025-05-21,452.57
NVDA,2025-05-21,131.8
PANW,2025-05-21,181.26
SPY,2025-05-21,582.86
TSLA,2025-05-21,334.62
UNH,2025-05-21,302.98
WMT,2025-05-21,96.43
XOM,2025-05-21,103.66
AAPL,2025-05-22,201.36
AMD,2025-05-22,110.71
AMZN,2025-05-22,203.1
CRM,2025-05-22,283.42
CRWD,2025-05-22,111.0175
DUOL,2025-05-22,517.8
GOOGL,2025-05-22,170.87
JPM,2025-05-22,260.67
META,2025-05-22,636.57
MSFT,2025-05-22,454.86
NVDA,2025-05-22,132.83
PANW,2025-05-22,186.14
SPY,2025-05-22,583.09
TSLA,2025-05-22,341.04
UNH,2025-05-22,296.67
WMT,2025-05-22,95.93
XOM,2025-05-22,102.97
AAPL,2025-05-23,195.27
AMD,2025-05-23,110.31
AMZN,2025-05-23,200.99
CRM,2025-05-23,273.13
CRWD,2025-05-23,113.8975
DUOL,2025-05-23,520.21
GOOGL,2025-05-23,168.47
JPM,2025-05-23,260.71
META,2025-05-23,627.06
MSFT,2025-05-23,450.18
NVDA,2025-05-23,131.29
PANW,2025-05-23,186.75
SPY,2025-05-23,579.11
TSLA,2025-05-23,339.34
UNH,2025-05-23,295.57
WMT,2025-05-23,96.34
XOM,2025-05-23,103.03
AAPL,2025-05-27,200.21
AMD,2025-05-27,114.56
AMZN,2025-05-27,206.02
CRM,2025-05-27,277.19
CRWD,2025-05-27,118.055
DUOL,2025-05-27,525
GOOGL,2025-05-27,172.9
JPM,2025-05-27,265.29
META,2025-05-27,642.32
MSFT,2025-05-27,460.69
NVDA,2025-05-27,135.5
PANW,2025-05-27,187.46
SPY,2025-05-27,591.15
TSLA,2025-05-27,362.89
UNH,2025-05-27,295
WMT,2025-05-27,97.58
XOM,2025-05-27,103.52
AAPL,2025-05-28,200.42
AMD,2025-05-28,112.86
AMZN,2025-05-28,204.72
CRM,2025-05-28,276.03
CRWD,2025-05-28,117.2075
DUOL,2025-05-28,524.4
GOOGL,2025-05-28,172.36
JPM,2025-05-28,263.49
META,2025-05-28,643.58
MSFT,2025-05-28,457.36
NVDA,2025-05-28,134.81
PANW,2025-05-28,187.8
SPY,2025-05-28,587.73
TSLA,2025-05-28,356.9
UNH,2025-05-28,298.11
WMT,2025-05-28,97.24
XOM,2025-05-28,102.11
AAPL,2025-05-29,199.95
AMD,2025-05-29,113.03
AMZN,2025-05-29,205.7
CRM,2025-05-29,266.92
CRWD,2025-05-29,114.7025
DUOL,2025-05-29,513.39
GOOGL,2025-05-29,171.86
JPM,2025-05-29,264.37
META,2025-05-29,645.05
MSFT,2025-05-29,458.68
NVDA,2025-05-29,139.19
PANW,2025-05-29,185.82
SPY,2025-05-29,590.05
TSLA,2025-05-29,358.43
UNH,2025-05-29,298.17
WMT,2025-05-29,97.1
XOM,2025-05-29,102.69
AAPL,2025-05-30,200.85
AMD,2025-05-30,110.73
AMZN,2025-05-30,205.01
CRM,2025-05-30,265.37
CRWD,2025-05-30,117.8425
DUOL,2025-05-30,519.61
GOOGL,2025-05-30,171.74
JPM,2025-05-30,264
META,2025-05-30,647.49
MSFT,2025-05-30,460.36
NVDA,2025-05-30,135.13
PANW,2025-05-30,192.42
SPY,2025-05-30,589.39
TSLA,2025-05-30,346.46
UNH,2025-05-30,301.91
WMT,2025-05-30,98.72
XOM,2025-05-30,102.3
AAPL,2025-06-02,201.7
AMD,2025-06-02,114.63
AMZN,2025-06-02,206.65
CRM,2025-06-02,261.62
CRWD,2025-06-02,119.7925
DUOL,2025-06-02,526.85
GOOGL,2025-06-02,169.03
JPM,2025-06-02,264.66
META,2025-06-02,670.9
MSFT,2025-06-02,461.97
NVDA,2025-06-02,137.38
PANW,2025-06-02,194.86
SPY,2025-06-02,592.71
TSLA,2025-06-02,342.69
UNH,2025-06-02,304.72
WMT,2025-06-02,99.77
XOM,2025-06-02,103.05
AAPL,2025-06-03,203.27
AMD,2025-06-03,117.31
AMZN,2025-06-03,205.71
CRM,2025-06-03,264.47
CRWD,2025-06-03,122.19
DUOL,2025-06-03,513.37
GOOGL,2025-06-03,166.18
JPM,2025-06-03,266.27
META,2025-06-03,666.85
MSFT,2025-06-03,462.97
NVDA,2025-06-03,141.22
PANW,2025-06-03,197.12
SPY,2025-06-03,596.09
TSLA,2025-06-03,344.27
UNH,2025-06-03,301.22
WMT,2025-06-03,99.98
XOM,2025-06-03,103.8
AAPL,2025-06-04,202.82
AMD,2025-06-04,118.58
AMZN,2025-06-04,207.23
CRM,2025-06-04,263.17
CRWD,2025-06-04,115.14
DUOL,2025-06-04,518.79
GOOGL,2025-06-04,168.05
JPM,2025-06-04,264.22
META,2025-06-04,687.95
MSFT,2025-06-04,463.87
NVDA,2025-06-04,141.92
PANW,2025-06-04,194.07
SPY,2025-06-04,595.93
TSLA,2025-06-04,332.05
UNH,2025-06-04,300.38
WMT,2025-06-04,99.35
XOM,2025-06-04,102.3
AAPL,2025-06-05,200.63
AMD,2025-06-05,115.69
AMZN,2025-06-05,207.91
CRM,2025-06-05,267.14
CRWD,2025-06-05,115.735
DUOL,2025-06-05,522.99
GOOGL,2025-06-05,168.21
JPM,2025-06-05,261.95
META,2025-06-05,684.62
MSFT,2025-06-05,467.68
NVDA,2025-06-05,139.99
PANW,2025-06-05,197.11
SPY,2025-06-05,593.05
TSLA,2025-06-05,284.7
UNH,2025-06-05,295.84
WMT,2025-06-05,97.96
XOM,2025-06-05,101.83
AAPL,2025-06-06,203.92
AMD,2025-06-06,116.19
AMZN,2025-06-06,213.57
CRM,2025-06-06,274.51
CRWD,2025-06-06,117.1025
DUOL,2025-06-06,512.95
GOOGL,2025-06-06,173.68
JPM,2025-06-06,265.73
META,2025-06-06,697.71
MSFT,2025-06-06,470.38
NVDA,2025-06-06,141.72
PANW,2025-06-06,199.6
SPY,2025-06-06,599.14
TSLA,2025-06-06,295.14
UNH,2025-06-06,303.22
WMT,2025-06-06,97.47
XOM,2025-06-06,104.27
AAPL,2025-06-09,201.45
AMD,2025-06-09,121.73
AMZN,2025-06-09,216.98
CRM,2025-06-09,272.25
CRWD,2025-06-09,116.0975
DUOL,2025-06-09,497.93
GOOGL,2025-06-09,176.09
JPM,2025-06-09,266.74
META,2025-06-09,694.06
MSFT,2025-06-09,472.75
NVDA,2025-06-09,142.63
PANW,2025-06-09,196.33
SPY,2025-06-09,599.68
TSLA,2025-06-09,308.58
UNH,2025-06-09,303.19
WMT,2025-06-09,97.45
XOM,2025-06-09,104.97
AAPL,2025-06-10,202.67
AMD,2025-06-10,123.24
AMZN,2025-06-10,217.61
CRM,2025-06-10,268.22
CRWD,2025-06-10,116.9125
DUOL,2025-06-10,486.02
GOOGL,2025-06-10,178.6
JPM,2025-06-10,268.6
META,2025-06-10,702.4
MSFT,2025-06-10,470.92
NVDA,2025-06-10,143.96
PANW,2025-06-10,195.95
SPY,2025-06-10,603.08
TSLA,2025-06-10,326.09
UNH,2025-06-10,303.79
WMT,2025-06-10,97.32
XOM,2025-06-10,107.22
AAPL,2025-06-11,198.78
AMD,2025-06-11,121.14
AMZN,2025-06-11,213.2
CRM,2025-06-11,265.91
CRWD,2025-06-11,119.245
DUOL,2025-06-11,473.78
GOOGL,2025-06-11,177.35
JPM,2025-06-11,268.15
META,2025-06-11,694.14
MSFT,2025-06-11,472.62
NVDA,2025-06-11,142.83
PANW,2025-06-11,194.39
SPY,2025-06-11,601.36
TSLA,2025-06-11,326.43
UNH,2025-06-11,310.56
WMT,2025-06-11,95.8
XOM,2025-06-11,109.31
AAPL,2025-06-12,199.2
AMD,2025-06-12,118.5
AMZN,2025-06-12,213.24
CRM,2025-06-12,266.91
CRWD,2025-06-12,120.4325
DUOL,2025-06-12,481.48
GOOGL,2025-06-12,175.7
JPM,2025-06-12,268.24
META,2025-06-12,693.36
MSFT,2025-06-12,478.87
NVDA,2025-06-12,145
PANW,2025-06-12,197.67
SPY,2025-06-12,603.75
TSLA,2025-06-12,319.11
UNH,2025-06-12,318.5
WMT,2025-06-12,94.83
XOM,2025-06-12,109.73
AAPL,2025-06-13,196.45
AMD,2025-06-13,116.16
AMZN,2025-06-13,212.1
CRM,2025-06-13,258.4
CRWD,2025-06-13,120.155
DUOL,2025-06-13,478.48
GOOGL,2025-06-13,174.67
JPM,2025-06-13,264.95
META,2025-06-13,682.87
MSFT,2025-06-13,474.96
NVDA,2025-06-13,141.97
PANW,2025-06-13,196.27
SPY,2025-06-13,597
TSLA,2025-06-13,325.31
UNH,2025-06-13,313.53
WMT,2025-06-13,94.44
XOM,2025-06-13,112.12
AAPL,2025-06-16,198.42
AMD,2025-06-16,126.39
AMZN,2025-06-16,216.1
CRM,2025-06-16,263.88
CRWD,2025-06-16,119.8475
DUOL,2025-06-16,474.9
GOOGL,2025-06-16,176.77
JPM,2025-06-16,270.36
META,2025-06-16,702.12
MSFT,2025-06-16,479.14
NVDA,2025-06-16,144.69
PANW,2025-06-16,198.11
SPY,2025-06-16,602.68
TSLA,2025-06-16,329.13
UNH,2025-06-16,307.66
WMT,2025-06-16,94.29
XOM,2025-06-16,112.48
AAPL,2025-06-17,195.64
AMD,2025-06-17,127.1
AMZN,2025-06-17,214.82
CRM,2025-06-17,262.76
CRWD,2025-06-17,123.0075
DUOL,2025-06-17,476.3
GOOGL,2025-06-17,175.95
JPM,2025-06-17,269.52
META,2025-06-17,697.23
MSFT,2025-06-17,478.04
NVDA,2025-06-17,144.12
PANW,2025-06-17,202.05
SPY,2025-06-17,597.53
TSLA,2025-06-17,316.35
UNH,2025-06-17,308.87
WMT,2025-06-17,94.25
XOM,2025-06-17,114
AAPL,2025-06-18,196.58
AMD,2025-06-18,126.79
AMZN,2025-06-18,212.52
CRM,2025-06-18,259.5
CRWD,2025-06-18,121.29
DUOL,2025-06-18,478.73
GOOGL,2025-06-18,173.32
JPM,2025-06-18,273.96
META,2025-06-18,695.77
MSFT,2025-06-18,480.24
NVDA,2025-06-18,145.48
PANW,2025-06-18,199.78
SPY,2025-06-18,597.44
TSLA,2025-06-18,322.05
UNH,2025-06-18,307.2
WMT,2025-06-18,95.09
XOM,2025-06-18,113.19
AAPL,2025-06-20,201
AMD,2025-06-20,128.24
AMZN,2025-06-20,209.69
CRM,2025-06-20,260.63
CRWD,2025-06-20,119.075
DUOL,2025-06-20,471.57
GOOGL,2025-06-20,166.64
JPM,2025-06-20,275
META,2025-06-20,682.35
MSFT,2025-06-20,477.4
NVDA,2025-06-20,143.85
PANW,2025-06-20,199.24
SPY,2025-06-20,594.28
TSLA,2025-06-20,322.16
UNH,2025-06-20,302.01
WMT,2025-06-20,96.12
XOM,2025-06-20,114.7
AAPL,2025-06-23,201.5
AMD,2025-06-23,129.58
AMZN,2025-06-23,208.47
CRM,2025-06-23,263.41
CRWD,2025-06-23,122.9525
DUOL,2025-06-23,448.54
GOOGL,2025-06-23,165.19
JPM,2025-06-23,278.27
META,2025-06-23,698.53
MSFT,2025-06-23,486
NVDA,2025-06-23,144.17
PANW,2025-06-23,203.32
SPY,2025-06-23,600.15
TSLA,2025-06-23,348.68
UNH,2025-06-23,300.68
WMT,2025-06-23,97.87
XOM,2025-06-23,111.74
AAPL,2025-06-24,200.3
AMD,2025-06-24,138.43
AMZN,2025-06-24,212.77
CRM,2025-06-24,271.17
CRWD,2025-06-24,121.345
DUOL,2025-06-24,422.79
GOOGL,2025-06-24,166.77
JPM,2025-06-24,281.26
META,2025-06-24,712.2
MSFT,2025-06-24,490.11
NVDA,2025-06-24,147.9
PANW,2025-06-24,201.69
SPY,2025-06-24,606.78
TSLA,2025-06-24,340.47
UNH,2025-06-24,305.62
WMT,2025-06-24,98
XOM,2025-06-24,108.34
AAPL,2025-06-25,201.56
AMD,2025-06-25,143.4
AMZN,2025-06-25,211.99
CRM,2025-06-25,267.76
CRWD,2025-06-25,123.5225
DUOL,2025-06-25,397.68
GOOGL,2025-06-25,170.68
JPM,2025-06-25,284.06
META,2025-06-25,708.68
MSFT,2025-06-25,492.27
NVDA,2025-06-25,154.31
PANW,2025-06-25,204.3
SPY,2025-06-25,607.12
TSLA,2025-06-25,327.55
UNH,2025-06-25,302.02
WMT,2025-06-25,97.26
XOM,2025-06-25,108.37
AAPL,2025-06-26,201
AMD,2025-06-26,143.68
AMZN,2025-06-26,217.12
CRM,2025-06-26,270.74
CRWD,2025-06-26,126.305
DUOL,2025-06-26,398.66
GOOGL,2025-06-26,173.54
JPM,2025-06-26,288.75
META,2025-06-26,726.09
MSFT,2025-06-26,497.45
NVDA,2025-06-26,155.02
PANW,2025-06-26,202.34
SPY,2025-06-26,611.87
TSLA,2025-06-26,325.78
UNH,2025-06-26,302.62
WMT,2025-06-26,96.02
XOM,2025-06-26,109.99
AAPL,2025-06-27,201.08
AMD,2025-06-27,143.81
AMZN,2025-06-27,223.3
CRM,2025-06-27,273.42
CRWD,2025-06-27,124.8325
DUOL,2025-06-27,411.26
GOOGL,2025-06-27,178.53
JPM,2025-06-27,287.11
META,2025-06-27,733.63
MSFT,2025-06-27,495.94
NVDA,2025-06-27,157.75
PANW,2025-06-27,200.57
SPY,2025-06-27,614.91
TSLA,2025-06-27,323.63
UNH,2025-06-27,309.11
WMT,2025-06-27,97.27
XOM,2025-06-27,109.38
AAPL,2025-06-30,205.17
AMD,2025-06-30,141.9
AMZN,2025-06-30,219.39
CRM,2025-06-30,272.69
CRWD,2025-06-30,127.3275
DUOL,2025-06-30,410.02
GOOGL,2025-06-30,176.23
JPM,2025-06-30,289.91
META,2025-06-30,738.09
MSFT,2025-06-30,497.41
NVDA,2025-06-30,157.99
PANW,2025-06-30,204.64
SPY,2025-06-30,617.85
TSLA,2025-06-30,317.66
UNH,2025-06-30,311.97
WMT,2025-06-30,97.78
XOM,2025-06-30,107.8
AAPL,2025-07-01,207.82
AMD,2025-07-01,136.11
AMZN,2025-07-01,220.46
CRM,2025-07-01,271.91
CRWD,2025-07-01,123.0175
DUOL,2025-07-01,403.06
GOOGL,2025-07-01,175.84
JPM,2025-07-01,290.41
META,2025-07-01,719.22
MSFT,2025-07-01,492.05
NVDA,2025-07-01,153.3
PANW,2025-07-01,197.58
SPY,2025-07-01,617.65
TSLA,2025-07-01,300.71
UNH,2025-07-01,326.14
WMT,2025-07-01,98.24
XOM,2025-07-01,109.24
AAPL,2025-07-02,212.44
AMD,2025-07-02,138.52
AMZN,2025-07-02,219.92
CRM,2025-07-02,269.21
CRWD,2025-07-02,124.025
DUOL,2025-07-02,397
GOOGL,2025-07-02,178.64
JPM,2025-07-02,292
META,2025-07-02,713.57
MSFT,2025-07-02,491.09
NVDA,2025-07-02,157.25
PANW,2025-07-02,196.97
SPY,2025-07-02,620.45
TSLA,2025-07-02,315.65
UNH,2025-07-02,307.56
WMT,2025-07-02,97.61
XOM,2025-07-02,111.05
AAPL,2025-07-03,213.55
AMD,2025-07-03,137.91
AMZN,2025-07-03,223.41
CRM,2025-07-03,272.15
CRWD,2025-07-03,128.525
DUOL,2025-07-03,391.86
GOOGL,2025-07-03,179.53
JPM,2025-07-03,296
META,2025-07-03,719.01
MSFT,2025-07-03,498.84
NVDA,2025-07-03,159.34
PANW,2025-07-03,201.82
SPY,2025-07-03,625.34
TSLA,2025-07-03,315.35
UNH,2025-07-03,308.55
WMT,2025-07-03,98.36
XOM,2025-07-03,112.2
AAPL,2025-07-07,209.95
AMD,2025-07-07,134.8
AMZN,2025-07-07,223.47
CRM,2025-07-07,269.8
CRWD,2025-07-07,126.365
DUOL,2025-07-07,396.45
GOOGL,2025-07-07,176.79
JPM,2025-07-07,291.97
META,2025-07-07,718.35
MSFT,2025-07-07,497.72
NVDA,2025-07-07,158.24
PANW,2025-07-07,201.42
SPY,2025-07-07,620.68
TSLA,2025-07-07,293.94
UNH,2025-07-07,303.71
WMT,2025-07-07,99.35
XOM,2025-07-07,111.11
AAPL,2025-07-08,210.01
AMD,2025-07-08,137.82
AMZN,2025-07-08,219.36
CRM,2025-07-08,273.65
CRWD,2025-07-08,126.9275
DUOL,2025-07-08,389.45
GOOGL,2025-07-08,174.36
JPM,2025-07-08,282.78
META,2025-07-08,720.67
MSFT,2025-07-08,496.62
NVDA,2025-07-08,160
PANW,2025-07-08,203.99
SPY,2025-07-08,620.34
TSLA,2025-07-08,297.81
UNH,2025-07-08,307.7
WMT,2025-07-08,97.09
XOM,2025-07-08,114.19
AAPL,2025-07-09,211.14
AMD,2025-07-09,138.41
AMZN,2025-07-09,222.54
CRM,2025-07-09,270.92
CRWD,2025-07-09,128.3775
DUOL,2025-07-09,390.75
GOOGL,2025-07-09,176.62
JPM,2025-07-09,283.16
META,2025-07-09,732.78
MSFT,2025-07-09,503.51
NVDA,2025-07-09,162.88
PANW,2025-07-09,206.06
SPY,2025-07-09,624.06
TSLA,2025-07-09,295.88
UNH,2025-07-09,302.91
WMT,2025-07-09,96.81
XOM,2025-07-09,113.8
AAPL,2025-07-10,212.41
AMD,2025-07-10,144.16
AMZN,2025-07-10,222.26
CRM,2025-07-10,263.97
CRWD,2025-07-10,121.7775
DUOL,2025-07-10,380.44
GOOGL,2025-07-10,177.62
JPM,2025-07-10,288.19
META,2025-07-10,727.24
MSFT,2025-07-10,501.48
NVDA,2025-07-10,164.1
PANW,2025-07-10,192.07
SPY,2025-07-10,625.82
TSLA,2025-07-10,309.87
UNH,2025-07-10,299.51
WMT,2025-07-10,94.86
XOM,2025-07-10,114.93
AAPL,2025-07-11,211.16
AMD,2025-07-11,146.42
AMZN,2025-07-11,225.02
CRM,2025-07-11,258.07
CRWD,2025-07-11,119.6125
DUOL,2025-07-11,370.82
GOOGL,2025-07-11,180.19
JPM,2025-07-11,286.86
META,2025-07-11,717.51
MSFT,2025-07-11,503.32
NVDA,2025-07-11,164.92
PANW,2025-07-11,187.39
SPY,2025-07-11,623.62
TSLA,2025-07-11,313.51
UNH,2025-07-11,304.1
WMT,2025-07-11,94.4
XOM,2025-07-11,115.43
AAPL,2025-07-14,208.62
AMD,2025-07-14,146.24
AMZN,2025-07-14,225.69
CRM,2025-07-14,259.68
CRWD,2025-07-14,119.045
DUOL,2025-07-14,376.42
GOOGL,2025-07-14,181.56
JPM,2025-07-14,288.7
META,2025-07-14,720.92
MSFT,2025-07-14,503.02
NVDA,2025-07-14,164.07
PANW,2025-07-14,190.72
SPY,2025-07-14,624.81
TSLA,2025-07-14,316.9
UNH,2025-07-14,300.58
WMT,2025-07-14,95.78
XOM,2025-07-14,113.92
AAPL,2025-07-15,209.11
AMD,2025-07-15,155.61
AMZN,2025-07-15,226.35
CRM,2025-07-15,257.58
CRWD,2025-07-15,118.32
DUOL,2025-07-15,378.31
GOOGL,2025-07-15,182
JPM,2025-07-15,286.55
META,2025-07-15,710.39
MSFT,2025-07-15,505.82
NVDA,2025-07-15,170.7
PANW,2025-07-15,192.25
SPY,2025-07-15,622.14
TSLA,2025-07-15,310.78
UNH,2025-07-15,291.71
WMT,2025-07-15,95.39
XOM,2025-07-15,112.91
AAPL,2025-07-16,210.16
AMD,2025-07-16,160.08
AMZN,2025-07-16,223.19
CRM,2025-07-16,257.95
CRWD,2025-07-16,117.6125
DUOL,2025-07-16,361.35
GOOGL,2025-07-16,182.97
JPM,2025-07-16,285.82
META,2025-07-16,702.91
MSFT,2025-07-16,505.62
NVDA,2025-07-16,171.37
PANW,2025-07-16,192.59
SPY,2025-07-16,624.22
TSLA,2025-07-16,321.67
UNH,2025-07-16,292.49
WMT,2025-07-16,95.15
XOM,2025-07-16,112.23
AAPL,2025-07-17,210.02
AMD,2025-07-17,160.41
AMZN,2025-07-17,223.88
CRM,2025-07-17,259.88
CRWD,2025-07-17,117.4575
DUOL,2025-07-17,361.95
GOOGL,2025-07-17,183.58
JPM,2025-07-17,289.9
META,2025-07-17,701.41
MSFT,2025-07-17,511.7
NVDA,2025-07-17,173
PANW,2025-07-17,196.28
SPY,2025-07-17,628.04
TSLA,2025-07-17,319.41
UNH,2025-07-17,288.07
WMT,2025-07-17,95.09
XOM,2025-07-17,111.66
AAPL,2025-07-18,211.18
AMD,2025-07-18,156.99
AMZN,2025-07-18,226.13
CRM,2025-07-18,262.38
CRWD,2025-07-18,118.99
DUOL,2025-07-18,370.49
GOOGL,2025-07-18,185.06
JPM,2025-07-18,291.27
META,2025-07-18,704.28
MSFT,2025-07-18,510.05
NVDA,2025-07-18,172.41
PANW,2025-07-18,195.78
SPY,2025-07-18,627.58
TSLA,2025-07-18,329.65
UNH,2025-07-18,282.65
WMT,2025-07-18,95.05
XOM,2025-07-18,107.77
AAPL,2025-07-21,212.48
AMD,2025-07-21,157
AMZN,2025-07-21,229.3
CRM,2025-07-21,262.28
CRWD,2025-07-21,120.395
DUOL,2025-07-21,355.85
GOOGL,2025-07-21,190.1
JPM,2025-07-21,290.97
META,2025-07-21,712.97
MSFT,2025-07-21,510.06
NVDA,2025-07-21,171.38
PANW,2025-07-21,199.88
SPY,2025-07-21,628.77
TSLA,2025-07-21,328.49
UNH,2025-07-21,282.14
WMT,2025-07-21,95.67
XOM,2025-07-21,108.05
AAPL,2025-07-22,214.4
AMD,2025-07-22,154.72
AMZN,2025-07-22,227.47
CRM,2025-07-22,263.59
CRWD,2025-07-22,117.8075
DUOL,2025-07-22,356.23
GOOGL,2025-07-22,191.34
JPM,2025-07-22,291.43
META,2025-07-22,704.81
MSFT,2025-07-22,505.27
NVDA,2025-07-22,167.03
PANW,2025-07-22,196.73
SPY,2025-07-22,628.86
TSLA,2025-07-22,332.11
UNH,2025-07-22,285.13
WMT,2025-07-22,95.85
XOM,2025-07-22,108.54
AAPL,2025-07-23,214.15
AMD,2025-07-23,158.65
AMZN,2025-07-23,228.29
CRM,2025-07-23,267.22
CRWD,2025-07-23,115.38
DUOL,2025-07-23,359.79
GOOGL,2025-07-23,190.23
JPM,2025-07-23,296.76
META,2025-07-23,713.58
MSFT,2025-07-23,505.87
NVDA,2025-07-23,170.78
PANW,2025-07-23,199.22
SPY,2025-07-23,634.21
TSLA,2025-07-23,332.56
UNH,2025-07-23,292.51
WMT,2025-07-23,95.68
XOM,2025-07-23,109.93
AAPL,2025-07-24,213.76
AMD,2025-07-24,162.12
AMZN,2025-07-24,232.23
CRM,2025-07-24,267.7
CRWD,2025-07-24,115.5075
DUOL,2025-07-24,360.95
GOOGL,2025-07-24,192.17
JPM,2025-07-24,296.55
META,2025-07-24,714.8
MSFT,2025-07-24,510.88
NVDA,2025-07-24,173.74
PANW,2025-07-24,201.16
SPY,2025-07-24,634.42
TSLA,2025-07-24,305.3
UNH,2025-07-24,278.58
WMT,2025-07-24,96.6
XOM,2025-07-24,110.79
AAPL,2025-07-25,213.88
AMD,2025-07-25,166.47
AMZN,2025-07-25,231.44
CRM,2025-07-25,269.11
CRWD,2025-07-25,116.98
DUOL,2025-07-25,364.09
GOOGL,2025-07-25,193.18
JPM,2025-07-25,298.62
META,2025-07-25,712.68
MSFT,2025-07-25,513.71
NVDA,2025-07-25,173.5
PANW,2025-07-25,203.27
SPY,2025-07-25,637.1
TSLA,2025-07-25,316.06
UNH,2025-07-25,281.06
WMT,2025-07-25,97.47
XOM,2025-07-25,110.4
AAPL,2025-07-28,214.05
AMD,2025-07-28,173.66
AMZN,2025-07-28,232.79
CRM,2025-07-28,270.25
CRWD,2025-07-28,118.045
DUOL,2025-07-28,340.49
GOOGL,2025-07-28,192.58
JPM,2025-07-28,298.28
META,2025-07-28,717.63
MSFT,2025-07-28,512.5
NVDA,2025-07-28,176.75
PANW,2025-07-28,204.5
SPY,2025-07-28,636.94
TSLA,2025-07-28,325.59
UNH,2025-07-28,282.12
WMT,2025-07-28,97.61
XOM,2025-07-28,111.44
AAPL,2025-07-29,211.27
AMD,2025-07-29,177.44
AMZN,2025-07-29,231.01
CRM,2025-07-29,267.39
CRWD,2025-07-29,116.3775
DUOL,2025-07-29,333.71
GOOGL,2025-07-29,195.75
JPM,2025-07-29,297.04
META,2025-07-29,700
MSFT,2025-07-29,512.57
NVDA,2025-07-29,175.51
PANW,2025-07-29,193.84
SPY,2025-07-29,635.26
TSLA,2025-07-29,321.2
UNH,2025-07-29,261.07
WMT,2025-07-29,98.33
XOM,2025-07-29,112.88
AAPL,2025-07-30,209.05
AMD,2025-07-30,179.51
AMZN,2025-07-30,230.19
CRM,2025-07-30,264.81
CRWD,2025-07-30,115.7875
DUOL,2025-07-30,341.34
GOOGL,2025-07-30,196.53
JPM,2025-07-30,299.63
META,2025-07-30,695.21
MSFT,2025-07-30,513.24
NVDA,2025-07-30,179.27
PANW,2025-07-30,183.03
SPY,2025-07-30,634.46
TSLA,2025-07-30,319.04
UNH,2025-07-30,266.04
WMT,2025-07-30,97.59
XOM,2025-07-30,111.9
AAPL,2025-07-31,207.57
AMD,2025-07-31,176.31
AMZN,2025-07-31,234.11
CRM,2025-07-31,258.33
CRWD,2025-07-31,113.6425
DUOL,2025-07-31,346.55
GOOGL,2025-07-31,191.9
JPM,2025-07-31,296.24
META,2025-07-31,773.44
MSFT,2025-07-31,533.5
NVDA,2025-07-31,177.87
PANW,2025-07-31,173.6
SPY,2025-07-31,632.08
TSLA,2025-07-31,308.27
UNH,2025-07-31,249.56
WMT,2025-07-31,97.98
XOM,2025-07-31,111.64
AAPL,2025-08-01,202.38
AMD,2025-08-01,171.7
AMZN,2025-08-01,214.75
CRM,2025-08-01,250.74
CRWD,2025-08-01,111.665
DUOL,2025-08-01,338.99
GOOGL,2025-08-01,189.13
JPM,2025-08-01,289.37
META,2025-08-01,750.01
MSFT,2025-08-01,524.11
NVDA,2025-08-01,173.72
PANW,2025-08-01,172.88
SPY,2025-08-01,621.72
TSLA,2025-08-01,302.63
UNH,2025-08-01,237.77
WMT,2025-08-01,98.49
XOM,2025-08-01,109.64
AAPL,2025-08-04,203.35
AMD,2025-08-04,176.78
AMZN,2025-08-04,211.65
CRM,2025-08-04,252.32
CRWD,2025-08-04,113.715
DUOL,2025-08-04,352.36
GOOGL,2025-08-04,195.04
JPM,2025-08-04,294.26
META,2025-08-04,776.37
MSFT,2025-08-04,535.64
NVDA,2025-08-04,180
PANW,2025-08-04,171
SPY,2025-08-04,631.17
TSLA,2025-08-04,309.26
UNH,2025-08-04,240.98
WMT,2025-08-04,99.59
XOM,2025-08-04,107.37
AAPL,2025-08-05,202.92
AMD,2025-08-05,174.31
AMZN,2025-08-05,213.75
CRM,2025-08-05,247.49
CRWD,2025-08-05,110.4375
DUOL,2025-08-05,340.31
GOOGL,2025-08-05,194.67
JPM,2025-08-05,291.37
META,2025-08-05,763.46
MSFT,2025-08-05,527.75
NVDA,2025-08-05,178.26
PANW,2025-08-05,169.09
SPY,2025-08-05,627.97
TSLA,2025-08-05,308.72
UNH,2025-08-05,251
WMT,2025-08-05,99.31
XOM,2025-08-05,107.24
AAPL,2025-08-06,213.25
AMD,2025-08-06,163.12
AMZN,2025-08-06,222.31
CRM,2025-08-06,249.17
CRWD,2025-08-06,112.9225
DUOL,2025-08-06,343.61
GOOGL,2025-08-06,196.09
JPM,2025-08-06,291.35
META,2025-08-06,771.99
MSFT,2025-08-06,524.94
NVDA,2025-08-06,179.42
PANW,2025-08-06,172.89
SPY,2025-08-06,632.78
TSLA,2025-08-06,319.91
UNH,2025-08-06,245.78
WMT,2025-08-06,103.36
XOM,2025-08-06,106.51
AAPL,2025-08-07,220.03
AMD,2025-08-07,172.4
AMZN,2025-08-07,223.13
CRM,2025-08-07,240.88
CRWD,2025-08-07,106.25
DUOL,2025-08-07,390.84
GOOGL,2025-08-07,196.52
JPM,2025-08-07,286.94
META,2025-08-07,761.83
MSFT,2025-08-07,520.84
NVDA,2025-08-07,180.77
PANW,2025-08-07,168.1
SPY,2025-08-07,632.25
TSLA,2025-08-07,322.27
UNH,2025-08-07,244.67
WMT,2025-08-07,103.12
XOM,2025-08-07,105.95
AAPL,2025-08-08,229.35
AMD,2025-08-08,172.76
AMZN,2025-08-08,222.69
CRM,2025-08-08,240.51
CRWD,2025-08-08,106.1225
DUOL,2025-08-08,370.34
GOOGL,2025-08-08,201.42
JPM,2025-08-08,288.76
META,2025-08-08,769.3
MSFT,2025-08-08,522.04
NVDA,2025-08-08,182.7
PANW,2025-08-08,167.06
SPY,2025-08-08,637.18
TSLA,2025-08-08,329.65
UNH,2025-08-08,250.89
WMT,2025-08-08,103.73
XOM,2025-08-08,106.8
AAPL,2025-08-11,227.18
AMD,2025-08-11,172.28
AMZN,2025-08-11,221.3
CRM,2025-08-11,232.68
CRWD,2025-08-11,106.6075
DUOL,2025-08-11,340.59
GOOGL,2025-08-11,201
JPM,2025-08-11,289.56
META,2025-08-11,765.87
MSFT,2025-08-11,521.77
NVDA,2025-08-11,182.06
PANW,2025-08-11,168.17
SPY,2025-08-11,635.92
TSLA,2025-08-11,339.03
UNH,2025-08-11,252.37
WMT,2025-08-11,103.93
XOM,2025-08-11,105.83
AAPL,2025-08-12,229.65
AMD,2025-08-12,174.95
AMZN,2025-08-12,221.47
CRM,2025-08-12,231.66
CRWD,2025-08-12,108.95
DUOL,2025-08-12,322.93
GOOGL,2025-08-12,203.34
JPM,2025-08-12,292.85
META,2025-08-12,790
MSFT,2025-08-12,529.24
NVDA,2025-08-12,183.16
PANW,2025-08-12,175.4
SPY,2025-08-12,642.69
TSLA,2025-08-12,340.84
UNH,2025-08-12,261.57
WMT,2025-08-12,103.62
XOM,2025-08-12,106.13
AAPL,2025-08-13,233.33
AMD,2025-08-13,184.42
AMZN,2025-08-13,224.56
CRM,2025-08-13,237.03
CRWD,2025-08-13,108.03
DUOL,2025-08-13,327.93
GOOGL,2025-08-13,201.96
JPM,2025-08-13,290.53
META,2025-08-13,780.08
MSFT,2025-08-13,520.58
NVDA,2025-08-13,181.59
PANW,2025-08-13,176.86
SPY,2025-08-13,644.89
TSLA,2025-08-13,339.38
UNH,2025-08-13,271.81
WMT,2025-08-13,100.99
XOM,2025-08-13,107.6
AAPL,2025-08-14,232.78
AMD,2025-08-14,180.95
AMZN,2025-08-14,230.98
CRM,2025-08-14,233.37
CRWD,2025-08-14,106.215
DUOL,2025-08-14,329.88
GOOGL,2025-08-14,202.94
JPM,2025-08-14,294.16
META,2025-08-14,782.13
MSFT,2025-08-14,522.48
NVDA,2025-08-14,182.02
PANW,2025-08-14,173.55
SPY,2025-08-14,644.95
TSLA,2025-08-14,335.58
UNH,2025-08-14,271.49
WMT,2025-08-14,100.85
XOM,2025-08-14,107.38
AAPL,2025-08-15,231.59
AMD,2025-08-15,177.51
AMZN,2025-08-15,231.03
CRM,2025-08-15,242.44
CRWD,2025-08-15,106.975
DUOL,2025-08-15,326.93
GOOGL,2025-08-15,203.9
JPM,2025-08-15,290.49
META,2025-08-15,785.23
MSFT,2025-08-15,520.17
NVDA,2025-08-15,180.45
PANW,2025-08-15,177.09
SPY,2025-08-15,643.44
TSLA,2025-08-15,330.56
UNH,2025-08-15,304.01
WMT,2025-08-15,100
XOM,2025-08-15,106.49
AAPL,2025-08-18,230.89
AMD,2025-08-18,176.14
AMZN,2025-08-18,231.49
CRM,2025-08-18,243.97
CRWD,2025-08-18,106.585
DUOL,2025-08-18,369.19
GOOGL,2025-08-18,203.5
JPM,2025-08-18,291.53
META,2025-08-18,767.37
MSFT,2025-08-18,517.1
NVDA,2025-08-18,182.01
PANW,2025-08-18,176.17
SPY,2025-08-18,643.3
TSLA,2025-08-18,335.16
UNH,2025-08-18,308.49
WMT,2025-08-18,100.7
XOM,2025-08-18,106.72
AAPL,2025-08-19,230.56
AMD,2025-08-19,166.55
AMZN,2025-08-19,228.01
CRM,2025-08-19,246
CRWD,2025-08-19,104.65
DUOL,2025-08-19,340.66
GOOGL,2025-08-19,201.57
JPM,2025-08-19,290.66
META,2025-08-19,751.48
MSFT,2025-08-19,509.77
NVDA,2025-08-19,175.64
PANW,2025-08-19,181.56
SPY,2025-08-19,639.81
TSLA,2025-08-19,329.31
UNH,2025-08-19,304.24
WMT,2025-08-19,101.29
XOM,2025-08-19,107.42
AAPL,2025-08-20,226.01
AMD,2025-08-20,165.2
AMZN,2025-08-20,223.81
CRM,2025-08-20,246.45
CRWD,2025-08-20,104.7925
DUOL,2025-08-20,338.88
GOOGL,2025-08-20,199.32
JPM,2025-08-20,292.24
META,2025-08-20,747.72
MSFT,2025-08-20,505.72
NVDA,2025-08-20,175.4
PANW,2025-08-20,184.43
SPY,2025-08-20,638.11
TSLA,2025-08-20,323.9
UNH,2025-08-20,299.84
WMT,2025-08-20,102.57
XOM,2025-08-20,108.53
AAPL,2025-08-21,224.9
AMD,2025-08-21,163.71
AMZN,2025-08-21,221.95
CRM,2025-08-21,245.83
CRWD,2025-08-21,103.515
DUOL,2025-08-21,345.52
GOOGL,2025-08-21,199.75
JPM,2025-08-21,291.47
META,2025-08-21,739.1
MSFT,2025-08-21,504.24
NVDA,2025-08-21,174.98
PANW,2025-08-21,183.32
SPY,2025-08-21,635.55
TSLA,2025-08-21,320.11
UNH,2025-08-21,303.35
WMT,2025-08-21,97.96
XOM,2025-08-21,109.23
AAPL,2025-08-22,227.76
AMD,2025-08-22,167.76
AMZN,2025-08-22,228.84
CRM,2025-08-22,248.29
CRWD,2025-08-22,105.1375
DUOL,2025-08-22,331.87
GOOGL,2025-08-22,206.09
JPM,2025-08-22,296.24
META,2025-08-22,754.79
MSFT,2025-08-22,507.23
NVDA,2025-08-22,177.99
PANW,2025-08-22,185.88
SPY,2025-08-22,645.31
TSLA,2025-08-22,340.01
UNH,2025-08-22,307.42
WMT,2025-08-22,96.83
XOM,2025-08-22,111.28
AAPL,2025-08-25,227.16
AMD,2025-08-25,163.36
AMZN,2025-08-25,227.94
CRM,2025-08-25,247.87
CRWD,2025-08-25,104.7075
DUOL,2025-08-25,321.44
GOOGL,2025-08-25,208.49
JPM,2025-08-25,294.9
META,2025-08-25,753.3
MSFT,2025-08-25,504.26
NVDA,2025-08-25,179.81
PANW,2025-08-25,184.55
SPY,2025-08-25,642.47
TSLA,2025-08-25,346.6
UNH,2025-08-25,304.86
WMT,2025-08-25,96.07
XOM,2025-08-25,111.74
AAPL,2025-08-26,229.31
AMD,2025-08-26,166.62
AMZN,2025-08-26,228.71
CRM,2025-08-26,243.74
CRWD,2025-08-26,104.4
DUOL,2025-08-26,316.02
GOOGL,2025-08-26,207.14
JPM,2025-08-26,298.57
META,2025-08-26,754.1
MSFT,2025-08-26,502.04
NVDA,2025-08-26,181.77
PANW,2025-08-26,184.23
SPY,2025-08-26,645.16
TSLA,2025-08-26,351.67
UNH,2025-08-26,300.43
WMT,2025-08-26,96.05
XOM,2025-08-26,111.49
AAPL,2025-08-27,230.49
AMD,2025-08-27,167.13
AMZN,2025-08-27,229.12
CRM,2025-08-27,250.16
CRWD,2025-08-27,105.6525
DUOL,2025-08-27,317.93
GOOGL,2025-08-27,207.48
JPM,2025-08-27,299.28
META,2025-08-27,747.38
MSFT,2025-08-27,506.74
NVDA,2025-08-27,181.6
PANW,2025-08-27,187.61
SPY,2025-08-27,646.63
TSLA,2025-08-27,349.6
UNH,2025-08-27,303.88
WMT,2025-08-27,96.08
XOM,2025-08-27,112.75
AAPL,2025-08-28,232.56
AMD,2025-08-28,168.58
AMZN,2025-08-28,231.6
CRM,2025-08-28,254.53
CRWD,2025-08-28,110.5
DUOL,2025-08-28,322.78
GOOGL,2025-08-28,211.64
JPM,2025-08-28,301.07
META,2025-08-28,751.11
MSFT,2025-08-28,509.64
NVDA,2025-08-28,180.17
PANW,2025-08-28,191.02
SPY,2025-08-28,648.92
TSLA,2025-08-28,345.98
UNH,2025-08-28,302.29
WMT,2025-08-28,96.11
XOM,2025-08-28,113.35
AAPL,2025-08-29,232.14
AMD,2025-08-29,162.63
AMZN,2025-08-29,229
CRM,2025-08-29,256.25
CRWD,2025-08-29,105.925
DUOL,2025-08-29,297.86
GOOGL,2025-08-29,212.91
JPM,2025-08-29,301.42
META,2025-08-29,738.7
MSFT,2025-08-29,506.69
NVDA,2025-08-29,174.18
PANW,2025-08-29,190.52
SPY,2025-08-29,645.05
TSLA,2025-08-29,333.87
UNH,2025-08-29,309.87
WMT,2025-08-29,96.98
XOM,2025-08-29,114.29
AAPL,2025-09-02,229.72
AMD,2025-09-02,162.32
AMZN,2025-09-02,225.34
CRM,2025-09-02,252.86
CRWD,2025-09-02,103.375
DUOL,2025-09-02,289.98
GOOGL,2025-09-02,211.35
JPM,2025-09-02,299.7
META,2025-09-02,735.11
MSFT,2025-09-02,505.12
NVDA,2025-09-02,170.78
PANW,2025-09-02,190.52
SPY,2025-09-02,640.27
TSLA,2025-09-02,329.36
UNH,2025-09-02,308.8
WMT,2025-09-02,97.85
XOM,2025-09-02,114.69
AAPL,2025-09-03,238.47
AMD,2025-09-03,162.13
AMZN,2025-09-03,225.99
CRM,2025-09-03,256.45
CRWD,2025-09-03,103.3
DUOL,2025-09-03,282.515
GOOGL,2025-09-03,230.66
JPM,2025-09-03,299.51
META,2025-09-03,737.05
MSFT,2025-09-03,505.35
NVDA,2025-09-03,170.62
PANW,2025-09-03,191.53
SPY,2025-09-03,643.74
TSLA,2025-09-03,334.09
UNH,2025-09-03,307.88
WMT,2025-09-03,99.44
XOM,2025-09-03,111.91
AAPL,2025-09-04,239.78
AMD,2025-09-04,161.79
AMZN,2025-09-04,235.68
CRM,2025-09-04,244.01
CRWD,2025-09-04,103.115
DUOL,2025-09-04,272.7
GOOGL,2025-09-04,232.3
JPM,2025-09-04,303.82
META,2025-09-04,748.65
MSFT,2025-09-04,507.97
NVDA,2025-09-04,171.66
PANW,2025-09-04,192.35
SPY,2025-09-04,649.12
TSLA,2025-09-04,338.53
UNH,2025-09-04,310.38
WMT,2025-09-04,100.93
XOM,2025-09-04,112.4
AAPL,2025-09-05,239.69
AMD,2025-09-05,151.14
AMZN,2025-09-05,232.33
CRM,2025-09-05,250.76
CRWD,2025-09-05,104.4075
DUOL,2025-09-05,271.18
GOOGL,2025-09-05,235
JPM,2025-09-05,294.38
META,2025-09-05,752.45
MSFT,2025-09-05,495
NVDA,2025-09-05,167.02
PANW,2025-09-05,194.46
SPY,2025-09-05,647.24
TSLA,2025-09-05,350.84
UNH,2025-09-05,315.39
WMT,2025-09-05,100.51
XOM,2025-09-05,109.23
AAPL,2025-09-08,237.88
AMD,2025-09-08,151.41
AMZN,2025-09-08,235.84
CRM,2025-09-08,252.27
CRWD,2025-09-08,107.015
DUOL,2025-09-08,271.28
GOOGL,2025-09-08,234.04
JPM,2025-09-08,292.91
META,2025-09-08,752.3
MSFT,2025-09-08,498.2
NVDA,2025-09-08,168.31
PANW,2025-09-08,197.38
SPY,2025-09-08,648.83
TSLA,2025-09-08,346.4
UNH,2025-09-08,320.25
WMT,2025-09-08,102.28
XOM,2025-09-08,109.85
AAPL,2025-09-09,234.35
AMD,2025-09-09,155.82
AMZN,2025-09-09,238.24
CRM,2025-09-09,252.06
CRWD,2025-09-09,105.8775
DUOL,2025-09-09,273.49
GOOGL,2025-09-09,239.63
JPM,2025-09-09,297.85
META,2025-09-09,765.7
MSFT,2025-09-09,498.41
NVDA,2025-09-09,170.76
PANW,2025-09-09,197.55
SPY,2025-09-09,650.33
TSLA,2025-09-09,346.97
UNH,2025-09-09,347.92
WMT,2025-09-09,102.29
XOM,2025-09-09,110.65
AAPL,2025-09-10,226.79
AMD,2025-09-10,159.54
AMZN,2025-09-10,230.33
CRM,2025-09-10,242.57
CRWD,2025-09-10,106.2175
DUOL,2025-09-10,285.91
GOOGL,2025-09-10,239.17
JPM,2025-09-10,300.54
META,2025-09-10,751.98
MSFT,2025-09-10,500.37
NVDA,2025-09-10,177.33
PANW,2025-09-10,197.33
SPY,2025-09-10,652.21
TSLA,2025-09-10,347.79
UNH,2025-09-10,346.78
WMT,2025-09-10,100.41
XOM,2025-09-10,112.5
AAPL,2025-09-11,230.03
AMD,2025-09-11,155.67
AMZN,2025-09-11,229.95
CRM,2025-09-11,246.28
CRWD,2025-09-11,108.345
DUOL,2025-09-11,309.34
GOOGL,2025-09-11,240.37
JPM,2025-09-11,305.56
META,2025-09-11,750.9
MSFT,2025-09-11,501.01
NVDA,2025-09-11,177.17
PANW,2025-09-11,198.33
SPY,2025-09-11,657.63
TSLA,2025-09-11,368.81
UNH,2025-09-11,353.61
WMT,2025-09-11,102.65
XOM,2025-09-11,112.14
AAPL,2025-09-12,234.07
AMD,2025-09-12,158.57
AMZN,2025-09-12,228.15
CRM,2025-09-12,242.76
CRWD,2025-09-12,109.025
DUOL,2025-09-12,307.91
GOOGL,2025-09-12,240.8
JPM,2025-09-12,306.91
META,2025-09-12,755.59
MSFT,2025-09-12,509.9
NVDA,2025-09-12,177.82
PANW,2025-09-12,196.29
SPY,2025-09-12,657.41
TSLA,2025-09-12,395.94
UNH,2025-09-12,352.51
WMT,2025-09-12,103.49
XOM,2025-09-12,112.16
AAPL,2025-09-15,236.7
AMD,2025-09-15,161.16
AMZN,2025-09-15,231.43
CRM,2025-09-15,242.52
CRWD,2025-09-15,111.1925
DUOL,2025-09-15,285.11
GOOGL,2025-09-15,251.61
JPM,2025-09-15,308.9
META,2025-09-15,764.7
MSFT,2025-09-15,515.36
NVDA,2025-09-15,177.75
PANW,2025-09-15,201.28
SPY,2025-09-15,660.91
TSLA,2025-09-15,410.04
UNH,2025-09-15,347.89
WMT,2025-09-15,103.69
XOM,2025-09-15,112.35
AAPL,2025-09-16,238.15
AMD,2025-09-16,160.46
AMZN,2025-09-16,234.05
CRM,2025-09-16,239.31
CRWD,2025-09-16,111.245
DUOL,2025-09-16,280.74
GOOGL,2025-09-16,251.16
JPM,2025-09-16,309.19
META,2025-09-16,779
MSFT,2025-09-16,509.04
NVDA,2025-09-16,174.88
PANW,2025-09-16,201.34
SPY,2025-09-16,660
TSLA,2025-09-16,421.62
UNH,2025-09-16,339.78
WMT,2025-09-16,103.42
XOM,2025-09-16,114.68
AAPL,2025-09-17,238.99
AMD,2025-09-17,159.16
AMZN,2025-09-17,231.62
CRM,2025-09-17,242.21
CRWD,2025-09-17,111.375
DUOL,2025-09-17,279.16
GOOGL,2025-09-17,249.53
JPM,2025-09-17,311.75
META,2025-09-17,775.72
MSFT,2025-09-17,510.02
NVDA,2025-09-17,170.29
PANW,2025-09-17,203.12
SPY,2025-09-17,659.18
TSLA,2025-09-17,425.86
UNH,2025-09-17,341.61
WMT,2025-09-17,104.27
XOM,2025-09-17,115.29
AAPL,2025-09-18,237.88
AMD,2025-09-18,157.92
AMZN,2025-09-18,231.23
CRM,2025-09-18,244.28
CRWD,2025-09-18,125.6575
DUOL,2025-09-18,289.67
GOOGL,2025-09-18,252.03
JPM,2025-09-18,313.23
META,2025-09-18,780.25
MSFT,2025-09-18,508.45
NVDA,2025-09-18,176.24
PANW,2025-09-18,205.68
SPY,2025-09-18,662.26
TSLA,2025-09-18,416.85
UNH,2025-09-18,334.82
WMT,2025-09-18,103.6
XOM,2025-09-18,113.93
AAPL,2025-09-19,245.5
AMD,2025-09-19,157.39
AMZN,2025-09-19,231.48
CRM,2025-09-19,247.09
CRWD,2025-09-19,125.6375
DUOL,2025-09-19,290.9
GOOGL,2025-09-19,254.72
JPM,2025-09-19,314.78
META,2025-09-19,778.38
MSFT,2025-09-19,517.93
NVDA,2025-09-19,176.67
PANW,2025-09-19,208.19
SPY,2025-09-19,663.7
TSLA,2025-09-19,426.07
UNH,2025-09-19,336.69
WMT,2025-09-19,102.33
XOM,2025-09-19,112.82
AAPL,2025-09-22,256.08
AMD,2025-09-22,159.79
AMZN,2025-09-22,227.63
CRM,2025-09-22,249.69
CRWD,2025-09-22,123.285
DUOL,2025-09-22,309.34
GOOGL,2025-09-22,252.53
JPM,2025-09-22,312.44
META,2025-09-22,765.16
MSFT,2025-09-22,514.45
NVDA,2025-09-22,183.61
PANW,2025-09-22,208.18
SPY,2025-09-22,666.84
TSLA,2025-09-22,434.21
UNH,2025-09-22,341.3
WMT,2025-09-22,102.82
XOM,2025-09-22,112.02
AAPL,2025-09-23,254.43
AMD,2025-09-23,160.9
AMZN,2025-09-23,220.71
CRM,2025-09-23,244.56
CRWD,2025-09-23,121.025
DUOL,2025-09-23,299.5
GOOGL,2025-09-23,251.66
JPM,2025-09-23,312.74
META,2025-09-23,755.4
MSFT,2025-09-23,509.23
NVDA,2025-09-23,178.43
PANW,2025-09-23,203.25
SPY,2025-09-23,663.21
TSLA,2025-09-23,425.85
UNH,2025-09-23,347.69
WMT,2025-09-23,102.52
XOM,2025-09-23,113.95
AAPL,2025-09-24,252.31
AMD,2025-09-24,160.88
AMZN,2025-09-24,220.21
CRM,2025-09-24,245.89
CRWD,2025-09-24,119.0825
DUOL,2025-09-24,301.17
GOOGL,2025-09-24,247.14
JPM,2025-09-24,313.42
META,2025-09-24,760.66
MSFT,2025-09-24,510.15
NVDA,2025-09-24,176.97
PANW,2025-09-24,200.7
SPY,2025-09-24,661.1
TSLA,2025-09-24,442.79
UNH,2025-09-24,351.81
WMT,2025-09-24,102.73
XOM,2025-09-24,114.56
AAPL,2025-09-25,256.87
AMD,2025-09-25,161.27
AMZN,2025-09-25,218.15
CRM,2025-09-25,240.95
CRWD,2025-09-25,118.2725
DUOL,2025-09-25,313.49
GOOGL,2025-09-25,245.79
JPM,2025-09-25,313.45
META,2025-09-25,748.91
MSFT,2025-09-25,507.03
NVDA,2025-09-25,177.69
PANW,2025-09-25,202.21
SPY,2025-09-25,658.05
TSLA,2025-09-25,423.39
UNH,2025-09-25,345.56
WMT,2025-09-25,103.05
XOM,2025-09-25,115.59
AAPL,2025-09-26,255.46
AMD,2025-09-26,159.46
AMZN,2025-09-26,219.78
CRM,2025-09-26,243.43
CRWD,2025-09-26,120.355
DUOL,2025-09-26,326.39
GOOGL,2025-09-26,246.54
JPM,2025-09-26,316.06
META,2025-09-26,743.75
MSFT,2025-09-26,511.46
NVDA,2025-09-26,178.19
PANW,2025-09-26,202.37
SPY,2025-09-26,661.82
TSLA,2025-09-26,440.4
UNH,2025-09-26,344.08
WMT,2025-09-26,103.16
XOM,2025-09-26,117.22
AAPL,2025-09-29,254.43
AMD,2025-09-29,161.36
AMZN,2025-09-29,222.17
CRM,2025-09-29,245.1
CRWD,2025-09-29,122.1125
DUOL,2025-09-29,328.78
GOOGL,2025-09-29,244.05
JPM,2025-09-29,315.69
META,2025-09-29,743.4
MSFT,2025-09-29,514.6
NVDA,2025-09-29,181.85
PANW,2025-09-29,203.96
SPY,2025-09-29,663.68
TSLA,2025-09-29,443.21
UNH,2025-09-29,345.18
WMT,2025-09-29,103.08
XOM,2025-09-29,114.22
AAPL,2025-09-30,254.63
AMD,2025-09-30,161.79
AMZN,2025-09-30,219.57
CRM,2025-09-30,237
CRWD,2025-09-30,122.595
DUOL,2025-09-30,321.84
GOOGL,2025-09-30,243.1
JPM,2025-09-30,315.43
META,2025-09-30,734.38
MSFT,2025-09-30,517.95
NVDA,2025-09-30,186.58
PANW,2025-09-30,203.62
SPY,2025-09-30,666.18
TSLA,2025-09-30,444.72
UNH,2025-09-30,345.3
WMT,2025-09-30,103.06
XOM,2025-09-30,112.75
AAPL,2025-10-01,255.45
AMD,2025-10-01,164.01
AMZN,2025-10-01,220.63
CRM,2025-10-01,235.69
CRWD,2025-10-01,124.99
DUOL,2025-10-01,303.72
GOOGL,2025-10-01,244.9
JPM,2025-10-01,310.71
META,2025-10-01,717.34
MSFT,2025-10-01,519.71
NVDA,2025-10-01,187.24
PANW,2025-10-01,206.8
SPY,2025-10-01,668.45
TSLA,2025-10-01,459.46
UNH,2025-10-01,348.3
WMT,2025-10-01,101.96
XOM,2025-10-01,111.99
AAPL,2025-10-02,257.13
AMD,2025-10-02,169.73
AMZN,2025-10-02,222.41
CRM,2025-10-02,238.88
CRWD,2025-10-02,124.2
DUOL,2025-10-02,313
GOOGL,2025-10-02,245.69
JPM,2025-10-02,307.55
META,2025-10-02,727.05
MSFT,2025-10-02,515.74
NVDA,2025-10-02,188.89
PANW,2025-10-02,209.3
SPY,2025-10-02,669.22
TSLA,2025-10-02,436
UNH,2025-10-02,353.72
WMT,2025-10-02,101.7
XOM,2025-10-02,111.29
AAPL,2025-10-03,258.02
AMD,2025-10-03,164.67
AMZN,2025-10-03,219.51
CRM,2025-10-03,240.36
CRWD,2025-10-03,122.47
DUOL,2025-10-03,322.63
GOOGL,2025-10-03,245.35
JPM,2025-10-03,310.03
META,2025-10-03,710.56
MSFT,2025-10-03,517.35
NVDA,2025-10-03,187.62
PANW,2025-10-03,207.19
SPY,2025-10-03,669.21
TSLA,2025-10-03,429.83
UNH,2025-10-03,360.2
WMT,2025-10-03,102.07
XOM,2025-10-03,113.26
AAPL,2025-10-06,256.69
AMD,2025-10-06,203.71
AMZN,2025-10-06,220.9
CRM,2025-10-06,245.78
CRWD,2025-10-06,123.9875
DUOL,2025-10-06,320.31
GOOGL,2025-10-06,250.43
JPM,2025-10-06,309.18
META,2025-10-06,715.66
MSFT,2025-10-06,528.57
NVDA,2025-10-06,185.54
PANW,2025-10-06,212.58
SPY,2025-10-06,671.61
TSLA,2025-10-06,453.25
UNH,2025-10-06,358.77
WMT,2025-10-06,102.7
XOM,2025-10-06,114.2
AAPL,2025-10-07,256.48
AMD,2025-10-07,211.51
AMZN,2025-10-07,221.78
CRM,2025-10-07,239.74
CRWD,2025-10-07,121.155
DUOL,2025-10-07,319.98
GOOGL,2025-10-07,245.76
JPM,2025-10-07,307.69
META,2025-10-07,713.08
MSFT,2025-10-07,523.98
NVDA,2025-10-07,185.04
PANW,2025-10-07,211.04
SPY,2025-10-07,669.12
TSLA,2025-10-07,433.09
UNH,2025-10-07,363.66
WMT,2025-10-07,103.24
XOM,2025-10-07,114.26
AAPL,2025-10-08,258.06
AMD,2025-10-08,235.56
AMZN,2025-10-08,225.22
CRM,2025-10-08,240.43
CRWD,2025-10-08,127.4875
DUOL,2025-10-08,347.27
GOOGL,2025-10-08,244.62
JPM,2025-10-08,304.03
META,2025-10-08,717.84
MSFT,2025-10-08,524.85
NVDA,2025-10-08,189.11
PANW,2025-10-08,217.79
SPY,2025-10-08,673.11
TSLA,2025-10-08,438.69
UNH,2025-10-08,369.92
WMT,2025-10-08,102.9
XOM,2025-10-08,114.02
AAPL,2025-10-09,254.04
AMD,2025-10-09,232.89
AMZN,2025-10-09,227.74
CRM,2025-10-09,245.33
CRWD,2025-10-09,127.2825
DUOL,2025-10-09,337.19
GOOGL,2025-10-09,241.53
JPM,2025-10-09,305.53
META,2025-10-09,733.51
MSFT,2025-10-09,522.4
NVDA,2025-10-09,192.57
PANW,2025-10-09,215.17
SPY,2025-10-09,671.16
TSLA,2025-10-09,435.54
UNH,2025-10-09,367.69
WMT,2025-10-09,101.77
XOM,2025-10-09,112.91
AAPL,2025-10-10,245.27
AMD,2025-10-10,214.9
AMZN,2025-10-10,216.37
CRM,2025-10-10,241.68
CRWD,2025-10-10,123.415
DUOL,2025-10-10,325
GOOGL,2025-10-10,236.57
JPM,2025-10-10,300.89
META,2025-10-10,705.3
MSFT,2025-10-10,510.96
NVDA,2025-10-10,183.16
PANW,2025-10-10,208.55
SPY,2025-10-10,653.02
TSLA,2025-10-10,413.49
UNH,2025-10-10,354.5
WMT,2025-10-10,101.84
XOM,2025-10-10,110.73
AAPL,2025-10-13,247.66
AMD,2025-10-13,216.42
AMZN,2025-10-13,220.07
CRM,2025-10-13,248.75
CRWD,2025-10-13,127.1525
DUOL,2025-10-13,330
GOOGL,2025-10-13,244.15
JPM,2025-10-13,307.97
META,2025-10-13,715.7
MSFT,2025-10-13,514.05
NVDA,2025-10-13,188.32
PANW,2025-10-13,213.28
SPY,2025-10-13,663.04
TSLA,2025-10-13,435.9
UNH,2025-10-13,358.66
WMT,2025-10-13,102.12
XOM,2025-10-13,112.24
AAPL,2025-10-14,247.77
AMD,2025-10-14,218.09
AMZN,2025-10-14,216.39
CRM,2025-10-14,239.77
CRWD,2025-10-14,122.235
DUOL,2025-10-14,332.6
GOOGL,2025-10-14,245.45
JPM,2025-10-14,302.08
META,2025-10-14,708.65
MSFT,2025-10-14,513.57
NVDA,2025-10-14,180.03
PANW,2025-10-14,207.56
SPY,2025-10-14,662.23
TSLA,2025-10-14,429.24
UNH,2025-10-14,359.93
WMT,2025-10-14,107.21
XOM,2025-10-14,112.29
AAPL,2025-10-15,249.34
AMD,2025-10-15,238.6
AMZN,2025-10-15,215.57
CRM,2025-10-15,236.58
CRWD,2025-10-15,122.255
DUOL,2025-10-15,341.08
GOOGL,2025-10-15,251.03
JPM,2025-10-15,305.69
META,2025-10-15,717.55
MSFT,2025-10-15,513.43
NVDA,2025-10-15,179.83
PANW,2025-10-15,206.7
SPY,2025-10-15,665.17
TSLA,2025-10-15,435.15
UNH,2025-10-15,361.15
WMT,2025-10-15,109.03
XOM,2025-10-15,111.61
AAPL,2025-10-16,247.45
AMD,2025-10-16,234.56
AMZN,2025-10-16,214.47
CRM,2025-10-16,246
CRWD,2025-10-16,120.5575
DUOL,2025-10-16,330.56
GOOGL,2025-10-16,251.46
JPM,2025-10-16,298.54
META,2025-10-16,712.07
MSFT,2025-10-16,511.61
NVDA,2025-10-16,181.81
PANW,2025-10-16,205.51
SPY,2025-10-16,660.64
TSLA,2025-10-16,428.75
UNH,2025-10-16,356.67
WMT,2025-10-16,106.47
XOM,2025-10-16,110.64
AAPL,2025-10-17,252.29
AMD,2025-10-17,233.08
AMZN,2025-10-17,213.04
CRM,2025-10-17,243.08
CRWD,2025-10-17,121.1625
DUOL,2025-10-17,324.02
GOOGL,2025-10-17,253.3
JPM,2025-10-17,297.56
META,2025-10-17,716.92
MSFT,2025-10-17,513.58
NVDA,2025-10-17,183.22
PANW,2025-10-17,207.89
SPY,2025-10-17,664.39
TSLA,2025-10-17,439.31
UNH,2025-10-17,356.6
WMT,2025-10-17,107.73
XOM,2025-10-17,112.24
AAPL,2025-10-20,262.24
AMD,2025-10-20,240.56
AMZN,2025-10-20,216.48
CRM,2025-10-20,254.28
CRWD,2025-10-20,125.9025
DUOL,2025-10-20,312.73
GOOGL,2025-10-20,256.55
JPM,2025-10-20,302.36
META,2025-10-20,732.17
MSFT,2025-10-20,516.79
NVDA,2025-10-20,182.64
PANW,2025-10-20,211.82
SPY,2025-10-20,671.3
TSLA,2025-10-20,447.43
UNH,2025-10-20,364.48
WMT,2025-10-20,107.05
XOM,2025-10-20,112.7
AAPL,2025-10-21,262.77
AMD,2025-10-21,238.03
AMZN,2025-10-21,222.03
CRM,2025-10-21,263.41
CRWD,2025-10-21,125.9875
DUOL,2025-10-21,317.61
GOOGL,2025-10-21,250.46
JPM,2025-10-21,297.09
META,2025-10-21,733.27
MSFT,2025-10-21,517.66
NVDA,2025-10-21,181.16
PANW,2025-10-21,214.4
SPY,2025-10-21,671.29
TSLA,2025-10-21,442.6
UNH,2025-10-21,365.37
WMT,2025-10-21,106.22
XOM,2025-10-21,112.71
AAPL,2025-10-22,258.45
AMD,2025-10-22,230.23
AMZN,2025-10-22,217.95
CRM,2025-10-22,256.64
CRWD,2025-10-22,125.0275
DUOL,2025-10-22,307.57
GOOGL,2025-10-22,251.69
JPM,2025-10-22,294.11
META,2025-10-22,733.41
MSFT,2025-10-22,520.54
NVDA,2025-10-22,180.28
PANW,2025-10-22,212.42
SPY,2025-10-22,667.8
TSLA,2025-10-22,438.97
UNH,2025-10-22,361.49
WMT,2025-10-22,107.14
XOM,2025-10-22,114.71
AAPL,2025-10-23,259.58
AMD,2025-10-23,234.99
AMZN,2025-10-23,221.09
CRM,2025-10-23,255.05
CRWD,2025-10-23,130.495
DUOL,2025-10-23,313.45
GOOGL,2025-10-23,253.08
JPM,2025-10-23,294.54
META,2025-10-23,734
MSFT,2025-10-23,520.56
NVDA,2025-10-23,182.16
PANW,2025-10-23,215.02
SPY,2025-10-23,671.76
TSLA,2025-10-23,448.98
UNH,2025-10-23,360.45
WMT,2025-10-23,106.86
XOM,2025-10-23,115.98
AAPL,2025-10-24,262.82
AMD,2025-10-24,252.92
AMZN,2025-10-24,224.21
CRM,2025-10-24,254.83
CRWD,2025-10-24,131.83
DUOL,2025-10-24,312
GOOGL,2025-10-24,259.92
JPM,2025-10-24,300.44
META,2025-10-24,738.36
MSFT,2025-10-24,523.61
NVDA,2025-10-24,186.26
PANW,2025-10-24,217.11
SPY,2025-10-24,677.25
TSLA,2025-10-24,433.72
UNH,2025-10-24,362.5
WMT,2025-10-24,106.17
XOM,2025-10-24,115.39
AAPL,2025-10-27,268.81
AMD,2025-10-27,259.67
AMZN,2025-10-27,226.97
CRM,2025-10-27,255.47
CRWD,2025-10-27,132.425
DUOL,2025-10-27,306.73
GOOGL,2025-10-27,269.27
JPM,2025-10-27,304.15
META,2025-10-27,750.82
MSFT,2025-10-27,531.52
NVDA,2025-10-27,191.49
PANW,2025-10-27,220.29
SPY,2025-10-27,685.24
TSLA,2025-10-27,452.42
UNH,2025-10-27,365.98
WMT,2025-10-27,104.47
XOM,2025-10-27,115.94
AAPL,2025-10-28,269
AMD,2025-10-28,258.01
AMZN,2025-10-28,229.25
CRM,2025-10-28,254.26
CRWD,2025-10-28,136.735
DUOL,2025-10-28,293.88
GOOGL,2025-10-28,267.47
JPM,2025-10-28,305.36
META,2025-10-28,751.44
MSFT,2025-10-28,542.07
NVDA,2025-10-28,201.03
PANW,2025-10-28,221.38
SPY,2025-10-28,687.06
TSLA,2025-10-28,460.55
UNH,2025-10-28,367.84
WMT,2025-10-28,103.17
XOM,2025-10-28,115.03
AAPL,2025-10-29,269.7
AMD,2025-10-29,264.33
AMZN,2025-10-29,230.3
CRM,2025-10-29,251.46
CRWD,2025-10-29,136.375
DUOL,2025-10-29,272.76
GOOGL,2025-10-29,274.57
JPM,2025-10-29,305.51
META,2025-10-29,751.67
MSFT,2025-10-29,541.55
NVDA,2025-10-29,207.04
PANW,2025-10-29,217.16
SPY,2025-10-29,687.39
TSLA,2025-10-29,461.51
UNH,2025-10-29,355.26
WMT,2025-10-29,102.46
XOM,2025-10-29,116.45
AAPL,2025-10-30,271.4
AMD,2025-10-30,254.84
AMZN,2025-10-30,222.86
CRM,2025-10-30,256.65
CRWD,2025-10-30,134.67
DUOL,2025-10-30,262.82
GOOGL,2025-10-30,281.48
JPM,2025-10-30,309.44
META,2025-10-30,666.47
MSFT,2025-10-30,525.76
NVDA,2025-10-30,202.89
PANW,2025-10-30,218.27
SPY,2025-10-30,679.83
TSLA,2025-10-30,440.1
UNH,2025-10-30,344.75
WMT,2025-10-30,102.23
XOM,2025-10-30,114.69
AAPL,2025-10-31,270.37
AMD,2025-10-31,256.12
AMZN,2025-10-31,244.22
CRM,2025-10-31,260.41
CRWD,2025-10-31,135.7525
DUOL,2025-10-31,270.64
GOOGL,2025-10-31,281.19
JPM,2025-10-31,311.12
META,2025-10-31,648.35
MSFT,2025-10-31,517.81
NVDA,2025-10-31,202.49
PANW,2025-10-31,220.24
SPY,2025-10-31,682.06
TSLA,2025-10-31,456.56
UNH,2025-10-31,341.56
WMT,2025-10-31,101.18
XOM,2025-10-31,114.36
AAPL,2025-11-03,269.05
AMD,2025-11-03,259.65
AMZN,2025-11-03,254
CRM,2025-11-03,261.34
CRWD,2025-11-03,137.98
DUOL,2025-11-03,264.93
GOOGL,2025-11-03,283.72
JPM,2025-11-03,309.35
META,2025-11-03,637.71
MSFT,2025-11-03,517.03
NVDA,2025-11-03,206.88
PANW,2025-11-03,219.23
SPY,2025-11-03,683.34
TSLA,2025-11-03,468.37
UNH,2025-11-03,333.79
WMT,2025-11-03,101.59
XOM,2025-11-03,113.76
AAPL,2025-11-04,270.04
AMD,2025-11-04,250.05
AMZN,2025-11-04,249.32
CRM,2025-11-04,254.44
CRWD,2025-11-04,133.48
DUOL,2025-11-04,262.04
GOOGL,2025-11-04,277.54
JPM,2025-11-04,309.25
META,2025-11-04,627.32
MSFT,2025-11-04,514.33
NVDA,2025-11-04,198.69
PANW,2025-11-04,214.52
SPY,2025-11-04,675.24
TSLA,2025-11-04,444.26
UNH,2025-11-04,330.83
WMT,2025-11-04,102.27
XOM,2025-11-04,114.14
AAPL,2025-11-05,270.14
AMD,2025-11-05,256.33
AMZN,2025-11-05,250.2
CRM,2025-11-05,252.68
CRWD,2025-11-05,133.535
DUOL,2025-11-05,260.02
GOOGL,2025-11-05,284.31
JPM,2025-11-05,311.68
META,2025-11-05,635.95
MSFT,2025-11-05,507.16
NVDA,2025-11-05,195.21
PANW,2025-11-05,213.18
SPY,2025-11-05,677.58
TSLA,2025-11-05,462.07
UNH,2025-11-05,327.74
WMT,2025-11-05,101.47
XOM,2025-11-05,113.68
AAPL,2025-11-06,269.77
AMD,2025-11-06,237.7
AMZN,2025-11-06,243.04
CRM,2025-11-06,239.27
CRWD,2025-11-06,133.13
DUOL,2025-11-06,193.74
GOOGL,2025-11-06,284.75
JPM,2025-11-06,313.42
META,2025-11-06,618.94
MSFT,2025-11-06,497.1
NVDA,2025-11-06,188.08
PANW,2025-11-06,211.37
SPY,2025-11-06,670.31
TSLA,2025-11-06,445.91
UNH,2025-11-06,321.56
WMT,2025-11-06,101.68
XOM,2025-11-06,114.5
AAPL,2025-11-07,268.47
AMD,2025-11-07,233.54
AMZN,2025-11-07,244.41
CRM,2025-11-07,239.88
CRWD,2025-11-07,134.9525
DUOL,2025-11-07,201.21
GOOGL,2025-11-07,278.83
JPM,2025-11-07,314.21
META,2025-11-07,621.71
MSFT,2025-11-07,496.82
NVDA,2025-11-07,188.15
PANW,2025-11-07,212.29
SPY,2025-11-07,670.97
TSLA,2025-11-07,429.52
UNH,2025-11-07,324.21
WMT,2025-11-07,102.59
XOM,2025-11-07,117.22
AAPL,2025-11-10,269.43
AMD,2025-11-10,243.98
AMZN,2025-11-10,248.4
CRM,2025-11-10,241.71
CRWD,2025-11-10,139.3825
DUOL,2025-11-10,192.8
GOOGL,2025-11-10,290.1
JPM,2025-11-10,316.89
META,2025-11-10,631.76
MSFT,2025-11-10,506
NVDA,2025-11-10,199.05
PANW,2025-11-10,216.54
SPY,2025-11-10,681.44
TSLA,2025-11-10,445.23
UNH,2025-11-10,321.58
WMT,2025-11-10,102.42
XOM,2025-11-10,118.22
AAPL,2025-11-11,275.25
AMD,2025-11-11,237.52
AMZN,2025-11-11,249.1
CRM,2025-11-11,244.5
CRWD,2025-11-11,139.1825
DUOL,2025-11-11,194.89
GOOGL,2025-11-11,291.31
JPM,2025-11-11,315.62
META,2025-11-11,627.08
MSFT,2025-11-11,508.68
NVDA,2025-11-11,193.16
PANW,2025-11-11,218.27
SPY,2025-11-11,683
TSLA,2025-11-11,439.62
UNH,2025-11-11,327.45
WMT,2025-11-11,103.44
XOM,2025-11-11,119.78
AAPL,2025-11-12,273.47
AMD,2025-11-12,258.89
AMZN,2025-11-12,244.2
CRM,2025-11-12,246.02
CRWD,2025-11-12,136.465
DUOL,2025-11-12,186.58
GOOGL,2025-11-12,286.71
JPM,2025-11-12,320.41
META,2025-11-12,609.01
MSFT,2025-11-12,511.14
NVDA,2025-11-12,193.8
PANW,2025-11-12,210.04
SPY,2025-11-12,683.38
TSLA,2025-11-12,430.6
UNH,2025-11-12,339.06
WMT,2025-11-12,103.44
XOM,2025-11-12,118.12
AAPL,2025-11-13,272.95
AMD,2025-11-13,247.96
AMZN,2025-11-13,237.58
CRM,2025-11-13,240.43
CRWD,2025-11-13,132.445
DUOL,2025-11-13,186.54
GOOGL,2025-11-13,278.57
JPM,2025-11-13,309.48
META,2025-11-13,609.89
MSFT,2025-11-13,503.29
NVDA,2025-11-13,186.86
PANW,2025-11-13,204.77
SPY,2025-11-13,672.04
TSLA,2025-11-13,401.99
UNH,2025-11-13,332.52
WMT,2025-11-13,102.54
XOM,2025-11-13,118.79
AAPL,2025-11-14,272.41
AMD,2025-11-14,246.81
AMZN,2025-11-14,234.69
CRM,2025-11-14,243.66
CRWD,2025-11-14,134.3875
DUOL,2025-11-14,185.07
GOOGL,2025-11-14,276.41
JPM,2025-11-14,303.61
META,2025-11-14,609.46
MSFT,2025-11-14,510.18
NVDA,2025-11-14,190.17
PANW,2025-11-14,205.25
SPY,2025-11-14,671.93
TSLA,2025-11-14,404.35
UNH,2025-11-14,321.86
WMT,2025-11-14,102.48
XOM,2025-11-14,119.29
AAPL,2025-11-17,267.46
AMD,2025-11-17,240.52
AMZN,2025-11-17,232.87
CRM,2025-11-17,237.03
CRWD,2025-11-17,132.445
DUOL,2025-11-17,178.27
GOOGL,2025-11-17,285.02
JPM,2025-11-17,300.37
META,2025-11-17,602.01
MSFT,2025-11-17,507.49
NVDA,2025-11-17,186.6
PANW,2025-11-17,202.9
SPY,2025-11-17,665.67
TSLA,2025-11-17,408.92
UNH,2025-11-17,320.52
WMT,2025-11-17,102.95
XOM,2025-11-17,117.68
AAPL,2025-11-18,267.44
AMD,2025-11-18,230.29
AMZN,2025-11-18,222.55
CRM,2025-11-18,233.5
CRWD,2025-11-18,128.4175
DUOL,2025-11-18,175.45
GOOGL,2025-11-18,284.28
JPM,2025-11-18,299.41
META,2025-11-18,597.69
MSFT,2025-11-18,493.79
NVDA,2025-11-18,181.36
PANW,2025-11-18,201
SPY,2025-11-18,660.08
TSLA,2025-11-18,401.25
UNH,2025-11-18,313.58
WMT,2025-11-18,101.39
XOM,2025-11-18,119.03
AAPL,2025-11-19,268.56
AMD,2025-11-19,223.55
AMZN,2025-11-19,222.69
CRM,2025-11-19,227.88
CRWD,2025-11-19,130.1475
DUOL,2025-11-19,174.48
GOOGL,2025-11-19,292.81
JPM,2025-11-19,303.27
META,2025-11-19,590.32
MSFT,2025-11-19,487.12
NVDA,2025-11-19,186.52
PANW,2025-11-19,199.9
SPY,2025-11-19,662.63
TSLA,2025-11-19,403.99
UNH,2025-11-19,309.09
WMT,2025-11-19,100.61
XOM,2025-11-19,117.35
AAPL,2025-11-20,266.25
AMD,2025-11-20,206.02
AMZN,2025-11-20,217.14
CRM,2025-11-20,225.37
CRWD,2025-11-20,125.3275
DUOL,2025-11-20,168.01
GOOGL,2025-11-20,289.45
JPM,2025-11-20,298.38
META,2025-11-20,589.15
MSFT,2025-11-20,478.43
NVDA,2025-11-20,180.64
PANW,2025-11-20,185.07
SPY,2025-11-20,652.53
TSLA,2025-11-20,395.23
UNH,2025-11-20,311.54
WMT,2025-11-20,107.11
XOM,2025-11-20,117.02
AAPL,2025-11-21,271.49
AMD,2025-11-21,203.78
AMZN,2025-11-21,220.69
CRM,2025-11-21,227.11
CRWD,2025-11-21,122.6675
DUOL,2025-11-21,172.78
GOOGL,2025-11-21,299.66
JPM,2025-11-21,298.02
META,2025-11-21,594.25
MSFT,2025-11-21,472.12
NVDA,2025-11-21,178.88
PANW,2025-11-21,182.9
SPY,2025-11-21,659.03
TSLA,2025-11-21,391.09
UNH,2025-11-21,319.97
WMT,2025-11-21,105.32
XOM,2025-11-21,117.08
AAPL,2025-11-24,275.92
AMD,2025-11-24,215.05
AMZN,2025-11-24,226.28
CRM,2025-11-24,226.82
CRWD,2025-11-24,126.705
DUOL,2025-11-24,172.47
GOOGL,2025-11-24,318.58
JPM,2025-11-24,298
META,2025-11-24,613.05
MSFT,2025-11-24,474
NVDA,2025-11-24,182.55
PANW,2025-11-24,183.89
SPY,2025-11-24,668.73
TSLA,2025-11-24,417.78
UNH,2025-11-24,319.05
WMT,2025-11-24,104.06
XOM,2025-11-24,115.97
AAPL,2025-11-25,276.97
AMD,2025-11-25,206.13
AMZN,2025-11-25,229.67
CRM,2025-11-25,234.12
CRWD,2025-11-25,128.085
DUOL,2025-11-25,175.76
GOOGL,2025-11-25,323.44
JPM,2025-11-25,303
META,2025-11-25,636.22
MSFT,2025-11-25,476.99
NVDA,2025-11-25,177.82
PANW,2025-11-25,186.27
SPY,2025-11-25,675.02
TSLA,2025-11-25,419.4
UNH,2025-11-25,326.28
WMT,2025-11-25,107
XOM,2025-11-25,114.51
AAPL,2025-11-26,277.55
AMD,2025-11-26,214.24
AMZN,2025-11-26,229.16
CRM,2025-11-26,228.15
CRWD,2025-11-26,125.385
DUOL,2025-11-26,188.43
GOOGL,2025-11-26,319.95
JPM,2025-11-26,307.64
META,2025-11-26,633.61
MSFT,2025-11-26,485.5
NVDA,2025-11-26,180.26
PANW,2025-11-26,185.35
SPY,2025-11-26,679.68
TSLA,2025-11-26,426.58
UNH,2025-11-26,329.71
WMT,2025-11-26,109.1
XOM,2025-11-26,114.77
AAPL,2025-11-28,278.85
AMD,2025-11-28,217.53
AMZN,2025-11-28,233.22
CRM,2025-11-28,230.54
CRWD,2025-11-28,127.29
DUOL,2025-11-28,191.41
GOOGL,2025-11-28,320.18
JPM,2025-11-28,313.08
META,2025-11-28,647.95
MSFT,2025-11-28,492.01
NVDA,2025-11-28,177
PANW,2025-11-28,190.13
SPY,2025-11-28,683.39
TSLA,2025-11-28,430.17
UNH,2025-11-28,329.77
WMT,2025-11-28,110.51
XOM,2025-11-28,115.92
AAPL,2025-12-01,283.1
AMD,2025-12-01,219.76
AMZN,2025-12-01,233.88
CRM,2025-12-01,232.83
CRWD,2025-12-01,126.0325
DUOL,2025-12-01,185.45
GOOGL,2025-12-01,314.89
JPM,2025-12-01,308.92
META,2025-12-01,640.87
MSFT,2025-12-01,486.74
NVDA,2025-12-01,179.92
PANW,2025-12-01,187.73
SPY,2025-12-01,680.27
TSLA,2025-12-01,430.14
UNH,2025-12-01,323.21
WMT,2025-12-01,111.53
XOM,2025-12-01,116.63
AAPL,2025-12-02,286.19
AMD,2025-12-02,215.24
AMZN,2025-12-02,234.42
CRM,2025-12-02,234.71
CRWD,2025-12-02,129.1375
DUOL,2025-12-02,182.61
GOOGL,2025-12-02,315.81
JPM,2025-12-02,307.88
META,2025-12-02,647.1
MSFT,2025-12-02,490
NVDA,2025-12-02,181.46
PANW,2025-12-02,189.88
SPY,2025-12-02,681.53
TSLA,2025-12-02,429.24
UNH,2025-12-02,324.54
WMT,2025-12-02,112.41
XOM,2025-12-02,115.38
AAPL,2025-12-03,284.15
AMD,2025-12-03,217.6
AMZN,2025-12-03,232.38
CRM,2025-12-03,238.72
CRWD,2025-12-03,131.0425
DUOL,2025-12-03,185.34
GOOGL,2025-12-03,319.63
JPM,2025-12-03,312.13
META,2025-12-03,639.6
MSFT,2025-12-03,477.73
NVDA,2025-12-03,179.59
PANW,2025-12-03,193.63
SPY,2025-12-03,683.89
TSLA,2025-12-03,446.74
UNH,2025-12-03,339.71
WMT,2025-12-03,114.41
XOM,2025-12-03,117.8
AAPL,2025-12-04,280.7
AMD,2025-12-04,215.98
AMZN,2025-12-04,229.11
CRM,2025-12-04,247.46
CRWD,2025-12-04,128.28
DUOL,2025-12-04,188.38
GOOGL,2025-12-04,317.62
JPM,2025-12-04,316.1
META,2025-12-04,661.53
MSFT,2025-12-04,480.84
NVDA,2025-12-04,183.38
PANW,2025-12-04,195.68
SPY,2025-12-04,684.39
TSLA,2025-12-04,454.53
UNH,2025-12-04,333.49
WMT,2025-12-04,114.84
XOM,2025-12-04,117.14
AAPL,2025-12-05,278.78
AMD,2025-12-05,217.97
AMZN,2025-12-05,229.53
CRM,2025-12-05,260.57
CRWD,2025-12-05,128.0075
DUOL,2025-12-05,199.75
GOOGL,2025-12-05,321.27
JPM,2025-12-05,315.04
META,2025-12-05,673.42
MSFT,2025-12-05,483.16
NVDA,2025-12-05,182.41
PANW,2025-12-05,198.84
SPY,2025-12-05,685.69
TSLA,2025-12-05,455
UNH,2025-12-05,330.91
WMT,2025-12-05,115.11
XOM,2025-12-05,116.54
AAPL,2025-12-08,277.89
AMD,2025-12-08,221.11
AMZN,2025-12-08,226.89
CRM,2025-12-08,259.53
CRWD,2025-12-08,128.7975
DUOL,2025-12-08,207.92
GOOGL,2025-12-08,313.72
JPM,2025-12-08,315.21
META,2025-12-08,666.8
MSFT,2025-12-08,491.02
NVDA,2025-12-08,185.55
PANW,2025-12-08,195.35
SPY,2025-12-08,683.63
TSLA,2025-12-08,439.58
UNH,2025-12-08,323.62
WMT,2025-12-08,113.56
XOM,2025-12-08,115.98
AAPL,2025-12-09,277.18
AMD,2025-12-09,221.62
AMZN,2025-12-09,227.92
CRM,2025-12-09,261.02
CRWD,2025-12-09,129.495
DUOL,2025-12-09,209.08
GOOGL,2025-12-09,317.08
JPM,2025-12-09,300.51
META,2025-12-09,656.96
MSFT,2025-12-09,492.02
NVDA,2025-12-09,184.97
PANW,2025-12-09,195
SPY,2025-12-09,683.04
TSLA,2025-12-09,445.17
UNH,2025-12-09,323.6
WMT,2025-12-09,115.06
XOM,2025-12-09,118.25
AAPL,2025-12-10,278.78
AMD,2025-12-10,221.42
AMZN,2025-12-10,231.78
CRM,2025-12-10,264.2
CRWD,2025-12-10,129.885
DUOL,2025-12-10,197.44
GOOGL,2025-12-10,320.21
JPM,2025-12-10,310.11
META,2025-12-10,650.13
MSFT,2025-12-10,478.56
NVDA,2025-12-10,183.78
PANW,2025-12-10,192.96
SPY,2025-12-10,687.57
TSLA,2025-12-10,451.45
UNH,2025-12-10,328.37
WMT,2025-12-10,113.18
XOM,2025-12-10,119.54
AAPL,2025-12-11,278.03
AMD,2025-12-11,221.43
AMZN,2025-12-11,230.28
CRM,2025-12-11,262.35
CRWD,2025-12-11,129.4125
DUOL,2025-12-11,200.96
GOOGL,2025-12-11,312.43
JPM,2025-12-11,317.38
META,2025-12-11,652.71
MSFT,2025-12-11,483.47
NVDA,2025-12-11,180.93
PANW,2025-12-11,190.36
SPY,2025-12-11,689.17
TSLA,2025-12-11,446.89
UNH,2025-12-11,336.73
WMT,2025-12-11,115.52
XOM,2025-12-11,119.54
AAPL,2025-12-12,278.28
AMD,2025-12-12,210.78
AMZN,2025-12-12,226.19
CRM,2025-12-12,262.23
CRWD,2025-12-12,126.195
DUOL,2025-12-12,196.28
GOOGL,2025-12-12,309.29
JPM,2025-12-12,318.52
META,2025-12-12,644.23
MSFT,2025-12-12,478.53
NVDA,2025-12-12,175.02
PANW,2025-12-12,191.69
SPY,2025-12-12,681.76
TSLA,2025-12-12,458.96
UNH,2025-12-12,341.84
WMT,2025-12-12,116.7
XOM,2025-12-12,118.82
AAPL,2025-12-15,274.11
AMD,2025-12-15,207.58
AMZN,2025-12-15,222.54
CRM,2025-12-15,254.58
CRWD,2025-12-15,121.8675
DUOL,2025-12-15,185.97
GOOGL,2025-12-15,308.22
JPM,2025-12-15,320.02
META,2025-12-15,647.51
MSFT,2025-12-15,474.82
NVDA,2025-12-15,176.29
PANW,2025-12-15,185.88
SPY,2025-12-15,680.73
TSLA,2025-12-15,475.31
UNH,2025-12-15,341.1
WMT,2025-12-15,116.79
XOM,2025-12-15,117.76
AAPL,2025-12-16,274.61
AMD,2025-12-16,209.17
AMZN,2025-12-16,222.56
CRM,2025-12-16,254.91
CRWD,2025-12-16,122.1325
DUOL,2025-12-16,186.77
GOOGL,2025-12-16,306.57
JPM,2025-12-16,315.55
META,2025-12-16,657.15
MSFT,2025-12-16,476.39
NVDA,2025-12-16,177.72
PANW,2025-12-16,187.09
SPY,2025-12-16,678.87
TSLA,2025-12-16,489.88
UNH,2025-12-16,334.2
WMT,2025-12-16,115.42
XOM,2025-12-16,114.68
AAPL,2025-12-17,271.84
AMD,2025-12-17,198.11
AMZN,2025-12-17,221.27
CRM,2025-12-17,258.14
CRWD,2025-12-17,117.505
DUOL,2025-12-17,183.95
GOOGL,2025-12-17,296.72
JPM,2025-12-17,314.98
META,2025-12-17,649.5
MSFT,2025-12-17,476.12
NVDA,2025-12-17,170.94
PANW,2025-12-17,183.44
SPY,2025-12-17,671.4
TSLA,2025-12-17,467.26
UNH,2025-12-17,331.63
WMT,2025-12-17,115.66
XOM,2025-12-17,117.41
AAPL,2025-12-18,272.19
AMD,2025-12-18,201.06
AMZN,2025-12-18,226.76
CRM,2025-12-18,257.85
CRWD,2025-12-18,119.315
DUOL,2025-12-18,182.89
GOOGL,2025-12-18,302.46
JPM,2025-12-18,313
META,2025-12-18,664.45
MSFT,2025-12-18,483.98
NVDA,2025-12-18,174.14
PANW,2025-12-18,185.88
SPY,2025-12-18,676.47
TSLA,2025-12-18,483.37
UNH,2025-12-18,328.14
WMT,2025-12-18,114.83
XOM,2025-12-18,116.54
AAPL,2025-12-19,273.67
AMD,2025-12-19,213.43
AMZN,2025-12-19,227.35
CRM,2025-12-19,259.91
CRWD,2025-12-19,120.32
DUOL,2025-12-19,185.96
GOOGL,2025-12-19,307.16
JPM,2025-12-19,317.21
META,2025-12-19,658.77
MSFT,2025-12-19,485.92
NVDA,2025-12-19,180.99
PANW,2025-12-19,186.88
SPY,2025-12-19,680.59
TSLA,2025-12-19,481.2
UNH,2025-12-19,327.42
WMT,2025-12-19,114.36
XOM,2025-12-19,116.69
AAPL,2025-12-22,270.97
AMD,2025-12-22,214.95
AMZN,2025-12-22,228.43
CRM,2025-12-22,264.63
CRWD,2025-12-22,120.785
DUOL,2025-12-22,185.37
GOOGL,2025-12-22,309.78
JPM,2025-12-22,323.09
META,2025-12-22,661.5
MSFT,2025-12-22,484.92
NVDA,2025-12-22,183.69
PANW,2025-12-22,189.49
SPY,2025-12-22,684.83
TSLA,2025-12-22,488.73
UNH,2025-12-22,325.16
WMT,2025-12-22,112.6
XOM,2025-12-22,118.15
AAPL,2025-12-23,272.36
AMD,2025-12-23,214.9
AMZN,2025-12-23,232.14
CRM,2025-12-23,263.43
CRWD,2025-12-23,119.71
DUOL,2025-12-23,179.26
GOOGL,2025-12-23,314.35
JPM,2025-12-23,325.93
META,2025-12-23,664.94
MSFT,2025-12-23,486.85
NVDA,2025-12-23,189.21
PANW,2025-12-23,188.12
SPY,2025-12-23,687.96
TSLA,2025-12-23,485.56
UNH,2025-12-23,324.8
WMT,2025-12-23,110.9
XOM,2025-12-23,119.42
AAPL,2025-12-24,273.81
AMD,2025-12-24,215.04
AMZN,2025-12-24,232.38
CRM,2025-12-24,265.26
CRWD,2025-12-24,119.2775
DUOL,2025-12-24,180.69
GOOGL,2025-12-24,314.09
JPM,2025-12-24,329.17
META,2025-12-24,667.55
MSFT,2025-12-24,488.02
NVDA,2025-12-24,188.61
PANW,2025-12-24,187.22
SPY,2025-12-24,690.38
TSLA,2025-12-24,485.4
UNH,2025-12-24,327.58
WMT,2025-12-24,111.61
XOM,2025-12-24,119.22
AAPL,2025-12-26,273.4
AMD,2025-12-26,214.99
AMZN,2025-12-26,232.52
CRM,2025-12-26,266.08
CRWD,2025-12-26,120.2975
DUOL,2025-12-26,181.66
GOOGL,2025-12-26,313.51
JPM,2025-12-26,327.91
META,2025-12-26,663.29
MSFT,2025-12-26,487.71
NVDA,2025-12-26,190.53
PANW,2025-12-26,188.45
SPY,2025-12-26,690.31
TSLA,2025-12-26,475.19
UNH,2025-12-26,331.83
WMT,2025-12-26,111.74
XOM,2025-12-26,119.11
AAPL,2025-12-29,273.76
AMD,2025-12-29,215.61
AMZN,2025-12-29,232.07
CRM,2025-12-29,266.23
CRWD,2025-12-29,118.9775
DUOL,2025-12-29,180.17
GOOGL,2025-12-29,313.56
JPM,2025-12-29,323.75
META,2025-12-29,658.69
MSFT,2025-12-29,487.1
NVDA,2025-12-29,188.22
PANW,2025-12-29,186.85
SPY,2025-12-29,687.85
TSLA,2025-12-29,459.64
UNH,2025-12-29,328.94
WMT,2025-12-29,112.53
XOM,2025-12-29,120.53
AAPL,2025-12-30,273.08
AMD,2025-12-30,215.34
AMZN,2025-12-30,232.53
CRM,2025-12-30,265.92
CRWD,2025-12-30,118.9075
DUOL,2025-12-30,177.14
GOOGL,2025-12-30,313.85
JPM,2025-12-30,323.42
META,2025-12-30,665.95
MSFT,2025-12-30,487.48
NVDA,2025-12-30,187.54
PANW,2025-12-30,186.85
SPY,2025-12-30,687.01
TSLA,2025-12-30,454.43
UNH,2025-12-30,332.16
WMT,2025-12-30,111.92
XOM,2025-12-30,120.99
AAPL,2025-12-31,271.86
AMD,2025-12-31,214.16
AMZN,2025-12-31,230.82
CRM,2025-12-31,264.91
CRWD,2025-12-31,117.19
DUOL,2025-12-31,175.5
GOOGL,2025-12-31,313
JPM,2025-12-31,322.22
META,2025-12-31,660.09
MSFT,2025-12-31,483.62
NVDA,2025-12-31,186.5
PANW,2025-12-31,184.2
SPY,2025-12-31,681.92
TSLA,2025-12-31,449.72
UNH,2025-12-31,330.11
WMT,2025-12-31,111.41
XOM,2025-12-31,120.34
AAPL,2026-01-02,271.01
AMD,2026-01-02,223.47
AMZN,2026-01-02,226.5
CRM,2026-01-02,253.62
CRWD,2026-01-02,113.395
DUOL,2026-01-02,176.48
GOOGL,2026-01-02,315.15
JPM,2026-01-02,325.48
META,2026-01-02,650.41
MSFT,2026-01-02,472.94
NVDA,2026-01-02,188.85
PANW,2026-01-02,179.37
SPY,2026-01-02,683.17
TSLA,2026-01-02,438.07
UNH,2026-01-02,336.4
WMT,2026-01-02,112.76
XOM,2026-01-02,122.65
AAPL,2026-01-05,267.26
AMD,2026-01-05,221.08
AMZN,2026-01-05,233.06
CRM,2026-01-05,256.26
CRWD,2026-01-05,114.1375
DUOL,2026-01-05,185.15
GOOGL,2026-01-05,316.54
JPM,2026-01-05,334.04
META,2026-01-05,658.79
MSFT,2026-01-05,472.85
NVDA,2026-01-05,188.12
PANW,2026-01-05,182.12
SPY,2026-01-05,687.72
TSLA,2026-01-05,451.67
UNH,2026-01-05,342.02
WMT,2026-01-05,112.71
XOM,2026-01-05,125.36
AAPL,2026-01-06,262.36
AMD,2026-01-06,214.35
AMZN,2026-01-06,240.93
CRM,2026-01-06,262.9
CRWD,2026-01-06,114.58
DUOL,2026-01-06,178.94
GOOGL,2026-01-06,314.34
JPM,2026-01-06,334.61
META,2026-01-06,660.62
MSFT,2026-01-06,478.51
NVDA,2026-01-06,187.24
PANW,2026-01-06,185.86
SPY,2026-01-06,691.81
TSLA,2026-01-06,432.96
UNH,2026-01-06,348.97
WMT,2026-01-06,114.34
XOM,2026-01-06,121.05
AAPL,2026-01-07,260.33
AMD,2026-01-07,210.02
AMZN,2026-01-07,241.56
CRM,2026-01-07,266.12
CRWD,2026-01-07,119.7275
DUOL,2026-01-07,176.3
GOOGL,2026-01-07,321.98
JPM,2026-01-07,326.99
META,2026-01-07,648.69
MSFT,2026-01-07,483.47
NVDA,2026-01-07,189.11
PANW,2026-01-07,193.9
SPY,2026-01-07,689.58
TSLA,2026-01-07,431.41
UNH,2026-01-07,341.7
WMT,2026-01-07,112.72
XOM,2026-01-07,118.49
AAPL,2026-01-08,259.04
AMD,2026-01-08,204.68
AMZN,2026-01-08,246.29
CRM,2026-01-08,260.53
CRWD,2026-01-08,115.9675
DUOL,2026-01-08,173.87
GOOGL,2026-01-08,325.44
JPM,2026-01-08,329.79
META,2026-01-08,646.06
MSFT,2026-01-08,478.11
NVDA,2026-01-08,185.04
PANW,2026-01-08,190.8
SPY,2026-01-08,689.51
TSLA,2026-01-08,435.8
UNH,2026-01-08,346.85
WMT,2026-01-08,113.07
XOM,2026-01-08,122.91
AAPL,2026-01-09,259.37
AMD,2026-01-09,203.17
AMZN,2026-01-09,247.38
CRM,2026-01-09,259.94
CRWD,2026-01-09,117.6525
DUOL,2026-01-09,176.66
GOOGL,2026-01-09,328.57
JPM,2026-01-09,329.19
META,2026-01-09,653.06
MSFT,2026-01-09,479.28
NVDA,2026-01-09,184.86
PANW,2026-01-09,189.02
SPY,2026-01-09,694.07
TSLA,2026-01-09,445.01
UNH,2026-01-09,343.98
WMT,2026-01-09,114.53
XOM,2026-01-09,124.61
AAPL,2026-01-12,260.25
AMD,2026-01-12,207.69
AMZN,2026-01-12,246.47
CRM,2026-01-12,259.4
CRWD,2026-01-12,116.7475
DUOL,2026-01-12,161.74
GOOGL,2026-01-12,331.86
JPM,2026-01-12,324.49
META,2026-01-12,641.97
MSFT,2026-01-12,477.18
NVDA,2026-01-12,184.94
PANW,2026-01-12,188.88
SPY,2026-01-12,695.16
TSLA,2026-01-12,448.96
UNH,2026-01-12,340.51
WMT,2026-01-12,117.97
XOM,2026-01-12,124.03
AAPL,2026-01-13,261.05
AMD,2026-01-13,220.97
AMZN,2026-01-13,242.6
CRM,2026-01-13,241.06
CRWD,2026-01-13,117.005
DUOL,2026-01-13,165.8
GOOGL,2026-01-13,335.97
JPM,2026-01-13,310.9
META,2026-01-13,631.09
MSFT,2026-01-13,470.67
NVDA,2026-01-13,185.81
PANW,2026-01-13,190.85
SPY,2026-01-13,693.77
TSLA,2026-01-13,447.2
UNH,2026-01-13,333.93
WMT,2026-01-13,120.36
XOM,2026-01-13,126.54
AAPL,2026-01-14,259.96
AMD,2026-01-14,223.6
AMZN,2026-01-14,236.65
CRM,2026-01-14,239.57
CRWD,2026-01-14,115.175
DUOL,2026-01-14,156.27
GOOGL,2026-01-14,335.84
JPM,2026-01-14,307.87
META,2026-01-14,615.52
MSFT,2026-01-14,459.38
NVDA,2026-01-14,183.14
PANW,2026-01-14,190.93
SPY,2026-01-14,690.36
TSLA,2026-01-14,439.2
UNH,2026-01-14,334.96
WMT,2026-01-14,120.04
XOM,2026-01-14,130.2
AAPL,2026-01-15,258.21
AMD,2026-01-15,227.92
AMZN,2026-01-15,238.18
CRM,2026-01-15,233.53
CRWD,2026-01-15,113.75
DUOL,2026-01-15,154.42
GOOGL,2026-01-15,332.78
JPM,2026-01-15,309.26
META,2026-01-15,620.8
MSFT,2026-01-15,456.66
NVDA,2026-01-15,187.05
PANW,2026-01-15,187.73
SPY,2026-01-15,692.24
TSLA,2026-01-15,438.57
UNH,2026-01-15,338.96
WMT,2026-01-15,119.2
XOM,2026-01-15,129.13
AAPL,2026-01-16,255.53
AMD,2026-01-16,231.83
AMZN,2026-01-16,239.12
CRM,2026-01-16,227.11
CRWD,2026-01-16,113.47
DUOL,2026-01-16,150.16
GOOGL,2026-01-16,330
JPM,2026-01-16,312.47
META,2026-01-16,620.25
MSFT,2026-01-16,459.86
NVDA,2026-01-16,186.23
PANW,2026-01-16,187.66
SPY,2026-01-16,691.66
TSLA,2026-01-16,437.5
UNH,2026-01-16,331.02
WMT,2026-01-16,119.7
XOM,2026-01-16,129.89
AAPL,2026-01-20,246.7
AMD,2026-01-20,231.92
AMZN,2026-01-20,231
CRM,2026-01-20,220.07
CRWD,2026-01-20,110.6825
DUOL,2026-01-20,148.58
GOOGL,2026-01-20,322
JPM,2026-01-20,302.74
META,2026-01-20,604.12
MSFT,2026-01-20,454.52
NVDA,2026-01-20,178.07
PANW,2026-01-20,184.06
SPY,2026-01-20,677.58
TSLA,2026-01-20,419.25
UNH,2026-01-20,338.43
WMT,2026-01-20,118.71
XOM,2026-01-20,130.46
AAPL,2026-01-21,247.65
AMD,2026-01-21,249.8
AMZN,2026-01-21,231.31
CRM,2026-01-21,221.58
CRWD,2026-01-21,111.47
DUOL,2026-01-21,146.81
GOOGL,2026-01-21,328.38
JPM,2026-01-21,302.04
META,2026-01-21,612.96
MSFT,2026-01-21,444.11
NVDA,2026-01-21,183.32
PANW,2026-01-21,181.47
SPY,2026-01-21,685.4
TSLA,2026-01-21,431.44
UNH,2026-01-21,347.75
WMT,2026-01-21,119.36
XOM,2026-01-21,133.61
AAPL,2026-01-22,248.35
AMD,2026-01-22,253.73
AMZN,2026-01-22,234.34
CRM,2026-01-22,228.09
CRWD,2026-01-22,113.4425
DUOL,2026-01-22,153.7
GOOGL,2026-01-22,330.54
JPM,2026-01-22,303.63
META,2026-01-22,647.63
MSFT,2026-01-22,451.14
NVDA,2026-01-22,184.84
PANW,2026-01-22,182.27
SPY,2026-01-22,688.98
TSLA,2026-01-22,449.36
UNH,2026-01-22,354.47
WMT,2026-01-22,117.83
XOM,2026-01-22,133.64
AAPL,2026-01-23,248.04
AMD,2026-01-23,259.68
AMZN,2026-01-23,239.16
CRM,2026-01-23,228.05
CRWD,2026-01-23,113.1225
DUOL,2026-01-23,155.975
GOOGL,2026-01-23,327.93
JPM,2026-01-23,297.72
META,2026-01-23,658.76
MSFT,2026-01-23,465.95
NVDA,2026-01-23,187.67
PANW,2026-01-23,180.18
SPY,2026-01-23,689.23
TSLA,2026-01-23,449.06
UNH,2026-01-23,356.26
WMT,2026-01-23,117.73
XOM,2026-01-23,134.97
AAPL,2026-01-26,255.41
AMD,2026-01-26,251.31
AMZN,2026-01-26,238.42
CRM,2026-01-26,229.4
CRWD,2026-01-26,117.0825
DUOL,2026-01-26,151.56
GOOGL,2026-01-26,333.26
JPM,2026-01-26,301.04
META,2026-01-26,672.36
MSFT,2026-01-26,470.28
NVDA,2026-01-26,186.47
PANW,2026-01-26,184.22
SPY,2026-01-26,692.73
TSLA,2026-01-26,435.2
UNH,2026-01-26,351.64
WMT,2026-01-26,117.64
XOM,2026-01-26,134.84
AAPL,2026-01-27,258.27
AMD,2026-01-27,252.03
AMZN,2026-01-27,244.68
CRM,2026-01-27,228.53
CRWD,2026-01-27,119.165
DUOL,2026-01-27,146.08
GOOGL,2026-01-27,334.55
JPM,2026-01-27,300.31
META,2026-01-27,672.97
MSFT,2026-01-27,480.58
NVDA,2026-01-27,188.52
PANW,2026-01-27,183.5
SPY,2026-01-27,695.49
TSLA,2026-01-27,430.9
UNH,2026-01-27,282.7
WMT,2026-01-27,116.94
XOM,2026-01-27,136.83
AAPL,2026-01-28,256.44
AMD,2026-01-28,252.74
AMZN,2026-01-28,243.01
CRM,2026-01-28,227.96
CRWD,2026-01-28,117.2975
DUOL,2026-01-28,142.8
GOOGL,2026-01-28,336.01
JPM,2026-01-28,300.77
META,2026-01-28,668.73
MSFT,2026-01-28,481.63
NVDA,2026-01-28,191.52
PANW,2026-01-28,183.74
SPY,2026-01-28,695.42
TSLA,2026-01-28,431.46
UNH,2026-01-28,294.02
WMT,2026-01-28,116.57
XOM,2026-01-28,137.58
AAPL,2026-01-29,258.28
AMD,2026-01-29,252.18
AMZN,2026-01-29,241.73
CRM,2026-01-29,214.08
CRWD,2026-01-29,111.155
DUOL,2026-01-29,139.47
GOOGL,2026-01-29,338.25
JPM,2026-01-29,306.42
META,2026-01-29,738.31
MSFT,2026-01-29,433.5
NVDA,2026-01-29,192.51
PANW,2026-01-29,176.2
SPY,2026-01-29,694.04
TSLA,2026-01-29,416.56
UNH,2026-01-29,292.29
WMT,2026-01-29,117.41
XOM,2026-01-29,140.51
AAPL,2026-01-30,259.48
AMD,2026-01-30,236.73
AMZN,2026-01-30,239.3
CRM,2026-01-30,212.29
CRWD,2026-01-30,110.3512
DUOL,2026-01-30,134.06
GOOGL,2026-01-30,338
JPM,2026-01-30,305.89
META,2026-01-30,716.5
MSFT,2026-01-30,430.29
NVDA,2026-01-30,191.13
PANW,2026-01-30,176.97
SPY,2026-01-30,691.97
TSLA,2026-01-30,430.41
UNH,2026-01-30,286.93
WMT,2026-01-30,119.14
XOM,2026-01-30,141.4
AAPL,2026-02-02,270.01
AMD,2026-02-02,246.27
AMZN,2026-02-02,242.96
CRM,2026-02-02,210.81
CRWD,2026-02-02,109.7125
DUOL,2026-02-02,131.93
GOOGL,2026-02-02,343.69
JPM,2026-02-02,308.14
META,2026-02-02,706.41
MSFT,2026-02-02,423.37
NVDA,2026-02-02,185.61
PANW,2026-02-02,175.42
SPY,2026-02-02,695.41
TSLA,2026-02-02,421.81
UNH,2026-02-02,285.59
WMT,2026-02-02,124.06
XOM,2026-02-02,138.4
AAPL,2026-02-03,269.48
AMD,2026-02-03,242.11
AMZN,2026-02-03,238.62
CRM,2026-02-03,196.38
CRWD,2026-02-03,105.4325
DUOL,2026-02-03,120.28
GOOGL,2026-02-03,339.71
JPM,2026-02-03,314.85
META,2026-02-03,691.7
MSFT,2026-02-03,411.21
NVDA,2026-02-03,180.34
PANW,2026-02-03,166.24
SPY,2026-02-03,689.53
TSLA,2026-02-03,421.96
UNH,2026-02-03,284.18
WMT,2026-02-03,127.71
XOM,2026-02-03,143.73
AAPL,2026-02-04,276.49
AMD,2026-02-04,200.19
AMZN,2026-02-04,232.99
CRM,2026-02-04,199.44
CRWD,2026-02-04,103.84
DUOL,2026-02-04,116.9
GOOGL,2026-02-04,333.04
JPM,2026-02-04,317.27
META,2026-02-04,668.99
MSFT,2026-02-04,414.19
NVDA,2026-02-04,174.19
PANW,2026-02-04,166.72
SPY,2026-02-04,686.19
TSLA,2026-02-04,406.01
UNH,2026-02-04,275.92
WMT,2026-02-04,128
XOM,2026-02-04,147.59
AAPL,2026-02-05,275.91
AMD,2026-02-05,192.5
AMZN,2026-02-05,222.69
CRM,2026-02-05,189.97
CRWD,2026-02-05,94.29
DUOL,2026-02-05,114.34
GOOGL,2026-02-05,331.25
JPM,2026-02-05,310.16
META,2026-02-05,670.21
MSFT,2026-02-05,393.67
NVDA,2026-02-05,171.88
PANW,2026-02-05,154.77
SPY,2026-02-05,677.62
TSLA,2026-02-05,397.21
UNH,2026-02-05,268.55
WMT,2026-02-05,126.94
XOM,2026-02-05,146.08
AAPL,2026-02-06,278.12
AMD,2026-02-06,208.44
AMZN,2026-02-06,210.32
CRM,2026-02-06,191.35
CRWD,2026-02-06,98.875
DUOL,2026-02-06,119.4
GOOGL,2026-02-06,322.86
JPM,2026-02-06,322.4
META,2026-02-06,661.46
MSFT,2026-02-06,401.14
NVDA,2026-02-06,185.41
PANW,2026-02-06,159.32
SPY,2026-02-06,690.62
TSLA,2026-02-06,411.11
UNH,2026-02-06,276.65
WMT,2026-02-06,131.18
XOM,2026-02-06,149.05
AAPL,2026-02-09,274.62
AMD,2026-02-09,216
AMZN,2026-02-09,208.72
CRM,2026-02-09,194.03
CRWD,2026-02-09,102.01
DUOL,2026-02-09,118.91
GOOGL,2026-02-09,324.32
JPM,2026-02-09,322.1
META,2026-02-09,677.22
MSFT,2026-02-09,413.6
NVDA,2026-02-09,190.04
PANW,2026-02-09,166
SPY,2026-02-09,693.95
TSLA,2026-02-09,417.32
UNH,2026-02-09,275.7
WMT,2026-02-09,129.02
XOM,2026-02-09,151.21
AAPL,2026-02-10,273.68
AMD,2026-02-10,213.57
AMZN,2026-02-10,206.96
CRM,2026-02-10,193.45
CRWD,2026-02-10,103.3475
DUOL,2026-02-10,120.7
GOOGL,2026-02-10,318.58
JPM,2026-02-10,318.28
META,2026-02-10,670.72
MSFT,2026-02-10,413.27
NVDA,2026-02-10,188.54
PANW,2026-02-10,165.51
SPY,2026-02-10,692.12
TSLA,2026-02-10,425.21
UNH,2026-02-10,273.22
WMT,2026-02-10,126.7
XOM,2026-02-10,151.59
AAPL,2026-02-11,275.5
AMD,2026-02-11,213.58
AMZN,2026-02-11,204.08
CRM,2026-02-11,185
CRWD,2026-02-11,103.9525
DUOL,2026-02-11,109.3
GOOGL,2026-02-11,310.96
JPM,2026-02-11,310.82
META,2026-02-11,668.69
MSFT,2026-02-11,404.37
NVDA,2026-02-11,190.05
PANW,2026-02-11,165.3
SPY,2026-02-11,691.96
TSLA,2026-02-11,428.27
UNH,2026-02-11,278.91
WMT,2026-02-11,128.77
XOM,2026-02-11,155.56
AAPL,2026-02-12,261.73
AMD,2026-02-12,205.94
AMZN,2026-02-12,199.6
CRM,2026-02-12,185.43
CRWD,2026-02-12,102.885
DUOL,2026-02-12,112.05
GOOGL,2026-02-12,309
JPM,2026-02-12,302.64
META,2026-02-12,649.81
MSFT,2026-02-12,401.84
NVDA,2026-02-12,186.94
PANW,2026-02-12,162.81
SPY,2026-02-12,681.27
TSLA,2026-02-12,417.07
UNH,2026-02-12,284.37
WMT,2026-02-12,133.64
XOM,2026-02-12,149.93
AAPL,2026-02-13,255.78
AMD,2026-02-13,207.32
AMZN,2026-02-13,198.79
CRM,2026-02-13,189.72
CRWD,2026-02-13,107.41
DUOL,2026-02-13,112.57
GOOGL,2026-02-13,305.72
JPM,2026-02-13,302.55
META,2026-02-13,639.77
MSFT,2026-02-13,401.32
NVDA,2026-02-13,182.81
PANW,2026-02-13,166.95
SPY,2026-02-13,681.75
TSLA,2026-02-13,417.44
UNH,2026-02-13,293.19
WMT,2026-02-13,133.89
XOM,2026-02-13,148.45
AAPL,2026-02-17,263.88
AMD,2026-02-17,203.08
AMZN,2026-02-17,201.15
CRM,2026-02-17,184.29
CRWD,2026-02-17,103.5713
DUOL,2026-02-17,112.08
GOOGL,2026-02-17,302.02
JPM,2026-02-17,307.13
META,2026-02-17,639.29
MSFT,2026-02-17,396.86
NVDA,2026-02-17,184.97
PANW,2026-02-17,163.5
SPY,2026-02-17,682.85
TSLA,2026-02-17,410.63
UNH,2026-02-17,289.09
WMT,2026-02-17,128.85
XOM,2026-02-17,146.19
AAPL,2026-02-18,264.35
AMD,2026-02-18,200.12
AMZN,2026-02-18,204.79
CRM,2026-02-18,187.79
CRWD,2026-02-18,103.94
DUOL,2026-02-18,112.46
GOOGL,2026-02-18,303.33
JPM,2026-02-18,308.78
META,2026-02-18,643.22
MSFT,2026-02-18,399.6
NVDA,2026-02-18,187.98
PANW,2026-02-18,152.35
SPY,2026-02-18,686.29
TSLA,2026-02-18,411.32
UNH,2026-02-18,288.2
WMT,2026-02-18,126.62
XOM,2026-02-18,150.68
AAPL,2026-02-19,260.58
AMD,2026-02-19,203.37
AMZN,2026-02-19,204.86
CRM,2026-02-19,185.29
CRWD,2026-02-19,105.535
DUOL,2026-02-19,111.11
GOOGL,2026-02-19,302.85
JPM,2026-02-19,308.05
META,2026-02-19,644.78
MSFT,2026-02-19,398.46
NVDA,2026-02-19,187.9
PANW,2026-02-19,150.99
SPY,2026-02-19,684.48
TSLA,2026-02-19,411.71
UNH,2026-02-19,289.93
WMT,2026-02-19,124.87
XOM,2026-02-19,150.97
AAPL,2026-02-20,264.58
AMD,2026-02-20,200.15
AMZN,2026-02-20,210.11
CRM,2026-02-20,185.16
CRWD,2026-02-20,97.15
DUOL,2026-02-20,112.94
GOOGL,2026-02-20,314.98
JPM,2026-02-20,310.79
META,2026-02-20,655.66
MSFT,2026-02-20,397.23
NVDA,2026-02-20,189.82
PANW,2026-02-20,148.7
SPY,2026-02-20,689.43
TSLA,2026-02-20,411.82
UNH,2026-02-20,290
WMT,2026-02-20,122.99
XOM,2026-02-20,147.28
AAPL,2026-02-23,266.18
AMD,2026-02-23,196.6
AMZN,2026-02-23,205.27
CRM,2026-02-23,178.16
CRWD,2026-02-23,87.5825
DUOL,2026-02-23,106.135
GOOGL,2026-02-23,311.49
JPM,2026-02-23,297.67
META,2026-02-23,637.25
MSFT,2026-02-23,384.47
NVDA,2026-02-23,191.55
PANW,2026-02-23,144.14
SPY,2026-02-23,682.39
TSLA,2026-02-23,399.83
UNH,2026-02-23,282.34
WMT,2026-02-23,125.81
XOM,2026-02-23,150.76
AAPL,2026-02-24,272.14
AMD,2026-02-24,213.84
AMZN,2026-02-24,208.56
CRM,2026-02-24,185.42
CRWD,2026-02-24,87.5625
DUOL,2026-02-24,109.43
GOOGL,2026-02-24,310.9
JPM,2026-02-24,297.3
META,2026-02-24,639.3
MSFT,2026-02-24,389
NVDA,2026-02-24,192.85
PANW,2026-02-24,141.67
SPY,2026-02-24,687.35
TSLA,2026-02-24,409.38
UNH,2026-02-24,273.95
WMT,2026-02-24,126.75
XOM,2026-02-24,149.26
AAPL,2026-02-25,274.23
AMD,2026-02-25,210.86
AMZN,2026-02-25,210.64
CRM,2026-02-25,191.75
CRWD,2026-02-25,90.8275
DUOL,2026-02-25,111.65
GOOGL,2026-02-25,312.9
JPM,2026-02-25,303.3
META,2026-02-25,653.69
MSFT,2026-02-25,400.6
NVDA,2026-02-25,195.56
PANW,2026-02-25,144.84
SPY,2026-02-25,693.15
TSLA,2026-02-25,417.4
UNH,2026-02-25,284.2
WMT,2026-02-25,125.75
XOM,2026-02-25,149.06
AAPL,2026-02-26,272.95
AMD,2026-02-26,203.68
AMZN,2026-02-26,207.92
CRM,2026-02-26,199.47
CRWD,2026-02-26,95.275
DUOL,2026-02-26,117.45
GOOGL,2026-02-26,307.38
JPM,2026-02-26,306.13
META,2026-02-26,657.01
MSFT,2026-02-26,401.72
NVDA,2026-02-26,184.89
PANW,2026-02-26,149.4
SPY,2026-02-26,689.3
TSLA,2026-02-26,408.58
UNH,2026-02-26,286.66
WMT,2026-02-26,124.42
XOM,2026-02-26,148.54
AAPL,2026-02-27,264.18
AMD,2026-02-27,200.21
AMZN,2026-02-27,210
CRM,2026-02-27,194.79
CRWD,2026-02-27,92.995
DUOL,2026-02-27,101
GOOGL,2026-02-27,311.76
JPM,2026-02-27,300.3
META,2026-02-27,648.18
MSFT,2026-02-27,392.74
NVDA,2026-02-27,177.19
PANW,2026-02-27,148.92
SPY,2026-02-27,685.99
TSLA,2026-02-27,402.51
UNH,2026-02-27,293.27
WMT,2026-02-27,127.95
XOM,2026-02-27,152.5
AAPL,2026-03-02,264.72
AMD,2026-03-02,198.62
AMZN,2026-03-02,208.39
CRM,2026-03-02,192.95
CRWD,2026-03-02,96.215
DUOL,2026-03-02,100.82
GOOGL,2026-03-02,306.52
JPM,2026-03-02,297.56
META,2026-03-02,653.56
MSFT,2026-03-02,398.55
NVDA,2026-03-02,182.48
PANW,2026-03-02,150.15
SPY,2026-03-02,686.38
TSLA,2026-03-02,403.32
UNH,2026-03-02,294.93
WMT,2026-03-02,127.1
XOM,2026-03-02,154.22
AAPL,2026-03-03,263.75
AMD,2026-03-03,190.95
AMZN,2026-03-03,208.73
CRM,2026-03-03,196.05
CRWD,2026-03-03,97.855
DUOL,2026-03-03,101.61
GOOGL,2026-03-03,303.58
JPM,2026-03-03,300.26
META,2026-03-03,655.08
MSFT,2026-03-03,403.93
NVDA,2026-03-03,180.05
PANW,2026-03-03,156.09
SPY,2026-03-03,680.33
TSLA,2026-03-03,392.43
UNH,2026-03-03,289.21
WMT,2026-03-03,127.91
XOM,2026-03-03,151.83
AAPL,2026-03-04,262.52
AMD,2026-03-04,202.07
AMZN,2026-03-04,216.82
CRM,2026-03-04,193.08
CRWD,2026-03-04,101.92
DUOL,2026-03-04,96.17
GOOGL,2026-03-04,303.13
JPM,2026-03-04,299.39
META,2026-03-04,667.73
MSFT,2026-03-04,405.2
NVDA,2026-03-04,183.04
PANW,2026-03-04,158.56
SPY,2026-03-04,685.13
TSLA,2026-03-04,405.94
UNH,2026-03-04,291.96
WMT,2026-03-04,127.81
XOM,2026-03-04,149.82
AAPL,2026-03-05,260.29
AMD,2026-03-05,199.45
AMZN,2026-03-05,218.94
CRM,2026-03-05,201.39
CRWD,2026-03-05,106.54
DUOL,2026-03-05,101.54
GOOGL,2026-03-05,300.88
JPM,2026-03-05,293.55
META,2026-03-05,660.57
MSFT,2026-03-05,410.68
NVDA,2026-03-05,183.34
PANW,2026-03-05,163.16
SPY,2026-03-05,681.31
TSLA,2026-03-05,405.55
UNH,2026-03-05,288.77
WMT,2026-03-05,123.31
XOM,2026-03-05,150.76
AAPL,2026-03-06,257.46
AMD,2026-03-06,192.43
AMZN,2026-03-06,213.21
CRM,2026-03-06,202.11
CRWD,2026-03-06,107.2475
DUOL,2026-03-06,101.92
GOOGL,2026-03-06,298.52
JPM,2026-03-06,289.48
META,2026-03-06,644.86
MSFT,2026-03-06,408.96
NVDA,2026-03-06,177.82
PANW,2026-03-06,165.05
SPY,2026-03-06,672.38
TSLA,2026-03-06,396.73
UNH,2026-03-06,286.48
WMT,2026-03-06,123.8
XOM,2026-03-06,151.21
AAPL,2026-03-09,259.88
AMD,2026-03-09,202.68
AMZN,2026-03-09,213.49
CRM,2026-03-09,198.79
CRWD,2026-03-09,108.5325
DUOL,2026-03-09,100.42
GOOGL,2026-03-09,306.36
JPM,2026-03-09,289.92
META,2026-03-09,647.39
MSFT,2026-03-09,409.41
NVDA,2026-03-09,182.65
PANW,2026-03-09,165.1
SPY,2026-03-09,678.27
TSLA,2026-03-09,398.68
UNH,2026-03-09,285.17
WMT,2026-03-09,124.34
XOM,2026-03-09,150.44
AAPL,2026-03-10,260.83
AMD,2026-03-10,203.23
AMZN,2026-03-10,214.33
CRM,2026-03-10,194.91
CRWD,2026-03-10,109.0825
DUOL,2026-03-10,95.18
GOOGL,2026-03-10,307.04
JPM,2026-03-10,288.73
META,2026-03-10,654.07
MSFT,2026-03-10,405.76
NVDA,2026-03-10,184.77
PANW,2026-03-10,165.58
SPY,2026-03-10,677.18
TSLA,2026-03-10,399.24
UNH,2026-03-10,282.34
WMT,2026-03-10,125.12
XOM,2026-03-10,148.13
AAPL,2026-03-11,260.81
AMD,2026-03-11,204.83
AMZN,2026-03-11,212.65
CRM,2026-03-11,194.13
CRWD,2026-03-11,110.5075
DUOL,2026-03-11,98.81
GOOGL,2026-03-11,308.7
JPM,2026-03-11,287.52
META,2026-03-11,654.86
MSFT,2026-03-11,404.88
NVDA,2026-03-11,186.03
PANW,2026-03-11,164.93
SPY,2026-03-11,676.33
TSLA,2026-03-11,407.82
UNH,2026-03-11,285.25
WMT,2026-03-11,123.49
XOM,2026-03-11,151.58
AAPL,2026-03-12,255.76
AMD,2026-03-12,197.74
AMZN,2026-03-12,209.53
CRM,2026-03-12,199.28
CRWD,2026-03-12,110.385
DUOL,2026-03-12,94.92
GOOGL,2026-03-12,303.55
JPM,2026-03-12,282.89
META,2026-03-12,638.18
MSFT,2026-03-12,401.86
NVDA,2026-03-12,183.14
PANW,2026-03-12,168.12
SPY,2026-03-12,666.06
TSLA,2026-03-12,395.01
UNH,2026-03-12,277.05
WMT,2026-03-12,125.33
XOM,2026-03-12,153.53
AAPL,2026-03-13,250.12
AMD,2026-03-13,193.39
AMZN,2026-03-13,207.67
CRM,2026-03-13,192.83
CRWD,2026-03-13,110.445
DUOL,2026-03-13,98.39
GOOGL,2026-03-13,302.28
JPM,2026-03-13,283.44
META,2026-03-13,613.71
MSFT,2026-03-13,395.55
NVDA,2026-03-13,180.25
PANW,2026-03-13,167.02
SPY,2026-03-13,662.29
TSLA,2026-03-13,391.2
UNH,2026-03-13,282.09
WMT,2026-03-13,126.52
XOM,2026-03-13,156.12
AAPL,2026-03-16,252.82
AMD,2026-03-16,196.58
AMZN,2026-03-16,211.74
CRM,2026-03-16,198.34
CRWD,2026-03-16,105.96
DUOL,2026-03-16,101.95
GOOGL,2026-03-16,305.56
JPM,2026-03-16,286.16
META,2026-03-16,627.45
MSFT,2026-03-16,399.95
NVDA,2026-03-16,183.22
PANW,2026-03-16,167.45
SPY,2026-03-16,669.03
TSLA,2026-03-16,395.56
UNH,2026-03-16,285.49
WMT,2026-03-16,125.99
XOM,2026-03-16,157.23
AAPL,2026-03-17,254.23
AMD,2026-03-17,196.31
AMZN,2026-03-17,215.2
CRM,2026-03-17,195.31
CRWD,2026-03-17,108.3
DUOL,2026-03-17,104.36
GOOGL,2026-03-17,310.92
JPM,2026-03-17,286.89
META,2026-03-17,622.66
MSFT,2026-03-17,399.41
NVDA,2026-03-17,181.93
PANW,2026-03-17,169.19
SPY,2026-03-17,670.79
TSLA,2026-03-17,399.27
UNH,2026-03-17,287.57
WMT,2026-03-17,125.08
XOM,2026-03-17,158.81
AAPL,2026-03-18,249.94
AMD,2026-03-18,199.46
AMZN,2026-03-18,209.87
CRM,2026-03-18,194.34
CRWD,2026-03-18,108.9525
DUOL,2026-03-18,100.05
GOOGL,2026-03-18,307.69
JPM,2026-03-18,287.74
META,2026-03-18,615.68
MSFT,2026-03-18,391.79
NVDA,2026-03-18,180.4
PANW,2026-03-18,168.91
SPY,2026-03-18,661.43
TSLA,2026-03-18,392.78
UNH,2026-03-18,284.33
WMT,2026-03-18,121.98
XOM,2026-03-18,157.59
AAPL,2026-03-19,248.96
AMD,2026-03-19,205.27
AMZN,2026-03-19,208.76
CRM,2026-03-19,194.99
CRWD,2026-03-19,107.045
DUOL,2026-03-19,99.605
GOOGL,2026-03-19,307.13
JPM,2026-03-19,287.97
META,2026-03-19,606.7
MSFT,2026-03-19,389.02
NVDA,2026-03-19,178.56
PANW,2026-03-19,169.74
SPY,2026-03-19,659.8
TSLA,2026-03-19,380.3
UNH,2026-03-19,280.44
WMT,2026-03-19,121.09
XOM,2026-03-19,158.16
AAPL,2026-03-20,247.99
AMD,2026-03-20,201.33
AMZN,2026-03-20,205.37
CRM,2026-03-20,195.38
CRWD,2026-03-20,102.25
DUOL,2026-03-20,98.05
GOOGL,2026-03-20,301
JPM,2026-03-20,286.56
META,2026-03-20,593.66
MSFT,2026-03-20,381.87
NVDA,2026-03-20,172.7
PANW,2026-03-20,162.95
SPY,2026-03-20,648.57
TSLA,2026-03-20,367.96
UNH,2026-03-20,275.59
WMT,2026-03-20,119.02
XOM,2026-03-20,159.67
AAPL,2026-03-23,251.49
AMD,2026-03-23,202.68
AMZN,2026-03-23,210.14
CRM,2026-03-23,195.18
CRWD,2026-03-23,103.3275
DUOL,2026-03-23,99.75
GOOGL,2026-03-23,302.06
JPM,2026-03-23,289.91
META,2026-03-23,604.06
MSFT,2026-03-23,383
NVDA,2026-03-23,175.64
PANW,2026-03-23,164.05
SPY,2026-03-23,655.38
TSLA,2026-03-23,380.85
UNH,2026-03-23,269.54
WMT,2026-03-23,120.72
XOM,2026-03-23,161.13
AAPL,2026-03-24,251.64
AMD,2026-03-24,205.37
AMZN,2026-03-24,207.24
CRM,2026-03-24,183.02
CRWD,2026-03-24,98.2475
DUOL,2026-03-24,97.68
GOOGL,2026-03-24,290.44
JPM,2026-03-24,292.4
META,2026-03-24,592.92
MSFT,2026-03-24,372.74
NVDA,2026-03-24,175.2
PANW,2026-03-24,157.21
SPY,2026-03-24,653.18
TSLA,2026-03-24,383.03
UNH,2026-03-24,272.28
WMT,2026-03-24,122.05
XOM,2026-03-24,165.38
AAPL,2026-03-25,252.62
AMD,2026-03-25,220.27
AMZN,2026-03-25,211.71
CRM,2026-03-25,181.96
CRWD,2026-03-25,96.465
DUOL,2026-03-25,99.12
GOOGL,2026-03-25,290.93
JPM,2026-03-25,295.42
META,2026-03-25,594.89
MSFT,2026-03-25,371.04
NVDA,2026-03-25,178.68
PANW,2026-03-25,153.22
SPY,2026-03-25,656.82
TSLA,2026-03-25,385.95
UNH,2026-03-25,270.55
WMT,2026-03-25,123.06
XOM,2026-03-25,163.26
AAPL,2026-03-26,252.89
AMD,2026-03-26,203.77
AMZN,2026-03-26,207.54
CRM,2026-03-26,185.64
CRWD,2026-03-26,98.155
DUOL,2026-03-26,98.11
GOOGL,2026-03-26,280.92
JPM,2026-03-26,291.66
META,2026-03-26,547.54
MSFT,2026-03-26,365.97
NVDA,2026-03-26,171.24
PANW,2026-03-26,156.36
SPY,2026-03-26,645.09
TSLA,2026-03-26,372.11
UNH,2026-03-26,268.05
WMT,2026-03-26,122.18
XOM,2026-03-26,165.43
AAPL,2026-03-27,248.8
AMD,2026-03-27,201.99
AMZN,2026-03-27,199.34
CRM,2026-03-27,179.31
CRWD,2026-03-27,92.395
DUOL,2026-03-27,95.35
GOOGL,2026-03-27,274.34
JPM,2026-03-27,282.84
META,2026-03-27,525.72
MSFT,2026-03-27,356.77
NVDA,2026-03-27,167.52
PANW,2026-03-27,147.02
SPY,2026-03-27,634.09
TSLA,2026-03-27,361.83
UNH,2026-03-27,259.02
WMT,2026-03-27,122.89
XOM,2026-03-27,170.99
AAPL,2026-03-30,246.63
AMD,2026-03-30,196.04
AMZN,2026-03-30,200.95
CRM,2026-03-30,185.03
CRWD,2026-03-30,95.015
DUOL,2026-03-30,94.12
GOOGL,2026-03-30,273.5
JPM,2026-03-30,283.77
META,2026-03-30,536.38
MSFT,2026-03-30,358.96
NVDA,2026-03-30,165.17
PANW,2026-03-30,154.35
SPY,2026-03-30,631.97
TSLA,2026-03-30,355.28
UNH,2026-03-30,261.79
WMT,2026-03-30,123.5
XOM,2026-03-30,171.47
AAPL,2026-03-31,253.79
AMD,2026-03-31,203.43
AMZN,2026-03-31,208.27
CRM,2026-03-31,186.67
CRWD,2026-03-31,97.6025
DUOL,2026-03-31,98.57
GOOGL,2026-03-31,287.56
JPM,2026-03-31,294.16
META,2026-03-31,572.13
MSFT,2026-03-31,370.17
NVDA,2026-03-31,174.4
PANW,2026-03-31,160.32
SPY,2026-03-31,650.34
TSLA,2026-03-31,371.75
UNH,2026-03-31,270.59
WMT,2026-03-31,124.28
XOM,2026-03-31,169.66
AAPL,2026-04-01,255.63
AMD,2026-04-01,210.21
AMZN,2026-04-01,210.57
CRM,2026-04-01,186.24
CRWD,2026-04-01,98.3275
DUOL,2026-04-01,96.19
GOOGL,2026-04-01,297.39
JPM,2026-04-01,295.38
META,2026-04-01,579.23
MSFT,2026-04-01,369.37
NVDA,2026-04-01,175.75
PANW,2026-04-01,160.67
SPY,2026-04-01,655.24
TSLA,2026-04-01,381.26
UNH,2026-04-01,273.98
WMT,2026-04-01,124.74
XOM,2026-04-01,160.78
AAPL,2026-04-02,255.92
AMD,2026-04-02,217.5
AMZN,2026-04-02,209.77
CRM,2026-04-02,187.18
CRWD,2026-04-02,99.78
DUOL,2026-04-02,96.54
GOOGL,2026-04-02,295.77
JPM,2026-04-02,294.6
META,2026-04-02,574.46
MSFT,2026-04-02,373.46
NVDA,2026-04-02,177.39
PANW,2026-04-02,163.21
SPY,2026-04-02,655.83
TSLA,2026-04-02,360.59
UNH,2026-04-02,277.26
WMT,2026-04-02,125.79
XOM,2026-04-02,160.69
AAPL,2026-04-06,258.86
AMD,2026-04-06,220.18
AMZN,2026-04-06,212.79
CRM,2026-04-06,185.03
CRWD,2026-04-06,99.6525
DUOL,2026-04-06,99.38
GOOGL,2026-04-06,299.99
JPM,2026-04-06,295.45
META,2026-04-06,573.02
MSFT,2026-04-06,372.88
NVDA,2026-04-06,177.64
PANW,2026-04-06,161.95
SPY,2026-04-06,658.93
TSLA,2026-04-06,352.82
UNH,2026-04-06,281.36
WMT,2026-04-06,126.79
XOM,2026-04-06,163.37
AAPL,2026-04-07,253.5
AMD,2026-04-07,221.53
AMZN,2026-04-07,213.77
CRM,2026-04-07,182.96
CRWD,2026-04-07,105.8075
DUOL,2026-04-07,96.29
GOOGL,2026-04-07,305.46
JPM,2026-04-07,297.4
META,2026-04-07,575.05
MSFT,2026-04-07,372.29
NVDA,2026-04-07,178.1
PANW,2026-04-07,169.87
SPY,2026-04-07,659.22
TSLA,2026-04-07,346.65
UNH,2026-04-07,307.73
WMT,2026-04-07,122.49
XOM,2026-04-07,163.91
AAPL,2026-04-08,258.9
AMD,2026-04-08,231.82
AMZN,2026-04-08,221.25
CRM,2026-04-08,176.37
CRWD,2026-04-08,106.6275
DUOL,2026-04-08,91.06
GOOGL,2026-04-08,317.32
JPM,2026-04-08,307.97
META,2026-04-08,612.42
MSFT,2026-04-08,374.33
NVDA,2026-04-08,182.08
PANW,2026-04-08,173.78
SPY,2026-04-08,676.01
TSLA,2026-04-08,343.25
UNH,2026-04-08,305.98
WMT,2026-04-08,127.26
XOM,2026-04-08,156.22
AAPL,2026-04-09,260.49
AMD,2026-04-09,236.64
AMZN,2026-04-09,233.65
CRM,2026-04-09,170.85
CRWD,2026-04-09,98.67
DUOL,2026-04-09,90.53
GOOGL,2026-04-09,318.49
JPM,2026-04-09,310.33
META,2026-04-09,628.39
MSFT,2026-04-09,373.07
NVDA,2026-04-09,183.91
PANW,2026-04-09,166.99
SPY,2026-04-09,679.91
TSLA,2026-04-09,345.62
UNH,2026-04-09,306.91
WMT,2026-04-09,129.13
XOM,2026-04-09,155.04
AAPL,2026-04-10,260.48
AMD,2026-04-10,245.04
AMZN,2026-04-10,238.38
CRM,2026-04-10,164.96
CRWD,2026-04-10,94.755
DUOL,2026-04-10,90.03
GOOGL,2026-04-10,317.24
JPM,2026-04-10,309.87
META,2026-04-10,629.86
MSFT,2026-04-10,370.87
NVDA,2026-04-10,188.63
PANW,2026-04-10,155.73
SPY,2026-04-10,679.46
TSLA,2026-04-10,348.95
UNH,2026-04-10,304.33
WMT,2026-04-10,126.77
XOM,2026-04-10,152.51
AAPL,2026-04-13,259.2
AMD,2026-04-13,246.83
AMZN,2026-04-13,239.89
CRM,2026-04-13,172.82
CRWD,2026-04-13,100.56
DUOL,2026-04-13,93.53
GOOGL,2026-04-13,321.31
JPM,2026-04-13,313.68
META,2026-04-13,634.53
MSFT,2026-04-13,384.37
NVDA,2026-04-13,189.31
PANW,2026-04-13,162.51
SPY,2026-04-13,686.1
TSLA,2026-04-13,352.42
UNH,2026-04-13,313
WMT,2026-04-13,124.57
XOM,2026-04-13,152.64
AAPL,2026-04-14,258.83
AMD,2026-04-14,255.07
AMZN,2026-04-14,249.02
CRM,2026-04-14,171.31
CRWD,2026-04-14,99.6225
DUOL,2026-04-14,91.46
GOOGL,2026-04-14,332.91
JPM,2026-04-14,311.12
META,2026-04-14,662.49
MSFT,2026-04-14,393.11
NVDA,2026-04-14,196.51
PANW,2026-04-14,161.59
SPY,2026-04-14,694.46
TSLA,2026-04-14,364.2
UNH,2026-04-14,314.19
WMT,2026-04-14,125.05
XOM,2026-04-14,149.24
AAPL,2026-04-15,266.43
AMD,2026-04-15,258.12
AMZN,2026-04-15,248.5
CRM,2026-04-15,177.6
CRWD,2026-04-15,102.79
DUOL,2026-04-15,98.78
GOOGL,2026-04-15,337.12
JPM,2026-04-15,305.93
META,2026-04-15,671.58
MSFT,2026-04-15,411.22
NVDA,2026-04-15,198.87
PANW,2026-04-15,164.11
SPY,2026-04-15,699.94
TSLA,2026-04-15,391.95
UNH,2026-04-15,314.05
WMT,2026-04-15,124.76
XOM,2026-04-15,149.01
AAPL,2026-04-16,263.4
AMD,2026-04-16,278.26
AMZN,2026-04-16,249.7
CRM,2026-04-16,181.22
CRWD,2026-04-16,104.55
DUOL,2026-04-16,103.45
GOOGL,2026-04-16,336.02
JPM,2026-04-16,309.95
META,2026-04-16,676.87
MSFT,2026-04-16,420.26
NVDA,2026-04-16,198.35
PANW,2026-04-16,166.97
SPY,2026-04-16,701.66
TSLA,2026-04-16,388.9
UNH,2026-04-16,316.4
WMT,2026-04-16,124.82
XOM,2026-04-16,151.98
AAPL,2026-04-17,270.23
AMD,2026-04-17,278.39
AMZN,2026-04-17,250.56
CRM,2026-04-17,182.14
CRWD,2026-04-17,105.9875
DUOL,2026-04-17,100.51
GOOGL,2026-04-17,341.68
JPM,2026-04-17,310.29
META,2026-04-17,688.55
MSFT,2026-04-17,422.79
NVDA,2026-04-17,201.68
PANW,2026-04-17,167.85
SPY,2026-04-17,710.14
TSLA,2026-04-17,400.62
UNH,2026-04-17,324.63
WMT,2026-04-17,127.5
XOM,2026-04-17,146.44
AAPL,2026-04-20,273.05
AMD,2026-04-20,274.95
AMZN,2026-04-20,248.28
CRM,2026-04-20,186.27
CRWD,2026-04-20,108.2875
DUOL,2026-04-20,104.84
GOOGL,2026-04-20,337.42
JPM,2026-04-20,316.99
META,2026-04-20,670.91
MSFT,2026-04-20,418.07
NVDA,2026-04-20,202.06
PANW,2026-04-20,169.56
SPY,2026-04-20,708.72
TSLA,2026-04-20,392.5
UNH,2026-04-20,323.48
WMT,2026-04-20,127.92
XOM,2026-04-20,147.68
AAPL,2026-04-21,266.17
AMD,2026-04-21,284.49
AMZN,2026-04-21,249.91
CRM,2026-04-21,187.11
CRWD,2026-04-21,112.4025
DUOL,2026-04-21,102.63
GOOGL,2026-04-21,332.29
JPM,2026-04-21,313
META,2026-04-21,668.84
MSFT,2026-04-21,424.16
NVDA,2026-04-21,199.88
PANW,2026-04-21,174.96
SPY,2026-04-21,704.08
TSLA,2026-04-21,386.42
UNH,2026-04-21,346.01
WMT,2026-04-21,129.6
XOM,2026-04-21,148.36
AAPL,2026-04-22,273.17
AMD,2026-04-22,303.46
AMZN,2026-04-22,255.36
CRM,2026-04-22,189.8
CRWD,2026-04-22,116.67
DUOL,2026-04-22,105.52
GOOGL,2026-04-22,339.32
JPM,2026-04-22,313.02
META,2026-04-22,674.72
MSFT,2026-04-22,432.92
NVDA,2026-04-22,202.5
PANW,2026-04-22,181.2
SPY,2026-04-22,711.21
TSLA,2026-04-22,387.51
UNH,2026-04-22,353.52
WMT,2026-04-22,129.98
XOM,2026-04-22,149.5
AAPL,2026-04-23,273.43
AMD,2026-04-23,305.33
AMZN,2026-04-23,255.08
CRM,2026-04-23,173.3
CRWD,2026-04-23,111.3475
DUOL,2026-04-23,100.29
GOOGL,2026-04-23,338.89
JPM,2026-04-23,311.69
META,2026-04-23,659.15
MSFT,2026-04-23,415.75
NVDA,2026-04-23,199.64
PANW,2026-04-23,173.21
SPY,2026-04-23,708.45
TSLA,2026-04-23,373.72
UNH,2026-04-23,354.56
WMT,2026-04-23,132.03
XOM,2026-04-23,150.53
AAPL,2026-04-24,271.06
AMD,2026-04-24,347.81
AMZN,2026-04-24,263.99
CRM,2026-04-24,178.16
CRWD,2026-04-24,112.0325
DUOL,2026-04-24,103.45
GOOGL,2026-04-24,344.4
JPM,2026-04-24,308.28
META,2026-04-24,675.03
MSFT,2026-04-24,424.62
NVDA,2026-04-24,208.27
PANW,2026-04-24,178.54
SPY,2026-04-24,713.94
TSLA,2026-04-24,376.3
UNH,2026-04-24,354.92
WMT,2026-04-24,129.92
XOM,2026-04-24,148.91
AAPL,2026-04-27,267.61
AMD,2026-04-27,334.63
AMZN,2026-04-27,261.12
CRM,2026-04-27,180.18
CRWD,2026-04-27,113.6525
DUOL,2026-04-27,103.3
GOOGL,2026-04-27,350.34
JPM,2026-04-27,311.63
META,2026-04-27,678.62
MSFT,2026-04-27,424.82
NVDA,2026-04-27,216.61
PANW,2026-04-27,182.9
SPY,2026-04-27,715.17
TSLA,2026-04-27,378.67
UNH,2026-04-27,354.69
WMT,2026-04-27,127.59
XOM,2026-04-27,148.19
AAPL,2026-04-28,270.71
AMD,2026-04-28,323.21
AMZN,2026-04-28,259.7
CRM,2026-04-28,181.32
CRWD,2026-04-28,113.7475
DUOL,2026-04-28,106.24
GOOGL,2026-04-28,349.78
JPM,2026-04-28,311.45
META,2026-04-28,671.34
MSFT,2026-04-28,429.25
NVDA,2026-04-28,213.17
PANW,2026-04-28,180.99
SPY,2026-04-28,711.69
TSLA,2026-04-28,376.02
UNH,2026-04-28,366.77
WMT,2026-04-28,127.59
XOM,2026-04-28,150.56
AAPL,2026-04-29,270.17
AMD,2026-04-29,337.11
AMZN,2026-04-29,263.04
CRM,2026-04-29,181.22
CRWD,2026-04-29,113.095
DUOL,2026-04-29,106.82
GOOGL,2026-04-29,349.94
JPM,2026-04-29,309.25
META,2026-04-29,669.12
MSFT,2026-04-29,424.46
NVDA,2026-04-29,209.25
PANW,2026-04-29,181.54
SPY,2026-04-29,711.58
TSLA,2026-04-29,372.8
UNH,2026-04-29,370.74
WMT,2026-04-29,128.01
XOM,2026-04-29,154.67
AAPL,2026-04-30,271.35
AMD,2026-04-30,354.49
AMZN,2026-04-30,265.06
CRM,2026-04-30,176.53
CRWD,2026-04-30,111.4375
DUOL,2026-04-30,110.1
GOOGL,2026-04-30,384.8
JPM,2026-04-30,313.23
META,2026-04-30,611.91
MSFT,2026-04-30,407.78
NVDA,2026-04-30,199.57
PANW,2026-04-30,179.32
SPY,2026-04-30,718.66
TSLA,2026-04-30,381.63
UNH,2026-04-30,370.48
WMT,2026-04-30,131.93
XOM,2026-04-30,154.33
AAPL,2026-05-01,280.14
AMD,2026-05-01,360.54
AMZN,2026-05-01,268.26
CRM,2026-05-01,183.82
CRWD,2026-05-01,113.91
DUOL,2026-05-01,111.25
GOOGL,2026-05-01,385.69
JPM,2026-05-01,312.47
META,2026-05-01,608.75
MSFT,2026-05-01,414.44
NVDA,2026-05-01,198.45
PANW,2026-05-01,181.08
SPY,2026-05-01,720.65
TSLA,2026-05-01,390.82
UNH,2026-05-01,368.78
WMT,2026-05-01,131.6
XOM,2026-05-01,152.75
AAPL,2026-05-04,276.83
AMD,2026-05-04,341.54
AMZN,2026-05-04,272.05
CRM,2026-05-04,185.48
CRWD,2026-05-04,117.31
DUOL,2026-05-04,110.23
GOOGL,2026-05-04,383.25
JPM,2026-05-04,307.65
META,2026-05-04,610.41
MSFT,2026-05-04,413.62
NVDA,2026-05-04,198.48
PANW,2026-05-04,184.56
SPY,2026-05-04,718.01
TSLA,2026-05-04,392.51
UNH,2026-05-04,370.75
WMT,2026-05-04,130.33
XOM,2026-05-04,153.69
AAPL,2026-05-05,284.18
AMD,2026-05-05,355.26
AMZN,2026-05-05,273.55
CRM,2026-05-05,186.99
CRWD,2026-05-05,119.1325
DUOL,2026-05-05,104.03
GOOGL,2026-05-05,388.43
JPM,2026-05-05,309.4
META,2026-05-05,604.96
MSFT,2026-05-05,411.38
NVDA,2026-05-05,196.5
PANW,2026-05-05,183.98
SPY,2026-05-05,723.77
TSLA,2026-05-05,389.37
UNH,2026-05-05,363.87
WMT,2026-05-05,130.79
XOM,2026-05-05,154.88
AAPL,2026-05-06,287.51
AMD,2026-05-06,421.39
AMZN,2026-05-06,274.99
CRM,2026-05-06,181.19
CRWD,2026-05-06,117.0175
DUOL,2026-05-06,105.02
GOOGL,2026-05-06,398.04
JPM,2026-05-06,314.9
META,2026-05-06,612.88
MSFT,2026-05-06,413.96
NVDA,2026-05-06,207.83
PANW,2026-05-06,183.68
SPY,2026-05-06,733.83
TSLA,2026-05-06,398.73
UNH,2026-05-06,367.28
WMT,2026-05-06,130.08
XOM,2026-05-06,148.69
AAPL,2026-05-07,287.44
AMD,2026-05-07,408.46
AMZN,2026-05-07,271.17
CRM,2026-05-07,186.34
CRWD,2026-05-07,126.43
DUOL,2026-05-07,113.61
GOOGL,2026-05-07,397.99
JPM,2026-05-07,306.27
META,2026-05-07,616.81
MSFT,2026-05-07,420.77
NVDA,2026-05-07,211.5
PANW,2026-05-07,196.53
SPY,2026-05-07,731.58
TSLA,2026-05-07,411.79
UNH,2026-05-07,369.74
WMT,2026-05-07,130.2
XOM,2026-05-07,146.58
AAPL,2026-05-08,293.32
AMD,2026-05-08,455.19
AMZN,2026-05-08,272.68
CRM,2026-05-08,181.82
CRWD,2026-05-08,131.9425
DUOL,2026-05-08,107.99
GOOGL,2026-05-08,400.8
JPM,2026-05-08,302.1
META,2026-05-08,609.63
MSFT,2026-05-08,415.12
NVDA,2026-05-08,215.2
PANW,2026-05-08,207.88
SPY,2026-05-08,737.62
TSLA,2026-05-08,428.35
UNH,2026-05-08,379.98
WMT,2026-05-08,130.43
XOM,2026-05-08,144.57
AAPL,2026-05-11,292.68
AMD,2026-05-11,458.79
AMZN,2026-05-11,268.99
CRM,2026-05-11,177.49
CRWD,2026-05-11,135.565
DUOL,2026-05-11,105.15
GOOGL,2026-05-11,388.64
JPM,2026-05-11,300
META,2026-05-11,598.86
MSFT,2026-05-11,412.66
NVDA,2026-05-11,219.44
PANW,2026-05-11,213.66
SPY,2026-05-11,739.3
TSLA,2026-05-11,445
UNH,2026-05-11,384.44
WMT,2026-05-11,127.59
XOM,2026-05-11,149.68
AAPL,2026-05-12,294.8
AMD,2026-05-12,448.29
AMZN,2026-05-12,265.82
CRM,2026-05-12,171.31
CRWD,2026-05-12,136.545
DUOL,2026-05-12,106.01
GOOGL,2026-05-12,387.35
JPM,2026-05-12,304.88
META,2026-05-12,603
MSFT,2026-05-12,407.77
NVDA,2026-05-12,220.78
PANW,2026-05-12,215.6
SPY,2026-05-12,738.18
TSLA,2026-05-12,433.45
UNH,2026-05-12,396.39
WMT,2026-05-12,130.35
XOM,2026-05-12,150.63
AAPL,2026-05-13,298.87
AMD,2026-05-13,445.5
AMZN,2026-05-13,270.13
CRM,2026-05-13,165.84
CRWD,2026-05-13,140.6425
DUOL,2026-05-13,104.98
GOOGL,2026-05-13,402.62
JPM,2026-05-13,300.25
META,2026-05-13,616.63
MSFT,2026-05-13,405.21
NVDA,2026-05-13,225.83
PANW,2026-05-13,227.79
SPY,2026-05-13,742.31
TSLA,2026-05-13,445.27
UNH,2026-05-13,401.16
WMT,2026-05-13,131.47
XOM,2026-05-13,151.57
AAPL,2026-05-14,298.21
AMD,2026-05-14,449.7
AMZN,2026-05-14,267.22
CRM,2026-05-14,167.58
CRWD,2026-05-14,144.9875
DUOL,2026-05-14,109.155
GOOGL,2026-05-14,401.07
JPM,2026-05-14,299.91
META,2026-05-14,618.43
MSFT,2026-05-14,409.43
NVDA,2026-05-14,235.74
PANW,2026-05-14,238.21
SPY,2026-05-14,748.17
TSLA,2026-05-14,443.3
UNH,2026-05-14,399.09
WMT,2026-05-14,132.46
XOM,2026-05-14,152.78
AAPL,2026-05-15,300.23
AMD,2026-05-15,424.1
AMZN,2026-05-15,264.14
CRM,2026-05-15,173.51
CRWD,2026-05-15,148.52
DUOL,2026-05-15,112.06
GOOGL,2026-05-15,396.78
JPM,2026-05-15,297.81
META,2026-05-15,614.23
MSFT,2026-05-15,421.92
NVDA,2026-05-15,225.32
PANW,2026-05-15,242.83
SPY,2026-05-15,739.17
TSLA,2026-05-15,422.24
UNH,2026-05-15,393.85
WMT,2026-05-15,131.45
XOM,2026-05-15,157.92
AAPL,2026-05-18,297.84
AMD,2026-05-18,420.99
AMZN,2026-05-18,264.86
CRM,2026-05-18,179.48
CRWD,2026-05-18,154.7075
DUOL,2026-05-18,113.24
GOOGL,2026-05-18,396.94
JPM,2026-05-18,300.73
META,2026-05-18,611.21
MSFT,2026-05-18,423.54
NVDA,2026-05-18,222.32
PANW,2026-05-18,247.55
SPY,2026-05-18,738.65
TSLA,2026-05-18,409.99
UNH,2026-05-18,391.13
WMT,2026-05-18,133.34
XOM,2026-05-18,160.49
AAPL,2026-05-19,298.97
AMD,2026-05-19,414.05
AMZN,2026-05-19,259.34
CRM,2026-05-19,179.42
CRWD,2026-05-19,154.22
DUOL,2026-05-19,114.1
GOOGL,2026-05-19,387.66
JPM,2026-05-19,295.7
META,2026-05-19,602.61
MSFT,2026-05-19,417.42
NVDA,2026-05-19,220.61
PANW,2026-05-19,240.13
SPY,2026-05-19,733.73
TSLA,2026-05-19,404.11
UNH,2026-05-19,389.24
WMT,2026-05-19,134.2
XOM,2026-05-19,162.55
AAPL,2026-05-20,302.25
AMD,2026-05-20,447.58
AMZN,2026-05-20,265.01
CRM,2026-05-20,180.1
CRWD,2026-05-20,162.5275
DUOL,2026-05-20,106.82
GOOGL,2026-05-20,388.91
JPM,2026-05-20,301.98
META,2026-05-20,605.06
MSFT,2026-05-20,421.06
NVDA,2026-05-20,223.47
PANW,2026-05-20,246.66
SPY,2026-05-20,741.25
TSLA,2026-05-20,417.26
UNH,2026-05-20,383.3
WMT,2026-05-20,130.85
XOM,2026-05-20,156.28
AAPL,2026-05-21,304.99
AMD,2026-05-21,449.59
AMZN,2026-05-21,268.46
CRM,2026-05-21,176.31
CRWD,2026-05-21,162.0575
DUOL,2026-05-21,105.64
GOOGL,2026-05-21,387.66
JPM,2026-05-21,303
META,2026-05-21,607.38
MSFT,2026-05-21,419.09
NVDA,2026-05-21,219.51
PANW,2026-05-21,252.92
SPY,2026-05-21,742.72
TSLA,2026-05-21,417.85
UNH,2026-05-21,382.48
WMT,2026-05-21,121.34
XOM,2026-05-21,155.29
AAPL,2026-05-22,308.82
AMD,2026-05-22,467.51
AMZN,2026-05-22,266.32
CRM,2026-05-22,180.07
CRWD,2026-05-22,165.865
DUOL,2026-05-22,106.61
GOOGL,2026-05-22,382.97
JPM,2026-05-22,306.38
META,2026-05-22,610.26
MSFT,2026-05-22,418.57
NVDA,2026-05-22,215.33
PANW,2026-05-22,260.58
SPY,2026-05-22,745.64
TSLA,2026-05-22,426.01
UNH,2026-05-22,388.47
WMT,2026-05-22,120.27
XOM,2026-05-22,154.92
AAPL,2026-05-26,308.33
AMD,2026-05-26,503.89
AMZN,2026-05-26,265.29
CRM,2026-05-26,179.08
CRWD,2026-05-26,167.8875
DUOL,2026-05-26,106.48
GOOGL,2026-05-26,388.88
JPM,2026-05-26,306.74
META,2026-05-26,612.34
MSFT,2026-05-26,416.03
NVDA,2026-05-26,214.86
PANW,2026-05-26,256.75
SPY,2026-05-26,750.59
TSLA,2026-05-26,433.59
UNH,2026-05-26,376.86
WMT,2026-05-26,118.57
XOM,2026-05-26,149.81
AAPL,2026-05-27,310.85
AMD,2026-05-27,495.54
AMZN,2026-05-27,271.85
CRM,2026-05-27,177.51
CRWD,2026-05-27,161.34
DUOL,2026-05-27,107.82
GOOGL,2026-05-27,388.83
JPM,2026-05-27,299.28
META,2026-05-27,635.26
MSFT,2026-05-27,412.67
NVDA,2026-05-27,212.6
PANW,2026-05-27,248.47
SPY,2026-05-27,750.46
TSLA,2026-05-27,440.36
UNH,2026-05-27,384.01
WMT,2026-05-27,118.54
XOM,2026-05-27,147.9
AAPL,2026-05-28,312.51
AMD,2026-05-28,518.09
AMZN,2026-05-28,274
CRM,2026-05-28,176.17
CRWD,2026-05-28,167.75
DUOL,2026-05-28,108.67
GOOGL,2026-05-28,390.13
JPM,2026-05-28,296.73
META,2026-05-28,635.29
MSFT,2026-05-28,426.99
NVDA,2026-05-28,214.25
PANW,2026-05-28,257.77
SPY,2026-05-28,754.6
TSLA,2026-05-28,442.1
UNH,2026-05-28,382.53
WMT,2026-05-28,118.9
XOM,2026-05-28,146.96
AAPL,2026-05-29,312.06
AMD,2026-05-29,516.1
AMZN,2026-05-29,270.64
CRM,2026-05-29,191.1
CRWD,2026-05-29,182.75
DUOL,2026-05-29,111.36
GOOGL,2026-05-29,380.34
JPM,2026-05-29,299.31
META,2026-05-29,632.51
MSFT,2026-05-29,450.24
NVDA,2026-05-29,211.14
PANW,2026-05-29,281.69
SPY,2026-05-29,756.48
TSLA,2026-05-29,435.79
UNH,2026-05-29,380.31
WMT,2026-05-29,115.75
XOM,2026-05-29,145.26
AAPL,2026-06-01,306.31
AMD,2026-06-01,510.13
AMZN,2026-06-01,261.26
CRM,2026-06-01,209.6
CRWD,2026-06-01,195.5425
DUOL,2026-06-01,117.97
GOOGL,2026-06-01,376.37
JPM,2026-06-01,296.58
META,2026-06-01,600.47
MSFT,2026-06-01,460.52
NVDA,2026-06-01,224.36
PANW,2026-06-01,300.48
SPY,2026-06-01,758.54
TSLA,2026-06-01,415.88
UNH,2026-06-01,379.86
WMT,2026-06-01,114.6
XOM,2026-06-01,149.38
AAPL,2026-06-02,315.2
AMD,2026-06-02,521.54
AMZN,2026-06-02,256.52
CRM,2026-06-02,200.84
CRWD,2026-06-02,192.2375
DUOL,2026-06-02,109.95
GOOGL,2026-06-02,361.85
JPM,2026-06-02,300.96
META,2026-06-02,597.63
MSFT,2026-06-02,441.31
NVDA,2026-06-02,222.82
PANW,2026-06-02,297.18
SPY,2026-06-02,759.57
TSLA,2026-06-02,423.74
UNH,2026-06-02,377.92
WMT,2026-06-02,113.06
XOM,2026-06-02,149.56
AAPL,2026-06-03,310.26
AMD,2026-06-03,542.52
AMZN,2026-06-03,250.02
CRM,2026-06-03,190.61
CRWD,2026-06-03,186.9025
DUOL,2026-06-03,107.4
GOOGL,2026-06-03,358.99
JPM,2026-06-03,300.85
META,2026-06-03,622.98
MSFT,2026-06-03,427.34
NVDA,2026-06-03,214.75
PANW,2026-06-03,280.43
SPY,2026-06-03,754.24
TSLA,2026-06-03,423.7
UNH,2026-06-03,377
WMT,2026-06-03,116.89
XOM,2026-06-03,152.53
AAPL,2026-06-04,311.23
AMD,2026-06-04,523.2
AMZN,2026-06-04,253.79
CRM,2026-06-04,188.75
CRWD,2026-06-04,179.7725
DUOL,2026-06-04,109.15
GOOGL,2026-06-04,372.19
JPM,2026-06-04,310.89
META,2026-06-04,627.57
MSFT,2026-06-04,428.05
NVDA,2026-06-04,218.66
PANW,2026-06-04,279.25
SPY,2026-06-04,757.09
TSLA,2026-06-04,418.45
UNH,2026-06-04,396.47
WMT,2026-06-04,117.74
XOM,2026-06-04,152.04
AAPL,2026-06-05,307.34
AMD,2026-06-05,466.38
AMZN,2026-06-05,246.03
CRM,2026-06-05,185.66
CRWD,2026-06-05,167.755
DUOL,2026-06-05,109.03
GOOGL,2026-06-05,368.53
JPM,2026-06-05,312.37
META,2026-06-05,593
MSFT,2026-06-05,416.67
NVDA,2026-06-05,205.1
PANW,2026-06-05,272.05
SPY,2026-06-05,737.55
TSLA,2026-06-05,391
UNH,2026-06-05,399.47
WMT,2026-06-05,118.88
XOM,2026-06-05,149.92
AAPL,2026-06-08,301.54
AMD,2026-06-08,490.33
AMZN,2026-06-08,245.22
CRM,2026-06-08,182.55
CRWD,2026-06-08,164.6975
DUOL,2026-06-08,117.96
GOOGL,2026-06-08,363.31
JPM,2026-06-08,311.11
META,2026-06-08,585.39
MSFT,2026-06-08,411.74
NVDA,2026-06-08,208.64
PANW,2026-06-08,266.33
SPY,2026-06-08,739.22
TSLA,2026-06-08,408.95
UNH,2026-06-08,406.57
WMT,2026-06-08,119.83
XOM,2026-06-08,151.75
AAPL,2026-06-09,290.55
AMD,2026-06-09,475.51
AMZN,2026-06-09,244.19
CRM,2026-06-09,175.35
CRWD,2026-06-09,161.2325
DUOL,2026-06-09,117.86
GOOGL,2026-06-09,364.26
JPM,2026-06-09,312.7
META,2026-06-09,584.59
MSFT,2026-06-09,403.41
NVDA,2026-06-09,208.19
PANW,2026-06-09,260.52
SPY,2026-06-09,737.05
TSLA,2026-06-09,396.68
UNH,2026-06-09,413
WMT,2026-06-09,118.88
XOM,2026-06-09,148.91
AAPL,2026-06-10,291.58
AMD,2026-06-10,452.4
AMZN,2026-06-10,238
CRM,2026-06-10,170.92
CRWD,2026-06-10,161.935
DUOL,2026-06-10,121.92
GOOGL,2026-06-10,356.38
JPM,2026-06-10,309.14
META,2026-06-10,570.98
MSFT,2026-06-10,397.36
NVDA,2026-06-10,200.42
PANW,2026-06-10,263.22
SPY,2026-06-10,725.43
TSLA,2026-06-10,381.59
UNH,2026-06-10,407.46
WMT,2026-06-10,120.59
XOM,2026-06-10,150.62
AAPL,2026-06-11,295.63
AMD,2026-06-11,488.45
AMZN,2026-06-11,241.51
CRM,2026-06-11,166.45
CRWD,2026-06-11,172.8825
DUOL,2026-06-11,123.845
GOOGL,2026-06-11,357.77
JPM,2026-06-11,313.49
META,2026-06-11,568.43
MSFT,2026-06-11,390.34
NVDA,2026-06-11,204.87
PANW,2026-06-11,279.53
SPY,2026-06-11,737.76
TSLA,2026-06-11,399.15
UNH,2026-06-11,405.55
WMT,2026-06-11,120.5
XOM,2026-06-11,146.6
AAPL,2026-06-12,291.13
AMD,2026-06-12,511.57
AMZN,2026-06-12,238.55
CRM,2026-06-12,165.89
CRWD,2026-06-12,170.7
DUOL,2026-06-12,122.63
GOOGL,2026-06-12,359.68
JPM,2026-06-12,320.72
META,2026-06-12,566.98
MSFT,2026-06-12,390.74
NVDA,2026-06-12,205.19
PANW,2026-06-12,279.62
SPY,2026-06-12,741.75
TSLA,2026-06-12,406.43
UNH,2026-06-12,408.52
WMT,2026-06-12,121.04
XOM,2026-06-12,147.01
AAPL,2026-06-15,296.42
AMD,2026-06-15,547.26
AMZN,2026-06-15,246.02
CRM,2026-06-15,164.55
CRWD,2026-06-15,173.2275
DUOL,2026-06-15,127.06
GOOGL,2026-06-15,369.35
JPM,2026-06-15,319.4
META,2026-06-15,593.48
MSFT,2026-06-15,399.76
NVDA,2026-06-15,212.45
PANW,2026-06-15,284.54
SPY,2026-06-15,754.83
TSLA,2026-06-15,411.15
UNH,2026-06-15,411.04
WMT,2026-06-15,120.82
XOM,2026-06-15,140.92
AAPL,2026-06-16,299.24
AMD,2026-06-16,507.29
AMZN,2026-06-16,246
CRM,2026-06-16,161.71
CRWD,2026-06-16,169.8725
DUOL,2026-06-16,128.07
GOOGL,2026-06-16,373.25
JPM,2026-06-16,331.14
META,2026-06-16,600.21
MSFT,2026-06-16,393.83
NVDA,2026-06-16,207.41
PANW,2026-06-16,279.9
SPY,2026-06-16,750.33
TSLA,2026-06-16,404.66
UNH,2026-06-16,407.65
WMT,2026-06-16,121.03
XOM,2026-06-16,141.86
AAPL,2026-06-17,295.95
AMD,2026-06-17,512.48
AMZN,2026-06-17,237.5
CRM,2026-06-17,155.02
CRWD,2026-06-17,170.74
DUOL,2026-06-17,123.39
GOOGL,2026-06-17,363.79
JPM,2026-06-17,333.46
META,2026-06-17,567.58
MSFT,2026-06-17,378.91
NVDA,2026-06-17,204.65
PANW,2026-06-17,282.13
SPY,2026-06-17,740.96
TSLA,2026-06-17,396.38
UNH,2026-06-17,399.53
WMT,2026-06-17,118.13
XOM,2026-06-17,140.74
AAPL,2026-06-18,298.01
AMD,2026-06-18,537.37
AMZN,2026-06-18,244.39
CRM,2026-06-18,151.78
CRWD,2026-06-18,171.215
DUOL,2026-06-18,125.56
GOOGL,2026-06-18,368.03
JPM,2026-06-18,325.22
META,2026-06-18,577.22
MSFT,2026-06-18,379.4
NVDA,2026-06-18,210.69
PANW,2026-06-18,287.78
SPY,2026-06-18,746.74
TSLA,2026-06-18,400.49
UNH,2026-06-18,400.96
WMT,2026-06-18,117.18
XOM,2026-06-18,137.81
AAPL,2026-06-22,297.01
AMD,2026-06-22,551.63
AMZN,2026-06-22,232.79
CRM,2026-06-22,150.12
CRWD,2026-06-22,168.86
DUOL,2026-06-22,127.25
GOOGL,2026-06-22,349.68
JPM,2026-06-22,331.48
META,2026-06-22,563.85
MSFT,2026-06-22,367.34
NVDA,2026-06-22,208.65
PANW,2026-06-22,286.4
SPY,2026-06-22,744.39
TSLA,2026-06-22,405.05
UNH,2026-06-22,406.68
WMT,2026-06-22,117.18
XOM,2026-06-22,138.47
AAPL,2026-06-23,294.3
AMD,2026-06-23,519.85
AMZN,2026-06-23,234.11
CRM,2026-06-23,153.42
CRWD,2026-06-23,170.23
DUOL,2026-06-23,132.18
GOOGL,2026-06-23,346.13
JPM,2026-06-23,334.14
META,2026-06-23,562.2
MSFT,2026-06-23,373.94
NVDA,2026-06-23,200.04
PANW,2026-06-23,290.92
SPY,2026-06-23,733.58
TSLA,2026-06-23,381.61
UNH,2026-06-23,409.25
WMT,2026-06-23,119.42
XOM,2026-06-23,139.73
AAPL,2026-06-24,293.08
AMD,2026-06-24,519.74
AMZN,2026-06-24,234.27
CRM,2026-06-24,152.76
CRWD,2026-06-24,168.255
DUOL,2026-06-24,132.15
GOOGL,2026-06-24,345.29
JPM,2026-06-24,333.45
META,2026-06-24,557.67
MSFT,2026-06-24,365.46
NVDA,2026-06-24,199
PANW,2026-06-24,285.26
SPY,2026-06-24,733.24
TSLA,2026-06-24,375.53
UNH,2026-06-24,405.8
WMT,2026-06-24,119
XOM,2026-06-24,136.9
AAPL,2026-06-25,275.15
AMD,2026-06-25,532.57
AMZN,2026-06-25,227.01
CRM,2026-06-25,150.19
CRWD,2026-06-25,169.6625
DUOL,2026-06-25,119.94
GOOGL,2026-06-25,343.71
JPM,2026-06-25,335.12
META,2026-06-25,542.87
MSFT,2026-06-25,352.83
NVDA,2026-06-25,195.74
PANW,2026-06-25,293.09
SPY,2026-06-25,734.3
TSLA,2026-06-25,375.12
UNH,2026-06-25,415.53
WMT,2026-06-25,115.78
XOM,2026-06-25,137.55
AAPL,2026-06-26,283.78
AMD,2026-06-26,521.58
AMZN,2026-06-26,232.69
CRM,2026-06-26,158.37
CRWD,2026-06-26,175.2725
DUOL,2026-06-26,121.49
GOOGL,2026-06-26,337.39
JPM,2026-06-26,329.05
META,2026-06-26,550.25
MSFT,2026-06-26,372.97
NVDA,2026-06-26,192.53
PANW,2026-06-26,304.2
SPY,2026-06-26,728.99
TSLA,2026-06-26,379.71
UNH,2026-06-26,427.89
WMT,2026-06-26,115.69
XOM,2026-06-26,136.54
AAPL,2026-06-29,281.74
AMD,2026-06-29,539.49
AMZN,2026-06-29,240.14
CRM,2026-06-29,157.93
CRWD,2026-06-29,185.7275
DUOL,2026-06-29,116.03
GOOGL,2026-06-29,353.65
JPM,2026-06-29,329.39
META,2026-06-29,562.6
MSFT,2026-06-29,368.57
NVDA,2026-06-29,194.97
PANW,2026-06-29,332
SPY,2026-06-29,741
TSLA,2026-06-29,411.84
UNH,2026-06-29,419.82
WMT,2026-06-29,114.6
XOM,2026-06-29,136.06
AAPL,2026-06-30,289.36
AMD,2026-06-30,580.91
AMZN,2026-06-30,238.34
CRM,2026-06-30,156.66
CRWD,2026-06-30,190.785
DUOL,2026-06-30,115.02
GOOGL,2026-06-30,357.37
JPM,2026-06-30,327.33
META,2026-06-30,563.29
MSFT,2026-06-30,373.02
NVDA,2026-06-30,200.09
PANW,2026-06-30,341.02
SPY,2026-06-30,746.77
TSLA,2026-06-30,420.6
UNH,2026-06-30,415.63
WMT,2026-06-30,113.26
XOM,2026-06-30,136.72
AAPL,2026-07-01,294.38
AMD,2026-07-01,540.88
AMZN,2026-07-01,241.7
CRM,2026-07-01,163.23
CRWD,2026-07-01,193.185
DUOL,2026-07-01,121.215
GOOGL,2026-07-01,361.21
JPM,2026-07-01,334.07
META,2026-07-01,612.91
MSFT,2026-07-01,384.28
NVDA,2026-07-01,197.58
PANW,2026-07-01,352.04
SPY,2026-07-01,745.76
TSLA,2026-07-01,425.3
UNH,2026-07-01,426.54
WMT,2026-07-01,108.82
XOM,2026-07-01,136.28
AAPL,2026-07-02,308.63
AMD,2026-07-02,517.82
AMZN,2026-07-02,242.67
CRM,2026-07-02,166.11
CRWD,2026-07-02,193.98
DUOL,2026-07-02,125.76
GOOGL,2026-07-02,359.91
JPM,2026-07-02,334.47
META,2026-07-02,582.9
MSFT,2026-07-02,390.49
NVDA,2026-07-02,194.83
PANW,2026-07-02,348.06
SPY,2026-07-02,744.78
TSLA,2026-07-02,393.45
UNH,2026-07-02,425.36
WMT,2026-07-02,111.84
XOM,2026-07-02,137.09
AAPL,2026-07-06,312.66
AMD,2026-07-06,552.05
AMZN,2026-07-06,244.16
CRM,2026-07-06,165.65
CRWD,2026-07-06,199.38
DUOL,2026-07-06,129.72
GOOGL,2026-07-06,366.46
JPM,2026-07-06,337.72
META,2026-07-06,600.29
MSFT,2026-07-06,386.74
NVDA,2026-07-06,195.55
PANW,2026-07-06,357.53
SPY,2026-07-06,751.28
TSLA,2026-07-06,419.77
UNH,2026-07-06,417.99
WMT,2026-07-06,110.65
XOM,2026-07-06,136.44
AAPL,2026-07-07,310.66
AMD,2026-07-07,516.11
AMZN,2026-07-07,245.98
CRM,2026-07-07,169.52
CRWD,2026-07-07,194.62
DUOL,2026-07-07,131.95
GOOGL,2026-07-07,367.03
JPM,2026-07-07,339.22
META,2026-07-07,615.58
MSFT,2026-07-07,388.84
NVDA,2026-07-07,196.93
PANW,2026-07-07,337.04
SPY,2026-07-07,747.71
TSLA,2026-07-07,402.9
UNH,2026-07-07,428.19
WMT,2026-07-07,111.54
XOM,2026-07-07,141.69
AAPL,2026-07-08,313.39
AMD,2026-07-08,517.41
AMZN,2026-07-08,243.62
CRM,2026-07-08,166.58
CRWD,2026-07-08,191.12
DUOL,2026-07-08,127.57
GOOGL,2026-07-08,361.92
JPM,2026-07-08,330.62
META,2026-07-08,603.12
MSFT,2026-07-08,383.34
NVDA,2026-07-08,204.12
PANW,2026-07-08,320.59
SPY,2026-07-08,745.4
TSLA,2026-07-08,394.06
UNH,2026-07-08,425.6
WMT,2026-07-08,113.1
XOM,2026-07-08,141.13
AAPL,2026-07-09,316.22
AMD,2026-07-09,546.72
AMZN,2026-07-09,247.04
CRM,2026-07-09,162.5
CRWD,2026-07-09,198.4
DUOL,2026-07-09,129.95
GOOGL,2026-07-09,358.89
JPM,2026-07-09,335.47
META,2026-07-09,631.48
MSFT,2026-07-09,384.36
NVDA,2026-07-09,202.78
PANW,2026-07-09,338.31
SPY,2026-07-09,751.71
TSLA,2026-07-09,406.55
UNH,2026-07-09,431.68
WMT,2026-07-09,112.21
XOM,2026-07-09,137.46
AAPL,2026-07-10,315.32
AMD,2026-07-10,557.89
AMZN,2026-07-10,245.34
CRM,2026-07-10,163.32
CRWD,2026-07-10,187.18
DUOL,2026-07-10,124.76
GOOGL,2026-07-10,357.18
JPM,2026-07-10,336.47
META,2026-07-10,669.21
MSFT,2026-07-10,385.1
NVDA,2026-07-10,210.96
PANW,2026-07-10,325.91
SPY,2026-07-10,754.95
TSLA,2026-07-10,407.76
UNH,2026-07-10,424.62
WMT,2026-07-10,113.9
XOM,2026-07-10,138.88
AAPL,2026-07-13,317.31
AMD,2026-07-13,534.39
AMZN,2026-07-13,247.31
CRM,2026-07-13,171.22
CRWD,2026-07-13,187.91
DUOL,2026-07-13,132.34
GOOGL,2026-07-13,352.51
JPM,2026-07-13,334.53
META,2026-07-13,656.73
MSFT,2026-07-13,390.99
NVDA,2026-07-13,203.53
PANW,2026-07-13,330.3
SPY,2026-07-13,749.17
TSLA,2026-07-13,394.76
UNH,2026-07-13,429.09
WMT,2026-07-13,114.78
XOM,2026-07-13,144.51
AAPL,2026-07-14,314.86
AMD,2026-07-14,548.13
AMZN,2026-07-14,247.49
CRM,2026-07-14,167.56
CRWD,2026-07-14,210.73
DUOL,2026-07-14,128.35
GOOGL,2026-07-14,359.51
JPM,2026-07-14,342.89
META,2026-07-14,661.04
MSFT,2026-07-14,384.93
NVDA,2026-07-14,211.8
PANW,2026-07-14,352.89
SPY,2026-07-14,751.83
TSLA,2026-07-14,396.18
UNH,2026-07-14,425.19
WMT,2026-07-14,113.7
XOM,2026-07-14,145.09
AAPL,2026-07-15,327.5
AMD,2026-07-15,529.14
AMZN,2026-07-15,254.96
CRM,2026-07-15,167
CRWD,2026-07-15,206.77
DUOL,2026-07-15,131.22
GOOGL,2026-07-15,370.92
JPM,2026-07-15,346.91
META,2026-07-15,681.31
MSFT,2026-07-15,395.63
NVDA,2026-07-15,212.5
PANW,2026-07-15,354.02
SPY,2026-07-15,754.81
TSLA,2026-07-15,394.46
UNH,2026-07-15,418.52
WMT,2026-07-15,112.53
XOM,2026-07-15,144.51
AAPL,2026-07-16,333.26
AMD,2026-07-16,500.94
AMZN,2026-07-16,249.89
CRM,2026-07-16,172.68
CRWD,2026-07-16,203.76
DUOL,2026-07-16,128.94
GOOGL,2026-07-16,354.46
JPM,2026-07-16,343.15
META,2026-07-16,664.54
MSFT,2026-07-16,401.1
NVDA,2026-07-16,207.4
PANW,2026-07-16,353.99
SPY,2026-07-16,750.72
TSLA,2026-07-16,391.06
UNH,2026-07-16,423.38
WMT,2026-07-16,114.95
XOM,2026-07-16,145.95
AAPL,2026-07-17,333.74
AMD,2026-07-17,495.76
AMZN,2026-07-17,247.23
CRM,2026-07-17,170.77
CRWD,2026-07-17,203.08
DUOL,2026-07-17,133.85
GOOGL,2026-07-17,346.77
JPM,2026-07-17,341.1
META,2026-07-17,646.01
MSFT,2026-07-17,393.82
NVDA,2026-07-17,202.81
PANW,2026-07-17,358.68
SPY,2026-07-17,743.29
TSLA,2026-07-17,380.84
UNH,2026-07-17,426.09
WMT,2026-07-17,114.24
XOM,2026-07-17,147.36
AAPL,2026-07-20,326.59
AMD,2026-07-20,503.57
AMZN,2026-07-20,249.99
CRM,2026-07-20,173.79
CRWD,2026-07-20,198.49
DUOL,2026-07-20,133.89
GOOGL,2026-07-20,351.99
JPM,2026-07-20,338.87
META,2026-07-20,645.85
MSFT,2026-07-20,402.29
NVDA,2026-07-20,203.28
PANW,2026-07-20,348.66
SPY,2026-07-20,742.09
TSLA,2026-07-20,369.57
UNH,2026-07-20,421.55
WMT,2026-07-20,112.2
XOM,2026-07-20,148.36
AAPL,2026-07-21,327.74
AMD,2026-07-21,544.43
AMZN,2026-07-21,247.55
CRM,2026-07-21,170.06
CRWD,2026-07-21,191.15
DUOL,2026-07-21,124.71
GOOGL,2026-07-21,347.15
JPM,2026-07-21,345.23
META,2026-07-21,643.81
MSFT,2026-07-21,397.75
NVDA,2026-07-21,207.29
PANW,2026-07-21,342.15
SPY,2026-07-21,748.28
TSLA,2026-07-21,378.93
UNH,2026-07-21,436.35
WMT,2026-07-21,110.39
XOM,2026-07-21,151.71
AAPL,2026-07-22,325.89
AMD,2026-07-22,552.33
AMZN,2026-07-22,244.85
CRM,2026-07-22,163
CRWD,2026-07-22,188.42
DUOL,2026-07-22,119.51
GOOGL,2026-07-22,342.09
JPM,2026-07-22,348.21
META,2026-07-22,627.17
MSFT,2026-07-22,390.34
NVDA,2026-07-22,212.06
PANW,2026-07-22,335.28
SPY,2026-07-22,747.41
TSLA,2026-07-22,374.01
UNH,2026-07-22,431.31
WMT,2026-07-22,109.33
XOM,2026-07-22,154.45
AAPL,2026-07-23,321.66
AMD,2026-07-23,539.69
AMZN,2026-07-23,233.66
CRM,2026-07-23,156.93
CRWD,2026-07-23,183.42
DUOL,2026-07-23,120.67
GOOGL,2026-07-23,317.69
JPM,2026-07-23,349.9
META,2026-07-23,606.1
MSFT,2026-07-23,381.58
NVDA,2026-07-23,208.76
PANW,2026-07-23,325.63
SPY,2026-07-23,738.18
TSLA,2026-07-23,319.69
UNH,2026-07-23,423.56
WMT,2026-07-23,108.4
XOM,2026-07-23,156.89
AAPL,2026-07-24,333.02
AMD,2026-07-24,521.95
AMZN,2026-07-24,232.11
CRM,2026-07-24,163.66
CRWD,2026-07-24,183.28
DUOL,2026-07-24,122.24
GOOGL,2026-07-24,319.74
JPM,2026-07-24,353.21
META,2026-07-24,595.19
MSFT,2026-07-24,381.7
NVDA,2026-07-24,206.84
PANW,2026-07-24,323.79
SPY,2026-07-24,738.93
TSLA,2026-07-24,313.03
UNH,2026-07-24,420.74
WMT,2026-07-24,109.47
XOM,2026-07-24,156.94
AAPL,2026-07-27,336.91
AMD,2026-07-27,494.95
AMZN,2026-07-27,231.39
CRM,2026-07-27,173.6
CRWD,2026-07-27,180.11
DUOL,2026-07-27,132.82
GOOGL,2026-07-27,326.56
JPM,2026-07-27,356.2
META,2026-07-27,593.87
MSFT,2026-07-27,389.1
NVDA,2026-07-27,196.51
PANW,2026-07-27,317.32
SPY,2026-07-27,739.09
TSLA,2026-07-27,309.22
UNH,2026-07-27,417.64
WMT,2026-07-27,111.74
XOM,2026-07-27,154.77
AAPL,2026-07-28,340.08
AMD,2026-07-28,454.62
AMZN,2026-07-28,230.86
CRM,2026-07-28,181.5
CRWD,2026-07-28,181.8
DUOL,2026-07-28,140.73
GOOGL,2026-07-28,333.71
JPM,2026-07-28,357.31
META,2026-07-28,593.41
MSFT,2026-07-28,393.35
NVDA,2026-07-28,197.01
PANW,2026-07-28,319
SPY,2026-07-28,740.86
TSLA,2026-07-28,307.44
UNH,2026-07-28,428.79
WMT,2026-07-28,113.1
XOM,2026-07-28,153.04
AAPL,2026-07-29,338.19
AMD,2026-07-29,429.56
AMZN,2026-07-29,226.65
CRM,2026-07-29,188.38
CRWD,2026-07-29,179.38
DUOL,2026-07-29,140.17
GOOGL,2026-07-29,336.71
JPM,2026-07-29,344.71
META,2026-07-29,585.61
MSFT,2026-07-29,390.54
NVDA,2026-07-29,190.01
PANW,2026-07-29,314.15
SPY,2026-07-29,729.46
TSLA,2026-07-29,298.32
UNH,2026-07-29,420.57
WMT,2026-07-29,114.22
XOM,2026-07-29,156.75
AAPL,2026-07-30,333.43
AMD,2026-07-30,485.39
AMZN,2026-07-30,235.5
CRM,2026-07-30,180.71
CRWD,2026-07-30,185.22
DUOL,2026-07-30,133.6
GOOGL,2026-07-30,333.66
JPM,2026-07-30,350.85
META,2026-07-30,539.03
MSFT,2026-07-30,451.1
NVDA,2026-07-30,195.04
PANW,2026-07-30,325.68
SPY,2026-07-30,741.69
TSLA,2026-07-30,308.85
UNH,2026-07-30,421.47
WMT,2026-07-30,111.1
XOM,2026-07-30,156.97
AAPL,2026-07-31,308.91
AMD,2026-07-31,476.15
AMZN,2026-07-31,271.58
CRM,2026-07-31,184.02
CRWD,2026-07-31,190.86
DUOL,2026-07-31,134.81
GOOGL,2026-07-31,356.13
JPM,2026-07-31,351.79
META,2026-07-31,556.71
MSFT,2026-07-31,464.72
NVDA,2026-07-31,200.75
PANW,2026-07-31,331.83
SPY,2026-07-31,747.03
TSLA,2026-07-31,311.21
UNH,2026-07-31,414.4
WMT,2026-07-31,111.2
XOM,2026-07-31,155.44
AAPL,2026-08-03,303.42
AMD,2026-08-03,484.64
AMZN,2026-08-03,284.02
CRM,2026-08-03,185.95
CRWD,2026-08-03,202.54
DUOL,2026-08-03,135.8
GOOGL,2026-08-03,373.51
JPM,2026-08-03,352.64
META,2026-08-03,590.24
MSFT,2026-08-03,487.65
NVDA,2026-08-03,206.64
PANW,2026-08-03,347.13
SPY,2026-08-03,757.67
TSLA,2026-08-03,322.08
UNH,2026-08-03,415.36
WMT,2026-08-03,110.71
XOM,2026-08-03,155.06
AAPL,2026-08-04,309.38
AMD,2026-08-04,518.58
AMZN,2026-08-04,277.42
CRM,2026-08-04,190.99
CRWD,2026-08-04,211.22
DUOL,2026-08-04,137.75
GOOGL,2026-08-04,377.65
JPM,2026-08-04,357.52
META,2026-08-04,587.94
MSFT,2026-08-04,492.81
NVDA,2026-08-04,211.94
PANW,2026-08-04,366.34
SPY,2026-08-04,771.33
TSLA,2026-08-04,327.35
UNH,2026-08-04,407.55
WMT,2026-08-04,111.55
XOM,2026-08-04,153.96
AAPL,2026-08-05,311
AMD,2026-08-05,482.05
AMZN,2026-08-05,272.65
CRM,2026-08-05,192.98
CRWD,2026-08-05,209.86
DUOL,2026-08-05,135.32
GOOGL,2026-08-05,362.43
JPM,2026-08-05,359.24
META,2026-08-05,588.77
MSFT,2026-08-05,487.46
NVDA,2026-08-05,219.22
PANW,2026-08-05,362.66
SPY,2026-08-05,769.79
TSLA,2026-08-05,321.55
UNH,2026-08-05,412.75
WMT,2026-08-05,112.34
XOM,2026-08-05,151.63
AAPL,2026-08-06,312.41
AMD,2026-08-06,489.28
AMZN,2026-08-06,272.26
CRM,2026-08-06,186.77
CRWD,2026-08-06,207.39
DUOL,2026-08-06,122.58
GOOGL,2026-08-06,357.75
JPM,2026-08-06,356.3
META,2026-08-06,589.9
MSFT,2026-08-06,499.86
NVDA,2026-08-06,218.99
PANW,2026-08-06,359.49
SPY,2026-08-06,768.56
TSLA,2026-08-06,319.53
UNH,2026-08-06,403.97
WMT,2026-08-06,112.07
XOM,2026-08-06,154.84
AAPL,2026-08-07,313.33
AMD,2026-08-07,483.36
AMZN,2026-08-07,274.48
CRM,2026-08-07,192.74
CRWD,2026-08-07,214.42
DUOL,2026-08-07,130.9
GOOGL,2026-08-07,354.3
JPM,2026-08-07,357.52
META,2026-08-07,592.1
MSFT,2026-08-07,499.99
NVDA,2026-08-07,223.96
PANW,2026-08-07,363.86
SPY,2026-08-07,773.26
TSLA,2026-08-07,328.58
UNH,2026-08-07,407.08
WMT,2026-08-07,111.85
XOM,2026-08-07,153.04
AAPL,2026-08-10,308.26
AMD,2026-08-10,469.56
AMZN,2026-08-10,278.09
CRM,2026-08-10,197.51
CRWD,2026-08-10,225.16
DUOL,2026-08-10,137.19
GOOGL,2026-08-10,357.52
JPM,2026-08-10,359.79
META,2026-08-10,594.92
MSFT,2026-08-10,506.06
NVDA,2026-08-10,217.55
PANW,2026-08-10,385.04
SPY,2026-08-10,773.03
TSLA,2026-08-10,330.88
UNH,2026-08-10,408.74
WMT,2026-08-10,112.66
XOM,2026-08-10,159.79
AAPL,2026-08-11,304.91
AMD,2026-08-11,474.32
AMZN,2026-08-11,272.27
CRM,2026-08-11,197.47
CRWD,2026-08-11,221.9
DUOL,2026-08-11,135.44
GOOGL,2026-08-11,343.8
JPM,2026-08-11,362.04
META,2026-08-11,599.12
MSFT,2026-08-11,503.81
NVDA,2026-08-11,217.5
PANW,2026-08-11,383.8
SPY,2026-08-11,770.56
TSLA,2026-08-11,332.81
UNH,2026-08-11,402.19
WMT,2026-08-11,113.26
XOM,2026-08-11,159.8
AAPL,2026-08-12,302.25
AMD,2026-08-12,482.93
AMZN,2026-08-12,267.28
CRM,2026-08-12,193.32
CRWD,2026-08-12,221.78
DUOL,2026-08-12,134.63
GOOGL,2026-08-12,343.54
JPM,2026-08-12,365.18
META,2026-08-12,578.85
MSFT,2026-08-12,492.43
NVDA,2026-08-12,224.09
PANW,2026-08-12,387.01
SPY,2026-08-12,772.49
TSLA,2026-08-12,327.51
UNH,2026-08-12,405.59
WMT,2026-08-12,116.01
XOM,2026-08-12,159.75
AAPL,2026-08-13,305.26
AMD,2026-08-13,483.01
AMZN,2026-08-13,265.13
CRM,2026-08-13,201.37
CRWD,2026-08-13,225.53
DUOL,2026-08-13,144.1
GOOGL,2026-08-13,346.36
JPM,2026-08-13,363.11
META,2026-08-13,594.97
MSFT,2026-08-13,496.88
NVDA,2026-08-13,225.3
PANW,2026-08-13,396
SPY,2026-08-13,777.88
TSLA,2026-08-13,339.96
UNH,2026-08-13,399.06
WMT,2026-08-13,115.72
XOM,2026-08-13,158.61
AAPL,2026-08-14,305.93
AMD,2026-08-14,514.39
AMZN,2026-08-14,262.65
CRM,2026-08-14,196.21
CRWD,2026-08-14,216.95
DUOL,2026-08-14,132.83
GOOGL,2026-08-14,345.9
JPM,2026-08-14,362.84
META,2026-08-14,589.85
MSFT,2026-08-14,495.4
NVDA,2026-08-14,225.16
PANW,2026-08-14,384.27
SPY,2026-08-14,776.34
TSLA,2026-08-14,342.27
UNH,2026-08-14,401.73
WMT,2026-08-14,115.27
XOM,2026-08-14,160.1
AAPL,2026-08-17,305.59
AMD,2026-08-17,506
AMZN,2026-08-17,261.31
CRM,2026-08-17,190.97
CRWD,2026-08-17,213.9
DUOL,2026-08-17,130.16
GOOGL,2026-08-17,344
JPM,2026-08-17,360.96
META,2026-08-17,568.97
MSFT,2026-08-17,480.35
NVDA,2026-08-17,225.01
PANW,2026-08-17,375.76
SPY,2026-08-17,772.67
TSLA,2026-08-17,339.3
UNH,2026-08-17,395.62
WMT,2026-08-17,114.33
XOM,2026-08-17,161.46
AAPL,2026-08-18,310.03
AMD,2026-08-18,484.39
AMZN,2026-08-18,259.45
CRM,2026-08-18,196.14
CRWD,2026-08-18,212.92
DUOL,2026-08-18,139.64
GOOGL,2026-08-18,344.2
JPM,2026-08-18,363.25
META,2026-08-18,543.67
MSFT,2026-08-18,481.63
NVDA,2026-08-18,219.74
PANW,2026-08-18,374.14
SPY,2026-08-18,767.45
TSLA,2026-08-18,336.87
UNH,2026-08-18,393.93
WMT,2026-08-18,115.2
XOM,2026-08-18,165.56
AAPL,2026-08-19,316.83
AMD,2026-08-19,466.42
AMZN,2026-08-19,265.84
CRM,2026-08-19,206.09
CRWD,2026-08-19,201.63
DUOL,2026-08-19,146.03
GOOGL,2026-08-19,344.72
JPM,2026-08-19,357.26
META,2026-08-19,546.03
MSFT,2026-08-19,484.31
NVDA,2026-08-19,217.56
PANW,2026-08-19,359.76
SPY,2026-08-19,769.06
TSLA,2026-08-19,351.12
UNH,2026-08-19,388.61
WMT,2026-08-19,114.3
XOM,2026-08-19,164.77
AAPL,2026-08-20,311.3
AMD,2026-08-20,469.46
AMZN,2026-08-20,260.11
CRM,2026-08-20,205.43
CRWD,2026-08-20,190.34
DUOL,2026-08-20,147.03
GOOGL,2026-08-20,340.67
JPM,2026-08-20,351.55
META,2026-08-20,545.83
MSFT,2026-08-20,481.15
NVDA,2026-08-20,216.85
PANW,2026-08-20,349.56
SPY,2026-08-20,762.6
TSLA,2026-08-20,345.13
UNH,2026-08-20,384.85
WMT,2026-08-20,103.84
XOM,2026-08-20,166.15
AAPL,2026-08-21,309.35
AMD,2026-08-21,473.25
AMZN,2026-08-21,258.63
CRM,2026-08-21,209.17
CRWD,2026-08-21,191.95
DUOL,2026-08-21,146.13
GOOGL,2026-08-21,344.82
JPM,2026-08-21,351.58
META,2026-08-21,549.9
MSFT,2026-08-21,483.24
NVDA,2026-08-21,214.72
PANW,2026-08-21,357.87
SPY,2026-08-21,765.72
TSLA,2026-08-21,362.86
UNH,2026-08-21,390.11
WMT,2026-08-21,103.7
XOM,2026-08-21,165.11
AAPL,2026-08-24,310.34
AMD,2026-08-24,456.75
AMZN,2026-08-24,262.07
CRM,2026-08-24,209.06
CRWD,2026-08-24,190.68
DUOL,2026-08-24,146.84
GOOGL,2026-08-24,348.06
JPM,2026-08-24,356.39
META,2026-08-24,559.02
MSFT,2026-08-24,487.31
NVDA,2026-08-24,208.48
PANW,2026-08-24,350.9
SPY,2026-08-24,763.47
TSLA,2026-08-24,348.95
UNH,2026-08-24,398.76
WMT,2026-08-24,106.49
XOM,2026-08-24,164.05
AAPL,2026-08-25,309.9
AMD,2026-08-25,479.18
AMZN,2026-08-25,261.06
CRM,2026-08-25,205.69
CRWD,2026-08-25,185.38
DUOL,2026-08-25,146.04
GOOGL,2026-08-25,346.96
JPM,2026-08-25,356.69
META,2026-08-25,570.05
MSFT,2026-08-25,491.71
NVDA,2026-08-25,213.05
PANW,2026-08-25,339.9
SPY,2026-08-25,765.91
TSLA,2026-08-25,350.25
UNH,2026-08-25,396.59
WMT,2026-08-25,105.38
XOM,2026-08-25,160.64
AAPL,2026-08-26,313.45
AMD,2026-08-26,480.93
AMZN,2026-08-26,260.28
CRM,2026-08-26,205.62
CRWD,2026-08-26,189.18
DUOL,2026-08-26,140.88
GOOGL,2026-08-26,342
JPM,2026-08-26,356.5
META,2026-08-26,576.14
MSFT,2026-08-26,496.37
NVDA,2026-08-26,209.66
PANW,2026-08-26,339.31
SPY,2026-08-26,766.08
TSLA,2026-08-26,345.82
UNH,2026-08-26,401.01
WMT,2026-08-26,104.34
XOM,2026-08-26,158.19
AAPL,2026-08-27,314.58
AMD,2026-08-27,476.67
AMZN,2026-08-27,256.26
CRM,2026-08-27,252.05
CRWD,2026-08-27,227.96
DUOL,2026-08-27,142.86
GOOGL,2026-08-27,340.65
JPM,2026-08-27,354.22
META,2026-08-27,571.1
MSFT,2026-08-27,505.06
NVDA,2026-08-27,227.98
PANW,2026-08-27,382.85
SPY,2026-08-27,771.1
TSLA,2026-08-27,354.81
UNH,2026-08-27,395.05
WMT,2026-08-27,102.63
XOM,2026-08-27,156.44
AAPL,2026-08-28,319.7
AMD,2026-08-28,465.58
AMZN,2026-08-28,266.43
CRM,2026-08-28,256
CRWD,2026-08-28,218.4
DUOL,2026-08-28,146.98
GOOGL,2026-08-28,346.59
JPM,2026-08-28,357.62
META,2026-08-28,578.02
MSFT,2026-08-28,513.53
NVDA,2026-08-28,217.55
PANW,2026-08-28,371.59
SPY,2026-08-28,769.35
TSLA,2026-08-28,348.75
UNH,2026-08-28,392.95
WMT,2026-08-28,103.09
XOM,2026-08-28,156.71
AAPL,2026-08-31,316.85
AMD,2026-08-31,470.72
AMZN,2026-08-31,259.77
CRM,2026-08-31,257.54
CRWD,2026-08-31,231
DUOL,2026-08-31,148.36
GOOGL,2026-08-31,339.35
JPM,2026-08-31,356.02
META,2026-08-31,572.34
MSFT,2026-08-31,507.29
NVDA,2026-08-31,220.78
PANW,2026-08-31,382.13
SPY,2026-08-31,767.05
TSLA,2026-08-31,367.95
UNH,2026-08-31,389.41
WMT,2026-08-31,104.87
XOM,2026-08-31,160.95
AAPL,2026-09-01,325.13
AMD,2026-09-01,459.61
AMZN,2026-09-01,254.92
CRM,2026-09-01,258.11
CRWD,2026-09-01,215.07
DUOL,2026-09-01,158.77
GOOGL,2026-09-01,335.02
JPM,2026-09-01,354.95
META,2026-09-01,578.54
MSFT,2026-09-01,501.02
NVDA,2026-09-01,217.44
PANW,2026-09-01,362.09
SPY,2026-09-01,761.78
TSLA,2026-09-01,356.09
UNH,2026-09-01,396.3
WMT,2026-09-01,105.92
XOM,2026-09-01,164.55
AAPL,2026-09-02,324.96
AMD,2026-09-02,457.06
AMZN,2026-09-02,254.98
CRM,2026-09-02,256.93
CRWD,2026-09-02,203.42
DUOL,2026-09-02,157.85
GOOGL,2026-09-02,337.12
JPM,2026-09-02,356.22
META,2026-09-02,592.85
MSFT,2026-09-02,496.82
NVDA,2026-09-02,224.41
PANW,2026-09-02,328.48
SPY,2026-09-02,765.16
TSLA,2026-09-02,357.01
UNH,2026-09-02,399.66
WMT,2026-09-02,106.09
XOM,2026-09-02,164.15
